/*******************************************************************************
 * Size: 16 px
 * Bpp: 4
 * Opts: --font C:\Windows\Fonts\Noto Sans SC Bold (TrueType).otf --size 16 --bpp 4 --format lvgl --no-compress --lv-include lvgl.h --lv-font-name fa_font_ui -o D:\Espressif\去远方-交接包-20260920\去远方-交接包-20260918\02-固件源码\main\fonts\fa_font_ui.c --range 0x20-0x7E --symbols °“”…↑↓▼●　。「」【】一七三上下不丘东丝两个中串为主久么之乌也书乱了事二于云五些亭亮人什今从以们仰件伏伙会伞伤伦伴伸似但低住你信修倒倔候值做停偷像儿元光克免兔入全共关再冒冰冷冻凉几出刀分划刚别到刷刻前剩剪动包北匙匾十千半南印厉压厚原去又发变叠口古只召可台右叶号叼吃合后吓吗吧听吵吹呢味呼和咸品响哨哪唱啊啦喀喂喘喜喝嘛器四回团围图圆圈在地场坏坐块坡垂垛埂埋城堆堤塔塘墙壁声壳处夕外多夜够大天太头奶好如始娘婺子字它宅安宏定客宫害家容寄对小尔尖就尽尾局层屋屏山岩岸峰崖崩川州工左差己已巴巷巾布带幕幡干平年庐底度座廊开张弯彩影往很得心必忆忘忙快念怕急怪总悬想愿慢懂戏成我户房手扎扑打扫扬扰把抓抬拂担拉拐择拳拿挂指按挑挡挤挥捡换掉排掖接插搓摇摩擦攒收放故敌敢散敦数整斑斜断斯新方旅旗无日旧早时旺明星映是晃晒晚景晾暖更替最月有望朝期木未朵机村条来杨松板极林枚果枝枯架染柔柳树校样根桂档桥桦梅梦梭梯棉棚楚楼槛槽横檐次欢歇歌正此步死残殿每比毛民气水江汽沙没河油沼沽泉泡波泥泰泸洞济浓浦浪海涂涌涛淋淹清渔温游湖湾湿源溜溪滑滚满滩漂漆漏漓漠潭潮火灯灰炒点烟烤烫热煌照爪爬片牌牙牛牦物特狐狸猎猪猫猴玛玩现玻珍班球理璃瓣瓶甜生用田电甸画留瘦瘸白的皆盏盖盯直盹看真眼着睛睡短石砂砖破硬确碎碑碗碧碰磕礼票离秋秒稞稳稻穹空穿窄窗窟立站竹竿笋笑第笼等筏筒筛签篝篮篷粉糕系紫累红级纪纳纹线细经绕给继续绿缕编缝缩罐网置羊美羚群翁翻老聚肚背胡胳能脊脚脸膊自舔船色节花苔茫茶草荒荷获菜萄萤落葡蒙蓝薄藏虫虬虹蜀蜂蜒蜜蜿蝴蝶蟹行被裹褪西要见觉解认让记讲许设识词试该调贝贵费赚赢走赶起越趟跑跟跤路跳踩蹭身躺车转软轻边达过迎近返还这进远连迷追退适选通速道那部都配酥里重金针钟钥钱铃铜银锁锈键镜长门闭闻队阳阶陡院陶雀集雨雪雷雾需霞青静面鞋音页顶顺须颗颜额风飘飞饭饼饿馕香马驼骆高鱼鸟鸣鸬鸽鹅鹚麻黄黑鼻龙！（）＋，？
 ******************************************************************************/

#ifdef LV_LVGL_H_INCLUDE_SIMPLE
#include "lvgl.h"
#else
#include "lvgl.h"
#endif

#ifndef FA_FONT_UI
#define FA_FONT_UI 1
#endif

#if FA_FONT_UI

/*-----------------
 *    BITMAPS
 *----------------*/

/*Store the image of the glyphs*/
static LV_ATTRIBUTE_LARGE_CONST const uint8_t glyph_bitmap[] = {
    /* U+0020 " " */

    /* U+0021 "!" */
    0x3f, 0xf1, 0x2f, 0xf1, 0x1f, 0xf0, 0x1f, 0xf0,
    0xf, 0xe0, 0xf, 0xd0, 0xe, 0xd0, 0xc, 0xb0,
    0x0, 0x0, 0x1d, 0xc1, 0x6f, 0xf5, 0x1c, 0xc1,

    /* U+0022 "\"" */
    0x9f, 0xc0, 0x9f, 0xc8, 0xfb, 0x8, 0xfb, 0x7f,
    0xa0, 0x7f, 0xa5, 0xf8, 0x5, 0xf8, 0x3f, 0x60,
    0x3f, 0x60, 0x82, 0x0, 0x82,

    /* U+0023 "#" */
    0x0, 0xf, 0x50, 0x9c, 0x0, 0x2, 0xf3, 0xc,
    0xa0, 0x0, 0x4f, 0x10, 0xe8, 0x0, 0xff, 0xff,
    0xff, 0xfe, 0x8, 0xce, 0x89, 0xfa, 0x70, 0xa,
    0xb0, 0x4f, 0x20, 0x2, 0xca, 0x27, 0xf2, 0x15,
    0xff, 0xff, 0xff, 0xf8, 0x15, 0xf9, 0x5c, 0xd5,
    0x20, 0x2f, 0x40, 0xba, 0x0, 0x4, 0xf2, 0xd,
    0x90, 0x0, 0x5f, 0x0, 0xf7, 0x0,

    /* U+0024 "$" */
    0x0, 0x0, 0xf8, 0x0, 0x0, 0x0, 0x1f, 0x90,
    0x0, 0x0, 0x8f, 0xff, 0xe5, 0x0, 0x6f, 0xfb,
    0xbf, 0xd0, 0xb, 0xfa, 0x0, 0x32, 0x0, 0xbf,
    0xb0, 0x0, 0x0, 0x5, 0xff, 0xc3, 0x0, 0x0,
    0x5, 0xef, 0xf8, 0x0, 0x0, 0x1, 0x9f, 0xfc,
    0x0, 0x0, 0x0, 0x4f, 0xf3, 0x3, 0x30, 0x1,
    0xff, 0x40, 0xef, 0xca, 0xdf, 0xe0, 0x5, 0xdf,
    0xff, 0xd3, 0x0, 0x0, 0x2f, 0x90, 0x0, 0x0,
    0x0, 0xf8, 0x0, 0x0,

    /* U+0025 "%" */
    0x3, 0xcf, 0xb1, 0x0, 0x1, 0xf5, 0x0, 0x0,
    0xec, 0x5e, 0xc0, 0x0, 0x9c, 0x0, 0x0, 0x5f,
    0x40, 0x8f, 0x10, 0x2f, 0x40, 0x0, 0x7, 0xf3,
    0x6, 0xf3, 0xa, 0xb0, 0x0, 0x0, 0x5f, 0x40,
    0x7f, 0x23, 0xf3, 0x0, 0x0, 0x1, 0xfa, 0x1d,
    0xd0, 0xba, 0x8, 0xee, 0x80, 0x6, 0xff, 0xe3,
    0x4f, 0x26, 0xf3, 0x3f, 0x60, 0x0, 0x20, 0xc,
    0x90, 0xbd, 0x0, 0xdc, 0x0, 0x0, 0x5, 0xf1,
    0xd, 0xc0, 0xc, 0xd0, 0x0, 0x0, 0xd8, 0x0,
    0xbe, 0x0, 0xeb, 0x0, 0x0, 0x6e, 0x0, 0x5,
    0xf8, 0x8f, 0x60, 0x0, 0xe, 0x70, 0x0, 0x7,
    0xee, 0x70,

    /* U+0026 "&" */
    0x0, 0x9, 0xee, 0xa0, 0x0, 0x0, 0x0, 0x9f,
    0xcb, 0xf8, 0x0, 0x0, 0x0, 0xff, 0x11, 0xfc,
    0x0, 0x0, 0x0, 0xff, 0x18, 0xf8, 0x0, 0x0,
    0x0, 0xbf, 0xcf, 0xc1, 0x0, 0x0, 0x0, 0x8f,
    0xfb, 0x0, 0x9, 0xa2, 0x8, 0xff, 0xfd, 0x10,
    0x4f, 0xe0, 0x3f, 0xf4, 0xbf, 0xd2, 0xcf, 0x80,
    0x7f, 0xc0, 0xb, 0xff, 0xfd, 0x0, 0x5f, 0xf2,
    0x1, 0xef, 0xfc, 0x40, 0xd, 0xff, 0xde, 0xff,
    0xff, 0xf6, 0x1, 0x9d, 0xfc, 0x91, 0x18, 0xd1,

    /* U+0027 "'" */
    0x9f, 0xc8, 0xfb, 0x7f, 0xa5, 0xf8, 0x3f, 0x60,
    0x82,

    /* U+0028 "(" */
    0x0, 0x0, 0x0, 0x8, 0xb0, 0x2, 0xfc, 0x0,
    0x8f, 0x40, 0xe, 0xf0, 0x3, 0xfb, 0x0, 0x6f,
    0x90, 0x8, 0xf7, 0x0, 0x9f, 0x50, 0x9, 0xf5,
    0x0, 0x8f, 0x70, 0x6, 0xf9, 0x0, 0x3f, 0xa0,
    0x0, 0xee, 0x0, 0x9, 0xf4, 0x0, 0x2f, 0xb0,
    0x0, 0x9d, 0x0, 0x0, 0x0,

    /* U+0029 ")" */
    0x0, 0x0, 0x0, 0xb9, 0x0, 0xb, 0xf2, 0x0,
    0x4f, 0x90, 0x0, 0xee, 0x0, 0xa, 0xf3, 0x0,
    0x8f, 0x70, 0x6, 0xf9, 0x0, 0x4f, 0xa0, 0x4,
    0xfa, 0x0, 0x6f, 0x90, 0x8, 0xf7, 0x0, 0xaf,
    0x40, 0xe, 0xf0, 0x3, 0xf9, 0x0, 0xaf, 0x30,
    0xd, 0xa0, 0x0, 0x0, 0x0,

    /* U+002A "*" */
    0x0, 0xa, 0xb0, 0x0, 0x4, 0x1b, 0xd1, 0x40,
    0x1f, 0xff, 0xff, 0xf2, 0x1, 0xaf, 0xfb, 0x20,
    0x0, 0xde, 0xee, 0x0, 0x2, 0xe3, 0x2e, 0x30,
    0x0, 0x0, 0x0, 0x0,

    /* U+002B "+" */
    0x0, 0x0, 0x42, 0x0, 0x0, 0x0, 0x2f, 0x90,
    0x0, 0x0, 0x2, 0xf9, 0x0, 0x0, 0x0, 0x2f,
    0x90, 0x0, 0x6f, 0xff, 0xff, 0xff, 0xc4, 0xaa,
    0xbf, 0xda, 0xa8, 0x0, 0x2, 0xf9, 0x0, 0x0,
    0x0, 0x2f, 0x90, 0x0, 0x0, 0x2, 0xf9, 0x0,
    0x0,

    /* U+002C "," */
    0x3, 0xa6, 0x0, 0xbf, 0xf1, 0x6, 0xef, 0x50,
    0x5, 0xf3, 0x4, 0xec, 0x0, 0xfd, 0x10, 0x3,
    0x0, 0x0,

    /* U+002D "-" */
    0x2a, 0xaa, 0xa1, 0x3f, 0xff, 0xf2,

    /* U+002E "." */
    0x0, 0x0, 0x5e, 0x80, 0xcf, 0xf0, 0x5e, 0x80,

    /* U+002F "/" */
    0x0, 0x0, 0xea, 0x0, 0x2, 0xf6, 0x0, 0x7,
    0xf1, 0x0, 0xb, 0xd0, 0x0, 0xf, 0x90, 0x0,
    0x3f, 0x50, 0x0, 0x7f, 0x10, 0x0, 0xbd, 0x0,
    0x0, 0xf9, 0x0, 0x3, 0xf5, 0x0, 0x7, 0xf1,
    0x0, 0xc, 0xd0, 0x0, 0xf, 0x80, 0x0, 0x4f,
    0x40, 0x0, 0x8f, 0x10, 0x0, 0x56, 0x0, 0x0,

    /* U+0030 "0" */
    0x0, 0x2b, 0xed, 0x70, 0x0, 0x2f, 0xfd, 0xff,
    0x80, 0xa, 0xf9, 0x2, 0xff, 0x10, 0xff, 0x20,
    0xc, 0xf6, 0x2f, 0xf0, 0x0, 0x9f, 0x83, 0xff,
    0x0, 0x8, 0xfa, 0x3f, 0xf0, 0x0, 0x8f, 0xa2,
    0xff, 0x0, 0x9, 0xf8, 0xf, 0xf3, 0x0, 0xcf,
    0x60, 0x9f, 0xa0, 0x3f, 0xf1, 0x2, 0xef, 0xef,
    0xf8, 0x0, 0x2, 0xbe, 0xd7, 0x0,

    /* U+0031 "1" */
    0x3, 0x8f, 0xf3, 0x0, 0x4f, 0xff, 0xf3, 0x0,
    0x27, 0x9f, 0xf3, 0x0, 0x0, 0x2f, 0xf3, 0x0,
    0x0, 0x2f, 0xf3, 0x0, 0x0, 0x2f, 0xf3, 0x0,
    0x0, 0x2f, 0xf3, 0x0, 0x0, 0x2f, 0xf3, 0x0,
    0x0, 0x2f, 0xf3, 0x0, 0x0, 0x2f, 0xf3, 0x0,
    0x9d, 0xef, 0xfe, 0xd6, 0xaf, 0xff, 0xff, 0xf6,

    /* U+0032 "2" */
    0x1, 0x9d, 0xfc, 0x50, 0x2, 0xef, 0xfe, 0xff,
    0x50, 0xa, 0x70, 0xa, 0xfd, 0x0, 0x0, 0x0,
    0x4f, 0xf0, 0x0, 0x0, 0x5, 0xfe, 0x0, 0x0,
    0x0, 0xbf, 0x90, 0x0, 0x0, 0x5f, 0xf2, 0x0,
    0x0, 0x3f, 0xf7, 0x0, 0x0, 0x2e, 0xfa, 0x0,
    0x0, 0x2e, 0xfb, 0x0, 0x0, 0x2e, 0xff, 0xee,
    0xee, 0x94, 0xff, 0xff, 0xff, 0xf9,

    /* U+0033 "3" */
    0x1, 0x9d, 0xfd, 0x70, 0x0, 0xef, 0xfe, 0xff,
    0xa0, 0x5, 0x70, 0x8, 0xff, 0x0, 0x0, 0x0,
    0x4f, 0xf1, 0x0, 0x0, 0x3c, 0xfa, 0x0, 0x1,
    0xff, 0xf9, 0x0, 0x0, 0xb, 0xcf, 0xf6, 0x0,
    0x0, 0x0, 0x3f, 0xf4, 0x0, 0x0, 0x0, 0xef,
    0x70, 0xc6, 0x0, 0x5f, 0xf5, 0x4f, 0xff, 0xff,
    0xfc, 0x0, 0x3a, 0xdf, 0xd8, 0x10,

    /* U+0034 "4" */
    0x0, 0x0, 0x8f, 0xf9, 0x0, 0x0, 0x2f, 0xff,
    0x90, 0x0, 0xb, 0xfc, 0xf9, 0x0, 0x5, 0xfc,
    0x9f, 0x90, 0x0, 0xef, 0x49, 0xf9, 0x0, 0x8f,
    0xa0, 0x9f, 0x90, 0x2f, 0xf1, 0x9, 0xf9, 0x9,
    0xfe, 0xbb, 0xef, 0xeb, 0xaf, 0xff, 0xff, 0xff,
    0xf0, 0x0, 0x0, 0x9f, 0x90, 0x0, 0x0, 0x9,
    0xf9, 0x0, 0x0, 0x0, 0x9f, 0x90,

    /* U+0035 "5" */
    0x5, 0xff, 0xff, 0xff, 0x0, 0x6f, 0xfe, 0xee,
    0xe0, 0x7, 0xfa, 0x0, 0x0, 0x0, 0x8f, 0x90,
    0x0, 0x0, 0x8, 0xfb, 0x88, 0x40, 0x0, 0x9f,
    0xff, 0xff, 0xa0, 0x1, 0x72, 0x7, 0xff, 0x40,
    0x0, 0x0, 0xe, 0xf7, 0x0, 0x0, 0x0, 0xef,
    0x70, 0xc5, 0x0, 0x6f, 0xf3, 0x4f, 0xff, 0xff,
    0xfa, 0x0, 0x29, 0xdf, 0xd6, 0x0,

    /* U+0036 "6" */
    0x0, 0x7, 0xdf, 0xc6, 0x0, 0xb, 0xff, 0xef,
    0xf4, 0x5, 0xfd, 0x20, 0x25, 0x0, 0xdf, 0x50,
    0x0, 0x0, 0xf, 0xf2, 0x69, 0x60, 0x1, 0xff,
    0xcf, 0xff, 0xd0, 0x2f, 0xfb, 0x12, 0xdf, 0x70,
    0xff, 0x10, 0x7, 0xfa, 0xe, 0xf3, 0x0, 0x6f,
    0xa0, 0x7f, 0xb0, 0xc, 0xf7, 0x0, 0xdf, 0xdd,
    0xfe, 0x0, 0x1, 0x9e, 0xea, 0x10,

    /* U+0037 "7" */
    0x3f, 0xff, 0xff, 0xff, 0xa3, 0xee, 0xee, 0xef,
    0xf8, 0x0, 0x0, 0x3, 0xfe, 0x0, 0x0, 0x0,
    0xcf, 0x40, 0x0, 0x0, 0x5f, 0xb0, 0x0, 0x0,
    0xc, 0xf5, 0x0, 0x0, 0x2, 0xff, 0x0, 0x0,
    0x0, 0x6f, 0xc0, 0x0, 0x0, 0xa, 0xfa, 0x0,
    0x0, 0x0, 0xcf, 0x80, 0x0, 0x0, 0xe, 0xf7,
    0x0, 0x0, 0x0, 0xff, 0x60, 0x0,

    /* U+0038 "8" */
    0x0, 0x4c, 0xfe, 0x91, 0x0, 0x4f, 0xfb, 0xef,
    0xb0, 0xa, 0xf8, 0x0, 0xef, 0x10, 0xaf, 0x60,
    0xc, 0xf1, 0x5, 0xfe, 0x52, 0xfb, 0x0, 0x8,
    0xff, 0xfe, 0x10, 0x2, 0xdd, 0xdf, 0xf8, 0x0,
    0xdf, 0x20, 0x5f, 0xf5, 0x3f, 0xd0, 0x0, 0x9f,
    0xa1, 0xff, 0x20, 0xc, 0xf8, 0xa, 0xff, 0xbd,
    0xff, 0x20, 0x7, 0xdf, 0xea, 0x20,

    /* U+0039 "9" */
    0x0, 0x6d, 0xfc, 0x40, 0x0, 0x8f, 0xfc, 0xff,
    0x50, 0x1f, 0xf3, 0x4, 0xfe, 0x4, 0xfd, 0x0,
    0xd, 0xf5, 0x4f, 0xd0, 0x0, 0xaf, 0x71, 0xff,
    0x60, 0x6f, 0xf9, 0x8, 0xff, 0xff, 0xdf, 0x80,
    0x4, 0x88, 0x2b, 0xf6, 0x0, 0x0, 0x0, 0xef,
    0x30, 0x25, 0x0, 0x9f, 0xc0, 0xd, 0xff, 0xff,
    0xf3, 0x0, 0x2a, 0xee, 0xa2, 0x0,

    /* U+003A ":" */
    0x5e, 0x80, 0xcf, 0xf0, 0x5e, 0x80, 0x0, 0x0,
    0x0, 0x0, 0x0, 0x0, 0x5e, 0x80, 0xcf, 0xf0,
    0x5e, 0x80,

    /* U+003B ";" */
    0x5, 0xe8, 0x0, 0xcf, 0xf0, 0x5, 0xe8, 0x0,
    0x0, 0x0, 0x0, 0x0, 0x0, 0x0, 0x0, 0x3,
    0xa6, 0x0, 0xbf, 0xf1, 0x6, 0xef, 0x50, 0x5,
    0xf3, 0x4, 0xec, 0x0, 0xfd, 0x10, 0x3, 0x0,
    0x0,

    /* U+003C "<" */
    0x0, 0x0, 0x0, 0x5, 0x80, 0x0, 0x3, 0x9e,
    0xfc, 0x1, 0x6d, 0xff, 0xd8, 0x24, 0xff, 0xe8,
    0x30, 0x0, 0x6f, 0xfb, 0x50, 0x0, 0x0, 0x4a,
    0xff, 0xfa, 0x50, 0x0, 0x0, 0x6c, 0xff, 0xc0,
    0x0, 0x0, 0x2, 0x8b, 0x0, 0x0, 0x0, 0x0,
    0x0,

    /* U+003D "=" */
    0x6f, 0xff, 0xff, 0xff, 0xc4, 0xaa, 0xaa, 0xaa,
    0xa8, 0x0, 0x0, 0x0, 0x0, 0x0, 0x0, 0x0,
    0x0, 0x0, 0x6f, 0xff, 0xff, 0xff, 0xc4, 0xaa,
    0xaa, 0xaa, 0xa8,

    /* U+003E ">" */
    0x47, 0x10, 0x0, 0x0, 0x6, 0xff, 0xb5, 0x0,
    0x0, 0x6, 0xbf, 0xff, 0x93, 0x0, 0x0, 0x16,
    0xbf, 0xfb, 0x0, 0x0, 0x38, 0xef, 0xc0, 0x28,
    0xdf, 0xfc, 0x61, 0x5f, 0xfe, 0x82, 0x0, 0x5,
    0xb5, 0x0, 0x0, 0x0, 0x0, 0x0, 0x0, 0x0,
    0x0,

    /* U+003F "?" */
    0x1, 0x9d, 0xfb, 0x30, 0xe, 0xfe, 0xff, 0xf1,
    0x4, 0x50, 0x2f, 0xf5, 0x0, 0x0, 0xf, 0xf3,
    0x0, 0x0, 0x9f, 0xc0, 0x0, 0x6, 0xfe, 0x10,
    0x0, 0xf, 0xf3, 0x0, 0x0, 0x1d, 0xd0, 0x0,
    0x0, 0x0, 0x0, 0x0, 0x0, 0x2d, 0xb0, 0x0,
    0x0, 0x7f, 0xf3, 0x0, 0x0, 0x2d, 0xb0, 0x0,

    /* U+0040 "@" */
    0x0, 0x0, 0x3, 0x9d, 0xfe, 0xb7, 0x0, 0x0,
    0x0, 0x1, 0x9f, 0xea, 0x78, 0xbf, 0xd3, 0x0,
    0x0, 0x1e, 0xf7, 0x0, 0x0, 0x3, 0xde, 0x10,
    0x0, 0xaf, 0x30, 0x0, 0x0, 0x10, 0x2f, 0x90,
    0x5, 0xf8, 0x0, 0x6e, 0xfa, 0xf4, 0xa, 0xe0,
    0xb, 0xe0, 0x6, 0xfa, 0x6f, 0xf1, 0x6, 0xf1,
    0xf, 0xa0, 0xe, 0xd0, 0xd, 0xe0, 0x5, 0xf2,
    0x1f, 0x80, 0x3f, 0x80, 0xf, 0xb0, 0x6, 0xf0,
    0xf, 0xa0, 0x5f, 0x70, 0x2f, 0x90, 0xc, 0xc0,
    0xe, 0xd0, 0x3f, 0xc2, 0xbf, 0xc2, 0x8f, 0x30,
    0x9, 0xf4, 0x9, 0xff, 0x97, 0xff, 0xe4, 0x0,
    0x1, 0xee, 0x20, 0x21, 0x0, 0x12, 0x0, 0x0,
    0x0, 0x4f, 0xf9, 0x52, 0x36, 0x70, 0x0, 0x0,
    0x0, 0x1, 0x9f, 0xff, 0xff, 0xb0, 0x0, 0x0,
    0x0, 0x0, 0x0, 0x24, 0x31, 0x0, 0x0, 0x0,

    /* U+0041 "A" */
    0x0, 0x0, 0x6f, 0xfa, 0x0, 0x0, 0x0, 0x0,
    0xbf, 0xff, 0x0, 0x0, 0x0, 0x1, 0xfe, 0xbf,
    0x40, 0x0, 0x0, 0x6, 0xfa, 0x7f, 0x90, 0x0,
    0x0, 0xb, 0xf5, 0x3f, 0xe0, 0x0, 0x0, 0xf,
    0xf1, 0xf, 0xf4, 0x0, 0x0, 0x5f, 0xd0, 0xb,
    0xf9, 0x0, 0x0, 0xaf, 0xfc, 0xce, 0xfe, 0x0,
    0x0, 0xef, 0xff, 0xff, 0xff, 0x30, 0x4, 0xff,
    0x0, 0x0, 0xdf, 0x80, 0x9, 0xfc, 0x0, 0x0,
    0x9f, 0xd0, 0xe, 0xf7, 0x0, 0x0, 0x4f, 0xf2,

    /* U+0042 "B" */
    0x8f, 0xff, 0xfe, 0xb3, 0x0, 0x8f, 0xfc, 0xcf,
    0xff, 0x30, 0x8f, 0xd0, 0x1, 0xdf, 0x80, 0x8f,
    0xd0, 0x0, 0xbf, 0x80, 0x8f, 0xd0, 0x4, 0xff,
    0x30, 0x8f, 0xff, 0xff, 0xf5, 0x0, 0x8f, 0xfb,
    0xbd, 0xfe, 0x60, 0x8f, 0xd0, 0x0, 0x5f, 0xf1,
    0x8f, 0xd0, 0x0, 0x1f, 0xf3, 0x8f, 0xd0, 0x0,
    0x7f, 0xf0, 0x8f, 0xfc, 0xce, 0xff, 0x80, 0x8f,
    0xff, 0xfe, 0xc5, 0x0,

    /* U+0043 "C" */
    0x0, 0x2, 0x9d, 0xfb, 0x60, 0x0, 0x5, 0xff,
    0xff, 0xff, 0x90, 0x1, 0xff, 0xc3, 0x4, 0xb1,
    0x0, 0xaf, 0xe0, 0x0, 0x0, 0x0, 0xe, 0xf8,
    0x0, 0x0, 0x0, 0x0, 0xff, 0x50, 0x0, 0x0,
    0x0, 0x1f, 0xf5, 0x0, 0x0, 0x0, 0x0, 0xef,
    0x80, 0x0, 0x0, 0x0, 0xb, 0xfe, 0x0, 0x0,
    0x0, 0x0, 0x2f, 0xfb, 0x30, 0x4d, 0x50, 0x0,
    0x6f, 0xff, 0xff, 0xfb, 0x0, 0x0, 0x3a, 0xdf,
    0xc7, 0x0,

    /* U+0044 "D" */
    0x8f, 0xff, 0xeb, 0x60, 0x0, 0x8f, 0xfd, 0xff,
    0xfd, 0x10, 0x8f, 0xd0, 0x5, 0xff, 0xa0, 0x8f,
    0xd0, 0x0, 0x6f, 0xf2, 0x8f, 0xd0, 0x0, 0xf,
    0xf5, 0x8f, 0xd0, 0x0, 0xe, 0xf7, 0x8f, 0xd0,
    0x0, 0xe, 0xf7, 0x8f, 0xd0, 0x0, 0x1f, 0xf5,
    0x8f, 0xd0, 0x0, 0x7f, 0xf2, 0x8f, 0xd0, 0x6,
    0xff, 0x90, 0x8f, 0xfd, 0xff, 0xfc, 0x10, 0x8f,
    0xff, 0xeb, 0x60, 0x0,

    /* U+0045 "E" */
    0x8f, 0xff, 0xff, 0xfb, 0x8f, 0xfe, 0xee, 0xea,
    0x8f, 0xd0, 0x0, 0x0, 0x8f, 0xd0, 0x0, 0x0,
    0x8f, 0xd0, 0x0, 0x0, 0x8f, 0xff, 0xff, 0xf0,
    0x8f, 0xfe, 0xee, 0xe0, 0x8f, 0xd0, 0x0, 0x0,
    0x8f, 0xd0, 0x0, 0x0, 0x8f, 0xd0, 0x0, 0x0,
    0x8f, 0xfe, 0xee, 0xed, 0x8f, 0xff, 0xff, 0xfe,

    /* U+0046 "F" */
    0x8f, 0xff, 0xff, 0xfb, 0x8f, 0xfe, 0xee, 0xeb,
    0x8f, 0xd0, 0x0, 0x0, 0x8f, 0xd0, 0x0, 0x0,
    0x8f, 0xd0, 0x0, 0x0, 0x8f, 0xfe, 0xee, 0xe0,
    0x8f, 0xff, 0xff, 0xf0, 0x8f, 0xd0, 0x0, 0x0,
    0x8f, 0xd0, 0x0, 0x0, 0x8f, 0xd0, 0x0, 0x0,
    0x8f, 0xd0, 0x0, 0x0, 0x8f, 0xd0, 0x0, 0x0,

    /* U+0047 "G" */
    0x0, 0x1, 0x9c, 0xfc, 0x91, 0x0, 0x5, 0xff,
    0xff, 0xff, 0xe0, 0x1, 0xff, 0xc3, 0x2, 0x94,
    0x0, 0xaf, 0xe0, 0x0, 0x0, 0x0, 0xd, 0xf8,
    0x0, 0x0, 0x0, 0x0, 0xff, 0x50, 0xb, 0xee,
    0xe5, 0x1f, 0xf5, 0x0, 0xdf, 0xff, 0x60, 0xef,
    0x80, 0x0, 0xb, 0xf6, 0xb, 0xfe, 0x0, 0x0,
    0xbf, 0x60, 0x2f, 0xfc, 0x41, 0x3d, 0xf6, 0x0,
    0x6f, 0xff, 0xff, 0xff, 0x40, 0x0, 0x2a, 0xdf,
    0xda, 0x20,

    /* U+0048 "H" */
    0x8f, 0xd0, 0x0, 0xb, 0xfa, 0x8f, 0xd0, 0x0,
    0xb, 0xfa, 0x8f, 0xd0, 0x0, 0xb, 0xfa, 0x8f,
    0xd0, 0x0, 0xb, 0xfa, 0x8f, 0xd0, 0x0, 0xb,
    0xfa, 0x8f, 0xff, 0xff, 0xff, 0xfa, 0x8f, 0xff,
    0xff, 0xff, 0xfa, 0x8f, 0xd0, 0x0, 0xb, 0xfa,
    0x8f, 0xd0, 0x0, 0xb, 0xfa, 0x8f, 0xd0, 0x0,
    0xb, 0xfa, 0x8f, 0xd0, 0x0, 0xb, 0xfa, 0x8f,
    0xd0, 0x0, 0xb, 0xfa,

    /* U+0049 "I" */
    0x8f, 0xd8, 0xfd, 0x8f, 0xd8, 0xfd, 0x8f, 0xd8,
    0xfd, 0x8f, 0xd8, 0xfd, 0x8f, 0xd8, 0xfd, 0x8f,
    0xd8, 0xfd,

    /* U+004A "J" */
    0x0, 0x0, 0xa, 0xfb, 0x0, 0x0, 0xa, 0xfb,
    0x0, 0x0, 0xa, 0xfb, 0x0, 0x0, 0xa, 0xfb,
    0x0, 0x0, 0xa, 0xfb, 0x0, 0x0, 0xa, 0xfb,
    0x0, 0x0, 0xa, 0xfb, 0x0, 0x0, 0xa, 0xfb,
    0x0, 0x0, 0xb, 0xfa, 0x2d, 0xa1, 0x3f, 0xf7,
    0x2e, 0xff, 0xff, 0xe0, 0x3, 0xbf, 0xeb, 0x20,

    /* U+004B "K" */
    0x8f, 0xd0, 0x0, 0x9f, 0xe1, 0x8, 0xfd, 0x0,
    0x5f, 0xf4, 0x0, 0x8f, 0xd0, 0x2f, 0xf7, 0x0,
    0x8, 0xfd, 0xc, 0xfb, 0x0, 0x0, 0x8f, 0xd9,
    0xfe, 0x10, 0x0, 0x8, 0xff, 0xff, 0xf3, 0x0,
    0x0, 0x8f, 0xff, 0xef, 0xc0, 0x0, 0x8, 0xff,
    0xb2, 0xff, 0x60, 0x0, 0x8f, 0xe0, 0x8, 0xfe,
    0x10, 0x8, 0xfd, 0x0, 0xe, 0xf9, 0x0, 0x8f,
    0xd0, 0x0, 0x6f, 0xf2, 0x8, 0xfd, 0x0, 0x0,
    0xdf, 0xb0,

    /* U+004C "L" */
    0x8f, 0xd0, 0x0, 0x0, 0x8f, 0xd0, 0x0, 0x0,
    0x8f, 0xd0, 0x0, 0x0, 0x8f, 0xd0, 0x0, 0x0,
    0x8f, 0xd0, 0x0, 0x0, 0x8f, 0xd0, 0x0, 0x0,
    0x8f, 0xd0, 0x0, 0x0, 0x8f, 0xd0, 0x0, 0x0,
    0x8f, 0xd0, 0x0, 0x0, 0x8f, 0xd0, 0x0, 0x0,
    0x8f, 0xfe, 0xee, 0xe9, 0x8f, 0xff, 0xff, 0xfa,

    /* U+004D "M" */
    0x8f, 0xf4, 0x0, 0x0, 0x9f, 0xf3, 0x8f, 0xf9,
    0x0, 0x0, 0xef, 0xf3, 0x8f, 0xff, 0x0, 0x4,
    0xff, 0xf3, 0x8f, 0xdf, 0x50, 0xa, 0xfd, 0xf3,
    0x8f, 0x9f, 0xa0, 0xf, 0xcc, 0xf3, 0x8f, 0x7d,
    0xf1, 0x5f, 0x7e, 0xf3, 0x8f, 0x87, 0xf5, 0xaf,
    0x1e, 0xf3, 0x8f, 0x92, 0xfb, 0xfb, 0xf, 0xf3,
    0x8f, 0x90, 0xcf, 0xf5, 0xf, 0xf3, 0x8f, 0x90,
    0x6f, 0xf0, 0xf, 0xf3, 0x8f, 0x90, 0x1e, 0x90,
    0xf, 0xf3, 0x8f, 0x90, 0x0, 0x0, 0xf, 0xf3,

    /* U+004E "N" */
    0x8f, 0xf2, 0x0, 0xb, 0xf8, 0x8f, 0xfa, 0x0,
    0xb, 0xf8, 0x8f, 0xff, 0x30, 0xb, 0xf8, 0x8f,
    0xbf, 0xc0, 0xb, 0xf8, 0x8f, 0x8d, 0xf4, 0xb,
    0xf8, 0x8f, 0x95, 0xfd, 0xa, 0xf8, 0x8f, 0xa0,
    0xdf, 0x59, 0xf8, 0x8f, 0xb0, 0x4f, 0xd8, 0xf8,
    0x8f, 0xb0, 0xc, 0xfb, 0xf8, 0x8f, 0xb0, 0x3,
    0xff, 0xf8, 0x8f, 0xb0, 0x0, 0xbf, 0xf8, 0x8f,
    0xb0, 0x0, 0x2f, 0xf8,

    /* U+004F "O" */
    0x0, 0x4, 0xbd, 0xeb, 0x60, 0x0, 0x0, 0x7f,
    0xff, 0xff, 0xfc, 0x0, 0x3, 0xff, 0xa2, 0x16,
    0xff, 0x80, 0xb, 0xfd, 0x0, 0x0, 0x8f, 0xf1,
    0xe, 0xf7, 0x0, 0x0, 0x2f, 0xf3, 0x1f, 0xf5,
    0x0, 0x0, 0xf, 0xf6, 0xf, 0xf5, 0x0, 0x0,
    0xf, 0xf5, 0xe, 0xf7, 0x0, 0x0, 0x2f, 0xf3,
    0xb, 0xfd, 0x0, 0x0, 0x8f, 0xf0, 0x2, 0xff,
    0xb2, 0x17, 0xff, 0x70, 0x0, 0x7f, 0xff, 0xff,
    0xfb, 0x0, 0x0, 0x3, 0xad, 0xeb, 0x60, 0x0,

    /* U+0050 "P" */
    0x8f, 0xff, 0xfd, 0xa3, 0x8, 0xff, 0xde, 0xff,
    0xf3, 0x8f, 0xd0, 0x1, 0xcf, 0xb8, 0xfd, 0x0,
    0x6, 0xfe, 0x8f, 0xd0, 0x0, 0x7f, 0xd8, 0xfd,
    0x0, 0x4e, 0xf9, 0x8f, 0xff, 0xff, 0xfd, 0x18,
    0xff, 0xdc, 0xa6, 0x0, 0x8f, 0xd0, 0x0, 0x0,
    0x8, 0xfd, 0x0, 0x0, 0x0, 0x8f, 0xd0, 0x0,
    0x0, 0x8, 0xfd, 0x0, 0x0, 0x0,

    /* U+0051 "Q" */
    0x0, 0x4, 0xbd, 0xeb, 0x60, 0x0, 0x0, 0x7f,
    0xff, 0xff, 0xfc, 0x0, 0x3, 0xff, 0xa2, 0x16,
    0xff, 0x80, 0xb, 0xfd, 0x0, 0x0, 0x8f, 0xf0,
    0xe, 0xf7, 0x0, 0x0, 0x2f, 0xf3, 0x1f, 0xf5,
    0x0, 0x0, 0xf, 0xf6, 0x1f, 0xf5, 0x0, 0x0,
    0xf, 0xf6, 0xf, 0xf7, 0x0, 0x0, 0x2f, 0xf4,
    0xb, 0xfd, 0x0, 0x0, 0x8f, 0xf1, 0x3, 0xff,
    0x80, 0x4, 0xff, 0x90, 0x0, 0x7f, 0xff, 0xef,
    0xfc, 0x0, 0x0, 0x5, 0xbf, 0xfe, 0x70, 0x0,
    0x0, 0x0, 0x9, 0xff, 0x50, 0x0, 0x0, 0x0,
    0x0, 0xbf, 0xff, 0xeb, 0x0, 0x0, 0x0, 0x6,
    0xce, 0xfb,

    /* U+0052 "R" */
    0x8f, 0xff, 0xfe, 0xb4, 0x0, 0x8f, 0xfd, 0xdf,
    0xff, 0x40, 0x8f, 0xd0, 0x0, 0xbf, 0xc0, 0x8f,
    0xd0, 0x0, 0x5f, 0xf0, 0x8f, 0xd0, 0x0, 0x6f,
    0xf0, 0x8f, 0xd0, 0x3, 0xef, 0xb0, 0x8f, 0xff,
    0xff, 0xfd, 0x20, 0x8f, 0xfd, 0xef, 0xf0, 0x0,
    0x8f, 0xd0, 0x2f, 0xf6, 0x0, 0x8f, 0xd0, 0x8,
    0xfe, 0x10, 0x8f, 0xd0, 0x0, 0xef, 0xa0, 0x8f,
    0xd0, 0x0, 0x6f, 0xf3,

    /* U+0053 "S" */
    0x0, 0x2a, 0xef, 0xc7, 0x0, 0x2, 0xff, 0xff,
    0xff, 0xa0, 0xa, 0xfe, 0x20, 0x3b, 0x20, 0xc,
    0xfa, 0x0, 0x0, 0x0, 0x8, 0xff, 0xb3, 0x0,
    0x0, 0x1, 0xbf, 0xff, 0xd4, 0x0, 0x0, 0x6,
    0xdf, 0xff, 0x80, 0x0, 0x0, 0x4, 0xdf, 0xf2,
    0x0, 0x10, 0x0, 0x3f, 0xf4, 0xa, 0xe6, 0x11,
    0x9f, 0xf1, 0x1d, 0xff, 0xff, 0xff, 0x80, 0x0,
    0x6b, 0xee, 0xc5, 0x0,

    /* U+0054 "T" */
    0x8f, 0xff, 0xff, 0xff, 0xf8, 0x7e, 0xef, 0xff,
    0xfe, 0xe7, 0x0, 0x2, 0xff, 0x20, 0x0, 0x0,
    0x2, 0xff, 0x20, 0x0, 0x0, 0x2, 0xff, 0x20,
    0x0, 0x0, 0x2, 0xff, 0x20, 0x0, 0x0, 0x2,
    0xff, 0x20, 0x0, 0x0, 0x2, 0xff, 0x20, 0x0,
    0x0, 0x2, 0xff, 0x20, 0x0, 0x0, 0x2, 0xff,
    0x20, 0x0, 0x0, 0x2, 0xff, 0x20, 0x0, 0x0,
    0x2, 0xff, 0x20, 0x0,

    /* U+0055 "U" */
    0x9f, 0xc0, 0x0, 0xb, 0xf9, 0x9f, 0xc0, 0x0,
    0xb, 0xf9, 0x9f, 0xc0, 0x0, 0xb, 0xf9, 0x9f,
    0xc0, 0x0, 0xb, 0xf9, 0x9f, 0xc0, 0x0, 0xb,
    0xf9, 0x9f, 0xc0, 0x0, 0xb, 0xf9, 0x9f, 0xc0,
    0x0, 0xb, 0xf8, 0x7f, 0xd0, 0x0, 0xc, 0xf7,
    0x5f, 0xf1, 0x0, 0xf, 0xf5, 0x1f, 0xfa, 0x11,
    0x9f, 0xf1, 0x7, 0xff, 0xff, 0xff, 0x70, 0x0,
    0x4c, 0xee, 0xc4, 0x0,

    /* U+0056 "V" */
    0xe, 0xf8, 0x0, 0x0, 0x8f, 0xd0, 0xaf, 0xc0,
    0x0, 0xd, 0xf8, 0x5, 0xff, 0x10, 0x1, 0xff,
    0x30, 0xf, 0xf5, 0x0, 0x5f, 0xe0, 0x0, 0xbf,
    0x90, 0x9, 0xfa, 0x0, 0x6, 0xfe, 0x0, 0xdf,
    0x50, 0x0, 0x2f, 0xf2, 0x1f, 0xf0, 0x0, 0x0,
    0xdf, 0x66, 0xfb, 0x0, 0x0, 0x8, 0xfa, 0xaf,
    0x60, 0x0, 0x0, 0x3f, 0xee, 0xf2, 0x0, 0x0,
    0x0, 0xef, 0xfd, 0x0, 0x0, 0x0, 0x9, 0xff,
    0x80, 0x0,

    /* U+0057 "W" */
    0x9f, 0xc0, 0x0, 0xbf, 0x80, 0x0, 0xff, 0x36,
    0xff, 0x0, 0xf, 0xfc, 0x0, 0x2f, 0xf0, 0x3f,
    0xf1, 0x3, 0xff, 0xf0, 0x5, 0xfd, 0x0, 0xff,
    0x40, 0x6f, 0xdf, 0x30, 0x7f, 0xa0, 0xd, 0xf6,
    0xa, 0xf7, 0xf7, 0xa, 0xf7, 0x0, 0xaf, 0x90,
    0xed, 0x3f, 0xb0, 0xcf, 0x40, 0x7, 0xfb, 0x1f,
    0xa0, 0xfe, 0xf, 0xf1, 0x0, 0x4f, 0xd5, 0xf7,
    0xd, 0xf3, 0xff, 0x0, 0x1, 0xff, 0x8f, 0x30,
    0x9f, 0x8f, 0xc0, 0x0, 0xe, 0xfe, 0xf0, 0x5,
    0xfd, 0xf9, 0x0, 0x0, 0xbf, 0xfc, 0x0, 0x2f,
    0xff, 0x60, 0x0, 0x8, 0xff, 0x90, 0x0, 0xef,
    0xf3, 0x0,

    /* U+0058 "X" */
    0x4f, 0xf4, 0x0, 0x2f, 0xf5, 0xc, 0xfc, 0x0,
    0x9f, 0xc0, 0x3, 0xff, 0x31, 0xff, 0x40, 0x0,
    0xbf, 0xb7, 0xfc, 0x0, 0x0, 0x2f, 0xfe, 0xf3,
    0x0, 0x0, 0xa, 0xff, 0xb0, 0x0, 0x0, 0xd,
    0xff, 0xc0, 0x0, 0x0, 0x5f, 0xdf, 0xf5, 0x0,
    0x0, 0xdf, 0x58, 0xfd, 0x0, 0x6, 0xfe, 0x1,
    0xff, 0x70, 0xe, 0xf7, 0x0, 0x9f, 0xe1, 0x8f,
    0xe0, 0x0, 0x1f, 0xf8,

    /* U+0059 "Y" */
    0xd, 0xf9, 0x0, 0x4, 0xff, 0x20, 0x6f, 0xf0,
    0x0, 0xaf, 0xa0, 0x0, 0xef, 0x60, 0x1f, 0xf3,
    0x0, 0x7, 0xfd, 0x7, 0xfb, 0x0, 0x0, 0xf,
    0xf3, 0xdf, 0x40, 0x0, 0x0, 0x8f, 0xdf, 0xc0,
    0x0, 0x0, 0x1, 0xff, 0xf5, 0x0, 0x0, 0x0,
    0xa, 0xfe, 0x0, 0x0, 0x0, 0x0, 0x8f, 0xd0,
    0x0, 0x0, 0x0, 0x8, 0xfd, 0x0, 0x0, 0x0,
    0x0, 0x8f, 0xd0, 0x0, 0x0, 0x0, 0x8, 0xfd,
    0x0, 0x0,

    /* U+005A "Z" */
    0xc, 0xff, 0xff, 0xff, 0xf1, 0xb, 0xee, 0xee,
    0xff, 0xf0, 0x0, 0x0, 0x2, 0xff, 0x60, 0x0,
    0x0, 0xc, 0xfc, 0x0, 0x0, 0x0, 0x6f, 0xf2,
    0x0, 0x0, 0x1, 0xff, 0x80, 0x0, 0x0, 0xb,
    0xfd, 0x0, 0x0, 0x0, 0x5f, 0xf3, 0x0, 0x0,
    0x1, 0xef, 0x90, 0x0, 0x0, 0x9, 0xfe, 0x0,
    0x0, 0x0, 0x3f, 0xff, 0xee, 0xee, 0xe2, 0x4f,
    0xff, 0xff, 0xff, 0xf2,

    /* U+005B "[" */
    0x6f, 0xff, 0x46, 0xf8, 0x30, 0x6f, 0x50, 0x6,
    0xf5, 0x0, 0x6f, 0x50, 0x6, 0xf5, 0x0, 0x6f,
    0x50, 0x6, 0xf5, 0x0, 0x6f, 0x50, 0x6, 0xf5,
    0x0, 0x6f, 0x50, 0x6, 0xf5, 0x0, 0x6f, 0x50,
    0x6, 0xf6, 0x0, 0x6f, 0xff, 0x41, 0x33, 0x30,

    /* U+005C "\\" */
    0x6f, 0x20, 0x0, 0x2f, 0x60, 0x0, 0xe, 0xa0,
    0x0, 0xa, 0xe0, 0x0, 0x6, 0xf2, 0x0, 0x2,
    0xf6, 0x0, 0x0, 0xea, 0x0, 0x0, 0x9e, 0x0,
    0x0, 0x5f, 0x20, 0x0, 0x1f, 0x70, 0x0, 0xd,
    0xb0, 0x0, 0x9, 0xf0, 0x0, 0x5, 0xf3, 0x0,
    0x1, 0xf7, 0x0, 0x0, 0xdb, 0x0, 0x0, 0x57,

    /* U+005D "]" */
    0x3f, 0xff, 0x60, 0x37, 0xf6, 0x0, 0x5f, 0x60,
    0x5, 0xf6, 0x0, 0x5f, 0x60, 0x5, 0xf6, 0x0,
    0x5f, 0x60, 0x5, 0xf6, 0x0, 0x5f, 0x60, 0x5,
    0xf6, 0x0, 0x5f, 0x60, 0x5, 0xf6, 0x0, 0x5f,
    0x60, 0x5, 0xf6, 0x3f, 0xff, 0x60, 0x33, 0x31,

    /* U+005E "^" */
    0x0, 0x7, 0xfe, 0x0, 0x0, 0x0, 0xdf, 0xf4,
    0x0, 0x0, 0x3f, 0xaf, 0xa0, 0x0, 0xa, 0xf2,
    0xcf, 0x10, 0x1, 0xfd, 0x6, 0xf7, 0x0, 0x7f,
    0x70, 0x1f, 0xe0, 0xd, 0xf1, 0x0, 0xaf, 0x40,

    /* U+005F "_" */
    0x1, 0x11, 0x11, 0x11, 0x1c, 0xff, 0xff, 0xff,
    0xfd, 0x34, 0x44, 0x44, 0x44, 0x30,

    /* U+0060 "`" */
    0x0, 0x30, 0x0, 0xa, 0xf3, 0x0, 0xa, 0xfe,
    0x20, 0x0, 0x8f, 0xd0, 0x0, 0x6, 0x40,

    /* U+0061 "a" */
    0x0, 0x7c, 0xee, 0xa1, 0x0, 0xaf, 0xfe, 0xff,
    0xb0, 0x2, 0x60, 0x6, 0xff, 0x10, 0x0, 0x36,
    0xaf, 0xf4, 0x3, 0xdf, 0xfc, 0xff, 0x40, 0xef,
    0x80, 0xf, 0xf4, 0x2f, 0xf3, 0x4, 0xff, 0x40,
    0xef, 0xfd, 0xff, 0xf4, 0x3, 0xcf, 0xc4, 0xaf,
    0x40,

    /* U+0062 "b" */
    0xbf, 0x90, 0x0, 0x0, 0xb, 0xf9, 0x0, 0x0,
    0x0, 0xbf, 0x90, 0x0, 0x0, 0xb, 0xf9, 0x0,
    0x0, 0x0, 0xbf, 0x98, 0xee, 0x90, 0xb, 0xff,
    0xff, 0xff, 0xc0, 0xbf, 0xd2, 0x6, 0xff, 0x4b,
    0xf9, 0x0, 0xf, 0xf7, 0xbf, 0x90, 0x0, 0xef,
    0x8b, 0xf9, 0x0, 0xf, 0xf6, 0xbf, 0xc1, 0x8,
    0xff, 0x2b, 0xff, 0xff, 0xff, 0x80, 0xbf, 0x4a,
    0xed, 0x70, 0x0,

    /* U+0063 "c" */
    0x0, 0x1a, 0xdf, 0xc4, 0x0, 0x2f, 0xff, 0xff,
    0x70, 0xd, 0xfd, 0x20, 0x30, 0x1, 0xff, 0x40,
    0x0, 0x0, 0x4f, 0xf2, 0x0, 0x0, 0x1, 0xff,
    0x40, 0x0, 0x0, 0xd, 0xfd, 0x10, 0x32, 0x0,
    0x4f, 0xff, 0xef, 0xb0, 0x0, 0x2b, 0xee, 0xb3,
    0x0,

    /* U+0064 "d" */
    0x0, 0x0, 0x0, 0x4f, 0xf0, 0x0, 0x0, 0x0,
    0x4f, 0xf0, 0x0, 0x0, 0x0, 0x4f, 0xf0, 0x0,
    0x0, 0x0, 0x4f, 0xf0, 0x0, 0x3c, 0xfc, 0x7f,
    0xf0, 0x4, 0xff, 0xff, 0xff, 0xf0, 0xd, 0xfc,
    0x10, 0x8f, 0xf0, 0x1f, 0xf5, 0x0, 0x4f, 0xf0,
    0x3f, 0xf3, 0x0, 0x4f, 0xf0, 0x1f, 0xf4, 0x0,
    0x4f, 0xf0, 0xe, 0xfb, 0x0, 0xaf, 0xf0, 0x6,
    0xff, 0xff, 0xff, 0xf0, 0x0, 0x6d, 0xfb, 0x2f,
    0xf0,

    /* U+0065 "e" */
    0x0, 0x2b, 0xee, 0xa1, 0x0, 0x3f, 0xfe, 0xff,
    0xd0, 0xd, 0xf8, 0x0, 0xcf, 0x51, 0xff, 0x98,
    0x8c, 0xf8, 0x4f, 0xff, 0xff, 0xff, 0x91, 0xff,
    0x20, 0x0, 0x0, 0xd, 0xfb, 0x0, 0x2, 0x0,
    0x3f, 0xfe, 0xce, 0xe0, 0x0, 0x2a, 0xef, 0xc6,
    0x0,

    /* U+0066 "f" */
    0x0, 0x2b, 0xfd, 0x40, 0xe, 0xff, 0xe2, 0x3,
    0xff, 0x30, 0x0, 0x5f, 0xf0, 0x0, 0x7f, 0xff,
    0xfb, 0x7, 0xef, 0xfd, 0x90, 0x5, 0xff, 0x0,
    0x0, 0x5f, 0xf0, 0x0, 0x5, 0xff, 0x0, 0x0,
    0x5f, 0xf0, 0x0, 0x5, 0xff, 0x0, 0x0, 0x5f,
    0xf0, 0x0, 0x5, 0xff, 0x0, 0x0,

    /* U+0067 "g" */
    0x0, 0x8d, 0xff, 0xff, 0xf2, 0xa, 0xfc, 0x7c,
    0xfe, 0xb1, 0xf, 0xf4, 0x2, 0xfe, 0x0, 0xc,
    0xfa, 0x39, 0xfd, 0x0, 0x1, 0xff, 0xff, 0xe3,
    0x0, 0x7, 0xf5, 0x43, 0x0, 0x0, 0xc, 0xf2,
    0x0, 0x0, 0x0, 0xa, 0xff, 0xdc, 0xc9, 0x30,
    0x5, 0xfe, 0xff, 0xff, 0xf1, 0x2f, 0xc0, 0x0,
    0x2f, 0xf2, 0x2f, 0xfa, 0x89, 0xdf, 0xa0, 0x5,
    0xce, 0xfe, 0xb5, 0x0,

    /* U+0068 "h" */
    0xbf, 0x90, 0x0, 0x0, 0xb, 0xf9, 0x0, 0x0,
    0x0, 0xbf, 0x90, 0x0, 0x0, 0xb, 0xf9, 0x0,
    0x0, 0x0, 0xbf, 0x86, 0xcf, 0xb1, 0xb, 0xff,
    0xff, 0xff, 0xa0, 0xbf, 0xe4, 0x19, 0xff, 0xb,
    0xf9, 0x0, 0x4f, 0xf1, 0xbf, 0x90, 0x4, 0xff,
    0x1b, 0xf9, 0x0, 0x4f, 0xf1, 0xbf, 0x90, 0x4,
    0xff, 0x1b, 0xf9, 0x0, 0x4f, 0xf1, 0xbf, 0x90,
    0x4, 0xff, 0x10,

    /* U+0069 "i" */
    0x7e, 0x6c, 0xfa, 0x27, 0x10, 0x0, 0xbf, 0x9b,
    0xf9, 0xbf, 0x9b, 0xf9, 0xbf, 0x9b, 0xf9, 0xbf,
    0x9b, 0xf9, 0xbf, 0x90,

    /* U+006A "j" */
    0x0, 0x7e, 0x60, 0xc, 0xfb, 0x0, 0x27, 0x20,
    0x0, 0x0, 0x0, 0xbf, 0x90, 0xb, 0xf9, 0x0,
    0xbf, 0x90, 0xb, 0xf9, 0x0, 0xbf, 0x90, 0xb,
    0xf9, 0x0, 0xbf, 0x90, 0xb, 0xf9, 0x0, 0xbf,
    0x90, 0xe, 0xf8, 0x8e, 0xff, 0x3a, 0xfd, 0x60,

    /* U+006B "k" */
    0xbf, 0x90, 0x0, 0x0, 0xb, 0xf9, 0x0, 0x0,
    0x0, 0xbf, 0x90, 0x0, 0x0, 0xb, 0xf9, 0x0,
    0x0, 0x0, 0xbf, 0x90, 0xb, 0xfd, 0xb, 0xf9,
    0x7, 0xfe, 0x10, 0xbf, 0x94, 0xff, 0x30, 0xb,
    0xfb, 0xef, 0x70, 0x0, 0xbf, 0xff, 0xfb, 0x0,
    0xb, 0xff, 0xae, 0xf5, 0x0, 0xbf, 0xc0, 0x6f,
    0xe1, 0xb, 0xf9, 0x0, 0xdf, 0x90, 0xbf, 0x90,
    0x4, 0xff, 0x30,

    /* U+006C "l" */
    0xbf, 0x90, 0xbf, 0x90, 0xbf, 0x90, 0xbf, 0x90,
    0xbf, 0x90, 0xbf, 0x90, 0xbf, 0x90, 0xbf, 0x90,
    0xbf, 0x90, 0xbf, 0x90, 0xbf, 0xa0, 0x8f, 0xf6,
    0x1c, 0xf8,

    /* U+006D "m" */
    0xbf, 0x47, 0xde, 0x90, 0x3b, 0xfc, 0x20, 0xbf,
    0xdf, 0xff, 0xfb, 0xff, 0xff, 0xd0, 0xbf, 0xe4,
    0x1b, 0xff, 0x81, 0x7f, 0xf2, 0xbf, 0x90, 0x7,
    0xfe, 0x0, 0x1f, 0xf3, 0xbf, 0x90, 0x6, 0xfe,
    0x0, 0x1f, 0xf3, 0xbf, 0x90, 0x6, 0xfe, 0x0,
    0x1f, 0xf3, 0xbf, 0x90, 0x6, 0xfe, 0x0, 0x1f,
    0xf3, 0xbf, 0x90, 0x6, 0xfe, 0x0, 0x1f, 0xf3,
    0xbf, 0x90, 0x6, 0xfe, 0x0, 0x1f, 0xf3,

    /* U+006E "n" */
    0xbf, 0x36, 0xcf, 0xb1, 0xb, 0xfd, 0xff, 0xff,
    0xa0, 0xbf, 0xe4, 0x19, 0xff, 0xb, 0xf9, 0x0,
    0x4f, 0xf1, 0xbf, 0x90, 0x4, 0xff, 0x1b, 0xf9,
    0x0, 0x4f, 0xf1, 0xbf, 0x90, 0x4, 0xff, 0x1b,
    0xf9, 0x0, 0x4f, 0xf1, 0xbf, 0x90, 0x4, 0xff,
    0x10,

    /* U+006F "o" */
    0x0, 0x2a, 0xee, 0xb2, 0x0, 0x3, 0xff, 0xff,
    0xff, 0x30, 0xd, 0xfb, 0x0, 0xbf, 0xd0, 0x1f,
    0xf4, 0x0, 0x3f, 0xf1, 0x4f, 0xf2, 0x0, 0x1f,
    0xf4, 0x1f, 0xf4, 0x0, 0x3f, 0xf1, 0xd, 0xfb,
    0x0, 0xbf, 0xd0, 0x3, 0xff, 0xff, 0xff, 0x30,
    0x0, 0x2a, 0xee, 0xb2, 0x0,

    /* U+0070 "p" */
    0xbf, 0x48, 0xde, 0x90, 0xb, 0xff, 0xff, 0xff,
    0xc0, 0xbf, 0xd2, 0x6, 0xff, 0x3b, 0xf9, 0x0,
    0xf, 0xf7, 0xbf, 0x90, 0x0, 0xef, 0x8b, 0xf9,
    0x0, 0xf, 0xf6, 0xbf, 0xc1, 0x8, 0xff, 0x2b,
    0xff, 0xff, 0xff, 0x80, 0xbf, 0xaa, 0xed, 0x70,
    0xb, 0xf9, 0x0, 0x0, 0x0, 0xbf, 0x90, 0x0,
    0x0, 0xb, 0xf9, 0x0, 0x0, 0x0,

    /* U+0071 "q" */
    0x0, 0x3c, 0xfd, 0x6e, 0xf0, 0x4, 0xff, 0xdc,
    0xff, 0xf0, 0xd, 0xfb, 0x0, 0x6f, 0xf0, 0x1f,
    0xf4, 0x0, 0x4f, 0xf0, 0x3f, 0xf3, 0x0, 0x4f,
    0xf0, 0x1f, 0xf5, 0x0, 0x4f, 0xf0, 0xe, 0xfc,
    0x0, 0xaf, 0xf0, 0x6, 0xff, 0xff, 0xff, 0xf0,
    0x0, 0x6d, 0xfb, 0x6f, 0xf0, 0x0, 0x0, 0x0,
    0x4f, 0xf0, 0x0, 0x0, 0x0, 0x4f, 0xf0, 0x0,
    0x0, 0x0, 0x4f, 0xf0,

    /* U+0072 "r" */
    0xbf, 0x36, 0xdd, 0xb, 0xfa, 0xff, 0xb0, 0xbf,
    0xf8, 0x21, 0xb, 0xfc, 0x0, 0x0, 0xbf, 0x90,
    0x0, 0xb, 0xf9, 0x0, 0x0, 0xbf, 0x90, 0x0,
    0xb, 0xf9, 0x0, 0x0, 0xbf, 0x90, 0x0, 0x0,

    /* U+0073 "s" */
    0x1, 0x9e, 0xfc, 0x50, 0xc, 0xfe, 0xcf, 0xe1,
    0xf, 0xf3, 0x1, 0x20, 0xd, 0xfd, 0x60, 0x0,
    0x2, 0xaf, 0xfe, 0x60, 0x0, 0x2, 0x9f, 0xf3,
    0x6, 0x10, 0xe, 0xf5, 0x4f, 0xfc, 0xdf, 0xe1,
    0x5, 0xbe, 0xeb, 0x20,

    /* U+0074 "t" */
    0x0, 0x77, 0x0, 0x0, 0x1f, 0xf0, 0x0, 0x3,
    0xff, 0x0, 0x9, 0xff, 0xff, 0xf2, 0x8e, 0xff,
    0xdd, 0x20, 0x6f, 0xf0, 0x0, 0x6, 0xff, 0x0,
    0x0, 0x6f, 0xf0, 0x0, 0x6, 0xff, 0x0, 0x0,
    0x4f, 0xf3, 0x0, 0x1, 0xff, 0xfe, 0x20, 0x4,
    0xcf, 0xd4,

    /* U+0075 "u" */
    0xdf, 0x80, 0x6, 0xfe, 0xdf, 0x80, 0x6, 0xfe,
    0xdf, 0x80, 0x6, 0xfe, 0xdf, 0x80, 0x6, 0xfe,
    0xdf, 0x80, 0x6, 0xfe, 0xdf, 0x80, 0x6, 0xfe,
    0xbf, 0xc1, 0x2d, 0xfe, 0x6f, 0xff, 0xfd, 0xfe,
    0x9, 0xed, 0x80, 0xfe,

    /* U+0076 "v" */
    0x9f, 0xb0, 0x0, 0x6f, 0xd4, 0xff, 0x0, 0xb,
    0xf7, 0xe, 0xf5, 0x0, 0xff, 0x20, 0x9f, 0x90,
    0x4f, 0xd0, 0x4, 0xfe, 0x9, 0xf7, 0x0, 0xe,
    0xf2, 0xdf, 0x20, 0x0, 0x9f, 0x8f, 0xd0, 0x0,
    0x3, 0xff, 0xf7, 0x0, 0x0, 0xe, 0xff, 0x20,
    0x0,

    /* U+0077 "w" */
    0x6f, 0xe0, 0x3, 0xff, 0x10, 0xe, 0xf3, 0x2f,
    0xf1, 0x7, 0xff, 0x60, 0x2f, 0xf0, 0xe, 0xf5,
    0xb, 0xef, 0xa0, 0x5f, 0xb0, 0xa, 0xf8, 0xe,
    0xad, 0xe0, 0x9f, 0x70, 0x6, 0xfc, 0x2f, 0x7a,
    0xf2, 0xcf, 0x40, 0x2, 0xff, 0x6f, 0x47, 0xf5,
    0xff, 0x0, 0x0, 0xef, 0xbf, 0x3, 0xfb, 0xfc,
    0x0, 0x0, 0xaf, 0xfc, 0x0, 0xff, 0xf8, 0x0,
    0x0, 0x6f, 0xf8, 0x0, 0xbf, 0xf4, 0x0,

    /* U+0078 "x" */
    0x4f, 0xf3, 0x2, 0xff, 0x40, 0xaf, 0xc0, 0x9f,
    0xb0, 0x1, 0xff, 0x6f, 0xf2, 0x0, 0x6, 0xff,
    0xf8, 0x0, 0x0, 0x1f, 0xff, 0x10, 0x0, 0xa,
    0xff, 0xf8, 0x0, 0x4, 0xfe, 0x4f, 0xf2, 0x0,
    0xdf, 0x60, 0xaf, 0xc0, 0x7f, 0xe0, 0x2, 0xff,
    0x60,

    /* U+0079 "y" */
    0x9f, 0xc0, 0x0, 0x7f, 0xc2, 0xff, 0x20, 0xb,
    0xf6, 0xb, 0xf7, 0x1, 0xff, 0x10, 0x5f, 0xd0,
    0x5f, 0xb0, 0x0, 0xef, 0x2a, 0xf5, 0x0, 0x7,
    0xf8, 0xef, 0x0, 0x0, 0x1f, 0xef, 0xa0, 0x0,
    0x0, 0xaf, 0xf4, 0x0, 0x0, 0x6, 0xfe, 0x0,
    0x0, 0x1, 0xdf, 0x70, 0x0, 0xc, 0xff, 0xd0,
    0x0, 0x1, 0xee, 0xa1, 0x0, 0x0,

    /* U+007A "z" */
    0xe, 0xff, 0xff, 0xf9, 0xb, 0xdd, 0xef, 0xf6,
    0x0, 0x0, 0xcf, 0xb0, 0x0, 0x7, 0xff, 0x10,
    0x0, 0x2f, 0xf6, 0x0, 0x0, 0xcf, 0xb0, 0x0,
    0x7, 0xfe, 0x10, 0x0, 0x2f, 0xfe, 0xcc, 0xc9,
    0x5f, 0xff, 0xff, 0xfb,

    /* U+007B "{" */
    0x0, 0x5e, 0xf4, 0x0, 0xef, 0x60, 0x0, 0xfe,
    0x0, 0x0, 0xfe, 0x0, 0x0, 0xee, 0x0, 0x0,
    0xef, 0x0, 0x6, 0xfc, 0x0, 0x6f, 0xe1, 0x0,
    0x28, 0xfb, 0x0, 0x0, 0xee, 0x0, 0x0, 0xee,
    0x0, 0x0, 0xfe, 0x0, 0x0, 0xfe, 0x0, 0x0,
    0xff, 0x20, 0x0, 0x8f, 0xf4, 0x0, 0x1, 0x30,

    /* U+007C "|" */
    0x5c, 0x16, 0xf2, 0x6f, 0x26, 0xf2, 0x6f, 0x26,
    0xf2, 0x6f, 0x26, 0xf2, 0x6f, 0x26, 0xf2, 0x6f,
    0x26, 0xf2, 0x6f, 0x26, 0xf2, 0x6f, 0x26, 0xf2,
    0x6f, 0x26, 0xf2,

    /* U+007D "}" */
    0x3f, 0xe6, 0x0, 0x5, 0xff, 0x0, 0x0, 0xdf,
    0x0, 0x0, 0xdf, 0x0, 0x0, 0xef, 0x0, 0x0,
    0xef, 0x0, 0x0, 0xcf, 0x60, 0x0, 0x1e, 0xf7,
    0x0, 0x9f, 0x92, 0x0, 0xdf, 0x0, 0x0, 0xef,
    0x0, 0x0, 0xdf, 0x0, 0x0, 0xdf, 0x0, 0x2,
    0xff, 0x0, 0x3f, 0xf9, 0x0, 0x3, 0x20, 0x0,

    /* U+007E "~" */
    0x4, 0xce, 0x90, 0x5, 0x13, 0xfd, 0xcf, 0xeb,
    0xf9, 0x6, 0x10, 0x4d, 0xe9, 0x0,

    /* U+00B0 "°" */
    0x4, 0xce, 0x90, 0xe, 0x94, 0xe7, 0x3f, 0x10,
    0x9b, 0x1f, 0x61, 0xd8, 0x6, 0xff, 0xc1, 0x0,
    0x1, 0x0,

    /* U+201C "“" */
    0x0, 0x81, 0x5, 0x40, 0xaa, 0x7, 0xd2, 0x2f,
    0x30, 0xe7, 0x3, 0xff, 0x3f, 0xf7, 0xb, 0xd1,
    0x8e, 0x40,

    /* U+201D "”" */
    0x3, 0x0, 0x21, 0x6, 0xfb, 0x3f, 0xf0, 0x4e,
    0xf2, 0xdf, 0x40, 0x5d, 0x2, 0xf1, 0x4e, 0x31,
    0xd6, 0x2, 0x20, 0x3, 0x0,

    /* U+2026 "…" */
    0x6, 0x20, 0x0, 0x55, 0x0, 0x2, 0x60, 0x7f,
    0xd0, 0x2, 0xff, 0x20, 0xd, 0xf7, 0x4e, 0x80,
    0x0, 0xcc, 0x0, 0x8, 0xe4,

    /* U+2191 "↑" */
    0x0, 0x5, 0x20, 0x0, 0x0, 0x2f, 0xd0, 0x0,
    0x1, 0xdf, 0xfb, 0x0, 0x2d, 0xff, 0xff, 0xb0,
    0xbf, 0x5e, 0xb9, 0xf8, 0x44, 0xe, 0xb0, 0x71,
    0x0, 0xe, 0xb0, 0x0, 0x0, 0xe, 0xb0, 0x0,
    0x0, 0xe, 0xb0, 0x0, 0x0, 0xe, 0xb0, 0x0,
    0x0, 0xe, 0xb0, 0x0, 0x0, 0xe, 0xb0, 0x0,
    0x0, 0xe, 0xb0, 0x0, 0x0, 0xe, 0xb0, 0x0,
    0x0, 0xe, 0xb0, 0x0,

    /* U+2193 "↓" */
    0x0, 0xe, 0xb0, 0x0, 0x0, 0xe, 0xb0, 0x0,
    0x0, 0xe, 0xb0, 0x0, 0x0, 0xe, 0xb0, 0x0,
    0x0, 0xe, 0xb0, 0x0, 0x0, 0xe, 0xb0, 0x0,
    0x0, 0xe, 0xb0, 0x0, 0x0, 0xe, 0xb0, 0x0,
    0x0, 0xe, 0xb0, 0x0, 0x44, 0xe, 0xb0, 0x71,
    0xbf, 0x5e, 0xb9, 0xf8, 0x2d, 0xff, 0xff, 0xb0,
    0x1, 0xdf, 0xfb, 0x0, 0x0, 0x2f, 0xd0, 0x0,
    0x0, 0x5, 0x20, 0x0,

    /* U+25BC "▼" */
    0x3f, 0xff, 0xff, 0xff, 0xff, 0xff, 0xff, 0xf3,
    0xa, 0xff, 0xff, 0xff, 0xff, 0xff, 0xff, 0xa0,
    0x2, 0xff, 0xff, 0xff, 0xff, 0xff, 0xff, 0x20,
    0x0, 0x8f, 0xff, 0xff, 0xff, 0xff, 0xf8, 0x0,
    0x0, 0xe, 0xff, 0xff, 0xff, 0xff, 0xe0, 0x0,
    0x0, 0x5, 0xff, 0xff, 0xff, 0xff, 0x50, 0x0,
    0x0, 0x0, 0xcf, 0xff, 0xff, 0xfc, 0x0, 0x0,
    0x0, 0x0, 0x3f, 0xff, 0xff, 0xf3, 0x0, 0x0,
    0x0, 0x0, 0xa, 0xff, 0xff, 0xa0, 0x0, 0x0,
    0x0, 0x0, 0x1, 0xff, 0xff, 0x10, 0x0, 0x0,
    0x0, 0x0, 0x0, 0x7f, 0xf7, 0x0, 0x0, 0x0,
    0x0, 0x0, 0x0, 0xd, 0xd0, 0x0, 0x0, 0x0,
    0x0, 0x0, 0x0, 0x5, 0x50, 0x0, 0x0, 0x0,
    0x0, 0x0, 0x0, 0x0, 0x0, 0x0, 0x0, 0x0,

    /* U+25CF "●" */
    0x0, 0x0, 0x8, 0xcf, 0xfc, 0x70, 0x0, 0x0,
    0x0, 0x3, 0xdf, 0xff, 0xff, 0xfd, 0x30, 0x0,
    0x0, 0x4f, 0xff, 0xff, 0xff, 0xff, 0xf4, 0x0,
    0x0, 0xef, 0xff, 0xff, 0xff, 0xff, 0xfe, 0x0,
    0x8, 0xff, 0xff, 0xff, 0xff, 0xff, 0xff, 0x80,
    0xe, 0xff, 0xff, 0xff, 0xff, 0xff, 0xff, 0xe0,
    0x1f, 0xff, 0xff, 0xff, 0xff, 0xff, 0xff, 0xf1,
    0x2f, 0xff, 0xff, 0xff, 0xff, 0xff, 0xff, 0xf2,
    0x1f, 0xff, 0xff, 0xff, 0xff, 0xff, 0xff, 0xf1,
    0xe, 0xff, 0xff, 0xff, 0xff, 0xff, 0xff, 0xe0,
    0x8, 0xff, 0xff, 0xff, 0xff, 0xff, 0xff, 0x80,
    0x0, 0xef, 0xff, 0xff, 0xff, 0xff, 0xfe, 0x0,
    0x0, 0x4f, 0xff, 0xff, 0xff, 0xff, 0xf4, 0x0,
    0x0, 0x3, 0xef, 0xff, 0xff, 0xfd, 0x30, 0x0,
    0x0, 0x0, 0x8, 0xdf, 0xfd, 0x80, 0x0, 0x0,

    /* U+3000 "　" */

    /* U+3002 "。" */
    0x4, 0xde, 0x90, 0x1f, 0x75, 0xd8, 0x5e, 0x0,
    0x7b, 0x2f, 0x74, 0xd8, 0x5, 0xde, 0x90,

    /* U+300C "「" */
    0xdf, 0xff, 0xf7, 0xdf, 0xbb, 0xb5, 0xdf, 0x10,
    0x0, 0xdf, 0x10, 0x0, 0xdf, 0x10, 0x0, 0xdf,
    0x10, 0x0, 0xdf, 0x10, 0x0, 0xdf, 0x10, 0x0,
    0xdf, 0x10, 0x0, 0xdf, 0x10, 0x0, 0x23, 0x0,
    0x0,

    /* U+300D "」" */
    0x0, 0x0, 0x32, 0x0, 0x1, 0xfd, 0x0, 0x1,
    0xfd, 0x0, 0x1, 0xfd, 0x0, 0x1, 0xfd, 0x0,
    0x1, 0xfd, 0x0, 0x1, 0xfd, 0x0, 0x1, 0xfd,
    0x0, 0x1, 0xfd, 0x5b, 0xbb, 0xfd, 0x7f, 0xff,
    0xfd,

    /* U+3010 "【" */
    0x0, 0x0, 0x0, 0xaf, 0xff, 0xd1, 0xaf, 0xff,
    0x10, 0xaf, 0xf7, 0x0, 0xaf, 0xf0, 0x0, 0xaf,
    0xa0, 0x0, 0xaf, 0x60, 0x0, 0xaf, 0x40, 0x0,
    0xaf, 0x30, 0x0, 0xaf, 0x40, 0x0, 0xaf, 0x60,
    0x0, 0xaf, 0xa0, 0x0, 0xaf, 0xf0, 0x0, 0xaf,
    0xf7, 0x0, 0xaf, 0xff, 0x20, 0xaf, 0xff, 0xd1,

    /* U+3011 "】" */
    0x1d, 0xff, 0xfa, 0x2, 0xff, 0xfa, 0x0, 0x7f,
    0xfa, 0x0, 0xf, 0xfa, 0x0, 0xa, 0xfa, 0x0,
    0x6, 0xfa, 0x0, 0x4, 0xfa, 0x0, 0x3, 0xfa,
    0x0, 0x4, 0xfa, 0x0, 0x6, 0xfa, 0x0, 0xa,
    0xfa, 0x0, 0xf, 0xfa, 0x0, 0x7f, 0xfa, 0x1,
    0xff, 0xfa, 0x1d, 0xff, 0xfa, 0x0, 0x0, 0x0,

    /* U+4E00 "一" */
    0x1, 0x11, 0x11, 0x11, 0x11, 0x11, 0x11, 0x11,
    0x1f, 0xff, 0xff, 0xff, 0xff, 0xff, 0xff, 0xf9,
    0x1f, 0xff, 0xff, 0xff, 0xff, 0xff, 0xff, 0xf9,

    /* U+4E03 "七" */
    0x0, 0x0, 0xe, 0xf2, 0x0, 0x0, 0x0, 0x0,
    0x0, 0x0, 0xe, 0xf2, 0x0, 0x0, 0x0, 0x0,
    0x0, 0x0, 0xe, 0xf2, 0x0, 0x0, 0x0, 0x0,
    0x0, 0x0, 0xe, 0xf2, 0x0, 0x0, 0x24, 0x60,
    0x0, 0x0, 0xe, 0xf7, 0x8a, 0xdf, 0xff, 0xf2,
    0x27, 0xac, 0xef, 0xff, 0xff, 0xff, 0xdb, 0x82,
    0x4f, 0xff, 0xff, 0xfa, 0x64, 0x20, 0x0, 0x0,
    0x17, 0x42, 0xe, 0xf2, 0x0, 0x0, 0x0, 0x0,
    0x0, 0x0, 0xe, 0xf2, 0x0, 0x0, 0x0, 0x0,
    0x0, 0x0, 0xe, 0xf2, 0x0, 0x0, 0x1e, 0x80,
    0x0, 0x0, 0xe, 0xf2, 0x0, 0x0, 0x3f, 0xd0,
    0x0, 0x0, 0xd, 0xf5, 0x0, 0x0, 0x8f, 0xa0,
    0x0, 0x0, 0xa, 0xff, 0xff, 0xff, 0xff, 0x40,
    0x0, 0x0, 0x1, 0x9d, 0xee, 0xee, 0xc6, 0x0,

    /* U+4E09 "三" */
    0x0, 0x0, 0x0, 0x0, 0x0, 0x0, 0x0, 0xf,
    0xff, 0xff, 0xff, 0xff, 0xff, 0xf0, 0xe, 0xee,
    0xee, 0xee, 0xee, 0xee, 0xe0, 0x0, 0x0, 0x0,
    0x0, 0x0, 0x0, 0x0, 0x0, 0x0, 0x0, 0x0,
    0x0, 0x0, 0x0, 0x0, 0x0, 0x0, 0x0, 0x0,
    0x0, 0x0, 0x0, 0xde, 0xee, 0xee, 0xee, 0xeb,
    0x0, 0x0, 0xff, 0xff, 0xff, 0xff, 0xfc, 0x0,
    0x0, 0x0, 0x0, 0x0, 0x0, 0x0, 0x0, 0x0,
    0x0, 0x0, 0x0, 0x0, 0x0, 0x0, 0x0, 0x0,
    0x0, 0x0, 0x0, 0x0, 0x0, 0xbb, 0xbb, 0xbb,
    0xbb, 0xbb, 0xbb, 0xba, 0xff, 0xff, 0xff, 0xff,
    0xff, 0xff, 0xfe, 0x33, 0x33, 0x33, 0x33, 0x33,
    0x33, 0x33,

    /* U+4E0A "上" */
    0x0, 0x0, 0x0, 0x6f, 0x90, 0x0, 0x0, 0x0,
    0x0, 0x0, 0x0, 0x6f, 0x90, 0x0, 0x0, 0x0,
    0x0, 0x0, 0x0, 0x6f, 0x90, 0x0, 0x0, 0x0,
    0x0, 0x0, 0x0, 0x6f, 0x90, 0x0, 0x0, 0x0,
    0x0, 0x0, 0x0, 0x6f, 0x90, 0x0, 0x0, 0x0,
    0x0, 0x0, 0x0, 0x6f, 0xfe, 0xee, 0xee, 0x20,
    0x0, 0x0, 0x0, 0x6f, 0xff, 0xff, 0xff, 0x20,
    0x0, 0x0, 0x0, 0x6f, 0x90, 0x0, 0x0, 0x0,
    0x0, 0x0, 0x0, 0x6f, 0x90, 0x0, 0x0, 0x0,
    0x0, 0x0, 0x0, 0x6f, 0x90, 0x0, 0x0, 0x0,
    0x0, 0x0, 0x0, 0x6f, 0x90, 0x0, 0x0, 0x0,
    0x0, 0x0, 0x0, 0x6f, 0x90, 0x0, 0x0, 0x0,
    0x1, 0x11, 0x11, 0x7f, 0xa1, 0x11, 0x11, 0x10,
    0x1f, 0xff, 0xff, 0xff, 0xff, 0xff, 0xff, 0xf7,
    0x1d, 0xdd, 0xdd, 0xdd, 0xdd, 0xdd, 0xdd, 0xd6,

    /* U+4E0B "下" */
    0x2, 0x22, 0x22, 0x22, 0x22, 0x22, 0x22, 0x20,
    0x1f, 0xff, 0xff, 0xff, 0xff, 0xff, 0xff, 0xf2,
    0x1b, 0xbb, 0xbb, 0xdf, 0xeb, 0xbb, 0xbb, 0xb1,
    0x0, 0x0, 0x0, 0x5f, 0xb0, 0x0, 0x0, 0x0,
    0x0, 0x0, 0x0, 0x5f, 0xb0, 0x0, 0x0, 0x0,
    0x0, 0x0, 0x0, 0x5f, 0xfe, 0x70, 0x0, 0x0,
    0x0, 0x0, 0x0, 0x5f, 0xff, 0xfe, 0x60, 0x0,
    0x0, 0x0, 0x0, 0x5f, 0xb3, 0xcf, 0xfc, 0x20,
    0x0, 0x0, 0x0, 0x5f, 0xb0, 0x6, 0xfd, 0x10,
    0x0, 0x0, 0x0, 0x5f, 0xb0, 0x0, 0x22, 0x0,
    0x0, 0x0, 0x0, 0x5f, 0xb0, 0x0, 0x0, 0x0,
    0x0, 0x0, 0x0, 0x5f, 0xb0, 0x0, 0x0, 0x0,
    0x0, 0x0, 0x0, 0x5f, 0xb0, 0x0, 0x0, 0x0,
    0x0, 0x0, 0x0, 0x5f, 0xb0, 0x0, 0x0, 0x0,

    /* U+4E0D "不" */
    0xa, 0xbb, 0xbb, 0xbb, 0xbb, 0xbb, 0xbb, 0xa0,
    0xe, 0xff, 0xff, 0xff, 0xff, 0xff, 0xff, 0xe0,
    0x3, 0x33, 0x33, 0x4d, 0xfc, 0x33, 0x33, 0x30,
    0x0, 0x0, 0x0, 0x7f, 0xf3, 0x0, 0x0, 0x0,
    0x0, 0x0, 0x4, 0xff, 0xf2, 0x60, 0x0, 0x0,
    0x0, 0x0, 0x4f, 0xff, 0xfe, 0xfa, 0x10, 0x0,
    0x0, 0x6, 0xff, 0xbf, 0xf4, 0xef, 0xd3, 0x0,
    0x1, 0xaf, 0xf9, 0xf, 0xf0, 0x1c, 0xff, 0x50,
    0x2f, 0xff, 0x70, 0xf, 0xf0, 0x0, 0xaf, 0xf4,
    0xa, 0xc2, 0x0, 0xf, 0xf0, 0x0, 0xa, 0x90,
    0x0, 0x0, 0x0, 0xf, 0xf0, 0x0, 0x0, 0x0,
    0x0, 0x0, 0x0, 0xf, 0xf0, 0x0, 0x0, 0x0,
    0x0, 0x0, 0x0, 0xf, 0xf0, 0x0, 0x0, 0x0,
    0x0, 0x0, 0x0, 0xf, 0xf0, 0x0, 0x0, 0x0,

    /* U+4E18 "丘" */
    0x0, 0x0, 0x0, 0x0, 0x0, 0x2, 0x10, 0x0,
    0x0, 0x0, 0x2, 0x35, 0x7a, 0xef, 0xb0, 0x0,
    0x0, 0xa, 0xff, 0xff, 0xff, 0xfc, 0x81, 0x0,
    0x0, 0xb, 0xfb, 0x87, 0x53, 0x0, 0x0, 0x0,
    0x0, 0xb, 0xf3, 0x0, 0x0, 0x0, 0x0, 0x0,
    0x0, 0xb, 0xf3, 0x0, 0x0, 0x0, 0x0, 0x0,
    0x0, 0xb, 0xfe, 0xee, 0xee, 0xee, 0xee, 0x60,
    0x0, 0xb, 0xff, 0xff, 0xff, 0xff, 0xff, 0x70,
    0x0, 0xb, 0xf3, 0x0, 0x0, 0xbf, 0x20, 0x0,
    0x0, 0xb, 0xf3, 0x0, 0x0, 0xbf, 0x20, 0x0,
    0x0, 0xb, 0xf3, 0x0, 0x0, 0xbf, 0x20, 0x0,
    0x0, 0xb, 0xf3, 0x0, 0x0, 0xbf, 0x20, 0x0,
    0x0, 0xb, 0xf4, 0x0, 0x0, 0xcf, 0x30, 0x0,
    0x1f, 0xff, 0xff, 0xff, 0xff, 0xff, 0xff, 0xf8,
    0x1d, 0xdd, 0xdd, 0xdd, 0xdd, 0xdd, 0xdd, 0xd7,

    /* U+4E1C "东" */
    0x0, 0x0, 0x9, 0x92, 0x0, 0x0, 0x0, 0x0,
    0x0, 0x2, 0xff, 0x40, 0x0, 0x0, 0x0, 0x9b,
    0xbb, 0xdf, 0xfb, 0xbb, 0xbb, 0xba, 0xc, 0xff,
    0xff, 0xff, 0xff, 0xff, 0xff, 0xe0, 0x1, 0x1c,
    0xf9, 0x15, 0x41, 0x11, 0x11, 0x0, 0x5, 0xfe,
    0x1, 0xfc, 0x0, 0x0, 0x0, 0x3, 0xff, 0x50,
    0x1f, 0xc0, 0x0, 0x0, 0x0, 0xcf, 0xff, 0xff,
    0xff, 0xff, 0xff, 0x20, 0x7, 0xed, 0xdd, 0xdf,
    0xfd, 0xdd, 0xd2, 0x0, 0x1, 0x10, 0x1, 0xfc,
    0x0, 0x10, 0x0, 0x0, 0xaf, 0x60, 0x1f, 0xc1,
    0xed, 0x10, 0x0, 0x3f, 0xe0, 0x1, 0xfc, 0x7,
    0xfc, 0x0, 0x2e, 0xf6, 0x0, 0x2f, 0xc0, 0xa,
    0xfa, 0xa, 0xf9, 0x3, 0xef, 0xfb, 0x0, 0x1e,
    0xe2, 0x6, 0x0, 0xe, 0xfc, 0x30, 0x0, 0x20,
    0x0, 0x0, 0x0, 0x0, 0x0, 0x0, 0x0, 0x0,

    /* U+4E1D "丝" */
    0x0, 0x0, 0x30, 0x0, 0x0, 0x2, 0x0, 0x0,
    0x0, 0x2, 0xfc, 0x0, 0x0, 0x5f, 0x90, 0x0,
    0x0, 0x8, 0xf7, 0x0, 0x0, 0xcf, 0x30, 0x0,
    0x0, 0xe, 0xe0, 0x54, 0x3, 0xfb, 0x5, 0x20,
    0x0, 0x7f, 0x61, 0xff, 0x2c, 0xf2, 0x1f, 0xf1,
    0x2, 0xfc, 0x9, 0xf7, 0x7f, 0x80, 0xbf, 0x60,
    0xc, 0xff, 0xff, 0xd1, 0xff, 0xff, 0xfb, 0x0,
    0x7, 0xcb, 0xff, 0x30, 0xaa, 0xbf, 0xe1, 0x0,
    0x0, 0xa, 0xf5, 0x0, 0x1, 0xdf, 0x30, 0x0,
    0x0, 0x7f, 0x90, 0x0, 0xc, 0xf5, 0x11, 0x20,
    0x7, 0xff, 0xff, 0xfa, 0xdf, 0xff, 0xff, 0xd0,
    0x4, 0xfe, 0xcb, 0xa5, 0x9d, 0xcb, 0xa9, 0x60,
    0x0, 0x10, 0x0, 0x0, 0x0, 0x0, 0x0, 0x0,
    0x3f, 0xff, 0xff, 0xff, 0xff, 0xff, 0xff, 0xf3,
    0x2b, 0xbb, 0xbb, 0xbb, 0xbb, 0xbb, 0xbb, 0xb2,

    /* U+4E24 "两" */
    0xb, 0xbb, 0xbb, 0xbb, 0xbb, 0xbb, 0xbb, 0xb1,
    0xf, 0xff, 0xff, 0xff, 0xff, 0xff, 0xff, 0xf1,
    0x1, 0x11, 0x1f, 0xf1, 0x1f, 0xe1, 0x11, 0x10,
    0x0, 0x0, 0xf, 0xf0, 0xf, 0xe0, 0x0, 0x0,
    0x8, 0xff, 0xff, 0xff, 0xff, 0xff, 0xff, 0x80,
    0x8, 0xfd, 0xbf, 0xfb, 0xbf, 0xfb, 0xdf, 0x80,
    0x8, 0xf6, 0xf, 0xd0, 0x1f, 0xd0, 0x6f, 0x80,
    0x8, 0xf6, 0x2f, 0xf4, 0x3f, 0xf4, 0x6f, 0x80,
    0x8, 0xf6, 0x6f, 0xff, 0x8f, 0xff, 0xaf, 0x80,
    0x8, 0xf6, 0xdf, 0x7b, 0xdf, 0x5f, 0xff, 0x80,
    0x8, 0xfe, 0xfa, 0xa, 0xfa, 0x5, 0x9f, 0x80,
    0x8, 0xf9, 0xc1, 0x4, 0xc0, 0x0, 0x6f, 0x80,
    0x8, 0xf6, 0x0, 0x0, 0x0, 0xcd, 0xff, 0x60,
    0x8, 0xf6, 0x0, 0x0, 0x0, 0xaf, 0xea, 0x10,

    /* U+4E2A "个" */
    0x0, 0x0, 0x0, 0x5, 0xb3, 0x0, 0x0, 0x0,
    0x0, 0x0, 0x0, 0x2f, 0xf6, 0x0, 0x0, 0x0,
    0x0, 0x0, 0x2, 0xef, 0xff, 0x40, 0x0, 0x0,
    0x0, 0x0, 0x4f, 0xf9, 0x8f, 0xf6, 0x0, 0x0,
    0x0, 0x1a, 0xff, 0x80, 0x7, 0xff, 0xb2, 0x0,
    0x29, 0xff, 0xf7, 0xc, 0xc0, 0x5f, 0xff, 0x92,
    0x2f, 0xfb, 0x20, 0xf, 0xf0, 0x2, 0xbf, 0xf3,
    0x5, 0x50, 0x0, 0xf, 0xf0, 0x0, 0x5, 0x50,
    0x0, 0x0, 0x0, 0xf, 0xf0, 0x0, 0x0, 0x0,
    0x0, 0x0, 0x0, 0xf, 0xf0, 0x0, 0x0, 0x0,
    0x0, 0x0, 0x0, 0xf, 0xf0, 0x0, 0x0, 0x0,
    0x0, 0x0, 0x0, 0xf, 0xf0, 0x0, 0x0, 0x0,
    0x0, 0x0, 0x0, 0xf, 0xf0, 0x0, 0x0, 0x0,
    0x0, 0x0, 0x0, 0xf, 0xf0, 0x0, 0x0, 0x0,
    0x0, 0x0, 0x0, 0xf, 0xf0, 0x0, 0x0, 0x0,

    /* U+4E2D "中" */
    0x0, 0x0, 0x1, 0xfe, 0x0, 0x0, 0x0, 0x0,
    0x0, 0x1, 0xfe, 0x0, 0x0, 0x0, 0x0, 0x0,
    0x1, 0xfe, 0x0, 0x0, 0x0, 0xad, 0xdd, 0xdd,
    0xff, 0xdd, 0xdd, 0xd2, 0xcf, 0xff, 0xff, 0xff,
    0xff, 0xff, 0xf2, 0xcf, 0x20, 0x2, 0xfe, 0x0,
    0xd, 0xf2, 0xcf, 0x20, 0x1, 0xfe, 0x0, 0xd,
    0xf2, 0xcf, 0x20, 0x1, 0xfe, 0x0, 0xd, 0xf2,
    0xcf, 0xba, 0xab, 0xff, 0xaa, 0xaf, 0xf2, 0xcf,
    0xff, 0xff, 0xff, 0xff, 0xff, 0xf2, 0xcf, 0x42,
    0x24, 0xfe, 0x22, 0x2d, 0xf2, 0x23, 0x0, 0x1,
    0xfe, 0x0, 0x2, 0x20, 0x0, 0x0, 0x1, 0xfe,
    0x0, 0x0, 0x0, 0x0, 0x0, 0x1, 0xfe, 0x0,
    0x0, 0x0, 0x0, 0x0, 0x1, 0xfe, 0x0, 0x0,
    0x0,

    /* U+4E32 "串" */
    0x0, 0x0, 0x2, 0xfe, 0x0, 0x0, 0x0, 0x0,
    0x0, 0x2, 0xfe, 0x0, 0x0, 0x0, 0xb, 0xbb,
    0xbb, 0xff, 0xbb, 0xbb, 0xa0, 0xf, 0xff, 0xff,
    0xff, 0xff, 0xff, 0xe0, 0xf, 0xe0, 0x2, 0xfe,
    0x0, 0x2f, 0xe0, 0xf, 0xf9, 0x9a, 0xff, 0x99,
    0xbf, 0xe0, 0xf, 0xff, 0xff, 0xff, 0xff, 0xff,
    0xe0, 0x0, 0x0, 0x3, 0xfe, 0x0, 0x0, 0x0,
    0xbf, 0xff, 0xff, 0xff, 0xff, 0xff, 0xf9, 0xbf,
    0xca, 0xab, 0xff, 0xaa, 0xad, 0xf9, 0xbf, 0x40,
    0x2, 0xfe, 0x0, 0x7, 0xf9, 0xbf, 0xcb, 0xbc,
    0xff, 0xbb, 0xbd, 0xf9, 0xbf, 0xff, 0xff, 0xff,
    0xff, 0xff, 0xf9, 0x68, 0x20, 0x2, 0xfe, 0x0,
    0x4, 0x85, 0x0, 0x0, 0x2, 0xfe, 0x0, 0x0,
    0x0,

    /* U+4E3A "为" */
    0x0, 0x16, 0x0, 0xdf, 0x10, 0x0, 0x0, 0x0,
    0xb, 0xf7, 0xd, 0xf1, 0x0, 0x0, 0x0, 0x0,
    0x2f, 0xf1, 0xdf, 0x10, 0x0, 0x0, 0x0, 0x0,
    0x87, 0xe, 0xf1, 0x0, 0x0, 0x0, 0xe, 0xee,
    0xee, 0xff, 0xee, 0xee, 0xee, 0x50, 0xff, 0xff,
    0xff, 0xff, 0xff, 0xff, 0xf5, 0x0, 0x0, 0x4,
    0xfc, 0x0, 0x0, 0xbf, 0x40, 0x0, 0x0, 0x8f,
    0x82, 0x30, 0xc, 0xf4, 0x0, 0x0, 0xe, 0xf5,
    0xfe, 0x10, 0xcf, 0x30, 0x0, 0x7, 0xfc, 0x7,
    0xfa, 0xd, 0xf2, 0x0, 0x2, 0xff, 0x50, 0xd,
    0xa0, 0xff, 0x10, 0x1, 0xef, 0xa0, 0x0, 0x0,
    0x1f, 0xf0, 0x4, 0xef, 0xd0, 0x0, 0x0, 0x5,
    0xfd, 0x2, 0xff, 0xb1, 0x0, 0x1, 0xff, 0xff,
    0x80, 0x3, 0x80, 0x0, 0x0, 0xc, 0xfe, 0xa1,
    0x0, 0x0, 0x0, 0x0, 0x0, 0x0, 0x0, 0x0,

    /* U+4E3B "主" */
    0x0, 0x0, 0x0, 0x57, 0x0, 0x0, 0x0, 0x0,
    0x0, 0x0, 0x2, 0xef, 0xc1, 0x0, 0x0, 0x0,
    0x0, 0x0, 0x0, 0x2d, 0xfd, 0x0, 0x0, 0x0,
    0x5, 0xbb, 0xbb, 0xbc, 0xfe, 0xbb, 0xbb, 0x50,
    0x7, 0xff, 0xff, 0xff, 0xff, 0xff, 0xff, 0x60,
    0x0, 0x11, 0x11, 0x2f, 0xf2, 0x11, 0x11, 0x0,
    0x0, 0x0, 0x0, 0xf, 0xf0, 0x0, 0x0, 0x0,
    0x0, 0x0, 0x0, 0xf, 0xf0, 0x0, 0x0, 0x0,
    0x0, 0x8e, 0xee, 0xef, 0xfe, 0xee, 0xe9, 0x0,
    0x0, 0x9f, 0xff, 0xff, 0xff, 0xff, 0xfa, 0x0,
    0x0, 0x0, 0x0, 0xf, 0xf0, 0x0, 0x0, 0x0,
    0x0, 0x0, 0x0, 0xf, 0xf0, 0x0, 0x0, 0x0,
    0x0, 0x0, 0x0, 0xf, 0xf0, 0x0, 0x0, 0x0,
    0x1f, 0xff, 0xff, 0xff, 0xff, 0xff, 0xff, 0xf3,
    0x1e, 0xee, 0xee, 0xee, 0xee, 0xee, 0xee, 0xe2,

    /* U+4E45 "久" */
    0x0, 0x0, 0x5, 0x10, 0x0, 0x0, 0x0, 0x0,
    0x0, 0x0, 0x4f, 0xe0, 0x0, 0x0, 0x0, 0x0,
    0x0, 0x0, 0xaf, 0x90, 0x0, 0x0, 0x0, 0x0,
    0x0, 0x2, 0xff, 0xff, 0xff, 0xe3, 0x0, 0x0,
    0x0, 0xa, 0xfe, 0xdd, 0xef, 0xf1, 0x0, 0x0,
    0x0, 0x5f, 0xf2, 0x0, 0x6f, 0xb0, 0x0, 0x0,
    0x2, 0xff, 0x70, 0x0, 0xdf, 0x50, 0x0, 0x0,
    0x3e, 0xfc, 0x0, 0x5, 0xff, 0x0, 0x0, 0x0,
    0x1c, 0xd1, 0x0, 0x1e, 0xff, 0x40, 0x0, 0x0,
    0x0, 0x10, 0x0, 0xbf, 0xff, 0xc0, 0x0, 0x0,
    0x0, 0x0, 0x8, 0xff, 0x3c, 0xf8, 0x0, 0x0,
    0x0, 0x0, 0xaf, 0xf6, 0x2, 0xff, 0x60, 0x0,
    0x0, 0x3c, 0xff, 0x70, 0x0, 0x6f, 0xf8, 0x0,
    0x1a, 0xff, 0xf5, 0x0, 0x0, 0x8, 0xff, 0xd3,
    0xb, 0xfb, 0x20, 0x0, 0x0, 0x0, 0x5e, 0xe1,
    0x1, 0x40, 0x0, 0x0, 0x0, 0x0, 0x1, 0x20,

    /* U+4E48 "么" */
    0x0, 0x0, 0x0, 0x22, 0x0, 0x0, 0x0, 0x0,
    0x0, 0x0, 0x0, 0xdf, 0x60, 0x0, 0x0, 0x0,
    0x0, 0x0, 0x9, 0xfd, 0x0, 0x0, 0x0, 0x0,
    0x0, 0x0, 0x6f, 0xf3, 0x0, 0x62, 0x0, 0x0,
    0x0, 0x4, 0xff, 0x50, 0x4, 0xff, 0x30, 0x0,
    0x0, 0x5f, 0xf7, 0x0, 0x1e, 0xf9, 0x0, 0x0,
    0x7, 0xff, 0x80, 0x0, 0xcf, 0xc0, 0x0, 0x0,
    0xc, 0xf6, 0x0, 0xa, 0xfe, 0x10, 0x0, 0x0,
    0x0, 0x30, 0x0, 0x8f, 0xf3, 0x6, 0x0, 0x0,
    0x0, 0x0, 0x7, 0xff, 0x40, 0x9f, 0x90, 0x0,
    0x0, 0x0, 0x7f, 0xf3, 0x0, 0x1e, 0xf4, 0x0,
    0x0, 0x8, 0xff, 0x30, 0x0, 0x7, 0xfe, 0x0,
    0x2, 0xcf, 0xfd, 0xcd, 0xef, 0xff, 0xff, 0x70,
    0x1, 0xff, 0xff, 0xff, 0xfe, 0xdc, 0xbf, 0xf1,
    0x0, 0x66, 0x43, 0x21, 0x0, 0x0, 0xc, 0x91,
    0x0, 0x0, 0x0, 0x0, 0x0, 0x0, 0x0, 0x0,

    /* U+4E4B "之" */
    0x0, 0x0, 0x0, 0x2b, 0x50, 0x0, 0x0, 0x0,
    0x0, 0x0, 0x0, 0x5f, 0xf1, 0x0, 0x0, 0x0,
    0x0, 0x0, 0x0, 0xb, 0xf8, 0x0, 0x0, 0x0,
    0x6, 0xcc, 0xcc, 0xcd, 0xfd, 0xcc, 0xd8, 0x0,
    0x7, 0xff, 0xff, 0xff, 0xff, 0xff, 0xff, 0x20,
    0x0, 0x0, 0x0, 0x0, 0x0, 0x5f, 0xf5, 0x0,
    0x0, 0x0, 0x0, 0x0, 0x2, 0xef, 0x80, 0x0,
    0x0, 0x0, 0x0, 0x0, 0x2e, 0xfa, 0x0, 0x0,
    0x0, 0x0, 0x0, 0x3, 0xef, 0xa0, 0x0, 0x0,
    0x0, 0x0, 0x0, 0x5f, 0xf9, 0x0, 0x0, 0x0,
    0x0, 0x0, 0x9, 0xff, 0x80, 0x0, 0x0, 0x0,
    0x0, 0x18, 0xef, 0xe4, 0x0, 0x0, 0x0, 0x0,
    0x4, 0xef, 0xff, 0x60, 0x0, 0x0, 0x0, 0x0,
    0x1f, 0xf6, 0x7f, 0xfe, 0xdc, 0xcc, 0xdf, 0xf4,
    0x8, 0x90, 0x2, 0x8d, 0xff, 0xff, 0xff, 0xe0,
    0x0, 0x0, 0x0, 0x0, 0x0, 0x10, 0x0, 0x0,

    /* U+4E4C "乌" */
    0x0, 0x0, 0x0, 0x48, 0x40, 0x0, 0x0, 0x0,
    0x0, 0x0, 0x0, 0xbf, 0x30, 0x0, 0x0, 0x0,
    0x0, 0x1f, 0xff, 0xff, 0xff, 0xff, 0xfa, 0x0,
    0x0, 0x1f, 0xeb, 0xbb, 0xbb, 0xbd, 0xf9, 0x0,
    0x0, 0x1f, 0xb0, 0x0, 0x0, 0x8, 0xf6, 0x0,
    0x0, 0x1f, 0xb0, 0x0, 0x1b, 0xbf, 0xf2, 0x0,
    0x0, 0x1f, 0xb0, 0x0, 0xb, 0xcb, 0x60, 0x0,
    0x0, 0x1f, 0xe8, 0x88, 0x88, 0x88, 0x88, 0x80,
    0x0, 0x1f, 0xff, 0xff, 0xff, 0xff, 0xff, 0xf0,
    0x0, 0x1, 0x11, 0x11, 0x11, 0x11, 0x1e, 0xf0,
    0x19, 0x99, 0x99, 0x99, 0x99, 0x98, 0xe, 0xe0,
    0x1f, 0xff, 0xff, 0xff, 0xff, 0xfe, 0xf, 0xd0,
    0x1, 0x11, 0x11, 0x11, 0x11, 0x11, 0x2f, 0xb0,
    0x0, 0x0, 0x0, 0x0, 0x1, 0xcb, 0xef, 0x80,
    0x0, 0x0, 0x0, 0x0, 0x0, 0xcf, 0xfb, 0x10,
    0x0, 0x0, 0x0, 0x0, 0x0, 0x0, 0x0, 0x0,

    /* U+4E5F "也" */
    0x0, 0x0, 0x0, 0xb, 0xf2, 0x0, 0x0, 0x0,
    0x0, 0x6, 0x80, 0xb, 0xf2, 0x0, 0x0, 0x0,
    0x0, 0xd, 0xf0, 0xb, 0xf2, 0x0, 0x32, 0x0,
    0x0, 0xd, 0xf0, 0xb, 0xf5, 0x8c, 0xff, 0x10,
    0x0, 0xd, 0xf0, 0x3d, 0xff, 0xff, 0xff, 0x10,
    0x0, 0xd, 0xfe, 0xff, 0xfb, 0x51, 0xcf, 0x10,
    0x39, 0xef, 0xff, 0xad, 0xf2, 0x0, 0xdf, 0x0,
    0x5f, 0xff, 0xf1, 0xb, 0xf2, 0x0, 0xef, 0x0,
    0x14, 0xd, 0xf0, 0xb, 0xf2, 0x1, 0xfd, 0x0,
    0x0, 0xd, 0xf0, 0xb, 0xf4, 0xce, 0xf8, 0x0,
    0x0, 0xd, 0xf0, 0xb, 0xf2, 0xdd, 0xa1, 0x0,
    0x0, 0xd, 0xf0, 0x3, 0x40, 0x0, 0x8, 0xf3,
    0x0, 0xc, 0xf1, 0x0, 0x0, 0x0, 0xc, 0xf1,
    0x0, 0x9, 0xfe, 0xbb, 0xbb, 0xbb, 0xdf, 0xc0,
    0x0, 0x1, 0xae, 0xff, 0xff, 0xff, 0xeb, 0x20,

    /* U+4E66 "书" */
    0x0, 0x0, 0x0, 0xdf, 0x20, 0x2, 0x60, 0x0,
    0x0, 0x0, 0x0, 0xdf, 0x20, 0xc, 0xfb, 0x0,
    0x0, 0x0, 0x0, 0xdf, 0x20, 0x3, 0xef, 0xd1,
    0x2, 0xdd, 0xdd, 0xff, 0xed, 0xdd, 0xec, 0xd0,
    0x2, 0xff, 0xff, 0xff, 0xff, 0xff, 0xf0, 0x10,
    0x0, 0x0, 0x0, 0xdf, 0x20, 0xe, 0xf0, 0x0,
    0x0, 0x0, 0x0, 0xdf, 0x20, 0xe, 0xf0, 0x0,
    0xb, 0xbb, 0xbb, 0xff, 0xcb, 0xbf, 0xfb, 0xb3,
    0xf, 0xff, 0xff, 0xff, 0xff, 0xff, 0xff, 0xf3,
    0x0, 0x0, 0x0, 0xdf, 0x20, 0x0, 0xd, 0xf2,
    0x0, 0x0, 0x0, 0xdf, 0x20, 0x0, 0xe, 0xf0,
    0x0, 0x0, 0x0, 0xdf, 0x20, 0x0, 0x2f, 0xd0,
    0x0, 0x0, 0x0, 0xdf, 0x24, 0xcb, 0xef, 0x90,
    0x0, 0x0, 0x0, 0xdf, 0x20, 0xff, 0xfc, 0x10,
    0x0, 0x0, 0x0, 0xdf, 0x20, 0x0, 0x0, 0x0,

    /* U+4E71 "乱" */
    0x0, 0x0, 0x0, 0x1, 0x0, 0x0, 0x0, 0x0,
    0x0, 0x3, 0x6a, 0xee, 0x18, 0xf5, 0x0, 0x0,
    0x2e, 0xff, 0xff, 0xfd, 0x68, 0xf5, 0x0, 0x0,
    0xe, 0xec, 0xfd, 0x20, 0x8, 0xf5, 0x0, 0x0,
    0x0, 0x1, 0xfb, 0x0, 0x8, 0xf5, 0x0, 0x0,
    0x0, 0x2, 0xfc, 0x0, 0x8, 0xf5, 0x0, 0x0,
    0x7f, 0xff, 0xff, 0xff, 0xf8, 0xf5, 0x0, 0x0,
    0x5a, 0xab, 0xfe, 0xaa, 0xa8, 0xf5, 0x0, 0x0,
    0x0, 0x1, 0xfb, 0x0, 0x8, 0xf5, 0x0, 0x0,
    0x1, 0x13, 0xfc, 0x11, 0x8, 0xf5, 0x0, 0x0,
    0xc, 0xff, 0xff, 0xff, 0x88, 0xf5, 0x0, 0x0,
    0xc, 0xf9, 0x88, 0xbf, 0x88, 0xf5, 0x0, 0x0,
    0xc, 0xf0, 0x0, 0x5f, 0x88, 0xf5, 0x3, 0xe4,
    0xc, 0xf0, 0x0, 0x5f, 0x88, 0xf6, 0x5, 0xf6,
    0xc, 0xff, 0xff, 0xff, 0x86, 0xfc, 0x9c, 0xf3,
    0xc, 0xfa, 0xaa, 0xbd, 0x61, 0xef, 0xff, 0xc0,
    0x0, 0x0, 0x0, 0x0, 0x0, 0x2, 0x32, 0x0,

    /* U+4E86 "了" */
    0x5a, 0xaa, 0xaa, 0xaa, 0xaa, 0xaa, 0x60, 0x7f,
    0xff, 0xff, 0xff, 0xff, 0xff, 0xf4, 0x13, 0x33,
    0x33, 0x33, 0x3c, 0xff, 0x50, 0x0, 0x0, 0x0,
    0x1, 0xcf, 0xe4, 0x0, 0x0, 0x0, 0x0, 0x7f,
    0xfb, 0x10, 0x0, 0x0, 0x0, 0x0, 0xef, 0x70,
    0x0, 0x0, 0x0, 0x0, 0x0, 0xef, 0x10, 0x0,
    0x0, 0x0, 0x0, 0x0, 0xef, 0x10, 0x0, 0x0,
    0x0, 0x0, 0x0, 0xef, 0x10, 0x0, 0x0, 0x0,
    0x0, 0x0, 0xef, 0x10, 0x0, 0x0, 0x0, 0x0,
    0x0, 0xef, 0x10, 0x0, 0x0, 0x0, 0x0, 0x0,
    0xef, 0x10, 0x0, 0x0, 0x0, 0xd, 0xee, 0xff,
    0x0, 0x0, 0x0, 0x0, 0xa, 0xff, 0xc5, 0x0,
    0x0, 0x0, 0x0, 0x0, 0x0, 0x0, 0x0, 0x0,
    0x0,

    /* U+4E8B "事" */
    0x0, 0x0, 0x0, 0xf, 0xf0, 0x0, 0x0, 0x0,
    0xa, 0xcc, 0xcc, 0xcf, 0xfc, 0xcc, 0xcc, 0xc2,
    0xd, 0xff, 0xff, 0xff, 0xff, 0xff, 0xff, 0xf3,
    0x0, 0x13, 0x33, 0x3f, 0xf4, 0x33, 0x32, 0x0,
    0x0, 0x5f, 0xff, 0xff, 0xff, 0xff, 0xfa, 0x0,
    0x0, 0x5f, 0xa4, 0x4f, 0xf4, 0x48, 0xfa, 0x0,
    0x0, 0x5f, 0xff, 0xff, 0xff, 0xff, 0xf9, 0x0,
    0x0, 0x45, 0x55, 0x5f, 0xf5, 0x55, 0x54, 0x0,
    0x0, 0xbf, 0xff, 0xff, 0xff, 0xff, 0xfe, 0x0,
    0x6, 0x66, 0x66, 0x6f, 0xf6, 0x66, 0xff, 0x63,
    0x2f, 0xff, 0xff, 0xff, 0xff, 0xff, 0xff, 0xf9,
    0x0, 0x44, 0x44, 0x4f, 0xf4, 0x45, 0xfe, 0x0,
    0x0, 0xef, 0xff, 0xff, 0xff, 0xff, 0xfe, 0x0,
    0x0, 0x11, 0x38, 0x9f, 0xf1, 0x11, 0xed, 0x0,
    0x0, 0x0, 0xe, 0xfe, 0x80, 0x0, 0x0, 0x0,
    0x0, 0x0, 0x0, 0x0, 0x0, 0x0, 0x0, 0x0,

    /* U+4E8C "二" */
    0x0, 0x12, 0x22, 0x22, 0x22, 0x22, 0x21, 0x0,
    0x0, 0xcf, 0xff, 0xff, 0xff, 0xff, 0xfc, 0x0,
    0x0, 0xbf, 0xff, 0xff, 0xff, 0xff, 0xfb, 0x0,
    0x0, 0x0, 0x0, 0x0, 0x0, 0x0, 0x0, 0x0,
    0x0, 0x0, 0x0, 0x0, 0x0, 0x0, 0x0, 0x0,
    0x0, 0x0, 0x0, 0x0, 0x0, 0x0, 0x0, 0x0,
    0x0, 0x0, 0x0, 0x0, 0x0, 0x0, 0x0, 0x0,
    0x0, 0x0, 0x0, 0x0, 0x0, 0x0, 0x0, 0x0,
    0x0, 0x0, 0x0, 0x0, 0x0, 0x0, 0x0, 0x0,
    0x1, 0x11, 0x11, 0x11, 0x11, 0x11, 0x11, 0x10,
    0x1f, 0xff, 0xff, 0xff, 0xff, 0xff, 0xff, 0xf1,
    0x1f, 0xff, 0xff, 0xff, 0xff, 0xff, 0xff, 0xf1,
    0x0, 0x0, 0x0, 0x0, 0x0, 0x0, 0x0, 0x0,

    /* U+4E8E "于" */
    0x0, 0xbb, 0xbb, 0xbb, 0xbb, 0xbb, 0xbb, 0x0,
    0x1, 0xff, 0xff, 0xff, 0xff, 0xff, 0xff, 0x10,
    0x0, 0x22, 0x22, 0x2d, 0xf4, 0x22, 0x22, 0x0,
    0x0, 0x0, 0x0, 0xd, 0xf2, 0x0, 0x0, 0x0,
    0x0, 0x0, 0x0, 0xd, 0xf2, 0x0, 0x0, 0x0,
    0x2, 0x22, 0x22, 0x2d, 0xf4, 0x22, 0x22, 0x20,
    0x2f, 0xff, 0xff, 0xff, 0xff, 0xff, 0xff, 0xf2,
    0x2b, 0xbb, 0xbb, 0xbf, 0xfc, 0xbb, 0xbb, 0xb2,
    0x0, 0x0, 0x0, 0xd, 0xf2, 0x0, 0x0, 0x0,
    0x0, 0x0, 0x0, 0xd, 0xf2, 0x0, 0x0, 0x0,
    0x0, 0x0, 0x0, 0xd, 0xf2, 0x0, 0x0, 0x0,
    0x0, 0x0, 0x0, 0xd, 0xf2, 0x0, 0x0, 0x0,
    0x0, 0x0, 0xef, 0xff, 0xf0, 0x0, 0x0, 0x0,
    0x0, 0x0, 0x9f, 0xfc, 0x60, 0x0, 0x0, 0x0,
    0x0, 0x0, 0x0, 0x0, 0x0, 0x0, 0x0, 0x0,

    /* U+4E91 "云" */
    0x0, 0x4b, 0xbb, 0xbb, 0xbb, 0xbb, 0xb6, 0x0,
    0x0, 0x6f, 0xff, 0xff, 0xff, 0xff, 0xf8, 0x0,
    0x0, 0x13, 0x33, 0x33, 0x33, 0x33, 0x32, 0x0,
    0x0, 0x0, 0x0, 0x0, 0x0, 0x0, 0x0, 0x0,
    0x0, 0x0, 0x0, 0x0, 0x0, 0x0, 0x0, 0x0,
    0x3f, 0xff, 0xff, 0xff, 0xff, 0xff, 0xff, 0xf3,
    0x3e, 0xee, 0xef, 0xff, 0xee, 0xee, 0xee, 0xe3,
    0x0, 0x0, 0x3f, 0xf7, 0x0, 0x0, 0x0, 0x0,
    0x0, 0x0, 0xcf, 0xd0, 0x2, 0xbc, 0x0, 0x0,
    0x0, 0x6, 0xff, 0x30, 0x0, 0xef, 0x70, 0x0,
    0x0, 0x3f, 0xf6, 0x0, 0x0, 0x4f, 0xf3, 0x0,
    0x3, 0xef, 0xfa, 0xbc, 0xde, 0xff, 0xfd, 0x0,
    0x4, 0xff, 0xff, 0xff, 0xff, 0xfe, 0xff, 0x70,
    0x0, 0xb8, 0x75, 0x43, 0x10, 0x0, 0x6f, 0xa0,
    0x0, 0x0, 0x0, 0x0, 0x0, 0x0, 0x4, 0x0,

    /* U+4E94 "五" */
    0x0, 0x0, 0x0, 0x0, 0x0, 0x0, 0x0, 0x0,
    0x2, 0xff, 0xff, 0xff, 0xff, 0xff, 0xff, 0x20,
    0x2, 0xdd, 0xdd, 0xff, 0xed, 0xdd, 0xdd, 0x10,
    0x0, 0x0, 0x0, 0xff, 0x10, 0x0, 0x0, 0x0,
    0x0, 0x0, 0x2, 0xff, 0x0, 0x0, 0x0, 0x0,
    0x0, 0x3b, 0xbc, 0xff, 0xbb, 0xbb, 0x60, 0x0,
    0x0, 0x4f, 0xff, 0xff, 0xff, 0xff, 0x80, 0x0,
    0x0, 0x2, 0x2b, 0xf8, 0x22, 0xaf, 0x70, 0x0,
    0x0, 0x0, 0xc, 0xf4, 0x0, 0xaf, 0x60, 0x0,
    0x0, 0x0, 0xf, 0xf2, 0x0, 0xbf, 0x50, 0x0,
    0x0, 0x0, 0x2f, 0xf0, 0x0, 0xdf, 0x30, 0x0,
    0x0, 0x0, 0x5f, 0xc0, 0x0, 0xef, 0x20, 0x0,
    0x1f, 0xff, 0xff, 0xff, 0xff, 0xff, 0xff, 0xf2,
    0x1d, 0xdd, 0xdd, 0xdd, 0xdd, 0xdd, 0xdd, 0xd2,

    /* U+4E9B "些" */
    0x0, 0x0, 0xef, 0x0, 0x5f, 0x80, 0x0, 0x0,
    0x0, 0x0, 0xef, 0x0, 0x5f, 0x80, 0x0, 0x0,
    0x7, 0xc2, 0xef, 0x0, 0x5f, 0x81, 0x7b, 0x0,
    0x8, 0xf3, 0xef, 0xff, 0x5f, 0xef, 0xff, 0x70,
    0x8, 0xf3, 0xef, 0xaa, 0x5f, 0xfb, 0x61, 0x0,
    0x8, 0xf3, 0xef, 0x0, 0x5f, 0x80, 0x4, 0x60,
    0x8, 0xf3, 0xef, 0x13, 0x6f, 0x90, 0x9, 0xf3,
    0x3d, 0xfd, 0xff, 0xff, 0x5f, 0xff, 0xff, 0xf0,
    0x5f, 0xff, 0xec, 0xa8, 0x17, 0xcc, 0xcc, 0x50,
    0x15, 0x31, 0x0, 0x0, 0x0, 0x0, 0x0, 0x0,
    0x0, 0x5f, 0xff, 0xff, 0xff, 0xff, 0xf7, 0x0,
    0x0, 0x4c, 0xcc, 0xcc, 0xcc, 0xcc, 0xc6, 0x0,
    0x0, 0x0, 0x0, 0x0, 0x0, 0x0, 0x0, 0x0,
    0x3e, 0xee, 0xee, 0xee, 0xee, 0xee, 0xee, 0xe3,
    0x3f, 0xff, 0xff, 0xff, 0xff, 0xff, 0xff, 0xf3,

    /* U+4EAD "亭" */
    0x0, 0x0, 0x0, 0x2a, 0x80, 0x0, 0x0, 0x0,
    0x8, 0x88, 0x88, 0x9f, 0xf8, 0x88, 0x88, 0x81,
    0x1f, 0xff, 0xff, 0xff, 0xff, 0xff, 0xff, 0xf2,
    0x0, 0x5, 0x55, 0x55, 0x55, 0x55, 0x50, 0x0,
    0x0, 0xf, 0xff, 0xff, 0xff, 0xff, 0xf0, 0x0,
    0x0, 0xf, 0xf1, 0x11, 0x11, 0x1f, 0xf0, 0x0,
    0x0, 0xf, 0xff, 0xff, 0xff, 0xff, 0xf0, 0x0,
    0x1, 0x14, 0x44, 0x44, 0x44, 0x44, 0x41, 0x10,
    0x1f, 0xff, 0xff, 0xff, 0xff, 0xff, 0xff, 0xf0,
    0x1f, 0xb4, 0x44, 0x44, 0x44, 0x44, 0x4c, 0xf0,
    0x1f, 0x9a, 0xff, 0xff, 0xff, 0xff, 0xab, 0xf0,
    0x2, 0x16, 0x99, 0x9e, 0xfa, 0x99, 0x61, 0x20,
    0x0, 0x0, 0x0, 0xd, 0xf3, 0x0, 0x0, 0x0,
    0x0, 0x0, 0x4b, 0xbf, 0xf2, 0x0, 0x0, 0x0,
    0x0, 0x0, 0x1f, 0xfe, 0x90, 0x0, 0x0, 0x0,

    /* U+4EAE "亮" */
    0x0, 0x0, 0x0, 0x2b, 0xa0, 0x0, 0x0, 0x0,
    0x17, 0x77, 0x77, 0x8f, 0xf8, 0x77, 0x77, 0x71,
    0x3f, 0xff, 0xff, 0xff, 0xff, 0xff, 0xff, 0xf2,
    0x0, 0x4, 0x44, 0x44, 0x44, 0x44, 0x40, 0x0,
    0x0, 0xe, 0xff, 0xff, 0xff, 0xff, 0xf0, 0x0,
    0x0, 0xe, 0xf1, 0x11, 0x11, 0x1f, 0xf0, 0x0,
    0x0, 0xe, 0xff, 0xff, 0xff, 0xff, 0xf0, 0x0,
    0x0, 0x5, 0x55, 0x55, 0x55, 0x55, 0x51, 0x0,
    0xf, 0xff, 0xff, 0xff, 0xff, 0xff, 0xff, 0xf0,
    0xf, 0xd5, 0x55, 0x55, 0x55, 0x55, 0x5e, 0xf0,
    0xf, 0xc0, 0x8f, 0xff, 0xff, 0xf7, 0xd, 0xf0,
    0x0, 0x0, 0xbf, 0xb9, 0x9d, 0xf7, 0x1, 0x0,
    0x0, 0x6, 0xff, 0x0, 0x8, 0xf8, 0x7, 0xc1,
    0x8, 0xcf, 0xf6, 0x0, 0x7, 0xfd, 0xae, 0xf1,
    0xa, 0xfc, 0x40, 0x0, 0x2, 0xdf, 0xff, 0x80,
    0x1, 0x10, 0x0, 0x0, 0x0, 0x0, 0x0, 0x0,

    /* U+4EBA "人" */
    0x0, 0x0, 0x0, 0x3f, 0xf0, 0x0, 0x0, 0x0,
    0x0, 0x0, 0x0, 0x3f, 0xe0, 0x0, 0x0, 0x0,
    0x0, 0x0, 0x0, 0x4f, 0xe0, 0x0, 0x0, 0x0,
    0x0, 0x0, 0x0, 0x6f, 0xf0, 0x0, 0x0, 0x0,
    0x0, 0x0, 0x0, 0x9f, 0xf3, 0x0, 0x0, 0x0,
    0x0, 0x0, 0x0, 0xcf, 0xf8, 0x0, 0x0, 0x0,
    0x0, 0x0, 0x0, 0xff, 0xfd, 0x0, 0x0, 0x0,
    0x0, 0x0, 0x5, 0xfe, 0xdf, 0x30, 0x0, 0x0,
    0x0, 0x0, 0xc, 0xf8, 0x7f, 0xb0, 0x0, 0x0,
    0x0, 0x0, 0x5f, 0xf1, 0x1e, 0xf4, 0x0, 0x0,
    0x0, 0x2, 0xef, 0x80, 0x6, 0xff, 0x20, 0x0,
    0x0, 0x1d, 0xfd, 0x0, 0x0, 0xbf, 0xe3, 0x0,
    0x4, 0xef, 0xe1, 0x0, 0x0, 0xc, 0xff, 0x80,
    0x2f, 0xfd, 0x20, 0x0, 0x0, 0x1, 0xaf, 0xf4,
    0x3, 0x90, 0x0, 0x0, 0x0, 0x0, 0x4, 0x60,

    /* U+4EC0 "什" */
    0x0, 0x0, 0x0, 0x0, 0x0, 0x0, 0x0, 0x0,
    0x0, 0x0, 0xdc, 0x0, 0x2, 0xfd, 0x0, 0x0,
    0x0, 0x5, 0xfc, 0x0, 0x2, 0xfd, 0x0, 0x0,
    0x0, 0xb, 0xf6, 0x0, 0x2, 0xfd, 0x0, 0x0,
    0x0, 0x2f, 0xe0, 0x0, 0x2, 0xfd, 0x0, 0x0,
    0x0, 0xbf, 0xc0, 0x0, 0x2, 0xfd, 0x0, 0x0,
    0x5, 0xff, 0xb0, 0x0, 0x2, 0xfd, 0x0, 0x0,
    0x2f, 0xff, 0xb6, 0xff, 0xff, 0xff, 0xff, 0xfc,
    0xe, 0xcf, 0xb5, 0xcc, 0xcd, 0xff, 0xcc, 0xca,
    0x4, 0x2f, 0xb0, 0x0, 0x2, 0xfd, 0x0, 0x0,
    0x0, 0x1f, 0xb0, 0x0, 0x2, 0xfd, 0x0, 0x0,
    0x0, 0x1f, 0xb0, 0x0, 0x2, 0xfd, 0x0, 0x0,
    0x0, 0x1f, 0xb0, 0x0, 0x2, 0xfd, 0x0, 0x0,
    0x0, 0x1f, 0xb0, 0x0, 0x2, 0xfd, 0x0, 0x0,
    0x0, 0x1f, 0xb0, 0x0, 0x2, 0xfd, 0x0, 0x0,
    0x0, 0x1f, 0xb0, 0x0, 0x2, 0xfd, 0x0, 0x0,
    0x0, 0x0, 0x0, 0x0, 0x0, 0x0, 0x0, 0x0,

    /* U+4ECA "今" */
    0x0, 0x0, 0x0, 0x7, 0x60, 0x0, 0x0, 0x0,
    0x0, 0x0, 0x0, 0x5f, 0xf7, 0x0, 0x0, 0x0,
    0x0, 0x0, 0x5, 0xff, 0xff, 0x50, 0x0, 0x0,
    0x0, 0x0, 0x7f, 0xf8, 0x5f, 0xf8, 0x0, 0x0,
    0x0, 0x2c, 0xff, 0x72, 0x4, 0xff, 0xd5, 0x0,
    0x19, 0xff, 0xf5, 0x8f, 0x80, 0x2d, 0xff, 0xc2,
    0x2e, 0xfb, 0x20, 0x2d, 0xfb, 0x0, 0x8f, 0xd0,
    0x4, 0x50, 0x0, 0x1, 0xce, 0x20, 0x2, 0x20,
    0x0, 0x6e, 0xee, 0xee, 0xef, 0xee, 0xe8, 0x0,
    0x0, 0x7f, 0xff, 0xff, 0xff, 0xff, 0xf8, 0x0,
    0x0, 0x0, 0x0, 0x0, 0x0, 0xbf, 0xc0, 0x0,
    0x0, 0x0, 0x0, 0x0, 0x8, 0xff, 0x20, 0x0,
    0x0, 0x0, 0x0, 0x0, 0x5f, 0xf5, 0x0, 0x0,
    0x0, 0x0, 0x0, 0x2, 0xff, 0x80, 0x0, 0x0,
    0x0, 0x0, 0x0, 0x9, 0xfb, 0x0, 0x0, 0x0,
    0x0, 0x0, 0x0, 0x0, 0x21, 0x0, 0x0, 0x0,

    /* U+4ECE "从" */
    0x0, 0x0, 0x0, 0x0, 0x0, 0x0, 0x0, 0x0,
    0x0, 0x4, 0xfd, 0x0, 0x1, 0xff, 0x0, 0x0,
    0x0, 0x4, 0xfc, 0x0, 0x2, 0xfe, 0x0, 0x0,
    0x0, 0x5, 0xfb, 0x0, 0x3, 0xfd, 0x0, 0x0,
    0x0, 0x6, 0xf9, 0x0, 0x5, 0xfb, 0x0, 0x0,
    0x0, 0x8, 0xf8, 0x0, 0x6, 0xfa, 0x0, 0x0,
    0x0, 0xa, 0xfb, 0x0, 0x9, 0xfa, 0x0, 0x0,
    0x0, 0xd, 0xff, 0x80, 0xc, 0xfe, 0x0, 0x0,
    0x0, 0xf, 0xff, 0xf4, 0xf, 0xff, 0x30, 0x0,
    0x0, 0x3f, 0xe5, 0xfe, 0x5f, 0xff, 0xa0, 0x0,
    0x0, 0x8f, 0xa0, 0xaf, 0xdf, 0xae, 0xf1, 0x0,
    0x0, 0xdf, 0x50, 0x24, 0xff, 0x47, 0xfa, 0x0,
    0x6, 0xff, 0x10, 0xa, 0xfd, 0x1, 0xff, 0x60,
    0x1f, 0xf8, 0x0, 0x7f, 0xf5, 0x0, 0x6f, 0xf4,
    0x3e, 0xe0, 0x0, 0x9f, 0xa0, 0x0, 0x9, 0xc0,
    0x1, 0x30, 0x0, 0x4, 0x0, 0x0, 0x0, 0x10,

    /* U+4EE5 "以" */
    0x0, 0x0, 0x0, 0x0, 0x0, 0x0, 0x0, 0x0,
    0x0, 0x9a, 0x10, 0x0, 0x0, 0x3, 0xfc, 0x0,
    0x0, 0xef, 0x21, 0xba, 0x0, 0x4, 0xfc, 0x0,
    0x0, 0xef, 0x21, 0xef, 0x60, 0x5, 0xfa, 0x0,
    0x0, 0xef, 0x20, 0x4f, 0xf1, 0x7, 0xf8, 0x0,
    0x0, 0xef, 0x20, 0xa, 0xf6, 0x9, 0xf6, 0x0,
    0x0, 0xef, 0x20, 0x2, 0x30, 0xd, 0xf4, 0x0,
    0x0, 0xef, 0x20, 0x0, 0x0, 0x2f, 0xf0, 0x0,
    0x0, 0xef, 0x20, 0x1, 0x0, 0x6f, 0xc0, 0x0,
    0x0, 0xef, 0x35, 0xd8, 0x0, 0xdf, 0x60, 0x0,
    0x0, 0xef, 0xef, 0xf9, 0x6, 0xff, 0xa0, 0x0,
    0x4, 0xff, 0xfc, 0x40, 0x4f, 0xff, 0xf9, 0x0,
    0xd, 0xfd, 0x50, 0x7, 0xff, 0x92, 0xff, 0x80,
    0x4, 0x70, 0x3, 0xdf, 0xfa, 0x0, 0x4f, 0xf4,
    0x0, 0x0, 0x0, 0xae, 0x50, 0x0, 0x8, 0xb1,
    0x0, 0x0, 0x0, 0x0, 0x0, 0x0, 0x0, 0x0,

    /* U+4EEC "们" */
    0x0, 0x5, 0x10, 0x23, 0x0, 0x0, 0x0, 0x0,
    0x1, 0xfd, 0xe, 0xe1, 0xdf, 0xff, 0xfe, 0x0,
    0x7f, 0x60, 0x4f, 0xb9, 0xbb, 0xbf, 0xe0, 0xd,
    0xf1, 0x66, 0xa9, 0x0, 0x0, 0xfe, 0x7, 0xfc,
    0xe, 0xe0, 0x0, 0x0, 0xf, 0xe1, 0xff, 0xc0,
    0xee, 0x0, 0x0, 0x0, 0xfe, 0x6f, 0xfc, 0xe,
    0xe0, 0x0, 0x0, 0xf, 0xe0, 0xdf, 0xc0, 0xee,
    0x0, 0x0, 0x0, 0xfe, 0x1, 0xfc, 0xe, 0xe0,
    0x0, 0x0, 0xf, 0xe0, 0xf, 0xc0, 0xee, 0x0,
    0x0, 0x0, 0xfe, 0x0, 0xfc, 0xe, 0xe0, 0x0,
    0x0, 0xf, 0xe0, 0xf, 0xc0, 0xee, 0x0, 0x0,
    0x0, 0xfe, 0x0, 0xfc, 0xe, 0xe0, 0x0, 0x0,
    0xf, 0xe0, 0xf, 0xc0, 0xee, 0x0, 0x0, 0xbc,
    0xfd, 0x0, 0xfc, 0xe, 0xe0, 0x0, 0xb, 0xfd,
    0x50, 0x0, 0x0, 0x0, 0x0, 0x0, 0x0, 0x0,

    /* U+4EF0 "仰" */
    0x0, 0x6, 0x40, 0x0, 0x20, 0x0, 0x0, 0x0,
    0x0, 0xfe, 0x5, 0xbf, 0xa0, 0x0, 0x0, 0x0,
    0x6f, 0x9a, 0xfe, 0xa6, 0xa9, 0x99, 0x90, 0xc,
    0xf2, 0xbf, 0x0, 0x2f, 0xff, 0xfe, 0x5, 0xff,
    0xb, 0xf0, 0x2, 0xfb, 0xe, 0xe0, 0xef, 0xf0,
    0xbf, 0x0, 0x2f, 0xb0, 0xde, 0x8f, 0xff, 0xb,
    0xf0, 0x2, 0xfb, 0xd, 0xe4, 0xee, 0xf0, 0xbf,
    0x0, 0x2f, 0xb0, 0xde, 0x3, 0xdf, 0xb, 0xf0,
    0x2, 0xfb, 0xd, 0xe0, 0xd, 0xf0, 0xbf, 0x0,
    0x2f, 0xb0, 0xde, 0x0, 0xdf, 0xc, 0xf9, 0xe5,
    0xfb, 0xe, 0xe0, 0xd, 0xf2, 0xff, 0xfc, 0x5f,
    0xbd, 0xfd, 0x0, 0xdf, 0xd, 0x82, 0x2, 0xfb,
    0xbd, 0x50, 0xd, 0xf0, 0x0, 0x0, 0x2f, 0xb0,
    0x0, 0x0, 0xdf, 0x0, 0x0, 0x2, 0xfb, 0x0,
    0x0, 0x0, 0x0, 0x0, 0x0, 0x0, 0x0, 0x0,

    /* U+4EF6 "件" */
    0x0, 0x0, 0x0, 0x0, 0x0, 0x0, 0x0, 0x0,
    0x0, 0x6, 0xd5, 0x10, 0xa, 0xf3, 0x0, 0x0,
    0x0, 0xd, 0xf3, 0x8f, 0x5a, 0xf3, 0x0, 0x0,
    0x0, 0x4f, 0xd0, 0xcf, 0x2a, 0xf3, 0x0, 0x0,
    0x0, 0xbf, 0x60, 0xff, 0xae, 0xfc, 0xaa, 0x60,
    0x5, 0xff, 0x15, 0xff, 0xff, 0xff, 0xff, 0x90,
    0x1e, 0xff, 0x1c, 0xf5, 0x2b, 0xf6, 0x22, 0x10,
    0x8f, 0xff, 0x2d, 0xc0, 0xa, 0xf3, 0x0, 0x0,
    0x2e, 0xdf, 0x10, 0x20, 0xa, 0xf3, 0x0, 0x0,
    0x2, 0xbf, 0x1d, 0xdd, 0xdf, 0xfe, 0xdd, 0xd4,
    0x0, 0xbf, 0x1f, 0xff, 0xff, 0xff, 0xff, 0xf5,
    0x0, 0xbf, 0x10, 0x0, 0xa, 0xf4, 0x0, 0x0,
    0x0, 0xbf, 0x10, 0x0, 0xa, 0xf3, 0x0, 0x0,
    0x0, 0xbf, 0x10, 0x0, 0xa, 0xf3, 0x0, 0x0,
    0x0, 0xbf, 0x10, 0x0, 0xa, 0xf3, 0x0, 0x0,
    0x0, 0xbf, 0x10, 0x0, 0xa, 0xf3, 0x0, 0x0,
    0x0, 0x0, 0x0, 0x0, 0x0, 0x0, 0x0, 0x0,

    /* U+4F0F "伏" */
    0x0, 0x5, 0xc5, 0x0, 0x2f, 0xc0, 0x52, 0x0,
    0x0, 0xc, 0xf4, 0x0, 0x2f, 0xc3, 0xfc, 0x0,
    0x0, 0x4f, 0xe0, 0x0, 0x2f, 0xc0, 0xbf, 0x50,
    0x0, 0xbf, 0x70, 0x0, 0x2f, 0xc0, 0x3f, 0x80,
    0x4, 0xff, 0x20, 0x0, 0x2f, 0xc0, 0x3, 0x0,
    0x1e, 0xff, 0x3f, 0xff, 0xff, 0xff, 0xff, 0xf3,
    0xaf, 0xff, 0x3d, 0xdd, 0xef, 0xfd, 0xdd, 0xd2,
    0x5e, 0xef, 0x10, 0x0, 0x6f, 0xf3, 0x0, 0x0,
    0x2, 0xcf, 0x10, 0x0, 0x9f, 0xf9, 0x0, 0x0,
    0x0, 0xcf, 0x10, 0x0, 0xff, 0xef, 0x10, 0x0,
    0x0, 0xcf, 0x10, 0x7, 0xfc, 0x6f, 0x90, 0x0,
    0x0, 0xcf, 0x10, 0x2f, 0xf5, 0xd, 0xf5, 0x0,
    0x0, 0xcf, 0x11, 0xdf, 0xb0, 0x4, 0xff, 0x50,
    0x0, 0xcf, 0x3d, 0xfd, 0x10, 0x0, 0x6f, 0xf3,
    0x0, 0xcf, 0x26, 0xc1, 0x0, 0x0, 0x6, 0x70,
    0x0, 0x0, 0x0, 0x0, 0x0, 0x0, 0x0, 0x0,

    /* U+4F19 "伙" */
    0x0, 0x0, 0x0, 0x0, 0x0, 0x0, 0x0, 0x0,
    0x0, 0x7, 0xf6, 0x0, 0xf, 0xf1, 0x0, 0x0,
    0x0, 0xe, 0xf2, 0x0, 0xf, 0xf0, 0x0, 0x0,
    0x0, 0x7f, 0xb0, 0x20, 0xf, 0xf0, 0x2, 0x0,
    0x1, 0xef, 0x40, 0xfc, 0xf, 0xf0, 0xf, 0xe1,
    0xb, 0xff, 0x33, 0xfa, 0xf, 0xf0, 0x4f, 0xc0,
    0x9f, 0xff, 0x36, 0xf9, 0x2f, 0xf0, 0x8f, 0x70,
    0x8f, 0xef, 0x3a, 0xf5, 0x3f, 0xf0, 0xdf, 0x20,
    0x17, 0xbf, 0x3a, 0xf1, 0x5f, 0xf4, 0xbb, 0x0,
    0x0, 0xbf, 0x30, 0x10, 0x8f, 0xf7, 0x0, 0x0,
    0x0, 0xbf, 0x30, 0x0, 0xdf, 0xfd, 0x0, 0x0,
    0x0, 0xbf, 0x30, 0x4, 0xff, 0xdf, 0x40, 0x0,
    0x0, 0xbf, 0x30, 0x1e, 0xf8, 0x4f, 0xe2, 0x0,
    0x0, 0xbf, 0x33, 0xdf, 0xd0, 0xb, 0xfe, 0x50,
    0x0, 0xbf, 0x7f, 0xfd, 0x20, 0x1, 0xdf, 0xf2,
    0x0, 0xbf, 0x38, 0xa1, 0x0, 0x0, 0x19, 0x60,
    0x0, 0x0, 0x0, 0x0, 0x0, 0x0, 0x0, 0x0,

    /* U+4F1A "会" */
    0x0, 0x0, 0x0, 0x1, 0x70, 0x0, 0x0, 0x0,
    0x0, 0x0, 0x0, 0xd, 0xf9, 0x0, 0x0, 0x0,
    0x0, 0x0, 0x2, 0xdf, 0xfe, 0x40, 0x0, 0x0,
    0x0, 0x0, 0x6f, 0xfa, 0x5e, 0xfa, 0x10, 0x0,
    0x0, 0x4c, 0xff, 0x80, 0x1, 0xcf, 0xf9, 0x30,
    0x1d, 0xff, 0xfe, 0xbb, 0xbb, 0xcf, 0xff, 0xf7,
    0x7, 0xe7, 0x8f, 0xff, 0xff, 0xff, 0x19, 0xd0,
    0x0, 0x0, 0x0, 0x0, 0x0, 0x0, 0x0, 0x0,
    0x4, 0xcc, 0xcc, 0xcc, 0xcc, 0xcc, 0xcc, 0xb0,
    0x5, 0xff, 0xff, 0xff, 0xff, 0xff, 0xff, 0xe0,
    0x0, 0x0, 0x1d, 0xfb, 0x10, 0x6b, 0x10, 0x0,
    0x0, 0x0, 0xbf, 0xc0, 0x0, 0x9f, 0xc1, 0x0,
    0x0, 0x2c, 0xff, 0x66, 0x78, 0x9f, 0xfc, 0x0,
    0x0, 0xaf, 0xff, 0xff, 0xff, 0xff, 0xff, 0x80,
    0x0, 0x5c, 0xa9, 0x76, 0x54, 0x21, 0x2f, 0x80,
    0x0, 0x0, 0x0, 0x0, 0x0, 0x0, 0x1, 0x0,

    /* U+4F1E "伞" */
    0x0, 0x0, 0x0, 0x0, 0x0, 0x0, 0x0, 0x0,
    0x0, 0x0, 0x0, 0xc, 0xc2, 0x0, 0x0, 0x0,
    0x0, 0x0, 0x3, 0xdf, 0xf8, 0x0, 0x0, 0x0,
    0x0, 0x1, 0x8f, 0xf9, 0xdf, 0xd4, 0x0, 0x0,
    0x3, 0xaf, 0xfe, 0x40, 0xa, 0xff, 0xd7, 0x10,
    0x9f, 0xff, 0xa1, 0x1b, 0x90, 0x4d, 0xff, 0xf4,
    0x1e, 0xa3, 0x10, 0x2f, 0xd0, 0x2, 0x4b, 0xa0,
    0x0, 0x2f, 0xb0, 0x2f, 0xd0, 0x1f, 0xd0, 0x0,
    0x0, 0xc, 0xf5, 0x2f, 0xd0, 0x8f, 0x80, 0x0,
    0x0, 0x4, 0xfb, 0x2f, 0xd1, 0xfd, 0x0, 0x0,
    0x0, 0x0, 0x71, 0x2f, 0xd0, 0x63, 0x0, 0x0,
    0x5c, 0xcc, 0xcc, 0xdf, 0xfc, 0xcc, 0xcc, 0xc0,
    0x6f, 0xff, 0xff, 0xff, 0xff, 0xff, 0xff, 0xf1,
    0x0, 0x0, 0x0, 0x3f, 0xd0, 0x0, 0x0, 0x0,
    0x0, 0x0, 0x0, 0x2f, 0xd0, 0x0, 0x0, 0x0,
    0x0, 0x0, 0x0, 0x2f, 0xd0, 0x0, 0x0, 0x0,

    /* U+4F24 "伤" */
    0x0, 0x0, 0x10, 0x2, 0x10, 0x0, 0x0, 0x0,
    0x0, 0x8f, 0x60, 0xdf, 0x40, 0x0, 0x0, 0x0,
    0x1f, 0xf1, 0x4f, 0xf2, 0x11, 0x11, 0x10, 0x7,
    0xfa, 0xc, 0xff, 0xff, 0xff, 0xfd, 0x2, 0xff,
    0x3a, 0xfe, 0xbb, 0xbb, 0xbb, 0x90, 0xdf, 0xf3,
    0xef, 0x33, 0xfa, 0x0, 0x0, 0x9f, 0xff, 0x11,
    0x30, 0x3f, 0xa0, 0x0, 0x3, 0xed, 0xf1, 0x7f,
    0xff, 0xff, 0xff, 0xfa, 0x2, 0xbf, 0x16, 0xcc,
    0xef, 0xdc, 0xdf, 0xa0, 0xb, 0xf1, 0x0, 0xb,
    0xf3, 0x3, 0xf9, 0x0, 0xbf, 0x10, 0x1, 0xff,
    0x0, 0x3f, 0x90, 0xb, 0xf1, 0x0, 0x9f, 0x80,
    0x5, 0xf7, 0x0, 0xbf, 0x10, 0x8f, 0xe1, 0x0,
    0x7f, 0x60, 0xb, 0xf2, 0xcf, 0xf3, 0xa, 0xdf,
    0xf3, 0x0, 0xbf, 0x18, 0xb2, 0x0, 0x6d, 0xd8,
    0x0, 0x0, 0x0, 0x0, 0x0, 0x0, 0x0, 0x0,

    /* U+4F26 "伦" */
    0x0, 0x2, 0x61, 0x0, 0x8, 0x71, 0x0, 0x0,
    0x0, 0xa, 0xf4, 0x0, 0x4f, 0xf1, 0x0, 0x0,
    0x0, 0x2f, 0xd0, 0x1, 0xef, 0xfb, 0x0, 0x0,
    0x0, 0xaf, 0x60, 0xc, 0xf8, 0xbf, 0x90, 0x0,
    0x5, 0xff, 0x10, 0xcf, 0xb0, 0x1d, 0xfa, 0x0,
    0x2f, 0xff, 0x4d, 0xfb, 0x0, 0x2, 0xef, 0xd2,
    0x8f, 0xff, 0xbf, 0xfa, 0x0, 0x0, 0x1c, 0xd1,
    0x1d, 0xdf, 0x26, 0xcf, 0x10, 0x19, 0xa0, 0x20,
    0x1, 0xbf, 0x10, 0xcf, 0x28, 0xff, 0xf3, 0x0,
    0x0, 0xbf, 0x10, 0xcf, 0xff, 0xf8, 0x10, 0x0,
    0x0, 0xbf, 0x10, 0xcf, 0xd6, 0x10, 0x0, 0x0,
    0x0, 0xbf, 0x10, 0xcf, 0x10, 0x0, 0x2a, 0x30,
    0x0, 0xbf, 0x10, 0xcf, 0x10, 0x0, 0x4f, 0x70,
    0x0, 0xbf, 0x10, 0xaf, 0xdb, 0xbb, 0xef, 0x40,
    0x0, 0xbf, 0x10, 0x3c, 0xff, 0xff, 0xe9, 0x0,

    /* U+4F34 "伴" */
    0x0, 0x0, 0x0, 0x0, 0x0, 0x0, 0x0, 0x0,
    0x0, 0x4, 0xf8, 0x11, 0xa, 0xf3, 0x3, 0x0,
    0x0, 0xc, 0xf7, 0xfa, 0xa, 0xf3, 0x1f, 0xe0,
    0x0, 0x4f, 0xd0, 0xdf, 0x1a, 0xf3, 0x6f, 0x90,
    0x0, 0xcf, 0x50, 0x7f, 0x6a, 0xf3, 0xcf, 0x20,
    0x7, 0xff, 0x20, 0x3c, 0x4a, 0xf3, 0x89, 0x0,
    0x4f, 0xff, 0x22, 0xbb, 0xbe, 0xfc, 0xbb, 0x90,
    0xcf, 0xff, 0x23, 0xff, 0xff, 0xff, 0xff, 0xd0,
    0x5a, 0xaf, 0x20, 0x0, 0xb, 0xf4, 0x0, 0x0,
    0x0, 0xaf, 0x20, 0x0, 0xa, 0xf3, 0x0, 0x0,
    0x0, 0xaf, 0x2b, 0xbb, 0xbe, 0xfc, 0xbb, 0xb5,
    0x0, 0xaf, 0x2f, 0xff, 0xff, 0xff, 0xff, 0xf7,
    0x0, 0xaf, 0x20, 0x0, 0xb, 0xf4, 0x0, 0x0,
    0x0, 0xaf, 0x20, 0x0, 0xa, 0xf3, 0x0, 0x0,
    0x0, 0xaf, 0x20, 0x0, 0xa, 0xf3, 0x0, 0x0,
    0x0, 0xaf, 0x20, 0x0, 0xa, 0xf3, 0x0, 0x0,
    0x0, 0x0, 0x0, 0x0, 0x0, 0x0, 0x0, 0x0,

    /* U+4F38 "伸" */
    0x0, 0x5, 0xa3, 0x0, 0xd, 0xf0, 0x0, 0x0,
    0x0, 0xd, 0xf4, 0x0, 0xd, 0xf0, 0x0, 0x0,
    0x0, 0x4f, 0xd0, 0x0, 0xd, 0xf1, 0x0, 0x0,
    0x0, 0xcf, 0x6c, 0xff, 0xff, 0xff, 0xff, 0xf1,
    0x5, 0xff, 0x1c, 0xfa, 0xaf, 0xfb, 0xae, 0xf1,
    0x2e, 0xff, 0x1c, 0xf0, 0xd, 0xf0, 0xc, 0xf1,
    0xaf, 0xff, 0x1c, 0xff, 0xff, 0xff, 0xff, 0xf1,
    0x3d, 0xcf, 0x1c, 0xfb, 0xbf, 0xfb, 0xbe, 0xf1,
    0x1, 0xbf, 0x1c, 0xf0, 0xd, 0xf0, 0xc, 0xf1,
    0x0, 0xbf, 0x1c, 0xfc, 0xcf, 0xfc, 0xcf, 0xf1,
    0x0, 0xbf, 0x1c, 0xff, 0xff, 0xff, 0xff, 0xf1,
    0x0, 0xbf, 0x19, 0xb0, 0xd, 0xf0, 0x7, 0x90,
    0x0, 0xbf, 0x10, 0x0, 0xd, 0xf0, 0x0, 0x0,
    0x0, 0xbf, 0x10, 0x0, 0xd, 0xf0, 0x0, 0x0,
    0x0, 0xbf, 0x10, 0x0, 0xd, 0xf0, 0x0, 0x0,
    0x0, 0x0, 0x0, 0x0, 0x0, 0x0, 0x0, 0x0,

    /* U+4F3C "似" */
    0x0, 0x3, 0x10, 0x0, 0x0, 0x0, 0x0, 0x0,
    0x0, 0xe, 0xf2, 0x54, 0x0, 0x0, 0xbf, 0x20,
    0x0, 0x5f, 0xa2, 0xfb, 0xaa, 0x0, 0xcf, 0x10,
    0x0, 0xcf, 0x32, 0xfa, 0xaf, 0x10, 0xdf, 0x0,
    0x4, 0xff, 0x2, 0xfa, 0x4f, 0x80, 0xef, 0x0,
    0x1e, 0xfe, 0x2, 0xfa, 0xf, 0xd0, 0xfe, 0x0,
    0x9f, 0xfe, 0x2, 0xfa, 0xb, 0xf4, 0xfb, 0x0,
    0x4e, 0xee, 0x2, 0xfa, 0x3, 0x34, 0xf9, 0x0,
    0x2, 0xde, 0x2, 0xfa, 0x0, 0x7, 0xf7, 0x0,
    0x0, 0xde, 0x2, 0xfa, 0x8, 0xd, 0xfd, 0x0,
    0x0, 0xde, 0x2, 0xfd, 0xef, 0x8f, 0xff, 0x40,
    0x0, 0xde, 0x6, 0xff, 0xf6, 0xaf, 0xaf, 0xc0,
    0x0, 0xde, 0xc, 0xfc, 0x17, 0xfe, 0xd, 0xf2,
    0x0, 0xde, 0x3, 0x80, 0x3f, 0xf4, 0x7, 0xf7,
    0x0, 0xde, 0x0, 0x0, 0x7, 0x60, 0x1, 0x50,

    /* U+4F46 "但" */
    0x0, 0x3, 0x71, 0x0, 0x0, 0x0, 0x0, 0x0,
    0x0, 0xc, 0xf6, 0xbb, 0xbb, 0xbb, 0xbb, 0x10,
    0x0, 0x4f, 0xe0, 0xff, 0xff, 0xff, 0xff, 0x20,
    0x0, 0xcf, 0x60, 0xff, 0x0, 0x0, 0xff, 0x20,
    0x6, 0xff, 0x10, 0xff, 0x0, 0x0, 0xef, 0x20,
    0x4f, 0xff, 0x10, 0xff, 0xaa, 0xaa, 0xff, 0x20,
    0xbf, 0xff, 0x10, 0xff, 0xff, 0xff, 0xff, 0x20,
    0x4d, 0xdf, 0x10, 0xff, 0x11, 0x11, 0xff, 0x20,
    0x2, 0xcf, 0x10, 0xff, 0x0, 0x0, 0xef, 0x20,
    0x0, 0xcf, 0x10, 0xff, 0x0, 0x0, 0xff, 0x20,
    0x0, 0xcf, 0x10, 0xff, 0xff, 0xff, 0xff, 0x20,
    0x0, 0xcf, 0x10, 0xbb, 0xbb, 0xbb, 0xbb, 0x10,
    0x0, 0xcf, 0x10, 0x0, 0x0, 0x0, 0x0, 0x0,
    0x0, 0xcf, 0x3f, 0xff, 0xff, 0xff, 0xff, 0xf4,
    0x0, 0xcf, 0x2c, 0xcc, 0xcc, 0xcc, 0xcc, 0xc3,

    /* U+4F4E "低" */
    0x0, 0x3, 0x51, 0x0, 0x0, 0x1, 0x56, 0x0,
    0x0, 0xb, 0xf5, 0x3, 0x69, 0xcf, 0xff, 0x80,
    0x0, 0x2f, 0xd1, 0xff, 0xff, 0xff, 0x84, 0x0,
    0x0, 0x9f, 0x61, 0xfd, 0x52, 0xcf, 0x0, 0x0,
    0x2, 0xff, 0x21, 0xfa, 0x0, 0xbf, 0x10, 0x0,
    0xc, 0xff, 0x11, 0xfa, 0x0, 0xaf, 0x20, 0x0,
    0x9f, 0xff, 0x11, 0xfe, 0xbb, 0xef, 0xcb, 0xb2,
    0x7f, 0xdf, 0x11, 0xff, 0xff, 0xff, 0xff, 0xf3,
    0x4, 0xbf, 0x11, 0xfb, 0x0, 0x6f, 0x70, 0x0,
    0x0, 0xbf, 0x11, 0xfa, 0x0, 0x4f, 0x90, 0x0,
    0x0, 0xbf, 0x11, 0xfa, 0x0, 0x1f, 0xc0, 0x0,
    0x0, 0xbf, 0x11, 0xfa, 0xb, 0x5d, 0xf1, 0xc4,
    0x0, 0xbf, 0x12, 0xfc, 0x7e, 0xd8, 0xfb, 0xf7,
    0x0, 0xbf, 0x19, 0xff, 0xfa, 0xf5, 0xff, 0xf2,
    0x0, 0xbf, 0x15, 0xd8, 0x30, 0xa3, 0x4c, 0x80,
    0x0, 0x0, 0x0, 0x0, 0x0, 0x0, 0x0, 0x0,

    /* U+4F4F "住" */
    0x0, 0x3, 0x72, 0x0, 0x29, 0x60, 0x0, 0x0,
    0x0, 0xc, 0xf6, 0x0, 0x2f, 0xf1, 0x0, 0x0,
    0x0, 0x3f, 0xe0, 0x0, 0xa, 0xf4, 0x0, 0x0,
    0x0, 0xbf, 0x78, 0xcc, 0xcd, 0xdc, 0xcc, 0xc0,
    0x5, 0xff, 0x2a, 0xff, 0xff, 0xff, 0xff, 0xf1,
    0x2e, 0xff, 0x20, 0x0, 0xc, 0xf3, 0x0, 0x0,
    0xaf, 0xff, 0x20, 0x0, 0xc, 0xf2, 0x0, 0x0,
    0x3e, 0xef, 0x20, 0x0, 0xc, 0xf2, 0x0, 0x0,
    0x2, 0xcf, 0x22, 0xff, 0xff, 0xff, 0xff, 0x90,
    0x0, 0xcf, 0x21, 0xdd, 0xdf, 0xfd, 0xdd, 0x80,
    0x0, 0xcf, 0x20, 0x0, 0xc, 0xf2, 0x0, 0x0,
    0x0, 0xcf, 0x20, 0x0, 0xc, 0xf2, 0x0, 0x0,
    0x0, 0xcf, 0x20, 0x0, 0xc, 0xf2, 0x0, 0x0,
    0x0, 0xcf, 0x2f, 0xff, 0xff, 0xff, 0xff, 0xf4,
    0x0, 0xcf, 0x2d, 0xdd, 0xdd, 0xdd, 0xdd, 0xd4,

    /* U+4F60 "你" */
    0x0, 0x2, 0x40, 0x6, 0x20, 0x0, 0x0, 0x0,
    0x0, 0xb, 0xf5, 0x4f, 0xb0, 0x0, 0x0, 0x0,
    0x0, 0x3f, 0xe0, 0x9f, 0x60, 0x0, 0x0, 0x0,
    0x0, 0xaf, 0x70, 0xef, 0xcb, 0xbb, 0xbb, 0xa1,
    0x5, 0xff, 0x16, 0xff, 0xff, 0xff, 0xff, 0xf1,
    0x2e, 0xff, 0x2e, 0xf2, 0xd, 0xf1, 0xd, 0xe0,
    0xaf, 0xff, 0x4e, 0x70, 0xc, 0xf1, 0xe, 0xb0,
    0x3d, 0xcf, 0x11, 0x46, 0x1c, 0xf2, 0x65, 0x0,
    0x1, 0xbf, 0x10, 0xaf, 0x3c, 0xf2, 0xfd, 0x0,
    0x0, 0xbf, 0x10, 0xfe, 0xc, 0xf1, 0xbf, 0x40,
    0x0, 0xbf, 0x16, 0xf9, 0xc, 0xf1, 0x5f, 0x90,
    0x0, 0xbf, 0x2e, 0xf1, 0xc, 0xf1, 0x1f, 0xe0,
    0x0, 0xbf, 0x16, 0x80, 0xd, 0xf1, 0xa, 0x70,
    0x0, 0xbf, 0x10, 0x6, 0xdf, 0xf0, 0x0, 0x0,
    0x0, 0xbf, 0x10, 0x2, 0xfe, 0x70, 0x0, 0x0,
    0x0, 0x0, 0x0, 0x0, 0x0, 0x0, 0x0, 0x0,

    /* U+4FE1 "信" */
    0x0, 0x1, 0x10, 0x0, 0x3, 0x10, 0x0, 0x0,
    0x0, 0xb, 0xf3, 0x0, 0x3f, 0x80, 0x0, 0x0,
    0x0, 0x2f, 0xc0, 0x0, 0xc, 0xe0, 0x0, 0x0,
    0x0, 0x9f, 0x6e, 0xee, 0xef, 0xfe, 0xee, 0xe0,
    0x2, 0xff, 0x29, 0x99, 0x99, 0x99, 0x99, 0x90,
    0xd, 0xff, 0x10, 0x78, 0x88, 0x88, 0x87, 0x0,
    0x9f, 0xff, 0x10, 0xcf, 0xff, 0xff, 0xfd, 0x0,
    0x4d, 0xbf, 0x10, 0x33, 0x33, 0x33, 0x33, 0x0,
    0x1, 0xaf, 0x10, 0xdf, 0xff, 0xff, 0xfd, 0x0,
    0x0, 0xaf, 0x10, 0x22, 0x22, 0x22, 0x22, 0x0,
    0x0, 0xaf, 0x11, 0xff, 0xff, 0xff, 0xff, 0x10,
    0x0, 0xaf, 0x11, 0xfc, 0x88, 0x88, 0xdf, 0x10,
    0x0, 0xaf, 0x11, 0xf8, 0x0, 0x0, 0x9f, 0x10,
    0x0, 0xaf, 0x11, 0xfc, 0x88, 0x88, 0xdf, 0x10,
    0x0, 0xaf, 0x11, 0xee, 0xff, 0xff, 0xed, 0x10,

    /* U+4FEE "修" */
    0x0, 0x4, 0x20, 0x0, 0x26, 0x20, 0x0, 0x0,
    0x0, 0xe, 0xf0, 0x0, 0xaf, 0x50, 0x0, 0x0,
    0x0, 0x5f, 0x90, 0x3, 0xff, 0xff, 0xff, 0x90,
    0x0, 0xcf, 0x30, 0x1e, 0xfd, 0x88, 0xdf, 0x60,
    0x4, 0xff, 0x0, 0xbf, 0xef, 0x56, 0xfc, 0x0,
    0xd, 0xfe, 0x2f, 0x76, 0xc, 0xff, 0xd1, 0x0,
    0x8f, 0xfe, 0x2f, 0x64, 0xaf, 0xff, 0xfa, 0x51,
    0x5f, 0xfe, 0x2f, 0xef, 0xf9, 0x35, 0xcf, 0xf5,
    0x4, 0xde, 0x2f, 0x86, 0x4, 0xde, 0x12, 0x50,
    0x0, 0xde, 0x2f, 0x64, 0xef, 0xb2, 0x74, 0x0,
    0x0, 0xde, 0x2f, 0x60, 0x73, 0x5d, 0xf5, 0x0,
    0x0, 0xde, 0x2f, 0x63, 0xbf, 0xfa, 0x2a, 0x91,
    0x0, 0xde, 0x2b, 0x40, 0x96, 0x27, 0xef, 0x70,
    0x0, 0xde, 0x0, 0x17, 0xae, 0xff, 0xa2, 0x0,
    0x0, 0xde, 0x0, 0xb, 0xd9, 0x50, 0x0, 0x0,

    /* U+5012 "倒" */
    0x0, 0x4, 0x10, 0x0, 0x0, 0x0, 0x0, 0x0,
    0x1, 0xfe, 0x77, 0x77, 0x74, 0x0, 0xaf, 0x0,
    0x7f, 0x8f, 0xff, 0xff, 0xad, 0xaa, 0xf0, 0xd,
    0xf1, 0x3f, 0xb3, 0x51, 0xda, 0xaf, 0x4, 0xfb,
    0x8, 0xf3, 0x9f, 0x1d, 0xaa, 0xf0, 0xdf, 0xa3,
    0xff, 0xbe, 0xf9, 0xda, 0xaf, 0x7f, 0xfa, 0x4f,
    0xfc, 0x9b, 0xfe, 0xaa, 0xf4, 0xff, 0xa0, 0x33,
    0x93, 0x22, 0xda, 0xaf, 0x6, 0xfa, 0x1, 0x6f,
    0x71, 0x1d, 0xaa, 0xf0, 0x1f, 0xa6, 0xff, 0xff,
    0xf9, 0xda, 0xaf, 0x1, 0xfa, 0x27, 0xaf, 0xa7,
    0x4d, 0xaa, 0xf0, 0x1f, 0xa0, 0x5, 0xf7, 0x34,
    0x64, 0xaf, 0x1, 0xfa, 0x8b, 0xdf, 0xff, 0xc0,
    0xb, 0xf0, 0x1f, 0xa9, 0xc9, 0x63, 0x10, 0x9c,
    0xfe, 0x1, 0xfa, 0x0, 0x0, 0x0, 0x5, 0xcb,
    0x40,

    /* U+5014 "倔" */
    0x0, 0x5, 0x40, 0x0, 0x0, 0x0, 0x0, 0x0,
    0x0, 0xef, 0xbf, 0xff, 0xff, 0xff, 0xfc, 0x0,
    0x5f, 0xaa, 0xf9, 0x88, 0x88, 0x8f, 0xc0, 0xb,
    0xf5, 0xaf, 0x10, 0x0, 0x0, 0xfc, 0x4, 0xff,
    0x1a, 0xff, 0xff, 0xff, 0xff, 0xc0, 0xdf, 0xf1,
    0xbf, 0x98, 0x88, 0x88, 0x86, 0x7f, 0xff, 0x1b,
    0xf2, 0x72, 0x8f, 0x6, 0x52, 0xfe, 0xf1, 0xbf,
    0x4f, 0x58, 0xf0, 0xdb, 0x3, 0xbf, 0x1c, 0xf3,
    0xf8, 0xaf, 0x4e, 0xb0, 0xb, 0xf1, 0xde, 0x3f,
    0xff, 0xff, 0xfb, 0x0, 0xbf, 0x1e, 0xd4, 0xa4,
    0xaf, 0x37, 0x90, 0xb, 0xf2, 0xfa, 0x6f, 0x28,
    0xf0, 0xae, 0x0, 0xbf, 0x5f, 0x76, 0xf2, 0x8f,
    0xa, 0xe0, 0xb, 0xf9, 0xf3, 0x6f, 0xff, 0xff,
    0xfe, 0x0, 0xbf, 0x3b, 0x3, 0x77, 0x77, 0x7c,
    0xd0, 0x0, 0x0, 0x0, 0x0, 0x0, 0x0, 0x0,

    /* U+5019 "候" */
    0x0, 0x6, 0x40, 0x0, 0x0, 0x0, 0x0, 0x0,
    0x0, 0x1f, 0xe0, 0x5, 0xff, 0xff, 0xff, 0x20,
    0x0, 0x6f, 0x80, 0x3, 0x88, 0x88, 0xef, 0x0,
    0x0, 0xcf, 0x48, 0x43, 0x33, 0x33, 0xdf, 0x31,
    0x5, 0xfe, 0x4f, 0x8f, 0xff, 0xff, 0xff, 0xf6,
    0xd, 0xfe, 0x4f, 0x75, 0xcc, 0x65, 0x55, 0x52,
    0x7f, 0xfe, 0x4f, 0x71, 0xff, 0x77, 0x77, 0x60,
    0x2e, 0xfe, 0x4f, 0x79, 0xff, 0xff, 0xff, 0xe0,
    0x2, 0xee, 0x4f, 0x9f, 0xc1, 0xbf, 0x31, 0x10,
    0x0, 0xee, 0x4f, 0x79, 0x85, 0xdf, 0x75, 0x53,
    0x0, 0xee, 0x4f, 0x7f, 0xff, 0xff, 0xff, 0xf8,
    0x0, 0xee, 0x4f, 0x73, 0x36, 0xff, 0xb3, 0x31,
    0x0, 0xee, 0x0, 0x0, 0x4e, 0xfc, 0xf8, 0x0,
    0x0, 0xee, 0x0, 0x4c, 0xff, 0x40, 0xcf, 0xe6,
    0x0, 0xee, 0x0, 0x2d, 0x81, 0x0, 0x7, 0xc1,

    /* U+503C "值" */
    0x0, 0x0, 0x0, 0x0, 0x0, 0x0, 0x0, 0x0,
    0x0, 0x4, 0x92, 0x0, 0xa, 0xf4, 0x0, 0x0,
    0x0, 0xb, 0xf4, 0x0, 0xb, 0xf3, 0x0, 0x0,
    0x0, 0x2f, 0xda, 0xff, 0xff, 0xff, 0xff, 0xf1,
    0x0, 0x9f, 0x75, 0x99, 0x9f, 0xe9, 0x99, 0x90,
    0x3, 0xff, 0x10, 0x55, 0x6f, 0xb5, 0x55, 0x10,
    0xd, 0xff, 0x0, 0xff, 0xff, 0xff, 0xff, 0x30,
    0x7f, 0xff, 0x0, 0xfc, 0x11, 0x11, 0x9f, 0x30,
    0x1e, 0xef, 0x0, 0xff, 0xff, 0xff, 0xff, 0x30,
    0x1, 0xcf, 0x0, 0xfc, 0x33, 0x33, 0xaf, 0x30,
    0x0, 0xcf, 0x0, 0xff, 0xff, 0xff, 0xff, 0x30,
    0x0, 0xcf, 0x0, 0xfc, 0x33, 0x33, 0xaf, 0x30,
    0x0, 0xcf, 0x0, 0xff, 0xee, 0xee, 0xff, 0x30,
    0x0, 0xcf, 0x0, 0xfd, 0x55, 0x55, 0xbf, 0x30,
    0x0, 0xcf, 0x39, 0xfe, 0x99, 0x99, 0xdf, 0xb4,
    0x0, 0xcf, 0x5f, 0xff, 0xff, 0xff, 0xff, 0xf6,

    /* U+505A "做" */
    0x0, 0x0, 0x0, 0x0, 0x0, 0x1, 0x0, 0x0,
    0x0, 0xd, 0xb0, 0xaf, 0x10, 0x1f, 0x90, 0x0,
    0x0, 0x3f, 0xb0, 0xaf, 0x10, 0x4f, 0x70, 0x0,
    0x0, 0x9f, 0x60, 0xaf, 0x10, 0x7f, 0x50, 0x0,
    0x0, 0xef, 0x6a, 0xef, 0xb8, 0xaf, 0xb9, 0x94,
    0x7, 0xfd, 0x8f, 0xff, 0xfc, 0xef, 0xff, 0xf7,
    0x1e, 0xfd, 0x0, 0xbf, 0x24, 0xfa, 0xf, 0xa0,
    0xaf, 0xfd, 0x0, 0xaf, 0x1b, 0xfd, 0x3f, 0x70,
    0x5e, 0xfd, 0x2, 0xbf, 0x3e, 0xff, 0x8f, 0x50,
    0x1, 0xed, 0x4f, 0xc9, 0xfc, 0x5f, 0xef, 0x10,
    0x0, 0xed, 0x4f, 0x50, 0xfa, 0xe, 0xfc, 0x0,
    0x0, 0xed, 0x4f, 0x50, 0xfa, 0xa, 0xf6, 0x0,
    0x0, 0xed, 0x4f, 0x73, 0xfa, 0xd, 0xf9, 0x0,
    0x0, 0xed, 0x4f, 0xff, 0xfa, 0xaf, 0xff, 0x30,
    0x0, 0xed, 0x4f, 0xca, 0xad, 0xfb, 0x3e, 0xf3,
    0x0, 0xed, 0x4f, 0x50, 0xa, 0x90, 0x2, 0xb1,

    /* U+505C "停" */
    0x0, 0x3, 0x60, 0x0, 0x19, 0x90, 0x0, 0x0,
    0x0, 0xb, 0xf9, 0x88, 0x8f, 0xf8, 0x88, 0x80,
    0x0, 0x2f, 0xbe, 0xff, 0xff, 0xff, 0xff, 0xf1,
    0x0, 0x9f, 0x50, 0x55, 0x55, 0x55, 0x55, 0x0,
    0x2, 0xff, 0x0, 0xff, 0xff, 0xff, 0xff, 0x0,
    0xc, 0xff, 0x0, 0xfc, 0x11, 0x11, 0xdf, 0x0,
    0x7f, 0xff, 0x0, 0xff, 0xff, 0xff, 0xff, 0x0,
    0x1e, 0xef, 0x2, 0x66, 0x66, 0x66, 0x66, 0x20,
    0x1, 0xcf, 0x3f, 0xff, 0xff, 0xff, 0xff, 0xf3,
    0x0, 0xcf, 0x3f, 0x83, 0x33, 0x33, 0x39, 0xf3,
    0x0, 0xcf, 0x2c, 0xdf, 0xff, 0xff, 0xfd, 0xc2,
    0x0, 0xcf, 0x0, 0x58, 0x8f, 0xf8, 0x84, 0x0,
    0x0, 0xcf, 0x0, 0x0, 0xe, 0xf0, 0x0, 0x0,
    0x0, 0xcf, 0x0, 0xa, 0xbf, 0xf0, 0x0, 0x0,
    0x0, 0xcf, 0x0, 0xb, 0xed, 0x70, 0x0, 0x0,

    /* U+5077 "偷" */
    0x0, 0x3, 0x0, 0x0, 0x5, 0x10, 0x0, 0x0,
    0x0, 0xe, 0xe0, 0x0, 0x9f, 0xe2, 0x0, 0x0,
    0x0, 0x5f, 0x90, 0x3c, 0xfb, 0xef, 0x60, 0x0,
    0x0, 0xbf, 0x7b, 0xff, 0x60, 0x1b, 0xfe, 0x71,
    0x3, 0xff, 0x7f, 0xeb, 0x88, 0x88, 0xee, 0xf2,
    0xd, 0xff, 0x3, 0x5f, 0xff, 0xff, 0xe0, 0x30,
    0x6f, 0xff, 0x6, 0x66, 0x66, 0x0, 0x9, 0x60,
    0x3f, 0xff, 0xe, 0xff, 0xff, 0x3f, 0x3e, 0xa0,
    0x5, 0xdf, 0xe, 0xc4, 0xbf, 0x3f, 0x3e, 0xa0,
    0x0, 0xdf, 0xe, 0xff, 0xff, 0x3f, 0x3e, 0xa0,
    0x0, 0xdf, 0xe, 0xc3, 0xbf, 0x3f, 0x3e, 0xa0,
    0x0, 0xdf, 0xe, 0xff, 0xff, 0x3f, 0x3e, 0xa0,
    0x0, 0xdf, 0xe, 0xc3, 0xbf, 0x2c, 0x2e, 0xa0,
    0x0, 0xdf, 0xe, 0xb7, 0xef, 0x6, 0x9f, 0x90,
    0x0, 0xdf, 0xe, 0xb7, 0xd7, 0x7, 0xfd, 0x30,
    0x0, 0x0, 0x0, 0x0, 0x0, 0x0, 0x0, 0x0,

    /* U+50CF "像" */
    0x0, 0x2, 0x40, 0x3, 0x61, 0x0, 0x0, 0x0,
    0x0, 0xb, 0xf7, 0x1e, 0xf8, 0x67, 0x10, 0x0,
    0x0, 0x2f, 0xf1, 0xbf, 0xff, 0xff, 0xa0, 0x0,
    0x0, 0xaf, 0x9c, 0xfc, 0x33, 0xef, 0x43, 0x20,
    0x4, 0xff, 0xbf, 0xff, 0xff, 0xff, 0xff, 0xa0,
    0x1e, 0xff, 0x16, 0xf9, 0x19, 0xf2, 0x2f, 0xa0,
    0x8f, 0xff, 0x1, 0xff, 0xff, 0xff, 0xff, 0xa0,
    0x1d, 0xdf, 0x0, 0x6c, 0xff, 0x66, 0x68, 0x40,
    0x0, 0xcf, 0x28, 0xdf, 0xcf, 0x70, 0x7f, 0x90,
    0x0, 0xcf, 0x19, 0x96, 0xbf, 0xfe, 0xfd, 0x20,
    0x0, 0xcf, 0x15, 0xbf, 0xb7, 0xfc, 0xce, 0x0,
    0x0, 0xcf, 0x19, 0xb5, 0x9f, 0xfb, 0x4f, 0x80,
    0x0, 0xcf, 0x14, 0xaf, 0xf6, 0xec, 0xc, 0xf7,
    0x0, 0xcf, 0x3e, 0xf9, 0x7a, 0xfa, 0x1, 0xd3,
    0x0, 0xcf, 0x2, 0x10, 0x6f, 0xc2, 0x0, 0x0,
    0x0, 0x0, 0x0, 0x0, 0x0, 0x0, 0x0, 0x0,

    /* U+513F "儿" */
    0x0, 0x0, 0xfd, 0x0, 0x2, 0xfc, 0x0, 0x0,
    0x0, 0x0, 0xfd, 0x0, 0x2, 0xfc, 0x0, 0x0,
    0x0, 0x0, 0xfd, 0x0, 0x2, 0xfc, 0x0, 0x0,
    0x0, 0x0, 0xfd, 0x0, 0x2, 0xfc, 0x0, 0x0,
    0x0, 0x0, 0xfd, 0x0, 0x2, 0xfc, 0x0, 0x0,
    0x0, 0x1, 0xfc, 0x0, 0x2, 0xfc, 0x0, 0x0,
    0x0, 0x2, 0xfc, 0x0, 0x2, 0xfc, 0x0, 0x0,
    0x0, 0x4, 0xfb, 0x0, 0x2, 0xfc, 0x0, 0x0,
    0x0, 0x7, 0xf7, 0x0, 0x2, 0xfc, 0x0, 0x0,
    0x0, 0xd, 0xf4, 0x0, 0x2, 0xfc, 0x3, 0x92,
    0x0, 0x6f, 0xd0, 0x0, 0x2, 0xfc, 0x4, 0xf7,
    0x4, 0xff, 0x50, 0x0, 0x2, 0xfc, 0x5, 0xf6,
    0x4f, 0xfb, 0x0, 0x0, 0x0, 0xff, 0xde, 0xf2,
    0x1d, 0xa0, 0x0, 0x0, 0x0, 0x8f, 0xff, 0x90,
    0x0, 0x0, 0x0, 0x0, 0x0, 0x0, 0x0, 0x0,

    /* U+5143 "元" */
    0x0, 0x7a, 0xaa, 0xaa, 0xaa, 0xaa, 0xa7, 0x0,
    0x0, 0xaf, 0xff, 0xff, 0xff, 0xff, 0xfa, 0x0,
    0x0, 0x22, 0x22, 0x22, 0x22, 0x22, 0x22, 0x0,
    0x0, 0x0, 0x0, 0x0, 0x0, 0x0, 0x0, 0x0,
    0x0, 0x0, 0x0, 0x0, 0x0, 0x0, 0x0, 0x0,
    0x1f, 0xff, 0xff, 0xff, 0xff, 0xff, 0xff, 0xf2,
    0x1c, 0xcc, 0xef, 0xec, 0xdf, 0xfc, 0xcc, 0xc2,
    0x0, 0x0, 0x9f, 0x70, 0xf, 0xe0, 0x0, 0x0,
    0x0, 0x0, 0xbf, 0x40, 0xf, 0xe0, 0x0, 0x0,
    0x0, 0x1, 0xff, 0x10, 0xf, 0xe0, 0x1, 0x0,
    0x0, 0x8, 0xfb, 0x0, 0xf, 0xe0, 0x5, 0xf4,
    0x0, 0x7f, 0xf3, 0x0, 0xf, 0xf0, 0x7, 0xf5,
    0x2d, 0xff, 0x50, 0x0, 0xf, 0xfd, 0xcf, 0xf1,
    0xd, 0xd4, 0x0, 0x0, 0x6, 0xef, 0xff, 0x80,
    0x1, 0x0, 0x0, 0x0, 0x0, 0x0, 0x0, 0x0,

    /* U+5149 "光" */
    0x0, 0x1, 0x0, 0xf, 0xe0, 0x0, 0x30, 0x0,
    0x0, 0xbf, 0x10, 0xf, 0xe0, 0x1, 0xfe, 0x10,
    0x0, 0x8f, 0x90, 0xf, 0xe0, 0x6, 0xfb, 0x0,
    0x0, 0x1f, 0xf0, 0xf, 0xe0, 0xd, 0xf4, 0x0,
    0x0, 0xb, 0xf5, 0xf, 0xe0, 0x5f, 0xb0, 0x0,
    0x0, 0x4, 0x40, 0xf, 0xe0, 0x4, 0x20, 0x0,
    0x2b, 0xbb, 0xbb, 0xcf, 0xfb, 0xbb, 0xbb, 0xb2,
    0x2f, 0xff, 0xff, 0xff, 0xff, 0xff, 0xff, 0xf3,
    0x0, 0x0, 0x5f, 0xb0, 0xf, 0xf0, 0x0, 0x0,
    0x0, 0x0, 0x7f, 0x80, 0xf, 0xf0, 0x0, 0x0,
    0x0, 0x0, 0xdf, 0x50, 0xf, 0xf0, 0x0, 0x0,
    0x0, 0x6, 0xfe, 0x0, 0xf, 0xf0, 0x5, 0xc3,
    0x0, 0x8f, 0xf6, 0x0, 0xf, 0xf0, 0x6, 0xf5,
    0x4f, 0xff, 0x70, 0x0, 0xd, 0xfd, 0xce, 0xf2,
    0xb, 0xb3, 0x0, 0x0, 0x6, 0xef, 0xff, 0x80,
    0x0, 0x0, 0x0, 0x0, 0x0, 0x0, 0x0, 0x0,

    /* U+514B "克" */
    0x0, 0x0, 0x0, 0xf, 0xe0, 0x0, 0x0, 0x0,
    0x0, 0x0, 0x0, 0x1f, 0xe0, 0x0, 0x0, 0x0,
    0xe, 0xff, 0xff, 0xff, 0xff, 0xff, 0xff, 0xf0,
    0x9, 0xaa, 0xaa, 0xaf, 0xfa, 0xaa, 0xaa, 0xa0,
    0x0, 0x0, 0x0, 0x1f, 0xe0, 0x0, 0x0, 0x0,
    0x0, 0x3f, 0xff, 0xff, 0xff, 0xff, 0xf6, 0x0,
    0x0, 0x3f, 0xd9, 0x99, 0x99, 0x9d, 0xf6, 0x0,
    0x0, 0x3f, 0x90, 0x0, 0x0, 0x9, 0xf6, 0x0,
    0x0, 0x3f, 0xeb, 0xbb, 0xbb, 0xbe, 0xf6, 0x0,
    0x0, 0x3f, 0xff, 0xff, 0xff, 0xff, 0xf5, 0x0,
    0x0, 0x0, 0x3f, 0xd0, 0x3f, 0xb0, 0x0, 0x0,
    0x0, 0x0, 0xaf, 0x90, 0x3f, 0xb0, 0x4, 0x71,
    0x0, 0x1a, 0xff, 0x20, 0x3f, 0xb0, 0x7, 0xf5,
    0x3c, 0xff, 0xf5, 0x0, 0x2f, 0xfc, 0xcf, 0xf2,
    0xc, 0xfa, 0x20, 0x0, 0x9, 0xff, 0xff, 0x80,
    0x1, 0x0, 0x0, 0x0, 0x0, 0x0, 0x0, 0x0,

    /* U+514D "免" */
    0x0, 0x0, 0x38, 0x50, 0x0, 0x0, 0x0, 0x0,
    0x0, 0x0, 0xdf, 0xd8, 0x88, 0x50, 0x0, 0x0,
    0x0, 0xa, 0xff, 0xff, 0xff, 0xf2, 0x0, 0x0,
    0x0, 0xaf, 0xe2, 0x0, 0xaf, 0x80, 0x0, 0x0,
    0x1c, 0xff, 0xc9, 0x9a, 0xff, 0xa9, 0x99, 0x0,
    0x5f, 0xff, 0xff, 0xff, 0xff, 0xff, 0xff, 0x10,
    0x5, 0xef, 0x10, 0xe, 0xf3, 0x0, 0xff, 0x10,
    0x0, 0xdf, 0x10, 0xf, 0xf0, 0x0, 0xef, 0x10,
    0x0, 0xdf, 0xcb, 0xcf, 0xfb, 0xbb, 0xff, 0x10,
    0x0, 0xcf, 0xff, 0xff, 0xff, 0xff, 0xff, 0x10,
    0x0, 0x0, 0x2, 0xff, 0x7f, 0xb0, 0x0, 0x0,
    0x0, 0x0, 0x2d, 0xfa, 0x3f, 0xb0, 0x3, 0x30,
    0x0, 0x17, 0xff, 0xb0, 0x3f, 0xb0, 0x7, 0xf4,
    0x2b, 0xff, 0xf8, 0x0, 0x2f, 0xfb, 0xbf, 0xf1,
    0xc, 0xd8, 0x20, 0x0, 0xa, 0xff, 0xff, 0x80,
    0x0, 0x0, 0x0, 0x0, 0x0, 0x0, 0x0, 0x0,

    /* U+5154 "兔" */
    0x0, 0x0, 0x38, 0x40, 0x0, 0x0, 0x0, 0x0,
    0x0, 0x0, 0xcf, 0xd8, 0x89, 0x40, 0x0, 0x0,
    0x0, 0x9, 0xff, 0xff, 0xff, 0xe0, 0x0, 0x0,
    0x0, 0x7f, 0xe2, 0x1, 0xcf, 0x50, 0x0, 0x0,
    0x9, 0xff, 0xc9, 0x9b, 0xff, 0x99, 0x99, 0x0,
    0x6f, 0xff, 0xff, 0xff, 0xff, 0xff, 0xff, 0x10,
    0x6, 0xef, 0x10, 0xf, 0xf1, 0x0, 0xef, 0x10,
    0x0, 0xcf, 0x0, 0x1f, 0xe0, 0x0, 0xef, 0x10,
    0x0, 0xcf, 0xa9, 0xbf, 0xe9, 0x99, 0xff, 0x10,
    0x0, 0xcf, 0xff, 0xff, 0xff, 0xff, 0xff, 0x10,
    0x0, 0x0, 0x3, 0xff, 0xef, 0x4e, 0x80, 0x0,
    0x0, 0x0, 0x2e, 0xf7, 0xdf, 0x1b, 0xf8, 0x0,
    0x0, 0x18, 0xff, 0xa0, 0xdf, 0x10, 0x98, 0xe3,
    0x2c, 0xff, 0xe6, 0x0, 0xcf, 0xcb, 0xbe, 0xf2,
    0xc, 0xc7, 0x10, 0x0, 0x4d, 0xff, 0xff, 0x90,
    0x0, 0x0, 0x0, 0x0, 0x0, 0x0, 0x0, 0x0,

    /* U+5165 "入" */
    0x0, 0x0, 0x3, 0x0, 0x0, 0x0, 0x0, 0x0,
    0x0, 0x0, 0x2f, 0x90, 0x0, 0x0, 0x0, 0x0,
    0x0, 0x0, 0x4f, 0xf9, 0x0, 0x0, 0x0, 0x0,
    0x0, 0x0, 0x5, 0xff, 0x60, 0x0, 0x0, 0x0,
    0x0, 0x0, 0x0, 0x6f, 0xf1, 0x0, 0x0, 0x0,
    0x0, 0x0, 0x0, 0x6f, 0xfa, 0x0, 0x0, 0x0,
    0x0, 0x0, 0x0, 0xbf, 0xff, 0x40, 0x0, 0x0,
    0x0, 0x0, 0x1, 0xff, 0xaf, 0xd0, 0x0, 0x0,
    0x0, 0x0, 0x8, 0xfd, 0xd, 0xf7, 0x0, 0x0,
    0x0, 0x0, 0x1f, 0xf6, 0x4, 0xff, 0x20, 0x0,
    0x0, 0x0, 0xbf, 0xd0, 0x0, 0xbf, 0xc0, 0x0,
    0x0, 0x9, 0xff, 0x30, 0x0, 0x2f, 0xfa, 0x0,
    0x1, 0xaf, 0xf6, 0x0, 0x0, 0x6, 0xff, 0xc1,
    0x2e, 0xff, 0x80, 0x0, 0x0, 0x0, 0x8f, 0xf6,
    0x7, 0xe5, 0x0, 0x0, 0x0, 0x0, 0x5, 0xe0,
    0x0, 0x0, 0x0, 0x0, 0x0, 0x0, 0x0, 0x0,

    /* U+5168 "全" */
    0x0, 0x0, 0x0, 0x5, 0x40, 0x0, 0x0, 0x0,
    0x0, 0x0, 0x0, 0x3f, 0xf5, 0x0, 0x0, 0x0,
    0x0, 0x0, 0x3, 0xef, 0xff, 0x40, 0x0, 0x0,
    0x0, 0x0, 0x4f, 0xf7, 0x6f, 0xf6, 0x0, 0x0,
    0x0, 0x9, 0xff, 0x70, 0x5, 0xff, 0xa2, 0x0,
    0x7, 0xef, 0xe4, 0x0, 0x0, 0x3d, 0xff, 0x91,
    0x4f, 0xff, 0xdb, 0xbb, 0xbb, 0xbc, 0xff, 0xf7,
    0x6, 0x4c, 0xff, 0xff, 0xff, 0xff, 0xf3, 0x80,
    0x0, 0x0, 0x0, 0xe, 0xf0, 0x0, 0x0, 0x0,
    0x0, 0x0, 0x0, 0xf, 0xf1, 0x0, 0x0, 0x0,
    0x0, 0x9, 0xff, 0xff, 0xff, 0xff, 0xd0, 0x0,
    0x0, 0x5, 0x99, 0x9f, 0xfa, 0x99, 0x80, 0x0,
    0x0, 0x0, 0x0, 0xe, 0xf0, 0x0, 0x0, 0x0,
    0x7, 0xbb, 0xbb, 0xbf, 0xfb, 0xbb, 0xbb, 0xa0,
    0xa, 0xff, 0xff, 0xff, 0xff, 0xff, 0xff, 0xe0,

    /* U+5171 "共" */
    0x0, 0x0, 0xaf, 0x50, 0x0, 0xff, 0x0, 0x0,
    0x0, 0x0, 0xaf, 0x50, 0x0, 0xff, 0x0, 0x0,
    0x0, 0x0, 0xaf, 0x50, 0x0, 0xff, 0x0, 0x0,
    0x5, 0xbb, 0xef, 0xcb, 0xbb, 0xff, 0xbb, 0xb0,
    0x8, 0xff, 0xff, 0xff, 0xff, 0xff, 0xff, 0xf0,
    0x1, 0x22, 0xbf, 0x62, 0x22, 0xff, 0x22, 0x20,
    0x0, 0x0, 0xaf, 0x50, 0x0, 0xff, 0x0, 0x0,
    0x0, 0x0, 0xaf, 0x50, 0x0, 0xff, 0x0, 0x0,
    0xc, 0xcc, 0xef, 0xdc, 0xcc, 0xff, 0xcc, 0xc6,
    0x1f, 0xff, 0xff, 0xff, 0xff, 0xff, 0xff, 0xf7,
    0x0, 0x0, 0x13, 0x0, 0x0, 0x22, 0x0, 0x0,
    0x0, 0x0, 0xbf, 0xa0, 0x4, 0xfe, 0x40, 0x0,
    0x0, 0x2c, 0xfd, 0x20, 0x0, 0x8f, 0xf8, 0x0,
    0x7, 0xff, 0xc1, 0x0, 0x0, 0x5, 0xff, 0xb0,
    0x4, 0xe8, 0x0, 0x0, 0x0, 0x0, 0x3f, 0x91,
    0x0, 0x0, 0x0, 0x0, 0x0, 0x0, 0x0, 0x0,

    /* U+5173 "关" */
    0x0, 0x0, 0x10, 0x0, 0x0, 0x2, 0x0, 0x0,
    0x0, 0x6, 0xf7, 0x0, 0x0, 0x5f, 0xc0, 0x0,
    0x0, 0x1, 0xff, 0x10, 0x0, 0xdf, 0x60, 0x0,
    0x0, 0x11, 0x9f, 0x51, 0x16, 0xfd, 0x11, 0x0,
    0x0, 0xff, 0xff, 0xff, 0xff, 0xff, 0xff, 0x30,
    0x0, 0xbc, 0xcc, 0xcf, 0xfd, 0xcc, 0xcc, 0x20,
    0x0, 0x0, 0x0, 0xf, 0xf3, 0x0, 0x0, 0x0,
    0x0, 0x0, 0x0, 0xf, 0xf4, 0x0, 0x0, 0x0,
    0xf, 0xff, 0xff, 0xff, 0xff, 0xff, 0xff, 0xf0,
    0xd, 0xdd, 0xdd, 0xef, 0xff, 0xdd, 0xdd, 0xd0,
    0x0, 0x0, 0x0, 0xcf, 0xff, 0x30, 0x0, 0x0,
    0x0, 0x0, 0xa, 0xff, 0x9f, 0xe4, 0x0, 0x0,
    0x0, 0x4, 0xdf, 0xf7, 0x7, 0xff, 0x91, 0x0,
    0x17, 0xdf, 0xfe, 0x50, 0x0, 0x8f, 0xff, 0xb3,
    0x1d, 0xff, 0x81, 0x0, 0x0, 0x4, 0xdf, 0xd0,
    0x2, 0x50, 0x0, 0x0, 0x0, 0x0, 0x3, 0x30,

    /* U+518D "再" */
    0x9, 0xff, 0xff, 0xff, 0xff, 0xff, 0xff, 0xf0,
    0x7, 0xbb, 0xbb, 0xbf, 0xfc, 0xbb, 0xbb, 0xb0,
    0x0, 0x0, 0x0, 0xc, 0xf1, 0x0, 0x0, 0x0,
    0x0, 0x6f, 0xff, 0xff, 0xff, 0xff, 0xfd, 0x0,
    0x0, 0x6f, 0xdc, 0xcf, 0xfc, 0xcc, 0xfd, 0x0,
    0x0, 0x6f, 0x60, 0xc, 0xf1, 0x0, 0xfd, 0x0,
    0x0, 0x6f, 0xff, 0xff, 0xff, 0xff, 0xfd, 0x0,
    0x0, 0x6f, 0xca, 0xae, 0xfb, 0xaa, 0xfd, 0x0,
    0x0, 0x7f, 0x70, 0xc, 0xf1, 0x0, 0xfe, 0x0,
    0x4f, 0xff, 0xff, 0xff, 0xff, 0xff, 0xff, 0xfb,
    0x3b, 0xdf, 0xdb, 0xbb, 0xbb, 0xbc, 0xff, 0xb8,
    0x0, 0x6f, 0x60, 0x0, 0x0, 0x0, 0xfd, 0x0,
    0x0, 0x6f, 0x60, 0x0, 0x5, 0xcd, 0xfc, 0x0,
    0x0, 0x6f, 0x60, 0x0, 0x2, 0xff, 0xd4, 0x0,

    /* U+5192 "冒" */
    0x1f, 0xff, 0xff, 0xff, 0xff, 0xff, 0xf2, 0x1f,
    0xd5, 0x55, 0x55, 0x55, 0x5d, 0xf2, 0x1f, 0xb7,
    0xee, 0xee, 0xee, 0x7c, 0xf2, 0x1f, 0xb2, 0x44,
    0x44, 0x44, 0x2c, 0xf2, 0x1f, 0xb7, 0xff, 0xff,
    0xff, 0x7c, 0xf2, 0xb, 0x82, 0x44, 0x44, 0x44,
    0x28, 0xb1, 0x0, 0xcc, 0xcc, 0xcc, 0xcc, 0xcc,
    0x20, 0x0, 0xff, 0xcc, 0xcc, 0xcc, 0xff, 0x20,
    0x0, 0xfd, 0x55, 0x55, 0x55, 0xdf, 0x20, 0x0,
    0xff, 0xee, 0xee, 0xee, 0xff, 0x20, 0x0, 0xfe,
    0x66, 0x66, 0x66, 0xdf, 0x20, 0x0, 0xff, 0xdd,
    0xdd, 0xdd, 0xff, 0x20, 0x0, 0xfe, 0x66, 0x66,
    0x66, 0xdf, 0x20, 0x0, 0xff, 0xff, 0xff, 0xff,
    0xee, 0x20,

    /* U+51B0 "冰" */
    0x0, 0x0, 0x0, 0x0, 0xf, 0xe0, 0x0, 0x0,
    0x7, 0x40, 0x0, 0x0, 0xf, 0xe0, 0x0, 0x0,
    0x3f, 0xf9, 0x0, 0x0, 0xf, 0xe0, 0x0, 0x0,
    0x5, 0xff, 0x60, 0x0, 0xf, 0xf0, 0x7, 0x40,
    0x0, 0x29, 0x8c, 0xcd, 0x7f, 0xf3, 0x5f, 0xe1,
    0x0, 0x0, 0x9f, 0xff, 0x8f, 0xfb, 0xff, 0x30,
    0x0, 0x0, 0x0, 0x8f, 0x5f, 0xff, 0xf4, 0x0,
    0x0, 0x6, 0x0, 0xdf, 0x2f, 0xff, 0x60, 0x0,
    0x0, 0x7f, 0x62, 0xfc, 0xf, 0xfd, 0xd0, 0x0,
    0x1, 0xff, 0x19, 0xf7, 0xf, 0xe6, 0xf8, 0x0,
    0x9, 0xf7, 0x3f, 0xe0, 0xf, 0xe0, 0xef, 0x70,
    0x3f, 0xe3, 0xef, 0x60, 0xf, 0xe0, 0x3f, 0xf8,
    0x9, 0x60, 0xd8, 0x0, 0x1f, 0xe0, 0x4, 0xe1,
    0x0, 0x0, 0x10, 0x1f, 0xff, 0xd0, 0x0, 0x0,
    0x0, 0x0, 0x0, 0xa, 0xfc, 0x30, 0x0, 0x0,

    /* U+51B7 "冷" */
    0x0, 0x0, 0x0, 0x0, 0x5, 0x10, 0x0, 0x0,
    0x6, 0x50, 0x0, 0x0, 0x4f, 0xf0, 0x0, 0x0,
    0x2f, 0xf1, 0x0, 0x1, 0xef, 0xf8, 0x0, 0x0,
    0x9, 0xf9, 0x0, 0xc, 0xfb, 0xdf, 0x60, 0x0,
    0x1, 0xff, 0x11, 0xcf, 0xd0, 0x2f, 0xf7, 0x0,
    0x0, 0x87, 0x4d, 0xfe, 0x5b, 0x24, 0xff, 0xb1,
    0x0, 0x0, 0xdf, 0xc1, 0x4f, 0xe1, 0x4f, 0xf3,
    0x0, 0x0, 0x18, 0x10, 0x8, 0x70, 0x3, 0x40,
    0x0, 0x57, 0x15, 0xff, 0xff, 0xff, 0xfe, 0x30,
    0x0, 0xbf, 0x43, 0xbb, 0xbb, 0xbd, 0xfe, 0x10,
    0x2, 0xfe, 0x0, 0x0, 0x0, 0x2e, 0xf4, 0x0,
    0x8, 0xf9, 0x0, 0xb, 0x82, 0xef, 0x70, 0x0,
    0xe, 0xf3, 0x0, 0x2d, 0xff, 0xf8, 0x0, 0x0,
    0x6f, 0xd0, 0x0, 0x0, 0x8f, 0xf8, 0x0, 0x0,
    0x5, 0x40, 0x0, 0x0, 0x4, 0xef, 0x30, 0x0,
    0x0, 0x0, 0x0, 0x0, 0x0, 0x13, 0x0, 0x0,

    /* U+51BB "冻" */
    0x0, 0x0, 0x0, 0x5, 0xa5, 0x0, 0x0, 0x0,
    0x19, 0x30, 0x0, 0xb, 0xf6, 0x0, 0x0, 0x0,
    0x4f, 0xc0, 0x6b, 0xbf, 0xfc, 0xbb, 0xbb, 0xb0,
    0xb, 0xf6, 0x9f, 0xff, 0xff, 0xff, 0xff, 0xf1,
    0x3, 0xfe, 0x0, 0xaf, 0x63, 0x30, 0x0, 0x0,
    0x0, 0x83, 0x1, 0xfe, 0xe, 0xf0, 0x0, 0x0,
    0x0, 0x0, 0x7, 0xf8, 0xe, 0xf0, 0x0, 0x0,
    0x0, 0x0, 0x1f, 0xfd, 0xbf, 0xfb, 0xbb, 0x50,
    0x0, 0x32, 0xc, 0xff, 0xff, 0xff, 0xff, 0x60,
    0x0, 0xcf, 0x11, 0x0, 0xe, 0xf0, 0x0, 0x0,
    0x3, 0xfc, 0x5, 0xf9, 0xe, 0xf1, 0xdb, 0x0,
    0xb, 0xf5, 0xd, 0xf4, 0xe, 0xf0, 0xcf, 0x50,
    0x3f, 0xd0, 0x9f, 0xb0, 0xe, 0xf0, 0x3f, 0xd0,
    0x4e, 0x60, 0xae, 0x19, 0xcf, 0xe0, 0xb, 0xb1,
    0x0, 0x0, 0x1, 0x7, 0xfe, 0x60, 0x0, 0x0,
    0x0, 0x0, 0x0, 0x0, 0x0, 0x0, 0x0, 0x0,

    /* U+51C9 "凉" */
    0x0, 0x0, 0x0, 0x0, 0x16, 0x30, 0x0, 0x0,
    0x19, 0x60, 0x0, 0x0, 0x6f, 0xb0, 0x0, 0x0,
    0x2f, 0xe0, 0x4d, 0xdd, 0xdf, 0xfd, 0xdd, 0xd0,
    0xa, 0xf7, 0x5f, 0xff, 0xff, 0xff, 0xff, 0xf0,
    0x3, 0xfe, 0x0, 0x0, 0x0, 0x0, 0x0, 0x0,
    0x0, 0xdc, 0x17, 0xff, 0xff, 0xff, 0xff, 0x0,
    0x0, 0x20, 0x7, 0xfb, 0x88, 0x88, 0xff, 0x0,
    0x0, 0x0, 0x7, 0xf6, 0x0, 0x0, 0xef, 0x0,
    0x0, 0x68, 0x17, 0xff, 0xff, 0xff, 0xff, 0x0,
    0x0, 0xdf, 0x34, 0x88, 0xaf, 0xe8, 0x88, 0x0,
    0x3, 0xfd, 0x5, 0xc4, 0x2f, 0xd1, 0x99, 0x0,
    0xa, 0xf7, 0xd, 0xf2, 0x2f, 0xd0, 0xcf, 0x30,
    0x2f, 0xf1, 0xaf, 0x90, 0x2f, 0xd0, 0x4f, 0xc0,
    0x4d, 0x90, 0xbd, 0x3b, 0xcf, 0xc0, 0xb, 0x90,
    0x0, 0x0, 0x1, 0xd, 0xfd, 0x50, 0x0, 0x0,

    /* U+51E0 "几" */
    0x0, 0x1, 0xff, 0xff, 0xff, 0xff, 0x0, 0x0,
    0x0, 0x1, 0xff, 0xdd, 0xdd, 0xff, 0x0, 0x0,
    0x0, 0x1, 0xfe, 0x0, 0x0, 0xff, 0x0, 0x0,
    0x0, 0x1, 0xfe, 0x0, 0x0, 0xff, 0x0, 0x0,
    0x0, 0x1, 0xfe, 0x0, 0x0, 0xff, 0x0, 0x0,
    0x0, 0x2, 0xfe, 0x0, 0x0, 0xff, 0x0, 0x0,
    0x0, 0x2, 0xfd, 0x0, 0x0, 0xff, 0x0, 0x0,
    0x0, 0x4, 0xfc, 0x0, 0x0, 0xff, 0x0, 0x0,
    0x0, 0x7, 0xf8, 0x0, 0x0, 0xff, 0x0, 0x0,
    0x0, 0xc, 0xf5, 0x0, 0x0, 0xff, 0x1, 0x92,
    0x0, 0x4f, 0xe0, 0x0, 0x0, 0xff, 0x2, 0xfa,
    0x1, 0xdf, 0x80, 0x0, 0x0, 0xef, 0x4, 0xf8,
    0x1d, 0xfd, 0x10, 0x0, 0x0, 0xdf, 0xee, 0xf4,
    0xb, 0xe1, 0x0, 0x0, 0x0, 0x5e, 0xff, 0xa0,
    0x0, 0x10, 0x0, 0x0, 0x0, 0x0, 0x0, 0x0,

    /* U+51FA "出" */
    0x0, 0x0, 0x3, 0xfe, 0x0, 0x0, 0x0, 0x0,
    0x0, 0x3, 0xfe, 0x0, 0x0, 0x0, 0xf, 0xf0,
    0x3, 0xfe, 0x0, 0x3f, 0xd0, 0xf, 0xf0, 0x3,
    0xfe, 0x0, 0x3f, 0xd0, 0xf, 0xf0, 0x3, 0xfe,
    0x0, 0x3f, 0xd0, 0xf, 0xf1, 0x3, 0xfe, 0x0,
    0x4f, 0xd0, 0xf, 0xff, 0xff, 0xff, 0xff, 0xff,
    0xd0, 0xc, 0xcc, 0xcd, 0xff, 0xcc, 0xcc, 0xa0,
    0xce, 0x40, 0x3, 0xfe, 0x0, 0x9, 0xe7, 0xdf,
    0x40, 0x3, 0xfe, 0x0, 0x9, 0xf8, 0xdf, 0x40,
    0x3, 0xfe, 0x0, 0x9, 0xf8, 0xdf, 0x40, 0x3,
    0xfe, 0x0, 0x9, 0xf8, 0xdf, 0xdb, 0xbc, 0xff,
    0xbb, 0xbe, 0xf8, 0xdf, 0xff, 0xff, 0xff, 0xff,
    0xff, 0xf8, 0x12, 0x22, 0x22, 0x22, 0x22, 0x2a,
    0xf8,

    /* U+5200 "刀" */
    0xb, 0xff, 0xff, 0xff, 0xff, 0xff, 0xff, 0x60,
    0xbf, 0xff, 0xff, 0xff, 0xff, 0xff, 0xf6, 0x0,
    0x0, 0x4, 0xfd, 0x0, 0x0, 0xaf, 0x60, 0x0,
    0x0, 0x6f, 0xc0, 0x0, 0xa, 0xf5, 0x0, 0x0,
    0x7, 0xfa, 0x0, 0x0, 0xbf, 0x40, 0x0, 0x0,
    0xbf, 0x70, 0x0, 0xc, 0xf4, 0x0, 0x0, 0xf,
    0xf3, 0x0, 0x0, 0xdf, 0x30, 0x0, 0x5, 0xfe,
    0x0, 0x0, 0xe, 0xf2, 0x0, 0x0, 0xdf, 0x80,
    0x0, 0x0, 0xff, 0x10, 0x0, 0xbf, 0xe1, 0x0,
    0x0, 0x2f, 0xf0, 0x1, 0xcf, 0xf4, 0x0, 0x0,
    0x8, 0xfd, 0x4, 0xff, 0xf5, 0x0, 0x7, 0xff,
    0xff, 0x80, 0xb, 0xc3, 0x0, 0x0, 0x2f, 0xfe,
    0x90, 0x0, 0x0, 0x0, 0x0, 0x0, 0x0, 0x0,
    0x0,

    /* U+5206 "分" */
    0x0, 0x0, 0x14, 0x0, 0x0, 0x40, 0x0, 0x0,
    0x0, 0x0, 0x9f, 0xc0, 0x8, 0xf8, 0x0, 0x0,
    0x0, 0x2, 0xff, 0x40, 0x1, 0xff, 0x30, 0x0,
    0x0, 0xa, 0xfc, 0x0, 0x0, 0x7f, 0xd0, 0x0,
    0x0, 0x6f, 0xf2, 0x0, 0x0, 0xc, 0xfb, 0x0,
    0x5, 0xff, 0x70, 0x0, 0x0, 0x1, 0xef, 0xa0,
    0x2f, 0xff, 0xdd, 0xdd, 0xdd, 0xdd, 0xff, 0xf3,
    0x5, 0xae, 0xff, 0xff, 0xff, 0xff, 0xf7, 0x40,
    0x0, 0x0, 0x7, 0xfa, 0x0, 0xf, 0xf0, 0x0,
    0x0, 0x0, 0xa, 0xf6, 0x0, 0xf, 0xf0, 0x0,
    0x0, 0x0, 0x2f, 0xf1, 0x0, 0x1f, 0xe0, 0x0,
    0x0, 0x0, 0xbf, 0xa0, 0x0, 0x2f, 0xd0, 0x0,
    0x0, 0x3c, 0xfe, 0x10, 0x0, 0x6f, 0xb0, 0x0,
    0xa, 0xff, 0xe2, 0x1, 0xed, 0xff, 0x70, 0x0,
    0x4, 0xf9, 0x10, 0x0, 0xcf, 0xfa, 0x0, 0x0,
    0x0, 0x10, 0x0, 0x0, 0x0, 0x0, 0x0, 0x0,

    /* U+5212 "划" */
    0x0, 0xbf, 0x36, 0x50, 0x0, 0x0, 0x1d, 0xa0,
    0xa, 0xf6, 0xff, 0x50, 0x0, 0x1, 0xfc, 0x0,
    0x9f, 0x44, 0xff, 0x11, 0xda, 0x1f, 0xc0, 0x9,
    0xf5, 0x6, 0x50, 0x1f, 0xb1, 0xfc, 0x13, 0xaf,
    0xba, 0xce, 0xf5, 0xfb, 0x1f, 0xc9, 0xff, 0xff,
    0xff, 0xed, 0x5f, 0xb1, 0xfc, 0x59, 0xaf, 0xb2,
    0x36, 0x11, 0xfb, 0x1f, 0xc0, 0x2, 0xfc, 0xc,
    0xf6, 0x1f, 0xb1, 0xfc, 0x0, 0xf, 0xf5, 0xfd,
    0x1, 0xfb, 0x1f, 0xc0, 0x0, 0xcf, 0xff, 0x40,
    0x1f, 0xb1, 0xfc, 0x0, 0x8, 0xff, 0x70, 0x1,
    0xfb, 0x1f, 0xc0, 0x3, 0xdf, 0xe0, 0x1e, 0x30,
    0x1, 0xfc, 0x8, 0xff, 0xef, 0x74, 0xf6, 0x0,
    0x1f, 0xc5, 0xff, 0x52, 0xff, 0xff, 0x24, 0xbd,
    0xfa, 0x7, 0x20, 0x4, 0xdf, 0x80, 0x1f, 0xfe,
    0x40, 0x0, 0x0, 0x0, 0x0, 0x0, 0x11, 0x0,

    /* U+521A "刚" */
    0x0, 0x0, 0x0, 0x0, 0x0, 0x0, 0xce, 0xcf,
    0xff, 0xff, 0xff, 0x90, 0x0, 0xce, 0xcf, 0xaa,
    0xaa, 0xbf, 0x98, 0xf1, 0xce, 0xcf, 0x11, 0xb,
    0x6f, 0x99, 0xf1, 0xce, 0xcf, 0xe9, 0x3f, 0x6f,
    0x99, 0xf1, 0xce, 0xcf, 0x9f, 0x9f, 0x2f, 0x99,
    0xf1, 0xce, 0xcf, 0x1f, 0xfc, 0x1f, 0x99, 0xf1,
    0xce, 0xcf, 0x9, 0xf7, 0x1f, 0x99, 0xf1, 0xce,
    0xcf, 0x7, 0xf8, 0x1f, 0x99, 0xf1, 0xce, 0xcf,
    0xe, 0xff, 0x2f, 0x99, 0xf1, 0xce, 0xcf, 0x5f,
    0x9f, 0x7f, 0x99, 0xf1, 0xce, 0xcf, 0xdd, 0xe,
    0x8f, 0x92, 0x30, 0xce, 0xcf, 0xb5, 0x1, 0x1f,
    0x90, 0x0, 0xce, 0xcf, 0x0, 0x29, 0xaf, 0x81,
    0xbb, 0xfd, 0xcf, 0x0, 0xf, 0xfc, 0x20, 0xde,
    0xc4, 0x0, 0x0, 0x0, 0x0, 0x0, 0x0, 0x0,

    /* U+522B "别" */
    0xa, 0xff, 0xff, 0xff, 0x0, 0x0, 0x1f, 0xc0,
    0xaf, 0xaa, 0xaf, 0xf0, 0x2d, 0x81, 0xfc, 0xa,
    0xf0, 0x0, 0xdf, 0x3, 0xfa, 0x1f, 0xc0, 0xaf,
    0x10, 0xe, 0xf0, 0x3f, 0xa1, 0xfc, 0xa, 0xff,
    0xff, 0xff, 0x3, 0xfa, 0x1f, 0xc0, 0x7b, 0xbb,
    0xbb, 0xa0, 0x3f, 0xa1, 0xfc, 0x0, 0xb, 0xf1,
    0x0, 0x3, 0xfa, 0x1f, 0xc1, 0xff, 0xff, 0xff,
    0xf6, 0x3f, 0xa1, 0xfc, 0x19, 0x9f, 0xf9, 0xdf,
    0x53, 0xfa, 0x1f, 0xc0, 0x2, 0xfb, 0x9, 0xf4,
    0x3f, 0xa1, 0xfc, 0x0, 0x8f, 0x70, 0xaf, 0x30,
    0x21, 0x1f, 0xc0, 0x2e, 0xf1, 0xd, 0xf2, 0x0,
    0x1, 0xfc, 0x3e, 0xf7, 0x8c, 0xff, 0x0, 0x2c,
    0xdf, 0xb2, 0xe7, 0x6, 0xfe, 0x60, 0x0, 0xff,
    0xf5, 0x0, 0x0, 0x0, 0x0, 0x0, 0x1, 0x10,
    0x0,

    /* U+5230 "到" */
    0x0, 0x0, 0x0, 0x0, 0x0, 0x0, 0xf, 0xd0,
    0xff, 0xff, 0xff, 0xff, 0x50, 0x0, 0xfd, 0xa,
    0xaf, 0xfa, 0xbb, 0xa4, 0xfb, 0xf, 0xd0, 0x5,
    0xfa, 0x1e, 0xa0, 0xf, 0xb0, 0xfd, 0x0, 0xdf,
    0x20, 0xcf, 0x40, 0xfb, 0xf, 0xd0, 0x7f, 0xfc,
    0xce, 0xfc, 0xf, 0xb0, 0xfd, 0x4, 0xff, 0xdb,
    0xac, 0xe2, 0xfb, 0xf, 0xd0, 0x1, 0x8, 0xb1,
    0x10, 0xf, 0xb0, 0xfd, 0x2, 0x44, 0xcf, 0x64,
    0x40, 0xfb, 0xf, 0xd0, 0x9f, 0xff, 0xff, 0xff,
    0xf, 0xb0, 0xfd, 0x3, 0x55, 0xcf, 0x65, 0x50,
    0xfb, 0xf, 0xd0, 0x0, 0xa, 0xf1, 0x3, 0x19,
    0x70, 0xfd, 0x2, 0x46, 0xdf, 0xef, 0xf3, 0x0,
    0xf, 0xd0, 0xff, 0xff, 0xeb, 0x85, 0x12, 0xcd,
    0xfc, 0x7, 0x74, 0x10, 0x0, 0x0, 0xe, 0xfc,
    0x40, 0x0, 0x0, 0x0, 0x0, 0x0, 0x0, 0x0,

    /* U+5237 "刷" */
    0x9, 0xff, 0xff, 0xff, 0xf0, 0x43, 0xe, 0xd0,
    0x9f, 0xba, 0xaa, 0xff, 0x2f, 0xa0, 0xed, 0x9,
    0xf1, 0x0, 0xc, 0xf2, 0xfa, 0xe, 0xd0, 0x9f,
    0xcb, 0xbb, 0xff, 0x2f, 0xa0, 0xed, 0x9, 0xff,
    0xff, 0xff, 0xe2, 0xfa, 0xe, 0xd0, 0xaf, 0x10,
    0xea, 0x0, 0x2f, 0xa0, 0xed, 0xa, 0xfa, 0x9f,
    0xd9, 0x93, 0xfa, 0xe, 0xd0, 0xbf, 0xff, 0xff,
    0xff, 0x3f, 0xa0, 0xed, 0xc, 0xff, 0x4e, 0xa6,
    0xf3, 0xfa, 0xe, 0xd0, 0xdd, 0xf4, 0xea, 0x6f,
    0x3f, 0xa0, 0xed, 0xf, 0xbf, 0x4e, 0xa6, 0xf1,
    0x32, 0xe, 0xd3, 0xf7, 0xf4, 0xec, 0xef, 0x0,
    0x0, 0xfd, 0x9f, 0x2a, 0x3e, 0xa8, 0x40, 0x2e,
    0xef, 0xc1, 0x70, 0x0, 0xea, 0x0, 0x0, 0xdf,
    0xc4,

    /* U+523B "刻" */
    0x0, 0x0, 0x2, 0x0, 0x0, 0x0, 0x0, 0x0,
    0x0, 0x0, 0xdf, 0x10, 0x0, 0x0, 0xc, 0xf1,
    0x0, 0x0, 0x8f, 0x70, 0x0, 0x0, 0xc, 0xf1,
    0x1d, 0xdd, 0xef, 0xfd, 0xdb, 0x7f, 0x3c, 0xf1,
    0x1e, 0xef, 0xff, 0xee, 0xec, 0x7f, 0x3c, 0xf1,
    0x0, 0xd, 0xf4, 0x6, 0x20, 0x7f, 0x3c, 0xf1,
    0x1, 0xcf, 0x50, 0x6f, 0x90, 0x7f, 0x3c, 0xf1,
    0xb, 0xff, 0xff, 0xfe, 0x10, 0x7f, 0x3c, 0xf1,
    0x6, 0xca, 0xbf, 0xf5, 0x61, 0x7f, 0x3c, 0xf1,
    0x0, 0x3, 0xef, 0x68, 0xfa, 0x7f, 0x3c, 0xf1,
    0x0, 0x8f, 0xf6, 0x5f, 0xd0, 0x7f, 0x3c, 0xf1,
    0xb, 0xfe, 0x46, 0xff, 0x20, 0x7f, 0x3c, 0xf1,
    0x2, 0x91, 0x9f, 0xfe, 0x20, 0x0, 0xc, 0xf1,
    0x0, 0x5d, 0xfd, 0x7f, 0xf5, 0x0, 0xd, 0xf1,
    0xc, 0xff, 0xa0, 0x3, 0xfd, 0x1c, 0xcf, 0xf0,
    0x6, 0xc4, 0x0, 0x0, 0x31, 0xc, 0xfd, 0x60,
    0x0, 0x0, 0x0, 0x0, 0x0, 0x0, 0x0, 0x0,

    /* U+524D "前" */
    0x0, 0x0, 0x40, 0x0, 0x0, 0x5, 0x10, 0x0,
    0x0, 0xc, 0xf8, 0x0, 0x0, 0x6f, 0xe0, 0x0,
    0x0, 0x3, 0xfe, 0x10, 0x1, 0xef, 0x50, 0x0,
    0x3f, 0xff, 0xff, 0xff, 0xff, 0xff, 0xff, 0xf3,
    0x2a, 0xaa, 0xaa, 0xaa, 0xaa, 0xaa, 0xaa, 0xa2,
    0x2, 0x55, 0x55, 0x55, 0x0, 0x0, 0x7f, 0x50,
    0x5, 0xff, 0xff, 0xff, 0xa, 0xf1, 0x7f, 0x60,
    0x5, 0xfa, 0x66, 0xef, 0xa, 0xf1, 0x7f, 0x60,
    0x5, 0xfc, 0x99, 0xff, 0xa, 0xf1, 0x7f, 0x60,
    0x5, 0xfe, 0xcc, 0xff, 0xa, 0xf1, 0x7f, 0x60,
    0x5, 0xf8, 0x22, 0xef, 0xa, 0xf1, 0x7f, 0x60,
    0x5, 0xff, 0xff, 0xff, 0xa, 0xf1, 0x7f, 0x60,
    0x5, 0xf8, 0x33, 0xef, 0x5, 0x70, 0x7f, 0x60,
    0x5, 0xf6, 0x48, 0xfe, 0x0, 0x7b, 0xef, 0x40,
    0x5, 0xf6, 0x3f, 0xf7, 0x0, 0x4f, 0xfa, 0x0,
    0x0, 0x0, 0x0, 0x0, 0x0, 0x0, 0x0, 0x0,

    /* U+5269 "剩" */
    0x0, 0x0, 0x0, 0x0, 0x0, 0x0, 0x0, 0x0,
    0x1, 0x24, 0x69, 0xdc, 0x0, 0x0, 0xdf, 0xb,
    0xff, 0xff, 0xff, 0xc3, 0x0, 0xd, 0xf0, 0x47,
    0x7a, 0xf6, 0x0, 0x5, 0xc3, 0xdf, 0x2c, 0xcc,
    0xef, 0xdc, 0xcc, 0x7f, 0x3d, 0xf2, 0xcc, 0xce,
    0xfd, 0xcc, 0xc7, 0xf3, 0xdf, 0x0, 0x6c, 0x7f,
    0x6d, 0x30, 0x7f, 0x3d, 0xf0, 0xef, 0xe7, 0xf6,
    0xfe, 0xb7, 0xf3, 0xdf, 0x5, 0xae, 0x7f, 0x6f,
    0xa1, 0x7f, 0x3d, 0xf1, 0xae, 0xe7, 0xf6, 0xf6,
    0xe8, 0xf3, 0xdf, 0xa, 0xbe, 0xaf, 0x5d, 0xfc,
    0x7f, 0x3d, 0xf0, 0x0, 0x8f, 0xfe, 0x60, 0x7,
    0xf3, 0xdf, 0x0, 0x4f, 0xff, 0xef, 0xc3, 0x12,
    0xd, 0xf0, 0x8f, 0xe9, 0xf5, 0x7f, 0xb0, 0x0,
    0xdf, 0x2f, 0xe3, 0x7f, 0x40, 0x52, 0xa, 0xbf,
    0xe0, 0x41, 0x7, 0xf4, 0x0, 0x0, 0xbf, 0xe6,
    0x0, 0x0, 0x0, 0x0, 0x0, 0x0, 0x10, 0x0,

    /* U+526A "剪" */
    0x0, 0x1, 0x75, 0x0, 0x0, 0x67, 0x10, 0x0,
    0x1, 0x12, 0xfe, 0x21, 0x13, 0xfe, 0x21, 0x10,
    0xf, 0xff, 0xff, 0xff, 0xff, 0xff, 0xff, 0xf0,
    0x4, 0x55, 0x55, 0x55, 0x44, 0x44, 0x77, 0x40,
    0x0, 0xff, 0xff, 0xfd, 0xb, 0x90, 0xec, 0x0,
    0x0, 0xfc, 0x66, 0xdd, 0xe, 0xb0, 0xec, 0x0,
    0x0, 0xfc, 0x88, 0xdd, 0xe, 0xb0, 0xec, 0x0,
    0x0, 0xff, 0xee, 0xfd, 0xe, 0xb0, 0xec, 0x0,
    0x0, 0xf9, 0x5, 0xdd, 0x0, 0x26, 0xfc, 0x0,
    0x0, 0xe8, 0x8, 0xd7, 0x0, 0x2f, 0xe6, 0x0,
    0x5, 0x88, 0x88, 0x88, 0x88, 0x88, 0x88, 0x10,
    0xa, 0xff, 0xff, 0xff, 0xff, 0xff, 0xff, 0x10,
    0x0, 0x0, 0x1a, 0xf9, 0x0, 0x0, 0xfe, 0x0,
    0x8, 0xad, 0xff, 0xb1, 0x8, 0x8b, 0xfa, 0x0,
    0xb, 0xfd, 0x93, 0x0, 0xb, 0xff, 0xc2, 0x0,
    0x0, 0x0, 0x0, 0x0, 0x0, 0x0, 0x0, 0x0,

    /* U+52A8 "动" */
    0x0, 0x0, 0x0, 0x0, 0x1, 0xfc, 0x0, 0x0,
    0x0, 0x11, 0x11, 0x10, 0x1, 0xfc, 0x0, 0x0,
    0x9, 0xff, 0xff, 0xfa, 0x1, 0xfc, 0x0, 0x0,
    0x5, 0x99, 0x99, 0x95, 0x1, 0xfc, 0x0, 0x0,
    0x0, 0x0, 0x0, 0x0, 0xdf, 0xff, 0xff, 0xf3,
    0x1a, 0xaa, 0xaa, 0xaa, 0x9b, 0xfe, 0xae, 0xf3,
    0x2f, 0xff, 0xff, 0xfe, 0x4, 0xf9, 0xa, 0xf2,
    0x0, 0x5f, 0xa0, 0x0, 0x5, 0xf8, 0xb, 0xf2,
    0x0, 0x8f, 0x44, 0xd2, 0x7, 0xf6, 0xb, 0xf1,
    0x0, 0xde, 0x2, 0xf8, 0xa, 0xf3, 0xc, 0xf1,
    0x3, 0xfa, 0x37, 0xfe, 0x1f, 0xf0, 0xd, 0xf0,
    0xb, 0xff, 0xff, 0xff, 0xaf, 0xb0, 0xf, 0xe0,
    0xc, 0xfc, 0x73, 0x28, 0xff, 0x40, 0x2f, 0xc0,
    0x3, 0x10, 0x0, 0x9, 0xfc, 0x7d, 0xff, 0x90,
    0x0, 0x0, 0x0, 0x2, 0xd2, 0x3f, 0xfc, 0x10,
    0x0, 0x0, 0x0, 0x0, 0x0, 0x0, 0x0, 0x0,

    /* U+5305 "包" */
    0x0, 0x0, 0x89, 0x30, 0x0, 0x0, 0x0, 0x0,
    0x0, 0x2, 0xff, 0x30, 0x0, 0x0, 0x0, 0x0,
    0x0, 0xb, 0xff, 0xaa, 0xaa, 0xaa, 0xaa, 0x20,
    0x0, 0x6f, 0xff, 0xff, 0xff, 0xff, 0xff, 0x20,
    0x4, 0xff, 0x51, 0x11, 0x11, 0x11, 0xcf, 0x20,
    0x4f, 0xff, 0x99, 0x99, 0x98, 0x0, 0xcf, 0x10,
    0x9, 0xaf, 0xff, 0xff, 0xfd, 0x0, 0xdf, 0x10,
    0x0, 0xf, 0xe0, 0x1, 0xfd, 0x0, 0xef, 0x0,
    0x0, 0xf, 0xe1, 0x12, 0xfd, 0x0, 0xff, 0x0,
    0x0, 0xf, 0xff, 0xff, 0xfd, 0x25, 0xfd, 0x0,
    0x0, 0xf, 0xf9, 0x99, 0x98, 0xdf, 0xf9, 0x0,
    0x0, 0xf, 0xe0, 0x0, 0x0, 0x69, 0x73, 0x30,
    0x0, 0xe, 0xf1, 0x0, 0x0, 0x0, 0x9, 0xf5,
    0x0, 0xb, 0xfe, 0xcc, 0xcc, 0xcc, 0xdf, 0xf2,
    0x0, 0x2, 0xae, 0xff, 0xff, 0xff, 0xfd, 0x50,

    /* U+5317 "北" */
    0x0, 0x0, 0x1f, 0xe0, 0xf, 0xe0, 0x0, 0x0,
    0x0, 0x0, 0x1f, 0xe0, 0xf, 0xe0, 0x0, 0x0,
    0x0, 0x0, 0x1f, 0xe0, 0xf, 0xe0, 0x0, 0x0,
    0x0, 0x0, 0x1f, 0xe0, 0xf, 0xe0, 0x9, 0xb0,
    0xb, 0xdd, 0xdf, 0xe0, 0xf, 0xe1, 0xcf, 0xf4,
    0xd, 0xff, 0xff, 0xe0, 0xf, 0xfe, 0xfe, 0x50,
    0x0, 0x0, 0x1f, 0xe0, 0xf, 0xff, 0x80, 0x0,
    0x0, 0x0, 0x1f, 0xe0, 0xf, 0xf1, 0x0, 0x0,
    0x0, 0x0, 0x1f, 0xe0, 0xf, 0xe0, 0x0, 0x0,
    0x0, 0x0, 0x1f, 0xe0, 0xf, 0xe0, 0x0, 0x0,
    0x0, 0x39, 0xef, 0xe0, 0xf, 0xe0, 0x0, 0xc5,
    0x3e, 0xff, 0xff, 0xe0, 0xf, 0xe0, 0x0, 0xfc,
    0xe, 0xd7, 0x2f, 0xe0, 0xf, 0xf0, 0x3, 0xfa,
    0x2, 0x0, 0x1f, 0xe0, 0xe, 0xfe, 0xef, 0xf6,
    0x0, 0x0, 0x1f, 0xe0, 0x5, 0xef, 0xff, 0xb0,

    /* U+5319 "匙" */
    0x6, 0xcc, 0xcc, 0xcc, 0x48, 0xf4, 0x0, 0x0,
    0x8, 0xf8, 0x77, 0xbf, 0x58, 0xf4, 0x0, 0x0,
    0x8, 0xff, 0xff, 0xff, 0x58, 0xf4, 0x8, 0x70,
    0x8, 0xf5, 0x33, 0x8f, 0x58, 0xf8, 0xdf, 0xd1,
    0x8, 0xff, 0xff, 0xff, 0x58, 0xff, 0xe6, 0x0,
    0x2, 0x44, 0x44, 0x44, 0x18, 0xf8, 0x0, 0x0,
    0x3f, 0xff, 0xff, 0xff, 0xe8, 0xf4, 0x0, 0x0,
    0x29, 0x99, 0xef, 0x99, 0x88, 0xf4, 0x0, 0x0,
    0x5, 0xa1, 0xdf, 0x0, 0x8, 0xf4, 0x2, 0xe4,
    0x8, 0xf2, 0xdf, 0xff, 0x98, 0xf6, 0x5, 0xf6,
    0xa, 0xf6, 0xdf, 0x99, 0x55, 0xff, 0xff, 0xf2,
    0xe, 0xff, 0xef, 0x0, 0x0, 0x7a, 0xaa, 0x50,
    0x5f, 0xaa, 0xff, 0xcb, 0xa9, 0x99, 0x99, 0xa5,
    0x2e, 0x30, 0x4a, 0xdf, 0xff, 0xff, 0xff, 0xf3,
    0x1, 0x0, 0x0, 0x0, 0x0, 0x0, 0x0, 0x0,

    /* U+533E "匾" */
    0xdf, 0xff, 0xff, 0xff, 0xff, 0xff, 0xfc, 0xd,
    0xf9, 0x88, 0x88, 0x9d, 0x88, 0x88, 0x60, 0xdf,
    0x12, 0x33, 0x3e, 0xf6, 0x33, 0x30, 0xd, 0xf1,
    0xbf, 0xff, 0xff, 0xff, 0xff, 0x0, 0xdf, 0x1c,
    0xe2, 0x22, 0x22, 0x2b, 0xf0, 0xd, 0xf1, 0xcf,
    0xff, 0xff, 0xff, 0xff, 0x0, 0xdf, 0x1d, 0xe5,
    0x55, 0x55, 0x55, 0x51, 0xd, 0xf1, 0xff, 0xfe,
    0xfe, 0xef, 0xef, 0x30, 0xdf, 0x3f, 0xdf, 0x5f,
    0x78, 0xe5, 0xf3, 0xd, 0xf8, 0xf9, 0xff, 0xff,
    0xff, 0xff, 0x30, 0xdf, 0xee, 0x5f, 0x1e, 0x45,
    0xe5, 0xf3, 0xd, 0xf7, 0x74, 0xf1, 0xa3, 0x3a,
    0xcc, 0x10, 0xdf, 0xa9, 0x99, 0x99, 0x99, 0x99,
    0x99, 0x1c, 0xff, 0xff, 0xff, 0xff, 0xff, 0xff,
    0xf2,

    /* U+5341 "十" */
    0x0, 0x0, 0x0, 0xe, 0xf2, 0x0, 0x0, 0x0,
    0x0, 0x0, 0x0, 0xe, 0xf2, 0x0, 0x0, 0x0,
    0x0, 0x0, 0x0, 0xe, 0xf2, 0x0, 0x0, 0x0,
    0x0, 0x0, 0x0, 0xe, 0xf2, 0x0, 0x0, 0x0,
    0x0, 0x0, 0x0, 0xe, 0xf2, 0x0, 0x0, 0x0,
    0x0, 0x0, 0x0, 0xe, 0xf2, 0x0, 0x0, 0x0,
    0x1e, 0xee, 0xee, 0xef, 0xff, 0xee, 0xee, 0xe6,
    0x1f, 0xff, 0xff, 0xff, 0xff, 0xff, 0xff, 0xf6,
    0x0, 0x0, 0x0, 0xe, 0xf3, 0x0, 0x0, 0x0,
    0x0, 0x0, 0x0, 0xe, 0xf2, 0x0, 0x0, 0x0,
    0x0, 0x0, 0x0, 0xe, 0xf2, 0x0, 0x0, 0x0,
    0x0, 0x0, 0x0, 0xe, 0xf2, 0x0, 0x0, 0x0,
    0x0, 0x0, 0x0, 0xe, 0xf2, 0x0, 0x0, 0x0,
    0x0, 0x0, 0x0, 0xe, 0xf2, 0x0, 0x0, 0x0,
    0x0, 0x0, 0x0, 0xe, 0xf2, 0x0, 0x0, 0x0,

    /* U+5343 "千" */
    0x0, 0x0, 0x0, 0x0, 0x0, 0x0, 0x10, 0x0,
    0x0, 0x0, 0x0, 0x2, 0x58, 0xbf, 0xf3, 0x0,
    0x1, 0x9b, 0xdf, 0xff, 0xff, 0xff, 0xb6, 0x0,
    0x0, 0xef, 0xfd, 0xbf, 0xf6, 0x20, 0x0, 0x0,
    0x0, 0x10, 0x0, 0xe, 0xf1, 0x0, 0x0, 0x0,
    0x0, 0x0, 0x0, 0xe, 0xf1, 0x0, 0x0, 0x0,
    0x1, 0x11, 0x11, 0x1f, 0xf3, 0x11, 0x11, 0x10,
    0x1f, 0xff, 0xff, 0xff, 0xff, 0xff, 0xff, 0xf6,
    0xc, 0xcc, 0xcc, 0xcf, 0xfc, 0xcc, 0xcc, 0xc5,
    0x0, 0x0, 0x0, 0xe, 0xf1, 0x0, 0x0, 0x0,
    0x0, 0x0, 0x0, 0xe, 0xf1, 0x0, 0x0, 0x0,
    0x0, 0x0, 0x0, 0xe, 0xf1, 0x0, 0x0, 0x0,
    0x0, 0x0, 0x0, 0xe, 0xf1, 0x0, 0x0, 0x0,
    0x0, 0x0, 0x0, 0xe, 0xf1, 0x0, 0x0, 0x0,
    0x0, 0x0, 0x0, 0xe, 0xf1, 0x0, 0x0, 0x0,

    /* U+534A "半" */
    0x0, 0x17, 0x0, 0xf, 0xf0, 0x1, 0x83, 0x0,
    0x0, 0xaf, 0x70, 0xf, 0xf0, 0x7, 0xfc, 0x0,
    0x0, 0x2f, 0xf0, 0xf, 0xf0, 0xe, 0xf4, 0x0,
    0x0, 0xb, 0xf6, 0xf, 0xf0, 0x6f, 0xb0, 0x0,
    0x0, 0x4, 0x60, 0xf, 0xf0, 0x16, 0x20, 0x0,
    0x2, 0xcc, 0xcc, 0xcf, 0xfc, 0xcc, 0xcc, 0x50,
    0x3, 0xff, 0xff, 0xff, 0xff, 0xff, 0xff, 0x60,
    0x0, 0x11, 0x11, 0x2f, 0xf1, 0x11, 0x11, 0x0,
    0x0, 0x0, 0x0, 0xf, 0xf0, 0x0, 0x0, 0x0,
    0x2e, 0xee, 0xee, 0xef, 0xfe, 0xee, 0xee, 0xe3,
    0x3f, 0xff, 0xff, 0xff, 0xff, 0xff, 0xff, 0xf3,
    0x0, 0x0, 0x0, 0x1f, 0xf0, 0x0, 0x0, 0x0,
    0x0, 0x0, 0x0, 0xf, 0xf0, 0x0, 0x0, 0x0,
    0x0, 0x0, 0x0, 0xf, 0xf0, 0x0, 0x0, 0x0,
    0x0, 0x0, 0x0, 0xf, 0xf0, 0x0, 0x0, 0x0,

    /* U+5357 "南" */
    0x0, 0x0, 0x0, 0xf, 0xf0, 0x0, 0x0, 0x0,
    0x0, 0x0, 0x0, 0x1f, 0xf1, 0x0, 0x0, 0x0,
    0x1f, 0xff, 0xff, 0xff, 0xff, 0xff, 0xff, 0xf1,
    0xb, 0xbb, 0xbb, 0xbf, 0xfb, 0xbb, 0xbb, 0xb0,
    0x0, 0x0, 0x0, 0x1f, 0xf1, 0x0, 0x0, 0x0,
    0x7, 0xff, 0xff, 0xff, 0xff, 0xff, 0xff, 0x70,
    0x7, 0xfd, 0xbb, 0xdb, 0xbd, 0xcb, 0xdf, 0x70,
    0x7, 0xf7, 0xc, 0xe1, 0xd, 0xd0, 0x7f, 0x70,
    0x7, 0xf7, 0x28, 0xe7, 0x8f, 0x92, 0x7f, 0x70,
    0x7, 0xf7, 0x9f, 0xff, 0xff, 0xf8, 0x7f, 0x70,
    0x7, 0xf7, 0x1, 0x1f, 0xd1, 0x10, 0x7f, 0x70,
    0x7, 0xf7, 0xdf, 0xff, 0xff, 0xfd, 0x7f, 0x70,
    0x7, 0xf7, 0x88, 0x8f, 0xe8, 0x88, 0x7f, 0x70,
    0x7, 0xf7, 0x0, 0xe, 0xd0, 0x79, 0xcf, 0x60,
    0x7, 0xf7, 0x0, 0xd, 0xc0, 0x7f, 0xeb, 0x10,

    /* U+5370 "印" */
    0x0, 0x0, 0x1, 0x30, 0x0, 0x0, 0x0, 0x0,
    0x0, 0x16, 0xbf, 0xf3, 0x8a, 0xaa, 0xaa, 0xa0,
    0x3, 0xff, 0xfc, 0x82, 0xbf, 0xff, 0xff, 0xf0,
    0x3, 0xfc, 0x10, 0x0, 0xbf, 0x53, 0x3f, 0xf0,
    0x3, 0xfa, 0x0, 0x0, 0xbf, 0x30, 0xe, 0xf0,
    0x3, 0xfb, 0x0, 0x0, 0xbf, 0x30, 0xe, 0xf0,
    0x3, 0xff, 0xff, 0xf9, 0xbf, 0x30, 0xe, 0xf0,
    0x3, 0xfe, 0xcc, 0xc7, 0xbf, 0x30, 0xe, 0xf0,
    0x3, 0xfa, 0x0, 0x0, 0xbf, 0x30, 0xe, 0xf0,
    0x3, 0xfa, 0x0, 0x0, 0xbf, 0x30, 0xe, 0xf0,
    0x5, 0xfb, 0x36, 0x96, 0xbf, 0x30, 0xe, 0xf0,
    0xd, 0xff, 0xff, 0xf9, 0xbf, 0x3d, 0xff, 0xe0,
    0xa, 0xfe, 0xa6, 0x20, 0xbf, 0x38, 0xfe, 0x50,
    0x2, 0x20, 0x0, 0x0, 0xbf, 0x30, 0x0, 0x0,
    0x0, 0x0, 0x0, 0x0, 0xbf, 0x30, 0x0, 0x0,

    /* U+5389 "厉" */
    0x0, 0xff, 0xff, 0xff, 0xff, 0xff, 0xff, 0xf0,
    0x0, 0xff, 0xdd, 0xdd, 0xdd, 0xdd, 0xdd, 0xd0,
    0x0, 0xfd, 0x0, 0x0, 0x0, 0x0, 0x0, 0x0,
    0x0, 0xfd, 0x6a, 0xaa, 0xaa, 0xaa, 0xaa, 0xa1,
    0x0, 0xfd, 0x9f, 0xff, 0xff, 0xff, 0xff, 0xf2,
    0x0, 0xfd, 0x0, 0x3f, 0xc0, 0x0, 0x0, 0x0,
    0x0, 0xfc, 0x0, 0x4f, 0xa0, 0x0, 0x0, 0x0,
    0x2, 0xfb, 0x0, 0x6f, 0xff, 0xff, 0xff, 0x30,
    0x3, 0xfa, 0x0, 0xaf, 0xcb, 0xbb, 0xff, 0x10,
    0x6, 0xf8, 0x0, 0xef, 0x10, 0x0, 0xef, 0x0,
    0x9, 0xf5, 0x6, 0xfc, 0x0, 0x0, 0xfe, 0x0,
    0xd, 0xf1, 0x3e, 0xf4, 0x0, 0x4, 0xfc, 0x0,
    0x4f, 0xc2, 0xff, 0x90, 0xb, 0xdf, 0xf7, 0x0,
    0x3c, 0x50, 0x99, 0x0, 0x8, 0xff, 0xb1, 0x0,
    0x0, 0x0, 0x0, 0x0, 0x0, 0x0, 0x0, 0x0,

    /* U+538B "压" */
    0x1, 0xff, 0xff, 0xff, 0xff, 0xff, 0xff, 0xf6,
    0x1, 0xff, 0xdd, 0xdd, 0xdd, 0xdd, 0xdd, 0xd5,
    0x1, 0xfb, 0x0, 0x0, 0x56, 0x10, 0x0, 0x0,
    0x1, 0xfb, 0x0, 0x0, 0xcf, 0x20, 0x0, 0x0,
    0x1, 0xfb, 0x0, 0x0, 0xcf, 0x20, 0x0, 0x0,
    0x1, 0xfb, 0x7b, 0xbb, 0xff, 0xcb, 0xbb, 0x70,
    0x2, 0xfa, 0x9f, 0xff, 0xff, 0xff, 0xff, 0x90,
    0x3, 0xfa, 0x0, 0x0, 0xdf, 0x31, 0x20, 0x0,
    0x3, 0xf9, 0x0, 0x0, 0xcf, 0x2d, 0xe2, 0x0,
    0x5, 0xf7, 0x0, 0x0, 0xcf, 0x25, 0xfe, 0x10,
    0x7, 0xf5, 0x0, 0x0, 0xcf, 0x20, 0x7d, 0x20,
    0xb, 0xf1, 0x0, 0x0, 0xcf, 0x20, 0x0, 0x0,
    0x1f, 0xe9, 0xff, 0xff, 0xff, 0xff, 0xff, 0xf3,
    0x2e, 0x87, 0xdd, 0xdd, 0xdd, 0xdd, 0xdd, 0xd2,
    0x1, 0x10, 0x0, 0x0, 0x0, 0x0, 0x0, 0x0,

    /* U+539A "厚" */
    0x2, 0xff, 0xff, 0xff, 0xff, 0xff, 0xff, 0xf2,
    0x2, 0xfe, 0xbb, 0xbb, 0xbb, 0xbb, 0xbb, 0xb1,
    0x2, 0xfb, 0xb, 0xbb, 0xbb, 0xbb, 0xb9, 0x0,
    0x2, 0xfb, 0x1f, 0xd6, 0x66, 0x67, 0xfc, 0x0,
    0x2, 0xfb, 0x1f, 0xff, 0xff, 0xff, 0xfc, 0x0,
    0x3, 0xfb, 0x1f, 0xd4, 0x44, 0x45, 0xfc, 0x0,
    0x4, 0xfa, 0x1f, 0xff, 0xff, 0xff, 0xfc, 0x0,
    0x4, 0xf9, 0x5, 0x55, 0x55, 0x55, 0x61, 0x0,
    0x5, 0xf8, 0x2f, 0xff, 0xff, 0xff, 0xfa, 0x0,
    0x7, 0xf6, 0x0, 0x0, 0x5c, 0xfa, 0x30, 0x0,
    0xa, 0xf9, 0xff, 0xff, 0xff, 0xff, 0xff, 0xf4,
    0xe, 0xf3, 0x88, 0x88, 0xcf, 0xa8, 0x88, 0x82,
    0x5f, 0xb0, 0x0, 0x78, 0xdf, 0x30, 0x0, 0x0,
    0x3c, 0x40, 0x0, 0x8f, 0xea, 0x0, 0x0, 0x0,
    0x0, 0x0, 0x0, 0x0, 0x0, 0x0, 0x0, 0x0,

    /* U+539F "原" */
    0x0, 0xff, 0xff, 0xff, 0xff, 0xff, 0xff, 0xf5,
    0x0, 0xff, 0xbb, 0xbb, 0xdd, 0xbb, 0xbb, 0xb3,
    0x0, 0xfd, 0x0, 0x0, 0xef, 0x70, 0x0, 0x0,
    0x0, 0xfd, 0x1f, 0xff, 0xff, 0xff, 0xff, 0x10,
    0x0, 0xfd, 0x1f, 0xe7, 0x77, 0x77, 0xff, 0x10,
    0x0, 0xfd, 0x1f, 0xd5, 0x55, 0x55, 0xef, 0x10,
    0x1, 0xfc, 0x1f, 0xff, 0xff, 0xff, 0xff, 0x10,
    0x2, 0xfb, 0x1f, 0xd2, 0x22, 0x22, 0xef, 0x10,
    0x3, 0xfa, 0x1f, 0xff, 0xff, 0xff, 0xff, 0x10,
    0x6, 0xf7, 0x5, 0x74, 0x6f, 0xc4, 0x64, 0x0,
    0x9, 0xf4, 0xb, 0xf7, 0x2f, 0xa9, 0xf6, 0x0,
    0xe, 0xf1, 0x9f, 0xc0, 0x2f, 0xa1, 0xdf, 0x70,
    0x4f, 0xa4, 0xfc, 0x3a, 0xbf, 0xa0, 0x2f, 0xf2,
    0x3, 0x30, 0x21, 0xe, 0xfd, 0x30, 0x3, 0x10,

    /* U+53BB "去" */
    0x0, 0x0, 0x0, 0xd, 0xf2, 0x0, 0x0, 0x0,
    0x0, 0x0, 0x0, 0xd, 0xf2, 0x0, 0x0, 0x0,
    0x0, 0x12, 0x22, 0x2e, 0xf4, 0x22, 0x22, 0x0,
    0x0, 0xdf, 0xff, 0xff, 0xff, 0xff, 0xff, 0x40,
    0x0, 0xac, 0xcc, 0xcf, 0xfd, 0xcc, 0xcc, 0x30,
    0x0, 0x0, 0x0, 0xd, 0xf2, 0x0, 0x0, 0x0,
    0x0, 0x0, 0x0, 0xd, 0xf3, 0x0, 0x0, 0x0,
    0x1f, 0xff, 0xff, 0xff, 0xff, 0xff, 0xff, 0xf7,
    0x1d, 0xdd, 0xdf, 0xff, 0xdd, 0xdd, 0xdd, 0xd6,
    0x0, 0x0, 0x1e, 0xf5, 0x0, 0x46, 0x0, 0x0,
    0x0, 0x0, 0xaf, 0x90, 0x1, 0xff, 0x40, 0x0,
    0x0, 0x5, 0xfc, 0x0, 0x0, 0x5f, 0xe1, 0x0,
    0x0, 0x4f, 0xf6, 0x45, 0x67, 0x8e, 0xfb, 0x0,
    0x1, 0xff, 0xff, 0xff, 0xff, 0xff, 0xff, 0x50,
    0x0, 0xce, 0xca, 0x98, 0x65, 0x43, 0x7f, 0x90,
    0x0, 0x0, 0x0, 0x0, 0x0, 0x0, 0x3, 0x0,

    /* U+53C8 "又" */
    0x0, 0x0, 0x0, 0x0, 0x0, 0x0, 0x0, 0x0,
    0x6, 0xff, 0xff, 0xff, 0xff, 0xff, 0xfb, 0x0,
    0x5, 0xef, 0xfe, 0xee, 0xee, 0xee, 0xfb, 0x0,
    0x0, 0x2f, 0xd0, 0x0, 0x0, 0x9, 0xf7, 0x0,
    0x0, 0xb, 0xf4, 0x0, 0x0, 0x1f, 0xf2, 0x0,
    0x0, 0x5, 0xfb, 0x0, 0x0, 0x7f, 0xa0, 0x0,
    0x0, 0x0, 0xef, 0x40, 0x1, 0xef, 0x30, 0x0,
    0x0, 0x0, 0x6f, 0xe1, 0xb, 0xfa, 0x0, 0x0,
    0x0, 0x0, 0xb, 0xfb, 0x8f, 0xe1, 0x0, 0x0,
    0x0, 0x0, 0x1, 0xef, 0xff, 0x30, 0x0, 0x0,
    0x0, 0x0, 0x1, 0xcf, 0xfd, 0x20, 0x0, 0x0,
    0x0, 0x0, 0x8f, 0xfe, 0xff, 0xf8, 0x0, 0x0,
    0x4, 0xaf, 0xff, 0xa1, 0x1b, 0xff, 0xe9, 0x40,
    0x2f, 0xff, 0xc4, 0x0, 0x0, 0x5d, 0xff, 0xf4,
    0x6, 0x82, 0x0, 0x0, 0x0, 0x0, 0x39, 0x70,

    /* U+53D1 "发" */
    0x0, 0x0, 0x0, 0x7, 0x40, 0x1, 0x10, 0x0,
    0x0, 0xd, 0xe2, 0x1f, 0xf1, 0x1e, 0xd1, 0x0,
    0x0, 0x2f, 0xd0, 0x4f, 0xe0, 0x8, 0xfb, 0x0,
    0x0, 0xaf, 0x70, 0x7f, 0xb0, 0x0, 0x94, 0x0,
    0x4, 0xff, 0xff, 0xff, 0xff, 0xff, 0xff, 0xf1,
    0x1, 0xec, 0xcc, 0xff, 0xcc, 0xcc, 0xcc, 0xc0,
    0x0, 0x0, 0x6, 0xfe, 0x0, 0x0, 0x10, 0x0,
    0x0, 0x0, 0xc, 0xff, 0xff, 0xff, 0xfc, 0x0,
    0x0, 0x0, 0x5f, 0xfe, 0xcc, 0xcf, 0xfa, 0x0,
    0x0, 0x1, 0xef, 0xfe, 0x20, 0x3f, 0xf2, 0x0,
    0x0, 0x1c, 0xfc, 0x7f, 0xd2, 0xef, 0x90, 0x0,
    0x2, 0xcf, 0xe1, 0x9, 0xff, 0xfb, 0x0, 0x0,
    0x4f, 0xfd, 0x20, 0x29, 0xff, 0xfa, 0x20, 0x0,
    0xc, 0xa1, 0x7b, 0xff, 0xe9, 0xef, 0xfd, 0x93,
    0x0, 0x0, 0xbf, 0xd7, 0x0, 0x8, 0xdf, 0xf1,
    0x0, 0x0, 0x23, 0x0, 0x0, 0x0, 0x2, 0x30,

    /* U+53D8 "变" */
    0x0, 0x0, 0x0, 0x17, 0x70, 0x0, 0x0, 0x0,
    0x0, 0x0, 0x0, 0xe, 0xf2, 0x0, 0x0, 0x0,
    0xd, 0xff, 0xff, 0xff, 0xff, 0xff, 0xff, 0xe0,
    0x9, 0xaa, 0xaf, 0xfa, 0xaf, 0xfa, 0xaa, 0x90,
    0x0, 0x3d, 0x6d, 0xf0, 0x1f, 0xd8, 0xa0, 0x0,
    0x0, 0xcf, 0x3d, 0xf0, 0x1f, 0xd9, 0xfc, 0x0,
    0xa, 0xf8, 0xd, 0xf0, 0x1f, 0xd0, 0x8f, 0xa0,
    0x1, 0x70, 0xd, 0xf0, 0x1f, 0xd0, 0x7, 0x10,
    0x0, 0x99, 0x9a, 0xa9, 0x9a, 0xa9, 0x80, 0x0,
    0x0, 0xff, 0xff, 0xff, 0xff, 0xff, 0xf4, 0x0,
    0x0, 0x5, 0xfd, 0x20, 0x2, 0xcf, 0x80, 0x0,
    0x0, 0x0, 0x4f, 0xe6, 0x5e, 0xf9, 0x0, 0x0,
    0x0, 0x0, 0x7, 0xff, 0xff, 0x80, 0x0, 0x0,
    0x16, 0xad, 0xff, 0xfe, 0xef, 0xfe, 0xa8, 0x61,
    0xd, 0xff, 0xd9, 0x30, 0x4, 0xae, 0xff, 0xc0,
    0x2, 0x30, 0x0, 0x0, 0x0, 0x0, 0x13, 0x20,

    /* U+53E0 "叠" */
    0x0, 0x0, 0x0, 0x0, 0x0, 0x0, 0x0, 0x0,
    0x0, 0x7, 0xff, 0xff, 0xff, 0xff, 0x90, 0x0,
    0x0, 0x1, 0x9e, 0xdb, 0x9c, 0xf8, 0x0, 0x0,
    0x0, 0xa, 0xcd, 0xdb, 0x8a, 0xec, 0x30, 0x0,
    0x6, 0xef, 0xfe, 0xe7, 0xae, 0xef, 0xee, 0x50,
    0x1, 0xcc, 0x8e, 0xc0, 0x6f, 0xb9, 0xfa, 0x0,
    0x5, 0xbf, 0xff, 0x92, 0x7e, 0xff, 0xf8, 0x10,
    0xb, 0xfb, 0x7b, 0xf8, 0xdd, 0x96, 0xbf, 0x80,
    0xd, 0xfc, 0xcc, 0xcc, 0xcc, 0xcc, 0xcf, 0xe0,
    0xd, 0xe5, 0xcc, 0xcc, 0xcc, 0xcc, 0x4f, 0xe0,
    0x2, 0x26, 0xfb, 0x88, 0x88, 0xcf, 0x52, 0x20,
    0x0, 0x6, 0xfd, 0xbb, 0xbb, 0xdf, 0x50, 0x0,
    0x0, 0x6, 0xfe, 0xcc, 0xcc, 0xef, 0x50, 0x0,
    0x4, 0x49, 0xfa, 0x66, 0x66, 0xbf, 0x84, 0x40,
    0x1f, 0xff, 0xff, 0xff, 0xff, 0xff, 0xff, 0xf2,

    /* U+53E3 "口" */
    0x1f, 0xff, 0xff, 0xff, 0xff, 0xff, 0xf4, 0x1f,
    0xff, 0xff, 0xff, 0xff, 0xff, 0xf4, 0x1f, 0xe0,
    0x0, 0x0, 0x0, 0xd, 0xf4, 0x1f, 0xe0, 0x0,
    0x0, 0x0, 0xd, 0xf4, 0x1f, 0xe0, 0x0, 0x0,
    0x0, 0xd, 0xf4, 0x1f, 0xe0, 0x0, 0x0, 0x0,
    0xd, 0xf4, 0x1f, 0xe0, 0x0, 0x0, 0x0, 0xd,
    0xf4, 0x1f, 0xe0, 0x0, 0x0, 0x0, 0xd, 0xf4,
    0x1f, 0xe0, 0x0, 0x0, 0x0, 0xd, 0xf4, 0x1f,
    0xe0, 0x0, 0x0, 0x0, 0xd, 0xf4, 0x1f, 0xff,
    0xff, 0xff, 0xff, 0xff, 0xf4, 0x1f, 0xfe, 0xee,
    0xee, 0xee, 0xef, 0xf4, 0x1f, 0xe0, 0x0, 0x0,
    0x0, 0xc, 0xf4,

    /* U+53E4 "古" */
    0x0, 0x0, 0x0, 0xd, 0xf3, 0x0, 0x0, 0x0,
    0x0, 0x0, 0x0, 0xd, 0xf3, 0x0, 0x0, 0x0,
    0x0, 0x0, 0x0, 0xd, 0xf3, 0x0, 0x0, 0x0,
    0x1d, 0xdd, 0xdd, 0xdf, 0xfd, 0xdd, 0xdd, 0xd6,
    0x1f, 0xff, 0xff, 0xff, 0xff, 0xff, 0xff, 0xf7,
    0x0, 0x0, 0x0, 0xd, 0xf4, 0x0, 0x0, 0x0,
    0x0, 0x0, 0x0, 0xd, 0xf3, 0x0, 0x0, 0x0,
    0x0, 0x0, 0x0, 0xd, 0xf4, 0x0, 0x0, 0x0,
    0x0, 0x7f, 0xff, 0xff, 0xff, 0xff, 0xfd, 0x0,
    0x0, 0x7f, 0xec, 0xcc, 0xcc, 0xcd, 0xfd, 0x0,
    0x0, 0x7f, 0x80, 0x0, 0x0, 0x3, 0xfd, 0x0,
    0x0, 0x7f, 0x80, 0x0, 0x0, 0x3, 0xfd, 0x0,
    0x0, 0x7f, 0x80, 0x0, 0x0, 0x4, 0xfd, 0x0,
    0x0, 0x7f, 0xff, 0xff, 0xff, 0xff, 0xfd, 0x0,
    0x0, 0x7f, 0xec, 0xcc, 0xcc, 0xcc, 0xec, 0x0,

    /* U+53EA "只" */
    0x0, 0x22, 0x22, 0x22, 0x22, 0x22, 0x20, 0x0,
    0xd, 0xff, 0xff, 0xff, 0xff, 0xff, 0x30, 0x0,
    0xdf, 0xba, 0xaa, 0xaa, 0xaf, 0xf3, 0x0, 0xd,
    0xf2, 0x0, 0x0, 0x0, 0xdf, 0x30, 0x0, 0xdf,
    0x20, 0x0, 0x0, 0xd, 0xf3, 0x0, 0xd, 0xf2,
    0x0, 0x0, 0x0, 0xdf, 0x30, 0x0, 0xdf, 0xcc,
    0xcc, 0xcc, 0xcf, 0xf3, 0x0, 0xd, 0xff, 0xff,
    0xff, 0xff, 0xff, 0x30, 0x0, 0x0, 0x0, 0x0,
    0x0, 0x0, 0x0, 0x0, 0x0, 0x6, 0x92, 0x0,
    0x5a, 0x10, 0x0, 0x0, 0x5, 0xff, 0x50, 0xb,
    0xfe, 0x30, 0x0, 0x7, 0xff, 0x60, 0x0, 0x9,
    0xff, 0x40, 0x1c, 0xff, 0x60, 0x0, 0x0, 0x8,
    0xff, 0x40, 0xad, 0x30, 0x0, 0x0, 0x0, 0x9,
    0xc2, 0x0, 0x0, 0x0, 0x0, 0x0, 0x0, 0x0,
    0x0,

    /* U+53EC "召" */
    0x6, 0xff, 0xff, 0xff, 0xff, 0xff, 0xff, 0x10,
    0x5b, 0xbb, 0xcf, 0xfb, 0xbb, 0xbf, 0xf0, 0x0,
    0x0, 0x7, 0xfb, 0x0, 0x0, 0xfe, 0x0, 0x0,
    0x2, 0xef, 0x40, 0x0, 0x2f, 0xc0, 0x0, 0x3,
    0xdf, 0xb0, 0x0, 0x7, 0xfa, 0x0, 0x4a, 0xff,
    0xb0, 0x2, 0xff, 0xff, 0x50, 0x3f, 0xff, 0x70,
    0x0, 0xa, 0xcb, 0x60, 0x0, 0x8b, 0xba, 0xaa,
    0xaa, 0xaa, 0xaa, 0x60, 0x0, 0x5f, 0xff, 0xff,
    0xff, 0xff, 0xf9, 0x0, 0x5, 0xf9, 0x0, 0x0,
    0x0, 0x7f, 0x90, 0x0, 0x5f, 0x90, 0x0, 0x0,
    0x7, 0xf9, 0x0, 0x5, 0xf9, 0x0, 0x0, 0x0,
    0x7f, 0x90, 0x0, 0x5f, 0xff, 0xff, 0xff, 0xff,
    0xf9, 0x0, 0x5, 0xfe, 0xbb, 0xbb, 0xbb, 0xdf,
    0x90,

    /* U+53EF "可" */
    0x2b, 0xbb, 0xbb, 0xbb, 0xbb, 0xbb, 0xbb, 0xb2,
    0x2f, 0xff, 0xff, 0xff, 0xff, 0xff, 0xff, 0xf3,
    0x3, 0x33, 0x33, 0x33, 0x33, 0x3b, 0xf8, 0x30,
    0x0, 0x0, 0x0, 0x0, 0x0, 0x9, 0xf6, 0x0,
    0x0, 0x8c, 0xcc, 0xcc, 0xc0, 0x9, 0xf6, 0x0,
    0x0, 0xbf, 0xff, 0xff, 0xf1, 0x9, 0xf6, 0x0,
    0x0, 0xbf, 0x20, 0xd, 0xf1, 0x9, 0xf6, 0x0,
    0x0, 0xbf, 0x20, 0xc, 0xf1, 0x9, 0xf6, 0x0,
    0x0, 0xbf, 0x42, 0x2d, 0xf1, 0x9, 0xf6, 0x0,
    0x0, 0xbf, 0xff, 0xff, 0xf1, 0x9, 0xf6, 0x0,
    0x0, 0xbf, 0xba, 0xaa, 0xa0, 0x9, 0xf6, 0x0,
    0x0, 0x7a, 0x10, 0x0, 0x0, 0xa, 0xf6, 0x0,
    0x0, 0x0, 0x0, 0x0, 0xdf, 0xff, 0xf3, 0x0,
    0x0, 0x0, 0x0, 0x0, 0x7f, 0xfd, 0x80, 0x0,
    0x0, 0x0, 0x0, 0x0, 0x0, 0x0, 0x0, 0x0,

    /* U+53F0 "台" */
    0x0, 0x0, 0x9, 0x50, 0x0, 0x0, 0x0, 0x0,
    0x0, 0x7, 0xfe, 0x20, 0x0, 0x0, 0x0, 0x0,
    0x3, 0xff, 0x40, 0x9, 0xb0, 0x0, 0x0, 0x1,
    0xef, 0x60, 0x0, 0xbf, 0xc0, 0x0, 0x2, 0xdf,
    0x60, 0x0, 0x1, 0xcf, 0xb0, 0x2, 0xef, 0xfe,
    0xff, 0xff, 0xff, 0xff, 0x90, 0xe, 0xff, 0xee,
    0xdc, 0xba, 0xa9, 0xef, 0x30, 0x21, 0x0, 0x0,
    0x0, 0x0, 0x4, 0x40, 0x2, 0xcc, 0xcc, 0xcc,
    0xcc, 0xcc, 0xa0, 0x0, 0x2f, 0xff, 0xff, 0xff,
    0xff, 0xfd, 0x0, 0x2, 0xfc, 0x0, 0x0, 0x0,
    0x4f, 0xd0, 0x0, 0x2f, 0xc0, 0x0, 0x0, 0x3,
    0xfd, 0x0, 0x2, 0xfc, 0x0, 0x0, 0x0, 0x4f,
    0xd0, 0x0, 0x2f, 0xff, 0xff, 0xff, 0xff, 0xfd,
    0x0, 0x2, 0xff, 0xcc, 0xcc, 0xcc, 0xdf, 0xd0,
    0x0,

    /* U+53F3 "右" */
    0x0, 0x0, 0x0, 0x74, 0x0, 0x0, 0x0, 0x0,
    0x0, 0x0, 0x2, 0xff, 0x0, 0x0, 0x0, 0x0,
    0x0, 0x0, 0x6, 0xfa, 0x0, 0x0, 0x0, 0x0,
    0xd, 0xdd, 0xde, 0xfe, 0xdd, 0xdd, 0xdd, 0xd1,
    0xf, 0xff, 0xff, 0xff, 0xff, 0xff, 0xff, 0xf1,
    0x0, 0x0, 0x7f, 0xa0, 0x0, 0x0, 0x0, 0x0,
    0x0, 0x0, 0xef, 0x30, 0x0, 0x0, 0x0, 0x0,
    0x0, 0x8, 0xfe, 0x32, 0x22, 0x22, 0x22, 0x0,
    0x0, 0x2f, 0xff, 0xff, 0xff, 0xff, 0xff, 0x0,
    0x1, 0xdf, 0xff, 0xaa, 0xaa, 0xaa, 0xff, 0x0,
    0x2d, 0xfc, 0xef, 0x0, 0x0, 0x0, 0xff, 0x0,
    0x4f, 0xb0, 0xdf, 0x0, 0x0, 0x0, 0xff, 0x0,
    0x4, 0x0, 0xdf, 0x11, 0x11, 0x11, 0xff, 0x0,
    0x0, 0x0, 0xdf, 0xff, 0xff, 0xff, 0xff, 0x0,
    0x0, 0x0, 0xdf, 0xcb, 0xbb, 0xbc, 0xee, 0x0,

    /* U+53F6 "叶" */
    0x0, 0x0, 0x0, 0x0, 0x1f, 0xe0, 0x0, 0x0,
    0x0, 0x0, 0x0, 0x1, 0xfe, 0x0, 0x0, 0xef,
    0xff, 0xf1, 0x0, 0x1f, 0xe0, 0x0, 0xe, 0xfc,
    0xff, 0x10, 0x1, 0xfe, 0x0, 0x0, 0xed, 0xb,
    0xf1, 0x0, 0x1f, 0xe0, 0x0, 0xe, 0xd0, 0xbf,
    0x31, 0x13, 0xfe, 0x11, 0x10, 0xed, 0xb, 0xff,
    0xff, 0xff, 0xff, 0xff, 0x4e, 0xd0, 0xbf, 0xcc,
    0xcc, 0xff, 0xcc, 0xc3, 0xed, 0xb, 0xf1, 0x0,
    0x1f, 0xe0, 0x0, 0xe, 0xfa, 0xef, 0x10, 0x1,
    0xfe, 0x0, 0x0, 0xef, 0xff, 0xf1, 0x0, 0x1f,
    0xe0, 0x0, 0xe, 0xd1, 0x11, 0x0, 0x1, 0xfe,
    0x0, 0x0, 0x87, 0x0, 0x0, 0x0, 0x1f, 0xe0,
    0x0, 0x0, 0x0, 0x0, 0x0, 0x1, 0xfe, 0x0,
    0x0, 0x0, 0x0, 0x0, 0x0, 0x1f, 0xe0, 0x0,
    0x0,

    /* U+53F7 "号" */
    0x0, 0x3f, 0xff, 0xff, 0xff, 0xff, 0xf3, 0x0,
    0x0, 0x3f, 0xea, 0xaa, 0xaa, 0xae, 0xf3, 0x0,
    0x0, 0x3f, 0xa0, 0x0, 0x0, 0xc, 0xf3, 0x0,
    0x0, 0x3f, 0xff, 0xff, 0xff, 0xff, 0xf3, 0x0,
    0x0, 0x2b, 0xbb, 0xbb, 0xbb, 0xbb, 0xb2, 0x0,
    0x0, 0x0, 0x0, 0x0, 0x0, 0x0, 0x0, 0x0,
    0x1f, 0xff, 0xff, 0xff, 0xff, 0xff, 0xff, 0xf0,
    0x1a, 0xab, 0xff, 0xaa, 0xaa, 0xaa, 0xaa, 0xa0,
    0x0, 0x6, 0xfc, 0x0, 0x0, 0x0, 0x0, 0x0,
    0x0, 0xb, 0xff, 0xff, 0xff, 0xff, 0xf3, 0x0,
    0x0, 0xa, 0xaa, 0xaa, 0xaa, 0xaf, 0xf0, 0x0,
    0x0, 0x0, 0x0, 0x0, 0x0, 0x4f, 0xd0, 0x0,
    0x0, 0x0, 0x0, 0xb, 0xbb, 0xef, 0x80, 0x0,
    0x0, 0x0, 0x0, 0xb, 0xff, 0xfa, 0x0, 0x0,
    0x0, 0x0, 0x0, 0x0, 0x0, 0x0, 0x0, 0x0,

    /* U+53FC "叼" */
    0x0, 0x0, 0x0, 0x11, 0x11, 0x11, 0x11, 0xef,
    0xff, 0xf7, 0xff, 0xff, 0xff, 0xfd, 0xef, 0xbe,
    0xf6, 0xcc, 0xcc, 0xcc, 0xfc, 0xed, 0xb, 0xf1,
    0x0, 0x0, 0x2, 0xfc, 0xed, 0xb, 0xf1, 0x0,
    0x1, 0xc4, 0xfb, 0xed, 0xb, 0xf1, 0x0, 0xc,
    0xf8, 0xfa, 0xed, 0xb, 0xf1, 0x0, 0xaf, 0x94,
    0xfa, 0xed, 0xb, 0xf1, 0x8, 0xfc, 0x5, 0xf9,
    0xed, 0x1c, 0xf1, 0x6f, 0xe1, 0x6, 0xf7, 0xef,
    0xff, 0xf5, 0xff, 0x30, 0x8, 0xf6, 0xef, 0xaa,
    0xa3, 0xe6, 0x0, 0xb, 0xf4, 0xba, 0x0, 0x0,
    0x10, 0x0, 0x1f, 0xf2, 0x0, 0x0, 0x0, 0x0,
    0x9e, 0xff, 0xd0, 0x0, 0x0, 0x0, 0x0, 0x4f,
    0xfc, 0x20, 0x0, 0x0, 0x0, 0x0, 0x0, 0x0,
    0x0,

    /* U+5403 "吃" */
    0x0, 0x0, 0x0, 0x3, 0x10, 0x0, 0x0, 0x0,
    0x0, 0x0, 0x0, 0xff, 0x10, 0x0, 0x0, 0xde,
    0xee, 0xb0, 0x6f, 0xb1, 0x11, 0x11, 0xe, 0xfe,
    0xfc, 0x1e, 0xff, 0xff, 0xff, 0xf2, 0xec, 0xe,
    0xca, 0xfd, 0xaa, 0xaa, 0xaa, 0x1e, 0xc0, 0xee,
    0xfe, 0x10, 0x0, 0x0, 0x0, 0xec, 0xe, 0xc4,
    0xaf, 0xff, 0xff, 0xe4, 0xe, 0xc0, 0xec, 0x6,
    0xcc, 0xef, 0xfb, 0x10, 0xec, 0xe, 0xc0, 0x0,
    0x4f, 0xf8, 0x0, 0xe, 0xfa, 0xfc, 0x0, 0x6f,
    0xf5, 0x0, 0x0, 0xef, 0xff, 0xc0, 0x5f, 0xe3,
    0x0, 0x0, 0xe, 0xd2, 0x22, 0x2f, 0xe2, 0x0,
    0x2, 0xe5, 0x98, 0x0, 0x8, 0xf8, 0x0, 0x0,
    0x4f, 0x70, 0x0, 0x0, 0x6f, 0xfd, 0xdd, 0xdf,
    0xf3, 0x0, 0x0, 0x0, 0x8e, 0xff, 0xff, 0xe8,
    0x0,

    /* U+5408 "合" */
    0x0, 0x0, 0x0, 0x4, 0x91, 0x0, 0x0, 0x0,
    0x0, 0x0, 0x0, 0x2f, 0xf6, 0x0, 0x0, 0x0,
    0x0, 0x0, 0x3, 0xef, 0xfe, 0x30, 0x0, 0x0,
    0x0, 0x0, 0x6f, 0xf8, 0x7f, 0xf7, 0x0, 0x0,
    0x0, 0x3c, 0xff, 0x70, 0x5, 0xff, 0xd6, 0x0,
    0x2b, 0xff, 0xfe, 0xaa, 0xaa, 0xdf, 0xff, 0xe2,
    0x1d, 0xfa, 0xff, 0xff, 0xff, 0xfd, 0x6e, 0x90,
    0x3, 0x30, 0x11, 0x11, 0x11, 0x11, 0x0, 0x0,
    0x0, 0x1, 0x11, 0x11, 0x11, 0x11, 0x10, 0x0,
    0x0, 0xf, 0xff, 0xff, 0xff, 0xff, 0xf1, 0x0,
    0x0, 0xf, 0xf9, 0x99, 0x99, 0x9f, 0xf1, 0x0,
    0x0, 0xf, 0xe0, 0x0, 0x0, 0xe, 0xf1, 0x0,
    0x0, 0xf, 0xf0, 0x0, 0x0, 0xe, 0xf1, 0x0,
    0x0, 0xf, 0xff, 0xff, 0xff, 0xff, 0xf1, 0x0,
    0x0, 0xf, 0xfb, 0xbb, 0xbb, 0xbe, 0xe1, 0x0,

    /* U+540E "后" */
    0x0, 0x0, 0x0, 0x0, 0x0, 0x36, 0x80, 0x0,
    0x0, 0x57, 0x8a, 0xbc, 0xef, 0xff, 0xfb, 0x0,
    0x0, 0xdf, 0xff, 0xfe, 0xdb, 0x97, 0x40, 0x0,
    0x0, 0xdf, 0x41, 0x0, 0x0, 0x0, 0x0, 0x0,
    0x0, 0xdf, 0x20, 0x0, 0x0, 0x0, 0x0, 0x0,
    0x0, 0xdf, 0xff, 0xff, 0xff, 0xff, 0xff, 0xf5,
    0x0, 0xdf, 0xcc, 0xcc, 0xcc, 0xcc, 0xcc, 0xc4,
    0x0, 0xff, 0x10, 0x0, 0x0, 0x0, 0x0, 0x0,
    0x0, 0xff, 0x1b, 0xbb, 0xbb, 0xbb, 0xbb, 0x10,
    0x1, 0xfe, 0xf, 0xff, 0xff, 0xff, 0xff, 0x10,
    0x3, 0xfc, 0xf, 0xd0, 0x0, 0x0, 0xef, 0x10,
    0x7, 0xf8, 0xf, 0xd0, 0x0, 0x0, 0xef, 0x10,
    0xc, 0xf3, 0xf, 0xd0, 0x0, 0x0, 0xef, 0x10,
    0x5f, 0xc0, 0xf, 0xff, 0xff, 0xff, 0xff, 0x10,
    0x3c, 0x30, 0xf, 0xfb, 0xbb, 0xbb, 0xef, 0x10,
    0x0, 0x0, 0x0, 0x0, 0x0, 0x0, 0x0, 0x0,

    /* U+5413 "吓" */
    0x2, 0x22, 0x22, 0xbf, 0xff, 0xff, 0xff, 0xf4,
    0x1f, 0xff, 0xff, 0xad, 0xdf, 0xfd, 0xdd, 0xd3,
    0x1f, 0xeb, 0xff, 0x10, 0xd, 0xf1, 0x0, 0x0,
    0x1f, 0xb0, 0xcf, 0x10, 0xd, 0xf1, 0x0, 0x0,
    0x1f, 0xb0, 0xcf, 0x10, 0xd, 0xf7, 0x40, 0x0,
    0x1f, 0xb0, 0xcf, 0x10, 0xd, 0xff, 0xf7, 0x0,
    0x1f, 0xb0, 0xcf, 0x10, 0xd, 0xf3, 0xef, 0x90,
    0x1f, 0xb0, 0xcf, 0x10, 0xd, 0xf1, 0x1d, 0x70,
    0x1f, 0xfc, 0xff, 0x10, 0xd, 0xf1, 0x0, 0x0,
    0x1f, 0xff, 0xff, 0x10, 0xd, 0xf1, 0x0, 0x0,
    0x1f, 0xc2, 0x22, 0x0, 0xd, 0xf1, 0x0, 0x0,
    0x1f, 0xb0, 0x0, 0x0, 0xd, 0xf1, 0x0, 0x0,
    0x4, 0x30, 0x0, 0x0, 0xd, 0xf1, 0x0, 0x0,
    0x0, 0x0, 0x0, 0x0, 0xd, 0xf1, 0x0, 0x0,

    /* U+5417 "吗" */
    0x0, 0x0, 0x0, 0x0, 0x0, 0x0, 0x0, 0x0,
    0x0, 0x0, 0x7f, 0xff, 0xff, 0xfd, 0x0, 0xef,
    0xff, 0xc5, 0xbb, 0xbb, 0xbf, 0xc0, 0xe, 0xea,
    0xfc, 0x4, 0x50, 0x2, 0xfb, 0x0, 0xec, 0xe,
    0xc0, 0xcf, 0x0, 0x3f, 0x90, 0xe, 0xc0, 0xec,
    0xd, 0xe0, 0x5, 0xf8, 0x0, 0xec, 0xe, 0xc0,
    0xfc, 0x0, 0x6f, 0x60, 0xe, 0xc0, 0xec, 0x1f,
    0xea, 0xad, 0xfc, 0xa0, 0xec, 0xe, 0xc3, 0xff,
    0xff, 0xff, 0xff, 0xe, 0xe9, 0xfc, 0x0, 0x0,
    0x0, 0xe, 0xe0, 0xef, 0xff, 0xc7, 0xaa, 0xaa,
    0xa3, 0xfc, 0xe, 0xd1, 0x10, 0xcf, 0xff, 0xff,
    0x7f, 0xa0, 0xb9, 0x0, 0x0, 0x0, 0x0, 0x7,
    0xf7, 0x0, 0x0, 0x0, 0x0, 0x0, 0x8a, 0xff,
    0x30, 0x0, 0x0, 0x0, 0x0, 0x8, 0xfe, 0x80,
    0x0, 0x0, 0x0, 0x0, 0x0, 0x0, 0x0, 0x0,

    /* U+5427 "吧" */
    0x0, 0x0, 0x1, 0xff, 0xff, 0xff, 0xfe, 0xe,
    0xff, 0xfd, 0x1f, 0xfc, 0xfe, 0xbf, 0xe0, 0xee,
    0xaf, 0xd1, 0xfc, 0xf, 0xb0, 0xee, 0xe, 0xc0,
    0xed, 0x1f, 0xc0, 0xfb, 0xe, 0xe0, 0xec, 0xe,
    0xd1, 0xfc, 0xf, 0xb0, 0xee, 0xe, 0xc0, 0xed,
    0x1f, 0xc0, 0xfb, 0xe, 0xe0, 0xec, 0xe, 0xd1,
    0xfe, 0x8f, 0xd8, 0xfe, 0xe, 0xc0, 0xed, 0x1f,
    0xff, 0xff, 0xff, 0xe0, 0xef, 0xbf, 0xd1, 0xfd,
    0x11, 0x11, 0xbb, 0xe, 0xff, 0xfd, 0x1f, 0xc0,
    0x0, 0x0, 0x0, 0xec, 0x0, 0x1, 0xfc, 0x0,
    0x0, 0x16, 0xb, 0x90, 0x0, 0xf, 0xd0, 0x0,
    0x5, 0xf8, 0x0, 0x0, 0x0, 0xef, 0xcc, 0xcc,
    0xff, 0x40, 0x0, 0x0, 0x5, 0xdf, 0xff, 0xfe,
    0x90,

    /* U+542C "听" */
    0x0, 0x0, 0x0, 0x0, 0x0, 0x0, 0x20, 0x0,
    0x0, 0x0, 0x0, 0x26, 0xaf, 0xf3, 0xef, 0xff,
    0xf1, 0x9f, 0xff, 0xfd, 0x83, 0xef, 0xcf, 0xf1,
    0xbf, 0xa5, 0x20, 0x0, 0xee, 0xc, 0xf1, 0xbf,
    0x40, 0x0, 0x0, 0xee, 0xc, 0xf1, 0xbf, 0xdb,
    0xbb, 0xbb, 0xee, 0xc, 0xf1, 0xbf, 0xff, 0xff,
    0xff, 0xee, 0xc, 0xf1, 0xcf, 0x42, 0x4f, 0xd2,
    0xee, 0xc, 0xf1, 0xdf, 0x10, 0x2f, 0xc0, 0xef,
    0xae, 0xf1, 0xef, 0x0, 0x2f, 0xc0, 0xef, 0xff,
    0xf1, 0xfd, 0x0, 0x2f, 0xc0, 0xee, 0x22, 0x24,
    0xfb, 0x0, 0x2f, 0xc0, 0xbb, 0x0, 0x8, 0xf6,
    0x0, 0x2f, 0xc0, 0x0, 0x0, 0x1f, 0xf1, 0x0,
    0x2f, 0xc0, 0x0, 0x0, 0xa, 0x70, 0x0, 0x2f,
    0xc0, 0x0, 0x0, 0x0, 0x0, 0x0, 0x0, 0x0,

    /* U+5435 "吵" */
    0x0, 0x0, 0x0, 0x0, 0x1f, 0xb0, 0x0, 0x0,
    0x0, 0x0, 0x0, 0x1, 0xfb, 0x0, 0x0, 0xff,
    0xff, 0xc0, 0x0, 0x1f, 0xb0, 0x0, 0xf, 0xea,
    0xfc, 0x8, 0x81, 0xfb, 0x4d, 0x60, 0xfb, 0xf,
    0xc0, 0xfd, 0x1f, 0xb1, 0xfd, 0xf, 0xb0, 0xfc,
    0x3f, 0xa1, 0xfb, 0xa, 0xf3, 0xfb, 0xf, 0xc8,
    0xf6, 0x1f, 0xb0, 0x5f, 0x8f, 0xb0, 0xfc, 0xcf,
    0x11, 0xfb, 0x1, 0x82, 0xfb, 0xf, 0xc0, 0x30,
    0x1f, 0xb1, 0xb6, 0xf, 0xeb, 0xfc, 0x0, 0x1,
    0xd9, 0x9f, 0x80, 0xff, 0xff, 0xc0, 0x0, 0x0,
    0x3f, 0xf1, 0xf, 0xb0, 0x0, 0x0, 0x0, 0x4f,
    0xf6, 0x0, 0xb8, 0x0, 0x0, 0x2, 0xaf, 0xf7,
    0x0, 0x0, 0x0, 0x2, 0x9d, 0xff, 0xd5, 0x0,
    0x0, 0x0, 0x0, 0x2f, 0xfc, 0x70, 0x0, 0x0,
    0x0, 0x0, 0x0, 0x31, 0x0, 0x0, 0x0, 0x0,

    /* U+5439 "吹" */
    0x0, 0x0, 0x0, 0x7, 0x40, 0x0, 0x0, 0x2,
    0x22, 0x22, 0x2, 0xfc, 0x0, 0x0, 0x0, 0xff,
    0xff, 0xf0, 0x6f, 0x80, 0x0, 0x0, 0xf, 0xfa,
    0xef, 0xa, 0xfe, 0xdd, 0xde, 0xb1, 0xfd, 0xc,
    0xf1, 0xff, 0xff, 0xff, 0xfe, 0xf, 0xd0, 0xcf,
    0x8f, 0x80, 0x0, 0x4f, 0xa0, 0xfd, 0xc, 0xfe,
    0xf2, 0xbf, 0x28, 0xf5, 0xf, 0xd0, 0xcf, 0x78,
    0xc, 0xf2, 0x6c, 0x0, 0xfd, 0xc, 0xf0, 0x0,
    0xdf, 0x30, 0x0, 0xf, 0xfa, 0xef, 0x0, 0x1f,
    0xf9, 0x0, 0x0, 0xff, 0xff, 0xf0, 0x6, 0xff,
    0xf1, 0x0, 0xf, 0xd2, 0x22, 0x1, 0xef, 0x8f,
    0xa0, 0x0, 0xa8, 0x0, 0x1, 0xcf, 0xa0, 0xbf,
    0x80, 0x0, 0x0, 0x4, 0xdf, 0xc0, 0x2, 0xef,
    0xc1, 0x0, 0x0, 0x7f, 0xa0, 0x0, 0x2, 0xcb,
    0x0, 0x0, 0x0, 0x30, 0x0, 0x0, 0x0, 0x10,

    /* U+5462 "呢" */
    0x4, 0x44, 0x42, 0x5f, 0xff, 0xff, 0xff, 0xd0,
    0xf, 0xff, 0xf9, 0x5f, 0xca, 0xaa, 0xaf, 0xd0,
    0xf, 0xea, 0xf9, 0x5f, 0x60, 0x0, 0xe, 0xd0,
    0xf, 0xa0, 0xf9, 0x5f, 0xdb, 0xbb, 0xbf, 0xd0,
    0xf, 0xa0, 0xf9, 0x5f, 0xff, 0xff, 0xff, 0xc0,
    0xf, 0xa0, 0xf9, 0x6f, 0x6a, 0xb0, 0x0, 0x0,
    0xf, 0xa0, 0xf9, 0x7f, 0x5d, 0xe0, 0x1b, 0x60,
    0xf, 0xa0, 0xf9, 0x8f, 0x5d, 0xf6, 0xef, 0xc0,
    0xf, 0xeb, 0xf9, 0x9f, 0x3d, 0xff, 0xd5, 0x0,
    0xf, 0xff, 0xf9, 0xbf, 0x1d, 0xf4, 0x0, 0x0,
    0xf, 0xb2, 0x22, 0xfd, 0xd, 0xe0, 0x3, 0x70,
    0xa, 0x70, 0x6, 0xf8, 0xd, 0xf0, 0x6, 0xf4,
    0x0, 0x0, 0x1e, 0xf2, 0xc, 0xfb, 0xae, 0xf1,
    0x0, 0x0, 0x7, 0x70, 0x5, 0xef, 0xff, 0x80,

    /* U+5473 "味" */
    0x0, 0x0, 0x0, 0x0, 0x1f, 0xd0, 0x0, 0x5,
    0x55, 0x54, 0x0, 0x1, 0xfd, 0x0, 0x0, 0xff,
    0xff, 0xc0, 0x0, 0x1f, 0xd0, 0x0, 0xf, 0xfc,
    0xfc, 0x3f, 0xff, 0xff, 0xff, 0xf1, 0xfc, 0xe,
    0xc2, 0xcc, 0xcf, 0xfc, 0xcc, 0x1f, 0xc0, 0xec,
    0x0, 0x1, 0xfd, 0x0, 0x0, 0xfc, 0xe, 0xc4,
    0x66, 0x7f, 0xe6, 0x66, 0x3f, 0xc0, 0xec, 0xbf,
    0xff, 0xff, 0xff, 0xf9, 0xfc, 0xe, 0xc3, 0x44,
    0xef, 0xfa, 0x44, 0x2f, 0xea, 0xfc, 0x0, 0x7f,
    0xff, 0xf1, 0x0, 0xff, 0xff, 0xc0, 0x3f, 0xff,
    0xff, 0xa0, 0xf, 0xc2, 0x22, 0x2e, 0xf5, 0xfd,
    0xbf, 0x70, 0xa8, 0x0, 0x6f, 0xf6, 0x1f, 0xd1,
    0xef, 0x70, 0x0, 0x5, 0xe4, 0x1, 0xfd, 0x4,
    0xe3, 0x0, 0x0, 0x0, 0x0, 0x1f, 0xd0, 0x0,
    0x0,

    /* U+547C "呼" */
    0x0, 0x0, 0x0, 0x0, 0x0, 0x0, 0x40, 0x0,
    0x0, 0x0, 0x45, 0x79, 0xad, 0xff, 0xa0, 0xef,
    0xff, 0x9c, 0xff, 0xff, 0xfb, 0x85, 0xe, 0xfc,
    0xf9, 0x36, 0x34, 0xfb, 0x3, 0x30, 0xeb, 0x1f,
    0x97, 0xf3, 0x2f, 0xb0, 0xcf, 0x2e, 0xb1, 0xf9,
    0x3f, 0xa2, 0xfb, 0x1f, 0xb0, 0xeb, 0x1f, 0x90,
    0xde, 0x2f, 0xb8, 0xf4, 0xe, 0xb1, 0xf9, 0x7,
    0x62, 0xfb, 0x59, 0x0, 0xeb, 0x1f, 0x9d, 0xff,
    0xff, 0xff, 0xff, 0x8e, 0xeb, 0xf9, 0xbc, 0xcd,
    0xff, 0xcc, 0xc7, 0xef, 0xff, 0x90, 0x0, 0x2f,
    0xb0, 0x0, 0xe, 0xb0, 0x0, 0x0, 0x2, 0xfb,
    0x0, 0x0, 0x65, 0x0, 0x0, 0x0, 0x2f, 0xb0,
    0x0, 0x0, 0x0, 0x0, 0x7, 0xce, 0xfa, 0x0,
    0x0, 0x0, 0x0, 0x0, 0x3f, 0xfc, 0x20, 0x0,
    0x0, 0x0, 0x0, 0x0, 0x0, 0x0, 0x0, 0x0,

    /* U+548C "和" */
    0x0, 0x0, 0x0, 0x40, 0x0, 0x0, 0x0, 0x0,
    0x14, 0x7a, 0xef, 0x90, 0x0, 0x0, 0x0, 0xc,
    0xff, 0xfe, 0x83, 0xcf, 0xff, 0xff, 0xe0, 0x35,
    0x5f, 0xb0, 0xb, 0xfc, 0xcc, 0xfe, 0x0, 0x2,
    0xfb, 0x0, 0xbf, 0x10, 0x1f, 0xe0, 0xcc, 0xdf,
    0xfc, 0xcc, 0xf1, 0x1, 0xfe, 0xf, 0xff, 0xff,
    0xff, 0xcf, 0x10, 0x1f, 0xe0, 0x0, 0xef, 0xe1,
    0xb, 0xf1, 0x1, 0xfe, 0x0, 0x6f, 0xff, 0xd1,
    0xbf, 0x10, 0x1f, 0xe0, 0xd, 0xff, 0xef, 0xcc,
    0xf1, 0x1, 0xfe, 0xa, 0xf8, 0xfb, 0x7a, 0xbf,
    0x10, 0x1f, 0xe3, 0xfd, 0x3f, 0xb0, 0xb, 0xfb,
    0xab, 0xfe, 0xc, 0x22, 0xfb, 0x0, 0xbf, 0xff,
    0xff, 0xe0, 0x0, 0x2f, 0xb0, 0xb, 0xf3, 0x23,
    0xfe, 0x0, 0x2, 0xfb, 0x0, 0x79, 0x10, 0x8,
    0x70,

    /* U+54B8 "咸" */
    0x0, 0x0, 0x0, 0x0, 0x0, 0x0, 0x0, 0x0,
    0x0, 0x0, 0x0, 0x0, 0x9, 0xf4, 0xb5, 0x0,
    0x0, 0x0, 0x0, 0x0, 0x9, 0xf6, 0xff, 0x50,
    0x0, 0x0, 0x0, 0x0, 0x9, 0xf4, 0x4f, 0xa0,
    0x0, 0xff, 0xff, 0xff, 0xff, 0xff, 0xff, 0xf6,
    0x0, 0xff, 0xcc, 0xcc, 0xce, 0xfd, 0xcc, 0xc5,
    0x0, 0xfd, 0x24, 0x44, 0x47, 0xf5, 0x1, 0x0,
    0x0, 0xfd, 0x9f, 0xff, 0xf5, 0xf6, 0x5f, 0x90,
    0x0, 0xfd, 0x12, 0x22, 0x24, 0xf8, 0xcf, 0x40,
    0x1, 0xfb, 0x8f, 0xff, 0xf2, 0xfc, 0xfe, 0x0,
    0x2, 0xfa, 0x8f, 0x8c, 0xf0, 0xff, 0xf7, 0x0,
    0x3, 0xf9, 0x8f, 0x8, 0xf0, 0xdf, 0xd0, 0x0,
    0x7, 0xf7, 0x8f, 0xff, 0xf2, 0xef, 0x60, 0xc3,
    0xc, 0xf2, 0x8f, 0x77, 0xce, 0xff, 0xb0, 0xf8,
    0x3f, 0xd0, 0x24, 0x9, 0xff, 0x7b, 0xfe, 0xf4,
    0x8, 0x50, 0x0, 0x2, 0xc3, 0x1, 0xaf, 0xa0,
    0x0, 0x0, 0x0, 0x0, 0x0, 0x0, 0x0, 0x0,

    /* U+54C1 "品" */
    0x0, 0xaf, 0xff, 0xff, 0xff, 0xfb, 0x0, 0x0,
    0xaf, 0xdc, 0xcc, 0xcd, 0xfb, 0x0, 0x0, 0xaf,
    0x0, 0x0, 0x0, 0xfb, 0x0, 0x0, 0xaf, 0x0,
    0x0, 0x0, 0xfb, 0x0, 0x0, 0xaf, 0xff, 0xff,
    0xff, 0xfb, 0x0, 0x0, 0x9d, 0xdd, 0xdd, 0xdd,
    0xda, 0x0, 0x0, 0x0, 0x0, 0x0, 0x0, 0x0,
    0x0, 0xac, 0xcc, 0xcc, 0x12, 0xcc, 0xcc, 0xcb,
    0xdf, 0xff, 0xff, 0x12, 0xff, 0xff, 0xfe, 0xdf,
    0x0, 0xdf, 0x12, 0xfa, 0x0, 0xfe, 0xdf, 0x0,
    0xdf, 0x12, 0xfa, 0x0, 0xfe, 0xdf, 0x0, 0xdf,
    0x12, 0xfa, 0x1, 0xfe, 0xdf, 0xff, 0xff, 0x12,
    0xff, 0xff, 0xfe, 0xdf, 0xcc, 0xee, 0x12, 0xfe,
    0xcc, 0xed,

    /* U+54CD "响" */
    0x0, 0x0, 0x0, 0x0, 0x56, 0x20, 0x0, 0x22,
    0x22, 0x10, 0x0, 0xcf, 0x50, 0x0, 0xef, 0xff,
    0x70, 0x1, 0xfe, 0x0, 0x0, 0xee, 0x9f, 0x7a,
    0xff, 0xff, 0xff, 0xfe, 0xeb, 0x1f, 0x7a, 0xfb,
    0xaa, 0xaa, 0xff, 0xeb, 0x1f, 0x7a, 0xf1, 0x0,
    0x0, 0xdf, 0xeb, 0x1f, 0x7a, 0xf2, 0xff, 0xf4,
    0xdf, 0xeb, 0x1f, 0x7a, 0xf2, 0xf6, 0xf4, 0xdf,
    0xeb, 0x1f, 0x7a, 0xf2, 0xf2, 0xe4, 0xdf, 0xee,
    0xbf, 0x7a, 0xf2, 0xf2, 0xe4, 0xdf, 0xef, 0xff,
    0x7a, 0xf2, 0xff, 0xf4, 0xdf, 0xeb, 0x0, 0xa,
    0xf2, 0xf7, 0x51, 0xdf, 0x97, 0x0, 0xa, 0xf1,
    0x61, 0x0, 0xdf, 0x0, 0x0, 0xa, 0xf1, 0x0,
    0x49, 0xfe, 0x0, 0x0, 0xa, 0xf1, 0x0, 0x3f,
    0xf8, 0x0, 0x0, 0x0, 0x0, 0x0, 0x1, 0x0,

    /* U+54E8 "哨" */
    0x0, 0x0, 0x0, 0x20, 0x1f, 0xb0, 0x21, 0x0,
    0x0, 0x0, 0x8f, 0x31, 0xfb, 0xb, 0xf4, 0xef,
    0xff, 0xe5, 0xfb, 0x1f, 0xb0, 0xfd, 0xe, 0xfc,
    0xff, 0xd, 0xf2, 0xfb, 0x6f, 0x60, 0xec, 0xd,
    0xf0, 0x66, 0x1f, 0xb3, 0x90, 0xe, 0xc0, 0xdf,
    0x2f, 0xff, 0xff, 0xff, 0xc0, 0xec, 0xd, 0xf2,
    0xfe, 0xaa, 0xab, 0xfc, 0xe, 0xc0, 0xdf, 0x2f,
    0xb0, 0x0, 0x1f, 0xc0, 0xec, 0xd, 0xf2, 0xff,
    0xff, 0xff, 0xfc, 0xe, 0xe6, 0xef, 0x2f, 0xd8,
    0x88, 0x9f, 0xc0, 0xef, 0xff, 0xf2, 0xfe, 0x99,
    0x9a, 0xfc, 0xe, 0xd1, 0x11, 0x2f, 0xff, 0xff,
    0xff, 0xc0, 0x76, 0x0, 0x2, 0xfb, 0x0, 0x1,
    0xfc, 0x0, 0x0, 0x0, 0x2f, 0xb0, 0x9, 0xcf,
    0xb0, 0x0, 0x0, 0x2, 0xfb, 0x0, 0x7f, 0xd4,
    0x0,

    /* U+54EA "哪" */
    0x0, 0x0, 0x0, 0x0, 0x0, 0x0, 0x0, 0x0,
    0x0, 0xc, 0xff, 0xff, 0x4f, 0xff, 0xc1, 0xef,
    0xfc, 0x7e, 0xeb, 0xf4, 0xfc, 0xcf, 0x3e, 0xde,
    0xc0, 0xcc, 0x5f, 0x4f, 0x79, 0xf0, 0xe7, 0xac,
    0xc, 0xc6, 0xf4, 0xf7, 0xcc, 0xe, 0x7a, 0xcc,
    0xff, 0xff, 0x4f, 0x7f, 0x70, 0xe7, 0xac, 0x6e,
    0xeb, 0xf4, 0xf9, 0xf3, 0xe, 0x7a, 0xc0, 0xcb,
    0x6f, 0x4f, 0x8f, 0x60, 0xe7, 0xac, 0x6e, 0xdb,
    0xf3, 0xf7, 0xac, 0xe, 0xde, 0xcc, 0xff, 0xff,
    0x3f, 0x78, 0xf0, 0xef, 0xfc, 0x3f, 0x67, 0xf3,
    0xf7, 0x7f, 0x1e, 0x81, 0x18, 0xf1, 0x7f, 0x2f,
    0xac, 0xf0, 0xc6, 0x1, 0xec, 0x9, 0xf1, 0xfb,
    0xf9, 0x0, 0x0, 0x9f, 0x3a, 0xfe, 0x1f, 0x71,
    0x0, 0x0, 0x5, 0x80, 0xce, 0x61, 0xf7, 0x0,
    0x0, 0x0, 0x0, 0x0, 0x0, 0x0, 0x0, 0x0,

    /* U+5531 "唱" */
    0x0, 0x0, 0x1, 0xff, 0xff, 0xff, 0xf1, 0xef,
    0xff, 0xa1, 0xfd, 0x77, 0x7e, 0xf1, 0xee, 0xbf,
    0xa1, 0xfd, 0x77, 0x7e, 0xf1, 0xec, 0x1f, 0xa1,
    0xff, 0xcc, 0xcf, 0xf1, 0xec, 0x1f, 0xa1, 0xfd,
    0x44, 0x4e, 0xf1, 0xec, 0x1f, 0xa1, 0xff, 0xff,
    0xff, 0xf1, 0xec, 0x1f, 0xa0, 0x22, 0x22, 0x22,
    0x20, 0xec, 0x1f, 0xa9, 0xff, 0xff, 0xff, 0xf9,
    0xee, 0xaf, 0xa9, 0xfb, 0x88, 0x8b, 0xf9, 0xef,
    0xff, 0xa9, 0xfa, 0x77, 0x7a, 0xf9, 0xec, 0x11,
    0x19, 0xff, 0xff, 0xff, 0xf9, 0xb9, 0x0, 0x9,
    0xf5, 0x0, 0x5, 0xf9, 0x0, 0x0, 0x9, 0xfc,
    0xaa, 0xac, 0xf9, 0x0, 0x0, 0x9, 0xff, 0xff,
    0xff, 0xe8,

    /* U+554A "啊" */
    0x0, 0x0, 0x0, 0x0, 0x0, 0x0, 0x0, 0x6,
    0x77, 0x58, 0xff, 0xed, 0xff, 0xff, 0xf9, 0xef,
    0xfc, 0x8f, 0xcf, 0xac, 0xcc, 0xef, 0x8e, 0xbd,
    0xc8, 0xe7, 0xf0, 0x0, 0x7, 0xf0, 0xe7, 0xac,
    0x8e, 0x9c, 0x5b, 0xba, 0x7f, 0xe, 0x7a, 0xc8,
    0xec, 0x96, 0xff, 0xe7, 0xf0, 0xe7, 0xac, 0x8e,
    0xd9, 0x6d, 0x5e, 0x7f, 0xe, 0x7a, 0xc8, 0xe8,
    0xe7, 0xd5, 0xe7, 0xf0, 0xe7, 0xac, 0x8e, 0x3f,
    0xad, 0x5e, 0x7f, 0xe, 0xac, 0xc8, 0xe1, 0xfd,
    0xe8, 0xe7, 0xf0, 0xef, 0xfc, 0x8e, 0x4f, 0xcf,
    0xfe, 0x7f, 0xe, 0xb7, 0x68, 0xee, 0xe8, 0xe5,
    0x57, 0xf0, 0xe7, 0x0, 0x8e, 0x21, 0x24, 0x0,
    0x7f, 0x0, 0x0, 0x8, 0xe0, 0x0, 0x5, 0xef,
    0xf0, 0x0, 0x0, 0x8e, 0x0, 0x0, 0x1e, 0xc5,
    0x0,

    /* U+5566 "啦" */
    0x0, 0x0, 0x0, 0x0, 0x0, 0x0, 0x10, 0x0,
    0x0, 0x0, 0x0, 0x9f, 0x0, 0xd, 0xd0, 0x0,
    0x8, 0x88, 0x70, 0x9f, 0x0, 0xa, 0xf2, 0x0,
    0xf, 0xff, 0xd0, 0x9f, 0x1, 0x17, 0xc4, 0x10,
    0xf, 0xab, 0xd7, 0xdf, 0x9a, 0xff, 0xff, 0xf3,
    0xf, 0x79, 0xdb, 0xff, 0xf7, 0x99, 0x99, 0x92,
    0xf, 0x79, 0xd0, 0xaf, 0x13, 0xb2, 0xc, 0xc0,
    0xf, 0x79, 0xd0, 0x9f, 0x4, 0xf4, 0xe, 0xd0,
    0xf, 0x79, 0xd0, 0x9f, 0xc4, 0xf6, 0xf, 0xb0,
    0xf, 0x79, 0xdc, 0xff, 0xe3, 0xf8, 0x1f, 0x80,
    0xf, 0xde, 0xda, 0xef, 0x0, 0xea, 0x3f, 0x60,
    0xf, 0xff, 0xd0, 0x9f, 0x0, 0xdb, 0x5f, 0x30,
    0xf, 0x70, 0x0, 0x9f, 0x0, 0xdc, 0x8f, 0x10,
    0xa, 0x40, 0x0, 0x9f, 0x0, 0x86, 0xad, 0x0,
    0x0, 0x0, 0x9, 0xef, 0x2a, 0xaa, 0xee, 0xa5,
    0x0, 0x0, 0xa, 0xe7, 0x2f, 0xff, 0xff, 0xf7,

    /* U+5580 "喀" */
    0x0, 0x0, 0x0, 0x0, 0x27, 0x0, 0x0, 0x2,
    0x33, 0x31, 0x0, 0xa, 0xf6, 0x0, 0x0, 0xef,
    0xff, 0x7f, 0xff, 0xff, 0xff, 0xff, 0x3e, 0xc7,
    0xf7, 0xfc, 0xab, 0x98, 0x8c, 0xf3, 0xea, 0x1f,
    0x7e, 0x8d, 0xf5, 0x33, 0x8e, 0x3e, 0xa1, 0xf6,
    0x9, 0xff, 0xff, 0xff, 0x10, 0xea, 0x1f, 0x8c,
    0xff, 0xa2, 0xbf, 0x90, 0xe, 0xa1, 0xf7, 0xd8,
    0xaf, 0xdf, 0xc0, 0x0, 0xea, 0x1f, 0x60, 0x38,
    0xff, 0xfb, 0x62, 0xe, 0xa1, 0xfb, 0xef, 0xfd,
    0x69, 0xff, 0xf6, 0xed, 0x8f, 0x7d, 0xfd, 0x88,
    0x89, 0xec, 0x2e, 0xff, 0xf6, 0x1f, 0xff, 0xff,
    0xff, 0x0, 0xeb, 0x22, 0x11, 0xf9, 0x0, 0xb,
    0xf0, 0x5, 0x30, 0x0, 0x1f, 0xc8, 0x88, 0xdf,
    0x0, 0x0, 0x0, 0x1, 0xff, 0xff, 0xff, 0xf0,
    0x0,

    /* U+5582 "喂" */
    0x22, 0x22, 0x15, 0xff, 0xff, 0xff, 0xfd, 0xc,
    0xff, 0xf9, 0x5f, 0x97, 0xfb, 0x6e, 0xd0, 0xcf,
    0xdf, 0x95, 0xf8, 0x6f, 0xa5, 0xed, 0xc, 0xe1,
    0xf9, 0x5f, 0xff, 0xff, 0xff, 0xd0, 0xce, 0x1f,
    0x95, 0xf7, 0x5f, 0x93, 0xed, 0xc, 0xe1, 0xf9,
    0x5f, 0xff, 0xff, 0xff, 0xd0, 0xce, 0x1f, 0x91,
    0x22, 0x22, 0x22, 0x22, 0xc, 0xe1, 0xf9, 0xff,
    0xff, 0xff, 0xff, 0xf8, 0xcf, 0xbf, 0x98, 0xfe,
    0x8e, 0xf8, 0x89, 0x4c, 0xff, 0xf9, 0xf, 0xd0,
    0x8f, 0x5a, 0xd1, 0xce, 0x0, 0x0, 0xfd, 0x2,
    0xff, 0xfa, 0x18, 0x90, 0x0, 0xf, 0xd0, 0x29,
    0xfb, 0x0, 0x0, 0x0, 0x7, 0xff, 0xff, 0x1d,
    0xfa, 0x20, 0x0, 0x0, 0x5f, 0xfb, 0x80, 0x2d,
    0xf5, 0x0, 0x0, 0x0, 0x30, 0x0, 0x0, 0x4,
    0x0,

    /* U+5598 "喘" */
    0x0, 0x0, 0x0, 0x0, 0x4f, 0x80, 0x0, 0x0,
    0x0, 0x0, 0xaf, 0x4, 0xf8, 0xa, 0xf1, 0xff,
    0xff, 0x6a, 0xf0, 0x4f, 0x80, 0xaf, 0x1f, 0xec,
    0xf6, 0xaf, 0x25, 0xf9, 0x1b, 0xf1, 0xfa, 0x4f,
    0x6a, 0xff, 0xff, 0xff, 0xff, 0x1f, 0xa4, 0xf6,
    0x23, 0x33, 0x33, 0x33, 0x30, 0xfa, 0x4f, 0x9f,
    0xff, 0xff, 0xff, 0xff, 0xaf, 0xa4, 0xf8, 0x99,
    0x9c, 0xfd, 0x99, 0x96, 0xfa, 0x4f, 0x64, 0x66,
    0xaf, 0x96, 0x66, 0x1f, 0xec, 0xf6, 0xbf, 0xff,
    0xff, 0xff, 0xf4, 0xff, 0xff, 0x6b, 0xe3, 0xf3,
    0xd9, 0x6f, 0x4f, 0xb0, 0x0, 0xbe, 0x3f, 0x3d,
    0x96, 0xf4, 0xb8, 0x0, 0xb, 0xe3, 0xf3, 0xd9,
    0x6f, 0x40, 0x0, 0x0, 0xbe, 0x3f, 0x3d, 0xab,
    0xf3, 0x0, 0x0, 0xb, 0xe2, 0xc2, 0xa7, 0xdb,
    0x0,

    /* U+559C "喜" */
    0x0, 0x0, 0x0, 0x3f, 0xa0, 0x0, 0x0, 0x0,
    0xf, 0xff, 0xff, 0xff, 0xff, 0xff, 0xff, 0x90,
    0x5, 0x55, 0x55, 0x8f, 0xc5, 0x55, 0x55, 0x30,
    0x0, 0x55, 0x55, 0x8f, 0xc5, 0x55, 0x53, 0x0,
    0x0, 0xde, 0xee, 0xee, 0xee, 0xee, 0xe9, 0x0,
    0x0, 0x19, 0x99, 0x99, 0x99, 0x99, 0x90, 0x0,
    0x0, 0x2f, 0xc5, 0x55, 0x55, 0x5f, 0xe0, 0x0,
    0x0, 0x2f, 0xff, 0xff, 0xff, 0xff, 0xe0, 0x0,
    0x0, 0x4, 0xfd, 0x33, 0x37, 0xfd, 0x30, 0x0,
    0x47, 0x77, 0xff, 0x87, 0x7b, 0xfb, 0x77, 0x70,
    0x8f, 0xff, 0xff, 0xff, 0xff, 0xff, 0xff, 0xf1,
    0x0, 0x37, 0x77, 0x77, 0x77, 0x77, 0x71, 0x0,
    0x0, 0x8f, 0xdb, 0xbb, 0xbb, 0xbe, 0xf3, 0x0,
    0x0, 0x8f, 0x84, 0x44, 0x44, 0x4c, 0xf3, 0x0,
    0x0, 0x8f, 0xff, 0xff, 0xff, 0xff, 0xf3, 0x0,

    /* U+559D "喝" */
    0x33, 0x33, 0x21, 0xff, 0xff, 0xff, 0xfb, 0xe,
    0xff, 0xf9, 0x1f, 0xb5, 0x55, 0x6f, 0xb0, 0xed,
    0x6f, 0x91, 0xff, 0xff, 0xff, 0xfb, 0xe, 0xb0,
    0xf9, 0x1f, 0xb5, 0x55, 0x6f, 0xb0, 0xeb, 0xf,
    0x91, 0xfe, 0xcc, 0xcc, 0xfb, 0xe, 0xb0, 0xf9,
    0x1e, 0xfb, 0xaa, 0xaa, 0x70, 0xeb, 0xf, 0x91,
    0xef, 0x66, 0x66, 0x66, 0x2e, 0xb0, 0xf9, 0xbf,
    0xff, 0xff, 0xff, 0xf6, 0xee, 0xaf, 0xef, 0xd2,
    0xc, 0x70, 0x6f, 0x5e, 0xff, 0xfa, 0x9f, 0x68,
    0xff, 0x57, 0xf4, 0xeb, 0x0, 0x1, 0xf9, 0xe3,
    0x6b, 0x8f, 0x39, 0x70, 0x0, 0x1f, 0xff, 0xff,
    0xfa, 0xf2, 0x0, 0x0, 0x0, 0x44, 0x44, 0x69,
    0xef, 0x0, 0x0, 0x0, 0x0, 0x0, 0x1, 0xfe,
    0x70, 0x0, 0x0, 0x0, 0x0, 0x0, 0x0, 0x0,
    0x0,

    /* U+561B "嘛" */
    0x0, 0x0, 0x0, 0x0, 0x46, 0x0, 0x0, 0x7,
    0x77, 0x30, 0x0, 0xb, 0xf3, 0x0, 0x0, 0xff,
    0xf7, 0xef, 0xff, 0xff, 0xff, 0xff, 0x4f, 0x6d,
    0x7e, 0xc7, 0xfb, 0x77, 0xeb, 0x72, 0xf6, 0xd7,
    0xe9, 0xe, 0x80, 0xe, 0x70, 0xf, 0x6d, 0x7e,
    0xa4, 0xfa, 0x24, 0xfa, 0x40, 0xf6, 0xd7, 0xeb,
    0xff, 0xf9, 0xff, 0xff, 0xf, 0x6d, 0x7f, 0x93,
    0xfe, 0x16, 0xfb, 0x0, 0xf6, 0xd7, 0xf9, 0x8f,
    0xf9, 0x9f, 0xf0, 0xf, 0x6d, 0x8f, 0x8d, 0xfb,
    0xee, 0xff, 0x40, 0xff, 0xf9, 0xfc, 0xee, 0x86,
    0xef, 0xf9, 0xf, 0xb8, 0x9f, 0xf9, 0xe8, 0xa9,
    0xeb, 0xe0, 0xe5, 0x8, 0xf8, 0x1e, 0x9f, 0x3e,
    0x7d, 0x40, 0x0, 0xdd, 0x0, 0xe8, 0x30, 0xe7,
    0x10, 0x0, 0x8, 0x60, 0xe, 0x80, 0xe, 0x70,
    0x0, 0x0, 0x0, 0x0, 0x0, 0x0, 0x0, 0x0,

    /* U+5668 "器" */
    0x0, 0xff, 0xff, 0xf3, 0x5f, 0xff, 0xff, 0x10,
    0x0, 0xfd, 0x9d, 0xf3, 0x5f, 0xb9, 0xef, 0x10,
    0x0, 0xf9, 0x8, 0xf3, 0x5f, 0x50, 0xbf, 0x10,
    0x0, 0xff, 0xff, 0xf3, 0x5f, 0xff, 0xff, 0x10,
    0x0, 0xaa, 0xaa, 0xe7, 0x5a, 0xfe, 0xaa, 0x10,
    0x0, 0x0, 0x1, 0xff, 0x11, 0xaf, 0xa0, 0x0,
    0x3f, 0xff, 0xff, 0xff, 0xff, 0xff, 0xff, 0xf3,
    0x2a, 0xac, 0xff, 0xca, 0xae, 0xfe, 0xba, 0xa2,
    0x0, 0x5e, 0xf9, 0x0, 0x2, 0xef, 0xb2, 0x0,
    0x4d, 0xff, 0xfa, 0xa2, 0x3a, 0xcf, 0xff, 0xb4,
    0x2f, 0xff, 0xff, 0xf3, 0x5f, 0xff, 0xff, 0xf2,
    0x1, 0xfa, 0x9, 0xf3, 0x5f, 0x60, 0xbf, 0x30,
    0x0, 0xfe, 0xad, 0xf3, 0x5f, 0xca, 0xef, 0x10,
    0x0, 0xff, 0xff, 0xe3, 0x5f, 0xff, 0xee, 0x10,

    /* U+56DB "四" */
    0x0, 0x0, 0x0, 0x0, 0x0, 0x0, 0x0, 0xdf,
    0xff, 0xff, 0xff, 0xff, 0xff, 0xfd, 0xdf, 0xcc,
    0xff, 0xcd, 0xfe, 0xcd, 0xfd, 0xdf, 0x10, 0xdf,
    0x2, 0xf9, 0x2, 0xfd, 0xdf, 0x10, 0xef, 0x2,
    0xf9, 0x2, 0xfd, 0xdf, 0x10, 0xfe, 0x2, 0xf9,
    0x2, 0xfd, 0xdf, 0x13, 0xfa, 0x2, 0xf9, 0x2,
    0xfd, 0xdf, 0x1c, 0xf6, 0x1, 0xfd, 0x8a, 0xfd,
    0xdf, 0xcf, 0xd0, 0x0, 0xaf, 0xff, 0xfd, 0xdf,
    0x5d, 0x20, 0x0, 0x0, 0x3, 0xfd, 0xdf, 0x11,
    0x0, 0x0, 0x0, 0x3, 0xfd, 0xdf, 0xff, 0xff,
    0xff, 0xff, 0xff, 0xfd, 0xdf, 0xdc, 0xcc, 0xcc,
    0xcc, 0xcd, 0xfd, 0xdf, 0x10, 0x0, 0x0, 0x0,
    0x2, 0xdb,

    /* U+56DE "回" */
    0xef, 0xff, 0xff, 0xff, 0xff, 0xff, 0xfe, 0xef,
    0xff, 0xff, 0xff, 0xff, 0xff, 0xfe, 0xef, 0x10,
    0x0, 0x0, 0x0, 0x2, 0xfe, 0xef, 0x10, 0x0,
    0x0, 0x0, 0x2, 0xfe, 0xef, 0x12, 0xff, 0xff,
    0xff, 0x12, 0xfe, 0xef, 0x12, 0xfd, 0x99, 0xff,
    0x12, 0xfe, 0xef, 0x12, 0xf9, 0x0, 0xdf, 0x12,
    0xfe, 0xef, 0x12, 0xf9, 0x0, 0xdf, 0x12, 0xfe,
    0xef, 0x12, 0xfe, 0xaa, 0xff, 0x12, 0xfe, 0xef,
    0x12, 0xff, 0xff, 0xff, 0x12, 0xfe, 0xef, 0x10,
    0x0, 0x0, 0x0, 0x2, 0xfe, 0xef, 0x10, 0x0,
    0x0, 0x0, 0x3, 0xfe, 0xef, 0xff, 0xff, 0xff,
    0xff, 0xff, 0xfe, 0xef, 0xcb, 0xbb, 0xbb, 0xbb,
    0xbc, 0xfe,

    /* U+56E2 "团" */
    0xef, 0xff, 0xff, 0xff, 0xff, 0xff, 0xfe, 0xef,
    0xcb, 0xbb, 0xbb, 0xbb, 0xbc, 0xfe, 0xef, 0x10,
    0x0, 0x8, 0xb0, 0x2, 0xfe, 0xef, 0x10, 0x0,
    0xb, 0xf1, 0x2, 0xfe, 0xef, 0x5f, 0xff, 0xff,
    0xff, 0xf5, 0xfe, 0xef, 0x3a, 0xaa, 0xef, 0xfb,
    0xa4, 0xfe, 0xef, 0x10, 0x5, 0xff, 0xf1, 0x2,
    0xfe, 0xef, 0x10, 0x6f, 0xfe, 0xf1, 0x2, 0xfe,
    0xef, 0x2a, 0xfe, 0x3b, 0xf1, 0x2, 0xfe, 0xef,
    0x5f, 0xb2, 0x1c, 0xf1, 0x2, 0xfe, 0xef, 0x12,
    0x3, 0xff, 0xe0, 0x2, 0xfe, 0xef, 0x10, 0x0,
    0x87, 0x20, 0x2, 0xfe, 0xef, 0xff, 0xff, 0xff,
    0xff, 0xff, 0xfe, 0xef, 0xcb, 0xbb, 0xbb, 0xbb,
    0xbc, 0xfe,

    /* U+56F4 "围" */
    0xdf, 0xff, 0xff, 0xff, 0xff, 0xff, 0xfd, 0xdf,
    0xaa, 0xaa, 0xaa, 0xaa, 0xaa, 0xfd, 0xde, 0x0,
    0x2, 0xfb, 0x0, 0x0, 0xfd, 0xde, 0x5f, 0xff,
    0xff, 0xff, 0xf0, 0xfd, 0xde, 0x27, 0x78, 0xfd,
    0x77, 0x70, 0xfd, 0xde, 0x9, 0xbc, 0xfe, 0xbb,
    0x40, 0xfd, 0xde, 0x8, 0xab, 0xfe, 0xaa, 0x40,
    0xfd, 0xde, 0x47, 0x78, 0xfd, 0x77, 0x73, 0xfd,
    0xde, 0x8f, 0xff, 0xff, 0xff, 0xf5, 0xfd, 0xde,
    0x0, 0x2, 0xfb, 0x29, 0xf3, 0xfd, 0xde, 0x0,
    0x1, 0xfb, 0xaf, 0xd0, 0xfd, 0xde, 0x0, 0x1,
    0xa7, 0x13, 0x0, 0xfd, 0xdf, 0xff, 0xff, 0xff,
    0xff, 0xff, 0xfd, 0xdf, 0x99, 0x99, 0x99, 0x99,
    0x99, 0xfd,

    /* U+56FE "图" */
    0xcf, 0xff, 0xff, 0xff, 0xff, 0xff, 0xfd, 0xcf,
    0xbb, 0xbe, 0xcb, 0xbb, 0xbb, 0xfd, 0xcf, 0x0,
    0x4f, 0xc0, 0x0, 0x1, 0xfd, 0xcf, 0x3, 0xef,
    0xff, 0xff, 0xe3, 0xfd, 0xcf, 0x7f, 0xfe, 0x76,
    0xef, 0x81, 0xfd, 0xcf, 0x3b, 0x6f, 0xed, 0xf7,
    0x1, 0xfd, 0xcf, 0x15, 0x9e, 0xff, 0xfa, 0x52,
    0xfd, 0xcf, 0xef, 0xff, 0x83, 0xaf, 0xfc, 0xfd,
    0xcf, 0x56, 0x2d, 0xfe, 0x92, 0x42, 0xfd, 0xcf,
    0x0, 0x75, 0x58, 0xc1, 0x1, 0xfd, 0xcf, 0x5,
    0xef, 0xff, 0xc8, 0x21, 0xfd, 0xcf, 0x0, 0x0,
    0x37, 0xbf, 0x31, 0xfd, 0xcf, 0xff, 0xff, 0xff,
    0xff, 0xff, 0xfd, 0xcf, 0xbb, 0xbb, 0xbb, 0xbb,
    0xbb, 0xfd,

    /* U+5706 "圆" */
    0xcf, 0xff, 0xff, 0xff, 0xff, 0xff, 0xfd, 0xcf,
    0x99, 0x99, 0x99, 0x99, 0x99, 0xfd, 0xcf, 0xb,
    0xff, 0xff, 0xff, 0xb0, 0xfd, 0xcf, 0xb, 0xf4,
    0x44, 0x4f, 0xb0, 0xfd, 0xcf, 0xb, 0xff, 0xff,
    0xff, 0xb0, 0xfd, 0xcf, 0x3, 0x44, 0x44, 0x44,
    0x30, 0xfd, 0xcf, 0xf, 0xff, 0xff, 0xff, 0xf0,
    0xfd, 0xcf, 0xf, 0xc6, 0x89, 0x6d, 0xf0, 0xfd,
    0xcf, 0xf, 0xa0, 0xcd, 0xb, 0xf0, 0xfd, 0xcf,
    0xe, 0x93, 0xfb, 0x49, 0xb0, 0xfd, 0xcf, 0x36,
    0xbf, 0xe7, 0xfe, 0x82, 0xfd, 0xcf, 0x7f, 0xe8,
    0x0, 0x4a, 0xf5, 0xfd, 0xcf, 0x9b, 0x98, 0x88,
    0x88, 0xa9, 0xfd, 0xcf, 0xff, 0xff, 0xff, 0xff,
    0xff, 0xfd,

    /* U+5708 "圈" */
    0xcf, 0xff, 0xff, 0xff, 0xff, 0xff, 0xfd, 0xcf,
    0x99, 0x99, 0xaa, 0x99, 0x99, 0xfd, 0xce, 0x4,
    0xa0, 0xdb, 0xb, 0x40, 0xfd, 0xce, 0x4, 0xe4,
    0xf9, 0x6f, 0x30, 0xfd, 0xce, 0xf, 0xff, 0xff,
    0xff, 0xf2, 0xfd, 0xce, 0x24, 0x5e, 0xe4, 0x44,
    0x42, 0xfd, 0xce, 0x8e, 0xff, 0xdd, 0xff, 0xe7,
    0xfd, 0xce, 0x3d, 0xfc, 0x66, 0x9f, 0xd3, 0xfd,
    0xcf, 0xbd, 0xee, 0x8a, 0xf3, 0xd8, 0xfd, 0xce,
    0x0, 0xbb, 0x6e, 0xc2, 0x0, 0xfd, 0xce, 0x0,
    0xbd, 0x45, 0x4b, 0xa0, 0xfd, 0xce, 0x0, 0x5e,
    0xff, 0xfe, 0x40, 0xfd, 0xcf, 0x99, 0x99, 0x99,
    0x99, 0x99, 0xfd, 0xcf, 0xff, 0xff, 0xff, 0xff,
    0xff, 0xfd,

    /* U+5728 "在" */
    0x0, 0x0, 0x0, 0x30, 0x0, 0x0, 0x0, 0x0,
    0x0, 0x0, 0x5, 0xfc, 0x0, 0x0, 0x0, 0x0,
    0x1, 0x11, 0x1a, 0xf8, 0x11, 0x11, 0x11, 0x10,
    0x1f, 0xff, 0xff, 0xff, 0xff, 0xff, 0xff, 0xf1,
    0x1b, 0xbb, 0xef, 0xdb, 0xbb, 0xbb, 0xbb, 0xb1,
    0x0, 0x2, 0xff, 0x10, 0x8, 0xc3, 0x0, 0x0,
    0x0, 0xd, 0xf7, 0x0, 0xa, 0xf4, 0x0, 0x0,
    0x0, 0xaf, 0xd0, 0x0, 0xa, 0xf5, 0x0, 0x0,
    0xb, 0xff, 0xa0, 0xef, 0xff, 0xff, 0xff, 0x70,
    0x6f, 0xff, 0xa0, 0xab, 0xbe, 0xfc, 0xbb, 0x50,
    0xb, 0x6f, 0xa0, 0x0, 0xa, 0xf4, 0x0, 0x0,
    0x0, 0x3f, 0xa0, 0x0, 0xa, 0xf4, 0x0, 0x0,
    0x0, 0x3f, 0xa0, 0x0, 0xa, 0xf4, 0x0, 0x0,
    0x0, 0x3f, 0xa6, 0xbb, 0xbe, 0xfd, 0xbb, 0xb0,
    0x0, 0x3f, 0xa8, 0xff, 0xff, 0xff, 0xff, 0xf1,

    /* U+5730 "地" */
    0x0, 0x0, 0x0, 0x0, 0x0, 0x32, 0x0, 0x0,
    0x0, 0x7f, 0x40, 0x0, 0x0, 0xfb, 0x0, 0x0,
    0x0, 0x7f, 0x40, 0x1, 0x10, 0xfb, 0x0, 0x0,
    0x0, 0x7f, 0x40, 0x2f, 0xa0, 0xfb, 0x0, 0x0,
    0x0, 0x7f, 0x40, 0x2f, 0xa0, 0xfb, 0x3c, 0xa0,
    0x4d, 0xef, 0xec, 0x2f, 0xa0, 0xff, 0xff, 0xe0,
    0x5f, 0xff, 0xfe, 0x2f, 0xee, 0xff, 0xbe, 0xe0,
    0x0, 0x7f, 0x43, 0xbf, 0xff, 0xfb, 0xe, 0xe0,
    0x0, 0x7f, 0x47, 0xff, 0xc1, 0xfb, 0xe, 0xe0,
    0x0, 0x7f, 0x41, 0x7f, 0xa0, 0xfb, 0xe, 0xe0,
    0x0, 0x7f, 0x9a, 0x3f, 0xa0, 0xfb, 0x9f, 0xc0,
    0x3, 0xbf, 0xff, 0x4f, 0xa0, 0xfb, 0xce, 0x50,
    0x5f, 0xff, 0x81, 0x2f, 0xa0, 0x0, 0x0, 0xd5,
    0xc, 0x60, 0x0, 0x2f, 0xa0, 0x0, 0x3, 0xf8,
    0x0, 0x0, 0x0, 0xf, 0xfb, 0xbb, 0xbe, 0xf4,
    0x0, 0x0, 0x0, 0x6, 0xef, 0xff, 0xfe, 0x90,

    /* U+573A "场" */
    0x0, 0x6f, 0x50, 0x0, 0x0, 0x0, 0x0, 0x0,
    0x0, 0x6f, 0x50, 0xdf, 0xff, 0xff, 0xf9, 0x0,
    0x0, 0x6f, 0x50, 0xac, 0xcc, 0xff, 0xf7, 0x0,
    0x0, 0x6f, 0x50, 0x0, 0x8, 0xff, 0x50, 0x0,
    0x2e, 0xff, 0xfd, 0x2, 0xcf, 0xc2, 0x0, 0x0,
    0x2d, 0xef, 0xec, 0x8f, 0xff, 0xcb, 0xbb, 0xb5,
    0x0, 0x6f, 0x50, 0x7f, 0xff, 0xff, 0xff, 0xf5,
    0x0, 0x6f, 0x50, 0x1, 0xcf, 0x2f, 0xb9, 0xf4,
    0x0, 0x6f, 0x50, 0x5, 0xf8, 0x5f, 0x5a, 0xf3,
    0x0, 0x6f, 0x64, 0x2e, 0xe1, 0xcf, 0xc, 0xf2,
    0x0, 0x9f, 0xff, 0xee, 0x25, 0xf7, 0xd, 0xf0,
    0x3f, 0xff, 0xe8, 0x53, 0x1e, 0xe0, 0xf, 0xe0,
    0xf, 0xb5, 0x0, 0x1, 0xcf, 0x40, 0x4f, 0xc0,
    0x0, 0x0, 0x0, 0x2d, 0xf6, 0x4b, 0xef, 0x70,
    0x0, 0x0, 0x0, 0x1b, 0x50, 0x2f, 0xfb, 0x10,
    0x0, 0x0, 0x0, 0x0, 0x0, 0x0, 0x0, 0x0,

    /* U+574F "坏" */
    0x0, 0x5f, 0x60, 0x0, 0x0, 0x0, 0x0, 0x0,
    0x0, 0x5f, 0x62, 0xff, 0xff, 0xff, 0xff, 0xf4,
    0x0, 0x5f, 0x62, 0xcc, 0xcd, 0xff, 0xdc, 0xc3,
    0x0, 0x5f, 0x60, 0x0, 0x6, 0xfe, 0x0, 0x0,
    0xb, 0xdf, 0xda, 0x0, 0x2f, 0xf7, 0x0, 0x0,
    0x1f, 0xff, 0xfd, 0x0, 0xcf, 0xf7, 0x50, 0x0,
    0x0, 0x6f, 0x70, 0xb, 0xff, 0xff, 0xf8, 0x0,
    0x0, 0x5f, 0x62, 0xcf, 0xed, 0xf5, 0xdf, 0xb0,
    0x0, 0x5f, 0x69, 0xfc, 0x1a, 0xf3, 0x1c, 0xf6,
    0x0, 0x5f, 0x87, 0x60, 0xa, 0xf3, 0x1, 0x60,
    0x3, 0xaf, 0xff, 0x20, 0xa, 0xf3, 0x0, 0x0,
    0x4f, 0xff, 0xb5, 0x0, 0xa, 0xf3, 0x0, 0x0,
    0xb, 0x61, 0x0, 0x0, 0xa, 0xf3, 0x0, 0x0,
    0x0, 0x0, 0x0, 0x0, 0xa, 0xf3, 0x0, 0x0,
    0x0, 0x0, 0x0, 0x0, 0xa, 0xf3, 0x0, 0x0,

    /* U+5750 "坐" */
    0x0, 0x3, 0x41, 0xe, 0xf1, 0x3, 0x30, 0x0,
    0x0, 0xb, 0xf5, 0xe, 0xf1, 0xc, 0xf3, 0x0,
    0x0, 0xf, 0xf1, 0xe, 0xf1, 0x1f, 0xf0, 0x0,
    0x0, 0x4f, 0xe0, 0xe, 0xf1, 0x5f, 0xb0, 0x0,
    0x0, 0xaf, 0xfb, 0xe, 0xf1, 0xdf, 0xf5, 0x0,
    0x3, 0xff, 0xdf, 0x8e, 0xf9, 0xfe, 0xff, 0x40,
    0x1e, 0xf7, 0x1e, 0xbe, 0xff, 0xf3, 0x5f, 0xf3,
    0xb, 0xc0, 0x4, 0x1e, 0xf8, 0x70, 0x7, 0xd1,
    0x0, 0x10, 0x0, 0xe, 0xf1, 0x0, 0x0, 0x10,
    0x0, 0xef, 0xff, 0xff, 0xff, 0xff, 0xff, 0x30,
    0x0, 0xbc, 0xcc, 0xcf, 0xfc, 0xcc, 0xcc, 0x20,
    0x0, 0x0, 0x0, 0xe, 0xf1, 0x0, 0x0, 0x0,
    0x0, 0x0, 0x0, 0xe, 0xf1, 0x0, 0x0, 0x0,
    0x1f, 0xff, 0xff, 0xff, 0xff, 0xff, 0xff, 0xf6,
    0x1d, 0xdd, 0xdd, 0xdd, 0xdd, 0xdd, 0xdd, 0xd5,

    /* U+5757 "块" */
    0x0, 0x0, 0x0, 0x0, 0x0, 0x0, 0x0, 0x0,
    0x0, 0x6f, 0x50, 0x0, 0x1f, 0xc0, 0x0, 0x0,
    0x0, 0x6f, 0x50, 0x0, 0x1f, 0xc0, 0x0, 0x0,
    0x0, 0x6f, 0x50, 0x23, 0x4f, 0xd3, 0x33, 0x0,
    0x0, 0x6f, 0x50, 0xaf, 0xff, 0xff, 0xff, 0x10,
    0x1d, 0xef, 0xec, 0x7c, 0xcf, 0xfc, 0xef, 0x10,
    0x1f, 0xff, 0xfe, 0x0, 0x1f, 0xc0, 0xaf, 0x10,
    0x0, 0x6f, 0x50, 0x0, 0x1f, 0xc0, 0xaf, 0x10,
    0x0, 0x6f, 0x50, 0x22, 0x4f, 0xc2, 0xbf, 0x30,
    0x0, 0x6f, 0x50, 0xef, 0xff, 0xff, 0xff, 0xf1,
    0x0, 0x6f, 0xaa, 0x99, 0xdf, 0xfe, 0x99, 0x90,
    0x2, 0xaf, 0xff, 0x0, 0xcf, 0xef, 0x20, 0x0,
    0x3f, 0xff, 0x91, 0x4, 0xfe, 0x4f, 0xa0, 0x0,
    0xd, 0x81, 0x0, 0x3e, 0xf6, 0xb, 0xf6, 0x0,
    0x0, 0x0, 0x6, 0xff, 0xa0, 0x3, 0xff, 0x90,
    0x0, 0x0, 0x3f, 0xf9, 0x0, 0x0, 0x6f, 0xd1,
    0x0, 0x0, 0x4, 0x30, 0x0, 0x0, 0x4, 0x20,

    /* U+5761 "坡" */
    0x0, 0x6c, 0x30, 0x0, 0x1, 0xfc, 0x0, 0x0,
    0x0, 0x7f, 0x40, 0x0, 0x1, 0xfc, 0x0, 0x0,
    0x0, 0x7f, 0x40, 0x69, 0x9a, 0xfe, 0x99, 0x94,
    0x1, 0x8f, 0x51, 0xaf, 0xff, 0xff, 0xff, 0xf7,
    0x3f, 0xff, 0xfe, 0xaf, 0x53, 0xfc, 0x2c, 0xf2,
    0x2b, 0xdf, 0xca, 0xaf, 0x31, 0xfc, 0xc, 0xd0,
    0x0, 0x7f, 0x40, 0xaf, 0xba, 0xfe, 0x99, 0x70,
    0x0, 0x7f, 0x40, 0xaf, 0xff, 0xff, 0xff, 0xd0,
    0x0, 0x7f, 0x41, 0xbf, 0xfe, 0x10, 0x6f, 0x80,
    0x0, 0x7f, 0xed, 0xdf, 0x7f, 0x80, 0xef, 0x30,
    0x29, 0xff, 0xfa, 0xfc, 0xe, 0xfa, 0xfa, 0x0,
    0x2f, 0xf9, 0x16, 0xf8, 0x4, 0xff, 0xe1, 0x0,
    0x6, 0x10, 0xc, 0xf4, 0x8, 0xff, 0xf9, 0x10,
    0x0, 0x0, 0x8f, 0xc6, 0xef, 0xd8, 0xff, 0xf7,
    0x0, 0x0, 0x2c, 0x23, 0xe7, 0x0, 0x2a, 0xf2,
    0x0, 0x0, 0x0, 0x0, 0x0, 0x0, 0x0, 0x0,

    /* U+5782 "垂" */
    0x0, 0x0, 0x12, 0x33, 0x56, 0x8a, 0xc4, 0x0,
    0x1, 0xff, 0xff, 0xff, 0xff, 0xff, 0xfa, 0x0,
    0x0, 0x9a, 0x99, 0x8f, 0xf6, 0x32, 0x0, 0x0,
    0x0, 0x0, 0x0, 0xe, 0xf1, 0x0, 0x0, 0x0,
    0x6, 0xff, 0xff, 0xff, 0xff, 0xff, 0xff, 0x70,
    0x4, 0xbe, 0xfd, 0xbf, 0xfc, 0xcf, 0xfb, 0x50,
    0x0, 0xb, 0xf4, 0xe, 0xf1, 0x2f, 0xd0, 0x0,
    0x3f, 0xff, 0xff, 0xff, 0xff, 0xff, 0xff, 0xf3,
    0x2d, 0xdf, 0xfe, 0xdf, 0xfd, 0xef, 0xfd, 0xd3,
    0x0, 0xb, 0xf4, 0xe, 0xf1, 0x2f, 0xd0, 0x0,
    0x6, 0xbe, 0xfc, 0xbf, 0xfc, 0xcf, 0xfb, 0x70,
    0x8, 0xff, 0xff, 0xff, 0xff, 0xff, 0xff, 0x90,
    0x0, 0x0, 0x0, 0xe, 0xf2, 0x0, 0x0, 0x0,
    0x0, 0x9c, 0xcc, 0xcf, 0xfd, 0xcc, 0xc8, 0x0,
    0x0, 0xcf, 0xff, 0xff, 0xff, 0xff, 0xfb, 0x0,

    /* U+579B "垛" */
    0x0, 0x7f, 0x50, 0x0, 0x0, 0x0, 0x0, 0x0,
    0x0, 0x7f, 0x50, 0x1, 0xff, 0xff, 0xf2, 0x0,
    0x0, 0x7f, 0x50, 0x1, 0xfe, 0xae, 0xf2, 0x0,
    0x0, 0x7f, 0x50, 0x4, 0xfb, 0xa, 0xf2, 0x0,
    0xb, 0xdf, 0xda, 0x9, 0xf7, 0xa, 0xf2, 0x0,
    0x1e, 0xff, 0xfc, 0x7f, 0xf2, 0x9, 0xfa, 0x80,
    0x0, 0x7f, 0x50, 0x6f, 0x64, 0xe7, 0xcd, 0xb0,
    0x0, 0x7f, 0x50, 0x4, 0x5, 0xf5, 0x0, 0x0,
    0x0, 0x7f, 0x50, 0xef, 0xff, 0xff, 0xff, 0xf2,
    0x0, 0x7f, 0x50, 0xab, 0xbf, 0xff, 0xbb, 0xb1,
    0x0, 0x7f, 0xde, 0x0, 0xbf, 0xff, 0xb0, 0x0,
    0x2b, 0xff, 0xfc, 0x1a, 0xfd, 0xfa, 0xfb, 0x0,
    0x1f, 0xe8, 0x25, 0xef, 0xb4, 0xf4, 0x9f, 0xd3,
    0x3, 0x0, 0x7, 0xf9, 0x4, 0xf4, 0x8, 0xd1,
    0x0, 0x0, 0x0, 0x30, 0x4, 0xf4, 0x0, 0x10,

    /* U+57C2 "埂" */
    0x0, 0x7f, 0x40, 0x0, 0x0, 0x0, 0x0, 0x0,
    0x0, 0x7f, 0x40, 0xef, 0xff, 0xff, 0xff, 0xf6,
    0x0, 0x7f, 0x40, 0x89, 0x9a, 0xfe, 0x99, 0x93,
    0x0, 0x7f, 0x40, 0x12, 0x24, 0xfc, 0x22, 0x20,
    0x1c, 0xdf, 0xdb, 0x8f, 0xff, 0xff, 0xff, 0xf1,
    0x2f, 0xff, 0xfe, 0x8f, 0x86, 0xfd, 0x5d, 0xf1,
    0x0, 0x7f, 0x50, 0x8f, 0xcb, 0xfe, 0xae, 0xf1,
    0x0, 0x7f, 0x40, 0x8f, 0xba, 0xfe, 0xae, 0xf1,
    0x0, 0x7f, 0x40, 0x8f, 0x76, 0xfd, 0x5c, 0xf1,
    0x0, 0x7f, 0x41, 0x8f, 0xff, 0xff, 0xff, 0xf1,
    0x0, 0x7f, 0xdf, 0x5a, 0x67, 0xf8, 0x11, 0x10,
    0x2b, 0xff, 0xfd, 0x4e, 0xfe, 0xf3, 0x0, 0x0,
    0x1f, 0xfa, 0x30, 0x5, 0xff, 0xe3, 0x0, 0x0,
    0x5, 0x10, 0x5, 0xaf, 0xff, 0xff, 0xd9, 0x73,
    0x0, 0x0, 0x2f, 0xfd, 0x50, 0x5c, 0xff, 0xf3,
    0x0, 0x0, 0x3, 0x20, 0x0, 0x0, 0x3, 0x40,

    /* U+57CB "埋" */
    0x0, 0x8f, 0x30, 0x0, 0x0, 0x0, 0x0, 0x0,
    0x0, 0x8f, 0x30, 0x8f, 0xff, 0xff, 0xff, 0xc0,
    0x0, 0x8f, 0x30, 0x8f, 0xba, 0xfd, 0x9f, 0xc0,
    0x0, 0x8f, 0x30, 0x8f, 0x41, 0xfa, 0xf, 0xc0,
    0x3d, 0xef, 0xec, 0x8f, 0xee, 0xff, 0xef, 0xc0,
    0x4f, 0xff, 0xfe, 0x8f, 0xba, 0xfd, 0x9f, 0xc0,
    0x0, 0x8f, 0x30, 0x8f, 0x41, 0xfa, 0xf, 0xc0,
    0x0, 0x8f, 0x30, 0x8f, 0xff, 0xff, 0xff, 0xc0,
    0x0, 0x8f, 0x30, 0x59, 0x9a, 0xfe, 0x99, 0x70,
    0x0, 0x8f, 0xcd, 0x0, 0x4, 0xfd, 0x0, 0x0,
    0x6, 0xdf, 0xfd, 0xbf, 0xff, 0xff, 0xff, 0xf0,
    0x4f, 0xfd, 0x60, 0x6a, 0xab, 0xff, 0xaa, 0xa0,
    0xb, 0x50, 0x0, 0x0, 0x3, 0xfd, 0x0, 0x0,
    0x0, 0x0, 0x9, 0xcc, 0xcd, 0xff, 0xcc, 0xc7,
    0x0, 0x0, 0xb, 0xff, 0xff, 0xff, 0xff, 0xf8,

    /* U+57CE "城" */
    0x0, 0x0, 0x0, 0x0, 0x0, 0x0, 0x0, 0x0,
    0x0, 0xab, 0x0, 0x0, 0x0, 0x9f, 0x7c, 0x10,
    0x0, 0xde, 0x0, 0x0, 0x0, 0x9f, 0x9f, 0x90,
    0x0, 0xde, 0x0, 0x11, 0x11, 0x9f, 0x4d, 0xd0,
    0x0, 0xde, 0x5, 0xff, 0xff, 0xff, 0xff, 0xf4,
    0x18, 0xef, 0x87, 0xfc, 0x99, 0xcf, 0xb9, 0x92,
    0x3f, 0xff, 0xf8, 0xf5, 0x0, 0x7f, 0x40, 0x0,
    0x0, 0xde, 0x5, 0xff, 0xff, 0x9f, 0x6a, 0xe1,
    0x0, 0xde, 0x5, 0xfb, 0xbf, 0x7f, 0x7e, 0xd0,
    0x0, 0xde, 0x6, 0xf5, 0x6f, 0x6f, 0xcf, 0x80,
    0x0, 0xde, 0x7, 0xf4, 0x6f, 0x3f, 0xff, 0x20,
    0x0, 0xdf, 0xcd, 0xf3, 0x7f, 0x1e, 0xfa, 0x0,
    0x3b, 0xff, 0xff, 0xf9, 0xef, 0xd, 0xf3, 0x71,
    0x2f, 0xc6, 0x2f, 0xc7, 0xc7, 0xbf, 0xf6, 0xc9,
    0x1, 0x0, 0x9f, 0x60, 0x3d, 0xf8, 0xef, 0xf6,
    0x0, 0x0, 0x7c, 0x0, 0x3e, 0x60, 0x4e, 0xc0,
    0x0, 0x0, 0x0, 0x0, 0x0, 0x0, 0x0, 0x0,

    /* U+5806 "堆" */
    0x0, 0x0, 0x0, 0x0, 0x0, 0x0, 0x0, 0x0,
    0x0, 0x9f, 0x30, 0x0, 0xec, 0x3b, 0x70, 0x0,
    0x0, 0x9f, 0x30, 0x3, 0xfe, 0x2f, 0xe0, 0x0,
    0x0, 0x9f, 0x30, 0x9, 0xf8, 0xb, 0xf2, 0x0,
    0x0, 0x9f, 0x30, 0x1f, 0xfc, 0xbd, 0xeb, 0xb2,
    0x5d, 0xff, 0xed, 0x8f, 0xff, 0xff, 0xff, 0xf3,
    0x5e, 0xff, 0xee, 0xff, 0xd0, 0x1f, 0xb0, 0x0,
    0x0, 0x9f, 0x35, 0xff, 0xfa, 0xaf, 0xea, 0x80,
    0x0, 0x9f, 0x30, 0x5f, 0xff, 0xff, 0xff, 0xc0,
    0x0, 0x9f, 0x30, 0xe, 0xd0, 0x1f, 0xb0, 0x0,
    0x0, 0x9f, 0xbd, 0xe, 0xfa, 0xbf, 0xea, 0x80,
    0x5, 0xdf, 0xfe, 0x1e, 0xff, 0xff, 0xff, 0xc0,
    0x6f, 0xfd, 0x60, 0xe, 0xd0, 0x1f, 0xb0, 0x0,
    0xb, 0x40, 0x0, 0xe, 0xf9, 0xaf, 0xe9, 0x94,
    0x0, 0x0, 0x0, 0xe, 0xff, 0xff, 0xff, 0xf6,
    0x0, 0x0, 0x0, 0xe, 0xd2, 0x22, 0x22, 0x21,

    /* U+5824 "堤" */
    0x0, 0x9f, 0x20, 0x0, 0x0, 0x0, 0x0, 0x0,
    0x0, 0x9f, 0x20, 0x8f, 0xff, 0xff, 0xff, 0xb0,
    0x0, 0x9f, 0x20, 0x8f, 0x65, 0x55, 0x6f, 0xb0,
    0x0, 0x9f, 0x20, 0x8f, 0xff, 0xff, 0xff, 0xb0,
    0x4c, 0xef, 0xdb, 0x8f, 0x53, 0x33, 0x5f, 0xb0,
    0x5f, 0xff, 0xfe, 0x8f, 0xff, 0xff, 0xff, 0xb0,
    0x0, 0x9f, 0x20, 0x25, 0x55, 0x55, 0x55, 0x40,
    0x0, 0x9f, 0x25, 0xff, 0xff, 0xff, 0xff, 0xf9,
    0x0, 0x9f, 0x23, 0x99, 0x9d, 0xfa, 0x99, 0x95,
    0x0, 0x9f, 0x22, 0x5d, 0x3a, 0xf2, 0x0, 0x0,
    0x0, 0x9f, 0xef, 0xaf, 0x1a, 0xff, 0xff, 0xa0,
    0x3d, 0xff, 0xfa, 0xef, 0x4a, 0xf9, 0x88, 0x50,
    0x1f, 0xd7, 0x15, 0xff, 0xec, 0xf2, 0x0, 0x0,
    0x2, 0x0, 0x2f, 0xf2, 0xdf, 0xfb, 0xaa, 0xa9,
    0x0, 0x0, 0x1c, 0x60, 0x7, 0xcf, 0xff, 0xfa,
    0x0, 0x0, 0x0, 0x0, 0x0, 0x0, 0x0, 0x0,

    /* U+5854 "塔" */
    0x0, 0x9e, 0x20, 0xb, 0xf0, 0x1, 0xfa, 0x0,
    0x0, 0xaf, 0x26, 0x8e, 0xf9, 0x89, 0xfd, 0x86,
    0x0, 0xaf, 0x2a, 0xff, 0xff, 0xff, 0xff, 0xfa,
    0x0, 0xaf, 0x23, 0x4c, 0xf5, 0x85, 0xfc, 0x43,
    0xc, 0xef, 0xd7, 0x3, 0x5b, 0xfa, 0x43, 0x0,
    0x1f, 0xff, 0xf9, 0x1, 0xcf, 0xff, 0xb1, 0x0,
    0x0, 0xaf, 0x20, 0x6e, 0xfc, 0x4d, 0xfe, 0x60,
    0x0, 0xaf, 0x4d, 0xff, 0xd6, 0x56, 0xdf, 0xf9,
    0x0, 0xaf, 0x2a, 0xc7, 0xff, 0xff, 0xf5, 0xa1,
    0x0, 0xaf, 0x20, 0x0, 0x33, 0x33, 0x30, 0x0,
    0x0, 0xaf, 0xdb, 0x5f, 0xff, 0xff, 0xff, 0x70,
    0x2b, 0xff, 0xfb, 0x5f, 0xb8, 0x88, 0xbf, 0x70,
    0x1f, 0xfa, 0x30, 0x5f, 0x60, 0x0, 0x6f, 0x70,
    0x7, 0x20, 0x0, 0x5f, 0xc9, 0x99, 0xcf, 0x70,
    0x0, 0x0, 0x0, 0x5f, 0xff, 0xff, 0xff, 0x70,

    /* U+5858 "塘" */
    0x0, 0x0, 0x0, 0x0, 0x0, 0x31, 0x0, 0x0,
    0x0, 0x9f, 0x20, 0x0, 0x7, 0xf8, 0x0, 0x0,
    0x0, 0x9f, 0x20, 0x0, 0x4, 0xfd, 0x0, 0x0,
    0x0, 0x9f, 0x20, 0xef, 0xff, 0xff, 0xff, 0xf9,
    0x0, 0x9f, 0x20, 0xee, 0x88, 0xbc, 0x88, 0x85,
    0x2b, 0xef, 0xc8, 0xec, 0x68, 0xef, 0x88, 0x50,
    0x2f, 0xff, 0xfc, 0xec, 0xbd, 0xff, 0xdf, 0xa0,
    0x3, 0xaf, 0x52, 0xed, 0x55, 0xde, 0x5f, 0xd3,
    0x0, 0x9f, 0x20, 0xef, 0xff, 0xff, 0xff, 0xf7,
    0x0, 0x9f, 0x20, 0xfb, 0x55, 0xdf, 0x5f, 0xa0,
    0x0, 0x9f, 0x23, 0xf9, 0xac, 0xff, 0xcc, 0x80,
    0x0, 0x9f, 0xfe, 0xf8, 0x77, 0xdf, 0x77, 0x60,
    0x2c, 0xff, 0xeb, 0xf7, 0xff, 0xff, 0xff, 0xc0,
    0xf, 0xe7, 0x9, 0xf3, 0xf9, 0x0, 0xf, 0xc0,
    0x5, 0x0, 0xe, 0xc1, 0xfc, 0x88, 0x8f, 0xc0,
    0x0, 0x0, 0x3d, 0x31, 0xff, 0xff, 0xff, 0xc0,

    /* U+5899 "墙" */
    0x0, 0x0, 0x0, 0x0, 0x2, 0x30, 0x0, 0x0,
    0x0, 0xfc, 0x0, 0x0, 0xb, 0xf2, 0x0, 0x0,
    0x0, 0xfc, 0x2, 0x88, 0x8d, 0xf9, 0x88, 0x50,
    0x0, 0xfc, 0x4, 0xff, 0xff, 0xff, 0xff, 0xa0,
    0x0, 0xfc, 0x0, 0x5b, 0x1b, 0xf3, 0x6a, 0x10,
    0x6d, 0xff, 0xd1, 0x7f, 0x8b, 0xf3, 0xee, 0x0,
    0x6f, 0xff, 0xf1, 0xc, 0x9b, 0xf6, 0xd4, 0x0,
    0x0, 0xfc, 0xd, 0xff, 0xff, 0xff, 0xff, 0xf6,
    0x0, 0xfc, 0x7, 0x88, 0x88, 0x88, 0x88, 0x83,
    0x0, 0xfc, 0x2, 0xcc, 0xcc, 0xcc, 0xcc, 0x80,
    0x0, 0xfd, 0xa6, 0xfc, 0x99, 0x99, 0x9f, 0xb0,
    0x17, 0xff, 0xf8, 0xf6, 0xcd, 0xdd, 0x4f, 0xb0,
    0x6f, 0xfa, 0x23, 0xf6, 0xe5, 0xf, 0x5f, 0xb0,
    0x1a, 0x20, 0x3, 0xf6, 0xde, 0xee, 0x4f, 0xb0,
    0x0, 0x0, 0x3, 0xfb, 0x77, 0x77, 0x8f, 0xb0,
    0x0, 0x0, 0x3, 0xff, 0xff, 0xff, 0xff, 0xb0,

    /* U+58C1 "壁" */
    0x0, 0x0, 0x0, 0x0, 0x0, 0x17, 0x30, 0x0,
    0x5, 0xff, 0xff, 0xf9, 0x57, 0xaf, 0xc7, 0x71,
    0x5, 0xf8, 0x67, 0xf9, 0xbf, 0xff, 0xff, 0xf3,
    0x6, 0xfa, 0x89, 0xf9, 0xd, 0xa0, 0x7f, 0x20,
    0x7, 0xfd, 0xcc, 0xc8, 0xbe, 0xfb, 0xef, 0xb6,
    0x8, 0xf7, 0x55, 0x55, 0xbb, 0xcf, 0xdb, 0xb6,
    0xb, 0xff, 0xff, 0xfb, 0x34, 0x7f, 0xa4, 0x40,
    0x1f, 0xff, 0x10, 0xeb, 0xdf, 0xff, 0xff, 0xf1,
    0x2e, 0xaf, 0xff, 0xfb, 0x12, 0x5f, 0x92, 0x20,
    0x2, 0x26, 0x66, 0x6a, 0x71, 0x29, 0x40, 0x0,
    0x0, 0x48, 0x88, 0x8e, 0xf9, 0x88, 0x88, 0x0,
    0x0, 0x7f, 0xff, 0xff, 0xff, 0xff, 0xff, 0x10,
    0x0, 0x0, 0x0, 0xd, 0xf3, 0x0, 0x0, 0x0,
    0xa, 0xaa, 0xaa, 0xae, 0xfb, 0xaa, 0xaa, 0xa4,
    0x1f, 0xff, 0xff, 0xff, 0xff, 0xff, 0xff, 0xf7,

    /* U+58F0 "声" */
    0x0, 0x0, 0x0, 0xf, 0xe0, 0x0, 0x0, 0x0,
    0x89, 0x99, 0x99, 0xff, 0x99, 0x99, 0x98, 0xf,
    0xff, 0xff, 0xff, 0xff, 0xff, 0xff, 0xf0, 0x0,
    0x0, 0x0, 0xfe, 0x0, 0x0, 0x0, 0x0, 0xff,
    0xff, 0xff, 0xff, 0xff, 0xff, 0x30, 0x9, 0x99,
    0x99, 0x99, 0x99, 0x99, 0x92, 0x0, 0x57, 0x77,
    0x77, 0x77, 0x77, 0x77, 0x0, 0xb, 0xff, 0xff,
    0xff, 0xff, 0xff, 0xf0, 0x0, 0xbf, 0x30, 0xf,
    0xe0, 0x0, 0xef, 0x0, 0xd, 0xf3, 0x0, 0xfe,
    0x0, 0xe, 0xf0, 0x0, 0xef, 0xff, 0xff, 0xff,
    0xff, 0xff, 0x0, 0x2f, 0xe8, 0x88, 0x88, 0x88,
    0x8f, 0xf0, 0x8, 0xf8, 0x0, 0x0, 0x0, 0x0,
    0x22, 0x4, 0xff, 0x20, 0x0, 0x0, 0x0, 0x0,
    0x0, 0x2d, 0x60, 0x0, 0x0, 0x0, 0x0, 0x0,
    0x0, 0x10, 0x0, 0x0, 0x0, 0x0, 0x0, 0x0,

    /* U+58F3 "壳" */
    0x0, 0x0, 0x0, 0xf, 0xf0, 0x0, 0x0, 0x0,
    0x9, 0x99, 0x99, 0xaf, 0xf9, 0x99, 0x99, 0x91,
    0xf, 0xff, 0xff, 0xff, 0xff, 0xff, 0xff, 0xf1,
    0x4, 0x44, 0x44, 0x4f, 0xf4, 0x44, 0x44, 0x40,
    0x0, 0x7a, 0xaa, 0xaf, 0xfa, 0xaa, 0xa7, 0x0,
    0x0, 0xaf, 0xff, 0xff, 0xff, 0xff, 0xfa, 0x0,
    0x4, 0x44, 0x44, 0x44, 0x44, 0x44, 0x44, 0x40,
    0xe, 0xff, 0xff, 0xff, 0xff, 0xff, 0xff, 0xe0,
    0xe, 0xe4, 0x44, 0x44, 0x44, 0x44, 0x4f, 0xe0,
    0xe, 0xd0, 0x8f, 0xff, 0xff, 0xf9, 0xe, 0xe0,
    0x1, 0x10, 0x8f, 0xdb, 0xbc, 0xf9, 0x1, 0x10,
    0x0, 0x0, 0xbf, 0x30, 0x4, 0xf9, 0x0, 0x0,
    0x0, 0x8, 0xfe, 0x0, 0x4, 0xf9, 0x2, 0xe5,
    0x4b, 0xff, 0xe4, 0x0, 0x3, 0xfe, 0xbd, 0xf5,
    0x1f, 0xe9, 0x10, 0x0, 0x0, 0xbf, 0xff, 0xc0,
    0x1, 0x0, 0x0, 0x0, 0x0, 0x0, 0x0, 0x0,

    /* U+5904 "处" */
    0x0, 0x2d, 0x80, 0x0, 0xc, 0xf3, 0x0, 0x0,
    0x0, 0x5f, 0xc0, 0x0, 0xc, 0xf3, 0x0, 0x0,
    0x0, 0x9f, 0xa0, 0x0, 0xc, 0xf3, 0x0, 0x0,
    0x0, 0xcf, 0xff, 0xff, 0x2c, 0xf3, 0x0, 0x0,
    0x0, 0xff, 0xbb, 0xff, 0xc, 0xfc, 0x20, 0x0,
    0x5, 0xfd, 0x0, 0xfd, 0xc, 0xff, 0xd1, 0x0,
    0xb, 0xfe, 0x3, 0xfa, 0xc, 0xfd, 0xfb, 0x0,
    0x3f, 0xff, 0x48, 0xf7, 0xc, 0xf4, 0xcf, 0x70,
    0x3d, 0x7f, 0xce, 0xf1, 0xc, 0xf3, 0x2f, 0x80,
    0x0, 0x8, 0xff, 0xb0, 0xc, 0xf3, 0x1, 0x0,
    0x0, 0x3, 0xff, 0x60, 0xc, 0xf3, 0x0, 0x0,
    0x0, 0xc, 0xff, 0xf5, 0xb, 0xe3, 0x0, 0x0,
    0x0, 0xbf, 0xe9, 0xff, 0xb5, 0x20, 0x0, 0x0,
    0x4e, 0xff, 0x30, 0x6f, 0xff, 0xff, 0xff, 0xf3,
    0x3e, 0xd3, 0x0, 0x1, 0x7b, 0xef, 0xff, 0xd0,
    0x2, 0x0, 0x0, 0x0, 0x0, 0x0, 0x0, 0x0,

    /* U+5915 "夕" */
    0x0, 0x0, 0x0, 0x35, 0x10, 0x0, 0x0, 0x0,
    0x0, 0x0, 0xc, 0xf9, 0x0, 0x0, 0x0, 0x0,
    0x0, 0x4, 0xff, 0x10, 0x0, 0x0, 0x0, 0x0,
    0x1, 0xef, 0xff, 0xff, 0xff, 0xd3, 0x0, 0x0,
    0xaf, 0xfe, 0xee, 0xee, 0xff, 0x20, 0x0, 0xaf,
    0xf2, 0x0, 0x0, 0x7f, 0xd0, 0x1, 0xbf, 0xf4,
    0x40, 0x0, 0xe, 0xf6, 0x0, 0xcf, 0xf5, 0xaf,
    0xb1, 0x7, 0xfe, 0x0, 0x1, 0xa2, 0x3, 0xdf,
    0xe7, 0xff, 0x50, 0x0, 0x0, 0x0, 0x0, 0xaf,
    0xff, 0x90, 0x0, 0x0, 0x0, 0x0, 0x3, 0xff,
    0xc0, 0x0, 0x0, 0x0, 0x0, 0x8, 0xff, 0xd2,
    0x0, 0x0, 0x0, 0x0, 0x6d, 0xff, 0xa0, 0x0,
    0x0, 0x0, 0x9, 0xff, 0xff, 0x60, 0x0, 0x0,
    0x0, 0x0, 0x8f, 0xd6, 0x0, 0x0, 0x0, 0x0,
    0x0, 0x0, 0x40, 0x0, 0x0, 0x0, 0x0, 0x0,

    /* U+5916 "外" */
    0x0, 0x0, 0x0, 0x0, 0x0, 0x0, 0x0, 0x0,
    0x0, 0x1e, 0x90, 0x0, 0xc, 0xf3, 0x0, 0x0,
    0x0, 0x5f, 0xb0, 0x0, 0xc, 0xf3, 0x0, 0x0,
    0x0, 0xaf, 0x90, 0x0, 0xc, 0xf3, 0x0, 0x0,
    0x0, 0xef, 0xff, 0xff, 0x6c, 0xf3, 0x0, 0x0,
    0x3, 0xff, 0xcc, 0xff, 0x4c, 0xf3, 0x0, 0x0,
    0xa, 0xf8, 0x0, 0xef, 0x1c, 0xf8, 0x20, 0x0,
    0x3f, 0xf1, 0x3, 0xfd, 0xc, 0xff, 0xe2, 0x0,
    0x8f, 0x9d, 0x68, 0xfa, 0xc, 0xfb, 0xfe, 0x20,
    0x5, 0x3e, 0xff, 0xf3, 0xc, 0xf3, 0x9f, 0xe2,
    0x0, 0x1, 0xdf, 0xc0, 0xc, 0xf3, 0xa, 0x80,
    0x0, 0x3, 0xff, 0x40, 0xc, 0xf3, 0x0, 0x0,
    0x0, 0x2e, 0xf9, 0x0, 0xc, 0xf3, 0x0, 0x0,
    0x7, 0xff, 0xc0, 0x0, 0xc, 0xf3, 0x0, 0x0,
    0x6f, 0xfa, 0x10, 0x0, 0xc, 0xf3, 0x0, 0x0,
    0x7, 0x50, 0x0, 0x0, 0xc, 0xf3, 0x0, 0x0,

    /* U+591A "多" */
    0x0, 0x0, 0x0, 0x14, 0x0, 0x0, 0x0, 0x0,
    0x0, 0x0, 0x2, 0xdf, 0xa0, 0x1, 0x0, 0x0,
    0x0, 0x0, 0x6f, 0xff, 0xff, 0xff, 0xb0, 0x0,
    0x0, 0x5c, 0xfe, 0xa9, 0x9a, 0xff, 0x60, 0x0,
    0x2, 0xee, 0x89, 0x50, 0x3d, 0xf8, 0x0, 0x0,
    0x0, 0x20, 0x1c, 0xfd, 0xfe, 0x50, 0x0, 0x0,
    0x0, 0x47, 0xbf, 0xff, 0xbe, 0xd4, 0x0, 0x0,
    0xb, 0xff, 0xfd, 0x74, 0xdf, 0xf9, 0x99, 0x50,
    0x3, 0x95, 0x10, 0x8f, 0xff, 0xff, 0xff, 0xe1,
    0x0, 0x3, 0x9e, 0xfd, 0x41, 0x14, 0xff, 0x60,
    0x0, 0xa, 0xfd, 0x7a, 0x90, 0x4e, 0xf9, 0x0,
    0x0, 0x0, 0x40, 0x1b, 0xfe, 0xff, 0x80, 0x0,
    0x0, 0x0, 0x14, 0x8d, 0xff, 0xd3, 0x0, 0x0,
    0xa, 0xde, 0xff, 0xff, 0xb6, 0x0, 0x0, 0x0,
    0xa, 0xfe, 0xc9, 0x61, 0x0, 0x0, 0x0, 0x0,
    0x1, 0x10, 0x0, 0x0, 0x0, 0x0, 0x0, 0x0,

    /* U+591C "夜" */
    0x0, 0x0, 0x0, 0x6, 0x60, 0x0, 0x0, 0x0,
    0x0, 0x0, 0x0, 0x1f, 0xf1, 0x0, 0x0, 0x0,
    0x1f, 0xff, 0xff, 0xff, 0xff, 0xff, 0xff, 0xf1,
    0x1c, 0xcc, 0xfd, 0xcc, 0xee, 0xcc, 0xcc, 0xc1,
    0x0, 0x3, 0xfd, 0x0, 0xbf, 0x60, 0x0, 0x0,
    0x0, 0xc, 0xf7, 0x4, 0xff, 0xcb, 0xbb, 0x50,
    0x0, 0x5f, 0xe0, 0xc, 0xff, 0xff, 0xff, 0x90,
    0x4, 0xff, 0xb0, 0x9f, 0xc6, 0x70, 0xaf, 0x30,
    0x3f, 0xff, 0xb8, 0xff, 0xa8, 0xf8, 0xfd, 0x0,
    0x4f, 0xcf, 0xb8, 0xeb, 0xf7, 0x5c, 0xf4, 0x0,
    0x3, 0x2f, 0xb0, 0x0, 0xdf, 0xbf, 0x80, 0x0,
    0x0, 0x2f, 0xb0, 0x0, 0x4f, 0xfe, 0x0, 0x0,
    0x0, 0x2f, 0xb0, 0x7, 0xff, 0xff, 0xd5, 0x0,
    0x0, 0x2f, 0xb7, 0xff, 0xf6, 0x1b, 0xff, 0xe3,
    0x0, 0x2f, 0xb1, 0xd8, 0x10, 0x0, 0x4b, 0xa0,
    0x0, 0x0, 0x0, 0x0, 0x0, 0x0, 0x0, 0x0,

    /* U+591F "够" */
    0x0, 0x46, 0x10, 0x0, 0x0, 0x57, 0x10, 0x0,
    0x0, 0xbf, 0x30, 0x0, 0x2, 0xff, 0x98, 0x50,
    0x1, 0xff, 0xaa, 0xa8, 0x2e, 0xff, 0xff, 0xc0,
    0x8, 0xff, 0xff, 0xfe, 0xef, 0x50, 0x9f, 0x50,
    0x2f, 0xe1, 0x0, 0xfc, 0xa7, 0xe9, 0xfd, 0x0,
    0x6f, 0xd8, 0x83, 0xfb, 0x2, 0xef, 0xe3, 0x0,
    0x9, 0xff, 0xf5, 0xfb, 0x3b, 0xfe, 0x30, 0x0,
    0x8, 0xe1, 0xf6, 0xfc, 0xef, 0xdf, 0x90, 0x0,
    0x8, 0xe1, 0xf6, 0xfa, 0x23, 0xef, 0xff, 0xe5,
    0x8, 0xe2, 0xf6, 0xfa, 0x6f, 0xf8, 0x8f, 0xf2,
    0x8, 0xff, 0xf7, 0xfc, 0xfd, 0x82, 0x5f, 0xc0,
    0x8, 0xf7, 0x75, 0xf8, 0x33, 0xff, 0xef, 0x30,
    0x5, 0x80, 0x5, 0xf7, 0x0, 0x8f, 0xf5, 0x0,
    0x0, 0x6, 0xbe, 0xf7, 0x7c, 0xfe, 0x50, 0x0,
    0x0, 0x4, 0xff, 0xa2, 0xfe, 0x91, 0x0, 0x0,
    0x0, 0x0, 0x0, 0x0, 0x30, 0x0, 0x0, 0x0,

    /* U+5927 "大" */
    0x0, 0x0, 0x0, 0x1f, 0xf0, 0x0, 0x0, 0x0,
    0x0, 0x0, 0x0, 0x2f, 0xf0, 0x0, 0x0, 0x0,
    0x0, 0x0, 0x0, 0x2f, 0xe0, 0x0, 0x0, 0x0,
    0x0, 0x0, 0x0, 0x3f, 0xe0, 0x0, 0x0, 0x0,
    0x0, 0x0, 0x0, 0x4f, 0xd0, 0x0, 0x0, 0x0,
    0xf, 0xff, 0xff, 0xff, 0xff, 0xff, 0xff, 0xf1,
    0xe, 0xee, 0xee, 0xff, 0xff, 0xee, 0xee, 0xe1,
    0x0, 0x0, 0x0, 0xcf, 0xfb, 0x0, 0x0, 0x0,
    0x0, 0x0, 0x1, 0xff, 0xff, 0x20, 0x0, 0x0,
    0x0, 0x0, 0x8, 0xfb, 0x9f, 0xb0, 0x0, 0x0,
    0x0, 0x0, 0x2f, 0xf5, 0x2f, 0xf5, 0x0, 0x0,
    0x0, 0x1, 0xdf, 0xb0, 0x8, 0xff, 0x40, 0x0,
    0x0, 0x2d, 0xfe, 0x10, 0x0, 0xcf, 0xf5, 0x0,
    0x8, 0xff, 0xe2, 0x0, 0x0, 0x1c, 0xff, 0xc2,
    0xc, 0xfb, 0x10, 0x0, 0x0, 0x0, 0xaf, 0xc0,
    0x1, 0x40, 0x0, 0x0, 0x0, 0x0, 0x3, 0x20,

    /* U+5929 "天" */
    0x3, 0xbb, 0xbb, 0xbb, 0xbb, 0xbb, 0xbb, 0x30,
    0x5, 0xff, 0xff, 0xff, 0xff, 0xff, 0xff, 0x40,
    0x1, 0x33, 0x33, 0x5f, 0xe3, 0x33, 0x33, 0x10,
    0x0, 0x0, 0x0, 0x2f, 0xd0, 0x0, 0x0, 0x0,
    0x0, 0x0, 0x0, 0x2f, 0xd0, 0x0, 0x0, 0x0,
    0xd, 0xee, 0xee, 0xef, 0xfe, 0xee, 0xee, 0xd0,
    0xe, 0xff, 0xff, 0xff, 0xff, 0xff, 0xff, 0xe0,
    0x0, 0x0, 0x0, 0xcf, 0xfa, 0x0, 0x0, 0x0,
    0x0, 0x0, 0x4, 0xff, 0xff, 0x30, 0x0, 0x0,
    0x0, 0x0, 0x1e, 0xf9, 0x6f, 0xe1, 0x0, 0x0,
    0x0, 0x2, 0xdf, 0xd1, 0xb, 0xfd, 0x30, 0x0,
    0x0, 0x7f, 0xfe, 0x20, 0x0, 0xcf, 0xf8, 0x20,
    0x3f, 0xff, 0xb1, 0x0, 0x0, 0xa, 0xff, 0xf4,
    0xa, 0xc4, 0x0, 0x0, 0x0, 0x0, 0x4b, 0xa0,
    0x0, 0x0, 0x0, 0x0, 0x0, 0x0, 0x0, 0x0,

    /* U+592A "太" */
    0x0, 0x0, 0x0, 0x1f, 0xf0, 0x0, 0x0, 0x0,
    0x0, 0x0, 0x0, 0x1f, 0xf0, 0x0, 0x0, 0x0,
    0x0, 0x0, 0x0, 0x2f, 0xe0, 0x0, 0x0, 0x0,
    0x0, 0x0, 0x0, 0x2f, 0xe0, 0x0, 0x0, 0x0,
    0xc, 0xcc, 0xcc, 0xdf, 0xfc, 0xcc, 0xcc, 0xc2,
    0xf, 0xff, 0xff, 0xff, 0xff, 0xff, 0xff, 0xf3,
    0x2, 0x22, 0x22, 0xaf, 0xfd, 0x22, 0x22, 0x20,
    0x0, 0x0, 0x0, 0xef, 0xff, 0x20, 0x0, 0x0,
    0x0, 0x0, 0x3, 0xfe, 0x8f, 0x90, 0x0, 0x0,
    0x0, 0x0, 0xc, 0xf9, 0x1f, 0xf4, 0x0, 0x0,
    0x0, 0x0, 0x7f, 0xf1, 0x8, 0xfd, 0x10, 0x0,
    0x0, 0x6, 0xff, 0xf8, 0x0, 0xdf, 0xd1, 0x0,
    0x1, 0x9f, 0xfa, 0xff, 0x90, 0x3f, 0xfd, 0x40,
    0x3f, 0xff, 0x80, 0x3f, 0xf7, 0x3, 0xff, 0xf5,
    0xb, 0xc3, 0x0, 0x5, 0xd2, 0x0, 0x1b, 0xa0,
    0x0, 0x0, 0x0, 0x0, 0x0, 0x0, 0x0, 0x0,

    /* U+5934 "头" */
    0x0, 0x4, 0x40, 0x0, 0xdf, 0x20, 0x0, 0x0,
    0x0, 0x1e, 0xfd, 0x40, 0xdf, 0x20, 0x0, 0x0,
    0x0, 0x2, 0xaf, 0xf3, 0xdf, 0x20, 0x0, 0x0,
    0x0, 0x30, 0x4, 0x90, 0xdf, 0x10, 0x0, 0x0,
    0x5, 0xfe, 0x60, 0x0, 0xef, 0x0, 0x0, 0x0,
    0x1, 0x9f, 0xfc, 0x0, 0xff, 0x0, 0x0, 0x0,
    0x0, 0x2, 0xc7, 0x1, 0xfd, 0x0, 0x0, 0x0,
    0x1a, 0xaa, 0xaa, 0xab, 0xfe, 0xaa, 0xaa, 0xa2,
    0x2f, 0xff, 0xff, 0xff, 0xff, 0xff, 0xff, 0xf3,
    0x1, 0x11, 0x11, 0x3f, 0xf3, 0x11, 0x11, 0x10,
    0x0, 0x0, 0x0, 0xaf, 0xa6, 0x40, 0x0, 0x0,
    0x0, 0x0, 0xa, 0xfe, 0x3f, 0xfc, 0x50, 0x0,
    0x0, 0x6, 0xef, 0xe2, 0x1, 0xaf, 0xfb, 0x20,
    0x1b, 0xff, 0xf9, 0x10, 0x0, 0x2, 0xcf, 0xf1,
    0xb, 0xd8, 0x20, 0x0, 0x0, 0x0, 0x8, 0x70,
    0x0, 0x0, 0x0, 0x0, 0x0, 0x0, 0x0, 0x0,

    /* U+5976 "奶" */
    0x0, 0x0, 0x0, 0x0, 0x0, 0x0, 0x0, 0x0,
    0xe, 0xe0, 0x0, 0x0, 0x0, 0x0, 0x0, 0x0,
    0xfc, 0x0, 0xaa, 0xaa, 0xaa, 0xa2, 0x0, 0x1f,
    0xa0, 0xe, 0xff, 0xff, 0xff, 0x0, 0x5a, 0xfd,
    0x99, 0x1a, 0xf4, 0xf, 0xd0, 0x9, 0xff, 0xff,
    0xf0, 0xaf, 0x32, 0xfa, 0x0, 0x2b, 0xf6, 0xdf,
    0xa, 0xf2, 0x5f, 0x70, 0x0, 0xcf, 0xe, 0xd0,
    0xbf, 0x28, 0xff, 0xfe, 0xf, 0xc0, 0xfb, 0xd,
    0xf0, 0x7a, 0xaf, 0xd4, 0xfb, 0x4f, 0x70, 0xee,
    0x0, 0x0, 0xfc, 0x1c, 0xfe, 0xf3, 0x1f, 0xc0,
    0x0, 0xf, 0xb0, 0xa, 0xff, 0x16, 0xf8, 0x0,
    0x1, 0xfa, 0x0, 0x9f, 0xfa, 0xaf, 0x30, 0x0,
    0x3f, 0x90, 0x6f, 0xea, 0x6f, 0xe0, 0x0, 0x7,
    0xf7, 0x7f, 0xf3, 0xd, 0xf5, 0x0, 0xdc, 0xff,
    0x32, 0xd3, 0x0, 0x6b, 0x0, 0xb, 0xfe, 0x80,
    0x0, 0x0, 0x0, 0x0, 0x0, 0x0, 0x0, 0x0,

    /* U+597D "好" */
    0x0, 0x6a, 0x30, 0x0, 0x0, 0x0, 0x0, 0x0,
    0x0, 0xbf, 0x20, 0x5, 0xcc, 0xcc, 0xcd, 0x70,
    0x0, 0xdf, 0x0, 0x6, 0xee, 0xee, 0xff, 0xd0,
    0x49, 0xff, 0x99, 0x80, 0x0, 0x3, 0xff, 0x30,
    0x6f, 0xff, 0xff, 0xf0, 0x0, 0x1d, 0xf5, 0x0,
    0x7, 0xf8, 0x2e, 0xd0, 0x0, 0xaf, 0x70, 0x0,
    0x9, 0xf3, 0x1f, 0xb0, 0x0, 0xbf, 0x40, 0x0,
    0xc, 0xf0, 0x4f, 0x9f, 0xff, 0xff, 0xff, 0xf7,
    0x1f, 0xe1, 0x9f, 0x4d, 0xdd, 0xff, 0xed, 0xd6,
    0xa, 0xfe, 0xee, 0x0, 0x0, 0xbf, 0x40, 0x0,
    0x0, 0x6f, 0xfb, 0x0, 0x0, 0xbf, 0x40, 0x0,
    0x0, 0x4f, 0xff, 0x90, 0x0, 0xbf, 0x40, 0x0,
    0x4, 0xff, 0x7e, 0xf1, 0x0, 0xbf, 0x40, 0x0,
    0x6f, 0xf6, 0x3, 0x50, 0xbc, 0xff, 0x30, 0x0,
    0xb, 0x40, 0x0, 0x0, 0x9f, 0xe9, 0x0, 0x0,
    0x0, 0x0, 0x0, 0x0, 0x0, 0x0, 0x0, 0x0,

    /* U+5982 "如" */
    0x0, 0x0, 0x0, 0x0, 0x0, 0x0, 0x0, 0x0,
    0x0, 0xf, 0xd0, 0x0, 0x0, 0x0, 0x0, 0x0,
    0x0, 0x1f, 0xb0, 0x0, 0x24, 0x44, 0x44, 0x40,
    0x0, 0x3f, 0x90, 0x0, 0x7f, 0xff, 0xff, 0xf0,
    0x29, 0xbf, 0xc9, 0x98, 0x7f, 0xca, 0xaf, 0xf0,
    0x3f, 0xff, 0xff, 0xfe, 0x7f, 0x50, 0xd, 0xf0,
    0x2, 0xdf, 0x22, 0xfd, 0x7f, 0x50, 0xd, 0xf0,
    0x0, 0xfc, 0x2, 0xfb, 0x7f, 0x50, 0xd, 0xf0,
    0x3, 0xf9, 0x5, 0xf8, 0x7f, 0x50, 0xd, 0xf0,
    0x8, 0xf9, 0xa, 0xf4, 0x7f, 0x50, 0xd, 0xf0,
    0x3, 0xef, 0xaf, 0xe0, 0x7f, 0x50, 0xd, 0xf0,
    0x0, 0x2e, 0xff, 0x90, 0x7f, 0x50, 0xd, 0xf0,
    0x0, 0x4, 0xff, 0xc1, 0x7f, 0x50, 0xd, 0xf0,
    0x0, 0x2e, 0xff, 0xfb, 0x7f, 0xff, 0xff, 0xf0,
    0x8, 0xff, 0x91, 0xd4, 0x7f, 0xdc, 0xcf, 0xf0,
    0xd, 0xf7, 0x0, 0x0, 0x7f, 0x50, 0x9, 0xb0,
    0x2, 0x10, 0x0, 0x0, 0x0, 0x0, 0x0, 0x0,

    /* U+59CB "始" */
    0x0, 0x0, 0x0, 0x0, 0x0, 0x0, 0x0, 0x0,
    0x0, 0xde, 0x0, 0x0, 0xd, 0xd3, 0x0, 0x0,
    0x0, 0xfd, 0x0, 0x0, 0x3f, 0xf1, 0x0, 0x0,
    0x0, 0xfb, 0x0, 0x0, 0x9f, 0x90, 0x43, 0x0,
    0x4a, 0xfd, 0x99, 0x11, 0xff, 0x23, 0xfd, 0x0,
    0x7f, 0xff, 0xff, 0x8, 0xf9, 0x0, 0xbf, 0x70,
    0x19, 0xf4, 0xcf, 0x3f, 0xf4, 0x45, 0x8f, 0xe0,
    0xb, 0xf0, 0xdd, 0xaf, 0xff, 0xff, 0xff, 0xf6,
    0xe, 0xd0, 0xfc, 0x5d, 0xb9, 0x86, 0x55, 0xf6,
    0x2f, 0xa3, 0xf8, 0x1, 0x11, 0x11, 0x11, 0x20,
    0x2e, 0xfc, 0xf5, 0xf, 0xff, 0xff, 0xff, 0xb0,
    0x2, 0xdf, 0xf1, 0xf, 0xe9, 0x99, 0xaf, 0xb0,
    0x0, 0x5f, 0xf9, 0xf, 0xc0, 0x0, 0x1f, 0xb0,
    0x1, 0xef, 0xdf, 0x3f, 0xc0, 0x0, 0x1f, 0xb0,
    0x3e, 0xf5, 0x17, 0xf, 0xff, 0xff, 0xff, 0xb0,
    0x1c, 0x40, 0x0, 0xf, 0xeb, 0xbb, 0xbf, 0xb0,

    /* U+5A18 "娘" */
    0x0, 0x0, 0x0, 0x0, 0x0, 0x0, 0x0, 0x0,
    0x0, 0xaf, 0x20, 0x0, 0x8, 0xf3, 0x0, 0x0,
    0x0, 0xbf, 0x0, 0x3, 0x38, 0xfb, 0x33, 0x20,
    0x0, 0xde, 0x0, 0x3f, 0xff, 0xff, 0xff, 0xa0,
    0x39, 0xfe, 0x99, 0x4f, 0xd8, 0x88, 0x9f, 0xa0,
    0x5f, 0xff, 0xff, 0x4f, 0xc5, 0x55, 0x7f, 0xa0,
    0x7, 0xf8, 0xbf, 0x3f, 0xff, 0xff, 0xff, 0xa0,
    0x8, 0xf4, 0xce, 0x3f, 0xb3, 0x33, 0x5f, 0xa0,
    0xb, 0xf0, 0xfc, 0x3f, 0xd8, 0x88, 0xaf, 0xa0,
    0xf, 0xd2, 0xf8, 0x3f, 0xff, 0xff, 0xff, 0xa0,
    0x1e, 0xfb, 0xf4, 0x3f, 0xa3, 0xfc, 0x15, 0x80,
    0x2, 0xef, 0xf0, 0x3f, 0x90, 0x9f, 0xbf, 0xf3,
    0x0, 0x6f, 0xf6, 0x3f, 0x90, 0x1f, 0xfd, 0x20,
    0x2, 0xff, 0xef, 0x6f, 0xb8, 0x96, 0xff, 0x70,
    0x3f, 0xf6, 0x46, 0xcf, 0xff, 0xc0, 0x6f, 0xf8,
    0xd, 0x60, 0x0, 0xbe, 0x82, 0x0, 0x3, 0x90,
    0x0, 0x0, 0x0, 0x0, 0x0, 0x0, 0x0, 0x0,

    /* U+5A7A "婺" */
    0x0, 0x0, 0x0, 0x0, 0x2, 0x51, 0x0, 0x0,
    0x9, 0xff, 0xff, 0xfb, 0xa, 0xf3, 0x0, 0x0,
    0x2, 0x68, 0x7f, 0xe3, 0x4f, 0xff, 0xff, 0xf4,
    0x0, 0x7d, 0xff, 0x62, 0xef, 0xc6, 0xef, 0x71,
    0x3f, 0xff, 0xff, 0xff, 0xec, 0xf6, 0xf9, 0x0,
    0x14, 0x9f, 0xff, 0xaf, 0x11, 0xef, 0xe0, 0x0,
    0x9, 0xfb, 0x9e, 0x45, 0x29, 0xff, 0xfb, 0x40,
    0x3f, 0x88, 0xde, 0x13, 0xff, 0xa3, 0x9f, 0xf3,
    0x1, 0x7, 0x88, 0xfb, 0x62, 0x0, 0x1, 0x40,
    0x3f, 0xff, 0xff, 0xff, 0xff, 0xff, 0xff, 0xf2,
    0x18, 0x88, 0xef, 0xb8, 0x89, 0xff, 0x88, 0x81,
    0x0, 0x6, 0xff, 0x73, 0xb, 0xf6, 0x0, 0x0,
    0x0, 0x6, 0xad, 0xff, 0xff, 0xe4, 0x0, 0x0,
    0x6, 0x88, 0xac, 0xff, 0xed, 0xff, 0xfb, 0x60,
    0xa, 0xff, 0xda, 0x73, 0x0, 0x27, 0xce, 0x30,
    0x0, 0x0, 0x0, 0x0, 0x0, 0x0, 0x0, 0x0,

    /* U+5B50 "子" */
    0x0, 0x0, 0x0, 0x0, 0x0, 0x0, 0x0, 0x0,
    0x0, 0x7f, 0xff, 0xff, 0xff, 0xff, 0xfa, 0x0,
    0x0, 0x7e, 0xee, 0xee, 0xee, 0xff, 0xfb, 0x0,
    0x0, 0x0, 0x0, 0x0, 0x9, 0xff, 0xa0, 0x0,
    0x0, 0x0, 0x0, 0x4, 0xef, 0xf6, 0x0, 0x0,
    0x0, 0x0, 0x0, 0xb, 0xfb, 0x10, 0x0, 0x0,
    0x0, 0x0, 0x0, 0xb, 0xf3, 0x0, 0x0, 0x0,
    0x1d, 0xdd, 0xdd, 0xdf, 0xfe, 0xdd, 0xdd, 0xd6,
    0x1f, 0xff, 0xff, 0xff, 0xff, 0xff, 0xff, 0xf7,
    0x0, 0x0, 0x0, 0xb, 0xf4, 0x0, 0x0, 0x0,
    0x0, 0x0, 0x0, 0xb, 0xf3, 0x0, 0x0, 0x0,
    0x0, 0x0, 0x0, 0xb, 0xf3, 0x0, 0x0, 0x0,
    0x0, 0x0, 0x0, 0xb, 0xf3, 0x0, 0x0, 0x0,
    0x0, 0x0, 0xae, 0xef, 0xf1, 0x0, 0x0, 0x0,
    0x0, 0x0, 0x4f, 0xfd, 0x70, 0x0, 0x0, 0x0,
    0x0, 0x0, 0x0, 0x0, 0x0, 0x0, 0x0, 0x0,

    /* U+5B57 "字" */
    0x0, 0x0, 0x1, 0x65, 0x0, 0x0, 0x0, 0x0,
    0x0, 0x3, 0xff, 0x20, 0x0, 0x0, 0xdf, 0xff,
    0xff, 0xff, 0xff, 0xff, 0xfd, 0xdf, 0xcc, 0xcc,
    0xcc, 0xcc, 0xcc, 0xfd, 0xdf, 0x0, 0x0, 0x0,
    0x0, 0x1, 0xfd, 0x89, 0x3f, 0xff, 0xff, 0xff,
    0xd3, 0x98, 0x0, 0x2c, 0xcc, 0xcd, 0xff, 0xd1,
    0x0, 0x0, 0x0, 0x0, 0x3d, 0xfa, 0x0, 0x0,
    0x0, 0x0, 0x0, 0xff, 0x60, 0x0, 0x0, 0xff,
    0xff, 0xff, 0xff, 0xff, 0xff, 0xff, 0xcc, 0xcc,
    0xcc, 0xff, 0xcc, 0xcc, 0xcc, 0x0, 0x0, 0x0,
    0xff, 0x0, 0x0, 0x0, 0x0, 0x0, 0x0, 0xff,
    0x0, 0x0, 0x0, 0x0, 0xb, 0xee, 0xfe, 0x0,
    0x0, 0x0, 0x0, 0x5, 0xff, 0xc5, 0x0, 0x0,
    0x0,

    /* U+5B83 "它" */
    0x0, 0x0, 0x2, 0xa9, 0x0, 0x0, 0x0, 0x0,
    0x0, 0x1, 0xff, 0x10, 0x0, 0x0, 0x9b, 0xbb,
    0xbb, 0xff, 0xdb, 0xbb, 0xb9, 0xdf, 0xff, 0xff,
    0xff, 0xff, 0xff, 0xfc, 0xdf, 0x21, 0x11, 0x11,
    0x11, 0x14, 0xfc, 0xdf, 0x66, 0x10, 0x0, 0x0,
    0x3, 0xfc, 0x0, 0xcf, 0x40, 0x0, 0x3, 0x70,
    0x0, 0x0, 0xcf, 0x40, 0x27, 0xdf, 0xfa, 0x0,
    0x0, 0xcf, 0xad, 0xff, 0xfc, 0x71, 0x0, 0x0,
    0xcf, 0xff, 0xb7, 0x20, 0x0, 0x0, 0x0, 0xcf,
    0x70, 0x0, 0x0, 0x1, 0x10, 0x0, 0xcf, 0x40,
    0x0, 0x0, 0x4, 0xf7, 0x0, 0xbf, 0x60, 0x0,
    0x0, 0x9, 0xf8, 0x0, 0x8f, 0xfe, 0xee, 0xee,
    0xef, 0xf3, 0x0, 0x1a, 0xef, 0xff, 0xff, 0xfd,
    0x60,

    /* U+5B85 "宅" */
    0x0, 0x0, 0x0, 0x27, 0x40, 0x0, 0x0, 0x0,
    0x0, 0x0, 0x0, 0x6f, 0xd0, 0x0, 0x0, 0x0,
    0xd, 0xff, 0xff, 0xff, 0xff, 0xff, 0xff, 0xe0,
    0xd, 0xfc, 0xbb, 0xbb, 0xbb, 0xbb, 0xcf, 0xe0,
    0xd, 0xf1, 0x0, 0x0, 0x15, 0xa7, 0x1f, 0xe0,
    0x7, 0xa4, 0x58, 0xad, 0xff, 0xff, 0x68, 0x80,
    0x0, 0x9f, 0xff, 0xff, 0xc8, 0x51, 0x0, 0x0,
    0x0, 0x27, 0x53, 0xef, 0x20, 0x0, 0x0, 0x0,
    0x0, 0x0, 0x0, 0xef, 0x77, 0x8a, 0xbd, 0xe0,
    0x1a, 0xcd, 0xff, 0xff, 0xff, 0xff, 0xfe, 0xd1,
    0x1f, 0xff, 0xdb, 0xff, 0x85, 0x32, 0x0, 0x0,
    0x2, 0x0, 0x0, 0xef, 0x20, 0x0, 0x8, 0x81,
    0x0, 0x0, 0x0, 0xdf, 0x40, 0x0, 0xc, 0xf3,
    0x0, 0x0, 0x0, 0xbf, 0xfe, 0xdd, 0xef, 0xe0,
    0x0, 0x0, 0x0, 0x3c, 0xff, 0xff, 0xfd, 0x40,

    /* U+5B89 "安" */
    0x0, 0x0, 0x0, 0x26, 0x30, 0x0, 0x0, 0x0,
    0x0, 0x0, 0x0, 0x7f, 0xc0, 0x0, 0x0, 0x0,
    0x9, 0xcc, 0xcc, 0xdf, 0xfd, 0xcc, 0xcc, 0xa0,
    0xb, 0xff, 0xff, 0xff, 0xff, 0xff, 0xff, 0xc0,
    0xb, 0xf3, 0x0, 0x77, 0x20, 0x0, 0x4f, 0xc0,
    0x8, 0xc2, 0x2, 0xff, 0x30, 0x0, 0x3c, 0x90,
    0x2, 0x22, 0x29, 0xfd, 0x22, 0x22, 0x22, 0x20,
    0xf, 0xff, 0xff, 0xff, 0xff, 0xff, 0xff, 0xf1,
    0xa, 0xaa, 0xff, 0xda, 0xab, 0xff, 0xba, 0xa0,
    0x0, 0x4, 0xff, 0x20, 0x9, 0xfc, 0x0, 0x0,
    0x0, 0xe, 0xff, 0xb5, 0x4f, 0xf4, 0x0, 0x0,
    0x0, 0x2, 0x8d, 0xff, 0xff, 0x90, 0x0, 0x0,
    0x0, 0x0, 0x5, 0xef, 0xff, 0xfb, 0x40, 0x0,
    0x3, 0x7a, 0xef, 0xfc, 0x48, 0xff, 0xfc, 0x30,
    0x8, 0xff, 0xfb, 0x40, 0x0, 0x18, 0xff, 0x80,
    0x0, 0x73, 0x0, 0x0, 0x0, 0x0, 0x27, 0x0,

    /* U+5B8F "宏" */
    0x0, 0x0, 0x0, 0x5, 0x80, 0x0, 0x0, 0x0,
    0x0, 0x0, 0x0, 0x1f, 0xf4, 0x0, 0x0, 0x0,
    0xf, 0xff, 0xff, 0xff, 0xff, 0xff, 0xff, 0xe0,
    0xf, 0xfb, 0xbb, 0xbb, 0xbb, 0xbb, 0xbf, 0xe0,
    0xf, 0xe0, 0x1, 0xfc, 0x0, 0x0, 0xf, 0xe0,
    0x4, 0x40, 0x6, 0xfb, 0x0, 0x0, 0x4, 0x40,
    0xf, 0xff, 0xff, 0xff, 0xff, 0xff, 0xff, 0xf1,
    0xd, 0xdd, 0xef, 0xfd, 0xdd, 0xdd, 0xdd, 0xd1,
    0x0, 0x0, 0xcf, 0x70, 0xb8, 0x10, 0x0, 0x0,
    0x0, 0x5, 0xfe, 0x7, 0xfd, 0x1, 0x0, 0x0,
    0x0, 0x1e, 0xf5, 0x1f, 0xf3, 0x8f, 0x40, 0x0,
    0x0, 0xcf, 0xc0, 0xbf, 0x80, 0x4f, 0xe2, 0x0,
    0xc, 0xff, 0x28, 0xfc, 0x1, 0x2a, 0xfc, 0x0,
    0x2e, 0xf4, 0x6f, 0xff, 0xff, 0xff, 0xff, 0x80,
    0x2, 0x40, 0x2f, 0xdc, 0xa9, 0x87, 0x6f, 0xa0,
    0x0, 0x0, 0x0, 0x0, 0x0, 0x0, 0x2, 0x0,

    /* U+5B9A "定" */
    0x0, 0x0, 0x0, 0x16, 0x60, 0x0, 0x0, 0x0,
    0x0, 0x0, 0x0, 0x2f, 0xf0, 0x0, 0x0, 0x0,
    0xb, 0xdd, 0xdd, 0xdf, 0xfe, 0xdd, 0xdd, 0xc0,
    0xd, 0xff, 0xff, 0xff, 0xff, 0xff, 0xff, 0xe0,
    0xd, 0xf0, 0x0, 0x0, 0x0, 0x0, 0x1f, 0xe0,
    0xd, 0xf5, 0xcc, 0xcc, 0xcc, 0xcc, 0x6f, 0xe0,
    0x2, 0x26, 0xff, 0xff, 0xff, 0xff, 0x72, 0x20,
    0x0, 0x1, 0x10, 0xf, 0xf0, 0x0, 0x0, 0x0,
    0x0, 0xe, 0xf1, 0xf, 0xf0, 0x0, 0x0, 0x0,
    0x0, 0x2f, 0xf0, 0xf, 0xff, 0xff, 0xf5, 0x0,
    0x0, 0x6f, 0xf3, 0xf, 0xfd, 0xdd, 0xd4, 0x0,
    0x0, 0xaf, 0xfc, 0xf, 0xf0, 0x0, 0x0, 0x0,
    0x3, 0xfe, 0xaf, 0xdf, 0xf0, 0x0, 0x0, 0x0,
    0x2e, 0xf7, 0xa, 0xff, 0xff, 0xee, 0xee, 0xe4,
    0x1c, 0xa0, 0x0, 0x39, 0xde, 0xff, 0xff, 0xe0,
    0x0, 0x0, 0x0, 0x0, 0x0, 0x0, 0x0, 0x0,

    /* U+5BA2 "客" */
    0x0, 0x0, 0x0, 0x4, 0x60, 0x0, 0x0, 0x0,
    0x0, 0x0, 0x0, 0x1f, 0xf3, 0x0, 0x0, 0x0,
    0xd, 0xff, 0xff, 0xff, 0xff, 0xff, 0xff, 0xf1,
    0xd, 0xfa, 0xab, 0xfc, 0xaa, 0xaa, 0xaf, 0xf1,
    0xd, 0xf0, 0xa, 0xff, 0x77, 0x77, 0x1d, 0xf1,
    0x6, 0x73, 0xcf, 0xff, 0xff, 0xff, 0xb6, 0x70,
    0x2, 0xbf, 0xff, 0xc2, 0xa, 0xfe, 0x10, 0x0,
    0x0, 0xab, 0x3a, 0xff, 0xef, 0xd1, 0x0, 0x0,
    0x0, 0x0, 0x28, 0xff, 0xff, 0xc7, 0x20, 0x0,
    0x26, 0xad, 0xff, 0xf9, 0x7d, 0xff, 0xff, 0xd6,
    0x2f, 0xff, 0xff, 0xa9, 0x99, 0xdf, 0xff, 0xe0,
    0x4, 0x38, 0xff, 0xff, 0xff, 0xff, 0xd0, 0x10,
    0x0, 0x8, 0xf5, 0x0, 0x0, 0x1f, 0xd0, 0x0,
    0x0, 0x8, 0xfb, 0x99, 0x99, 0xaf, 0xd0, 0x0,
    0x0, 0x8, 0xff, 0xff, 0xff, 0xff, 0xd0, 0x0,

    /* U+5BAB "宫" */
    0x0, 0x0, 0x1, 0x76, 0x0, 0x0, 0x0, 0x0,
    0x0, 0x4, 0xfe, 0x0, 0x0, 0x0, 0xcf, 0xff,
    0xff, 0xff, 0xff, 0xff, 0xfe, 0xdf, 0xee, 0xee,
    0xee, 0xee, 0xee, 0xff, 0xdf, 0x10, 0x0, 0x0,
    0x0, 0x1, 0xff, 0x9b, 0xcf, 0xff, 0xff, 0xff,
    0xfd, 0xba, 0x0, 0xbf, 0x87, 0x77, 0x78, 0xfc,
    0x0, 0x0, 0xbf, 0x76, 0x66, 0x67, 0xfc, 0x0,
    0x0, 0xbf, 0xff, 0xff, 0xff, 0xfc, 0x0, 0x0,
    0x1, 0x11, 0x11, 0x11, 0x10, 0x0, 0xa, 0xff,
    0xff, 0xff, 0xff, 0xff, 0xd0, 0xa, 0xfb, 0xaa,
    0xaa, 0xaa, 0xbf, 0xd0, 0xa, 0xf2, 0x0, 0x0,
    0x0, 0xf, 0xd0, 0xa, 0xfb, 0xaa, 0xaa, 0xaa,
    0xaf, 0xd0, 0xa, 0xff, 0xff, 0xff, 0xff, 0xff,
    0xd0,

    /* U+5BB3 "害" */
    0x0, 0x0, 0x0, 0x2a, 0xa0, 0x0, 0x0, 0x0,
    0x7, 0x88, 0x88, 0x9f, 0xf9, 0x88, 0x88, 0x70,
    0xd, 0xff, 0xff, 0xff, 0xff, 0xff, 0xff, 0xc0,
    0xd, 0xf1, 0x11, 0x16, 0x72, 0x11, 0x3f, 0xc0,
    0x9, 0xba, 0xcc, 0xcf, 0xfc, 0xcc, 0xcb, 0x90,
    0x0, 0xa, 0xcc, 0xcf, 0xfc, 0xcc, 0xc0, 0x0,
    0x0, 0x46, 0x66, 0x6f, 0xf7, 0x66, 0x65, 0x0,
    0x0, 0x8f, 0xff, 0xff, 0xff, 0xff, 0xfb, 0x0,
    0x5, 0x55, 0x55, 0x5f, 0xf6, 0x55, 0x55, 0x50,
    0xf, 0xff, 0xff, 0xff, 0xff, 0xff, 0xff, 0xf1,
    0x1, 0x36, 0x66, 0x6f, 0xf6, 0x66, 0x63, 0x10,
    0x0, 0x3f, 0xff, 0xff, 0xff, 0xff, 0xf7, 0x0,
    0x0, 0x3f, 0xb3, 0x33, 0x33, 0x39, 0xf7, 0x0,
    0x0, 0x3f, 0xd8, 0x88, 0x88, 0x8c, 0xf7, 0x0,
    0x0, 0x3f, 0xff, 0xff, 0xff, 0xff, 0xf7, 0x0,

    /* U+5BB6 "家" */
    0x0, 0x0, 0x0, 0x16, 0x70, 0x0, 0x0, 0x0,
    0x3, 0x44, 0x44, 0x7f, 0xf5, 0x44, 0x44, 0x30,
    0xd, 0xff, 0xff, 0xff, 0xff, 0xff, 0xff, 0xe0,
    0xd, 0xf7, 0x77, 0x77, 0x77, 0x77, 0x7f, 0xe0,
    0xd, 0xf5, 0xaa, 0xaa, 0xaa, 0xaa, 0x4f, 0xe0,
    0x4, 0x57, 0xff, 0xff, 0xff, 0xff, 0x65, 0x40,
    0x0, 0x0, 0x5b, 0xff, 0x40, 0x2, 0xa1, 0x0,
    0x6, 0xbf, 0xfc, 0x9f, 0x90, 0x5f, 0xf9, 0x0,
    0x4, 0xe8, 0x24, 0xcf, 0xfb, 0xff, 0x50, 0x0,
    0x0, 0x49, 0xef, 0xa6, 0xff, 0xef, 0x40, 0x0,
    0xb, 0xff, 0xa3, 0x6e, 0xff, 0x2f, 0xd0, 0x0,
    0x2, 0x52, 0x7d, 0xfb, 0xef, 0x9, 0xfa, 0x0,
    0x7, 0xcf, 0xfd, 0x41, 0xff, 0x1, 0xef, 0xc3,
    0xc, 0xfa, 0x45, 0xce, 0xfa, 0x0, 0x1c, 0xe1,
    0x1, 0x10, 0x2, 0xff, 0xa1, 0x0, 0x0, 0x10,
    0x0, 0x0, 0x0, 0x0, 0x0, 0x0, 0x0, 0x0,

    /* U+5BB9 "容" */
    0x0, 0x0, 0x0, 0x3, 0x60, 0x0, 0x0, 0x0,
    0x0, 0x0, 0x0, 0x1f, 0xf4, 0x0, 0x0, 0x0,
    0xc, 0xff, 0xff, 0xff, 0xff, 0xff, 0xff, 0xf0,
    0xc, 0xfa, 0xaa, 0xaa, 0xaa, 0xaa, 0xaf, 0xf0,
    0xc, 0xf0, 0x5d, 0x70, 0x3, 0xc5, 0xe, 0xf0,
    0x5, 0x67, 0xfe, 0x33, 0x44, 0xef, 0xa6, 0x60,
    0x2, 0xdf, 0xe3, 0x2e, 0xf6, 0x1a, 0xfe, 0x20,
    0x0, 0xba, 0x12, 0xdf, 0xff, 0x80, 0x8b, 0x0,
    0x0, 0x0, 0x5f, 0xf6, 0x1c, 0xfc, 0x20, 0x0,
    0x0, 0x4c, 0xff, 0x40, 0x1, 0xaf, 0xfa, 0x30,
    0x3d, 0xff, 0xff, 0xff, 0xff, 0xff, 0xff, 0xf6,
    0xb, 0xab, 0xfb, 0x99, 0x99, 0xaf, 0xe6, 0xa0,
    0x0, 0x9, 0xf4, 0x0, 0x0, 0x1f, 0xd0, 0x0,
    0x0, 0x9, 0xfc, 0xbb, 0xbb, 0xbf, 0xd0, 0x0,
    0x0, 0x9, 0xff, 0xff, 0xff, 0xff, 0xd0, 0x0,

    /* U+5BC4 "寄" */
    0x0, 0x0, 0x0, 0x6, 0x70, 0x0, 0x0, 0x0,
    0x6, 0x77, 0x77, 0x7f, 0xf7, 0x77, 0x77, 0x60,
    0xe, 0xff, 0xff, 0xff, 0xff, 0xff, 0xff, 0xe0,
    0xe, 0xe2, 0x22, 0x2b, 0xb2, 0x22, 0x2f, 0xe0,
    0xb, 0xbf, 0xff, 0xff, 0xff, 0xff, 0xfc, 0xb0,
    0x0, 0x7, 0x78, 0xff, 0xfc, 0x87, 0x70, 0x0,
    0x0, 0x26, 0x9e, 0xfc, 0xef, 0xfb, 0x40, 0x0,
    0x4, 0x6f, 0xfe, 0x84, 0x48, 0xdf, 0xd4, 0x40,
    0x1f, 0xff, 0xff, 0xff, 0xff, 0xff, 0xff, 0xf1,
    0x5, 0x55, 0x55, 0x55, 0x55, 0x5e, 0xf6, 0x50,
    0x0, 0x7f, 0xff, 0xff, 0xf6, 0xc, 0xf1, 0x0,
    0x0, 0x7f, 0x96, 0x6a, 0xf6, 0xc, 0xf1, 0x0,
    0x0, 0x7f, 0x96, 0x6a, 0xf6, 0xc, 0xf1, 0x0,
    0x0, 0x7f, 0xff, 0xff, 0xfd, 0xaf, 0xf0, 0x0,
    0x0, 0x5a, 0x20, 0x0, 0xb, 0xfe, 0x70, 0x0,

    /* U+5BF9 "对" */
    0x0, 0x0, 0x0, 0x0, 0x0, 0x0, 0xfd, 0x0,
    0x0, 0x0, 0x0, 0x0, 0x0, 0x0, 0xfd, 0x0,
    0xc, 0xdd, 0xdd, 0xd6, 0x0, 0x0, 0xfd, 0x0,
    0xe, 0xff, 0xff, 0xf8, 0x0, 0x0, 0xfd, 0x0,
    0x2, 0x22, 0x29, 0xf7, 0xff, 0xff, 0xff, 0xf8,
    0x0, 0x10, 0xc, 0xf4, 0xdd, 0xdd, 0xff, 0xd7,
    0x7, 0xf5, 0xf, 0xf0, 0x0, 0x0, 0xfd, 0x0,
    0x4, 0xff, 0xbf, 0xb0, 0x99, 0x0, 0xfd, 0x0,
    0x0, 0x3e, 0xff, 0x60, 0xcf, 0x40, 0xfd, 0x0,
    0x0, 0x4, 0xff, 0x90, 0x3f, 0xc0, 0xfd, 0x0,
    0x0, 0xb, 0xff, 0xf7, 0xb, 0x80, 0xfd, 0x0,
    0x0, 0x6f, 0xe6, 0xff, 0x10, 0x0, 0xfd, 0x0,
    0x6, 0xff, 0x50, 0x86, 0x0, 0x1, 0xfd, 0x0,
    0x3f, 0xf8, 0x0, 0x0, 0x4, 0xff, 0xfb, 0x0,
    0x7, 0x60, 0x0, 0x0, 0x0, 0xfe, 0xb2, 0x0,

    /* U+5C0F "小" */
    0x0, 0x0, 0x0, 0xf, 0xf1, 0x0, 0x0, 0x0,
    0x0, 0x0, 0x0, 0xf, 0xf1, 0x0, 0x0, 0x0,
    0x0, 0x0, 0x0, 0xf, 0xf1, 0x0, 0x0, 0x0,
    0x0, 0x2, 0x0, 0xf, 0xf1, 0x0, 0x40, 0x0,
    0x0, 0x5f, 0xd0, 0xf, 0xf1, 0xe, 0xf2, 0x0,
    0x0, 0x9f, 0xa0, 0xf, 0xf1, 0x9, 0xfa, 0x0,
    0x0, 0xdf, 0x50, 0xf, 0xf1, 0x2, 0xff, 0x20,
    0x2, 0xff, 0x10, 0xf, 0xf1, 0x0, 0xbf, 0x90,
    0x8, 0xfb, 0x0, 0xf, 0xf1, 0x0, 0x4f, 0xf0,
    0x1f, 0xf5, 0x0, 0xf, 0xf1, 0x0, 0xf, 0xf5,
    0x4e, 0xc0, 0x0, 0xf, 0xf1, 0x0, 0xa, 0xf9,
    0x1, 0x20, 0x0, 0xf, 0xf1, 0x0, 0x5, 0x60,
    0x0, 0x0, 0x0, 0xf, 0xf1, 0x0, 0x0, 0x0,
    0x0, 0x0, 0xce, 0xff, 0xf0, 0x0, 0x0, 0x0,
    0x0, 0x0, 0x7f, 0xfc, 0x50, 0x0, 0x0, 0x0,
    0x0, 0x0, 0x0, 0x0, 0x0, 0x0, 0x0, 0x0,

    /* U+5C14 "尔" */
    0x0, 0x0, 0x63, 0x0, 0x0, 0x0, 0x0, 0x0,
    0x0, 0x4, 0xff, 0x10, 0x0, 0x0, 0x0, 0x0,
    0x0, 0xc, 0xfa, 0x0, 0x0, 0x0, 0x0, 0x0,
    0x0, 0x4f, 0xff, 0xee, 0xee, 0xee, 0xef, 0xc2,
    0x1, 0xef, 0xff, 0xff, 0xff, 0xff, 0xff, 0xd0,
    0xb, 0xfe, 0x10, 0xd, 0xf1, 0x0, 0xbf, 0x60,
    0x5f, 0xf3, 0x0, 0xd, 0xf1, 0x2, 0xfc, 0x0,
    0x3, 0x56, 0x93, 0xd, 0xf1, 0x17, 0x61, 0x0,
    0x0, 0x1f, 0xf4, 0xd, 0xf1, 0x4f, 0xf2, 0x0,
    0x0, 0x9f, 0xb0, 0xd, 0xf1, 0x9, 0xfc, 0x0,
    0x6, 0xff, 0x30, 0xd, 0xf1, 0x0, 0xef, 0x60,
    0x2f, 0xf6, 0x0, 0xd, 0xf1, 0x0, 0x6f, 0xe0,
    0x3, 0x70, 0x0, 0xe, 0xf1, 0x0, 0x9, 0x30,
    0x0, 0x0, 0x7f, 0xff, 0xf0, 0x0, 0x0, 0x0,
    0x0, 0x0, 0x2f, 0xfd, 0x50, 0x0, 0x0, 0x0,
    0x0, 0x0, 0x0, 0x0, 0x0, 0x0, 0x0, 0x0,

    /* U+5C16 "尖" */
    0x0, 0x0, 0x0, 0x2f, 0xd0, 0x0, 0x0, 0x0,
    0x0, 0x6, 0x61, 0x2f, 0xd0, 0x7, 0x30, 0x0,
    0x0, 0x2f, 0xe0, 0x2f, 0xd0, 0x4f, 0xe2, 0x0,
    0x0, 0xbf, 0x60, 0x2f, 0xd0, 0x7, 0xfd, 0x0,
    0x8, 0xfd, 0x0, 0x2f, 0xd0, 0x0, 0xaf, 0x90,
    0x1e, 0xe2, 0x0, 0x2f, 0xd0, 0x0, 0x1e, 0xf2,
    0x1, 0x30, 0x0, 0x7, 0x70, 0x0, 0x3, 0x10,
    0x0, 0x0, 0x0, 0x2f, 0xd0, 0x0, 0x0, 0x0,
    0x1a, 0xaa, 0xaa, 0xbf, 0xea, 0xaa, 0xaa, 0xa1,
    0x1f, 0xff, 0xff, 0xff, 0xff, 0xff, 0xff, 0xf1,
    0x0, 0x0, 0x1, 0xef, 0xfc, 0x0, 0x0, 0x0,
    0x0, 0x0, 0x9, 0xfd, 0xbf, 0x80, 0x0, 0x0,
    0x0, 0x3, 0xcf, 0xf3, 0x1e, 0xfb, 0x30, 0x0,
    0x19, 0xdf, 0xfd, 0x20, 0x2, 0xdf, 0xfd, 0xa2,
    0xc, 0xfb, 0x50, 0x0, 0x0, 0x6, 0xcf, 0xb0,
    0x1, 0x0, 0x0, 0x0, 0x0, 0x0, 0x0, 0x10,

    /* U+5C31 "就" */
    0x0, 0x0, 0x0, 0x0, 0x0, 0x0, 0x0, 0x0,
    0x0, 0x8, 0xf2, 0x0, 0x0, 0xaf, 0x12, 0x0,
    0x0, 0x6, 0xf8, 0x0, 0x0, 0xaf, 0xaf, 0x20,
    0x3f, 0xff, 0xff, 0xff, 0x10, 0xbf, 0x3f, 0xa0,
    0x3d, 0xdd, 0xdd, 0xdd, 0x10, 0xbf, 0x8, 0xb0,
    0x2, 0x33, 0x33, 0x32, 0x57, 0xdf, 0x78, 0x73,
    0x8, 0xff, 0xff, 0xf8, 0xbf, 0xff, 0xff, 0xf6,
    0x8, 0xf4, 0x36, 0xf8, 0x23, 0xee, 0x73, 0x31,
    0x8, 0xf7, 0x68, 0xf8, 0x0, 0xff, 0xf0, 0x0,
    0x8, 0xff, 0xff, 0xf8, 0x3, 0xff, 0xf0, 0x0,
    0x2, 0x75, 0xf8, 0x82, 0x7, 0xfe, 0xf0, 0x0,
    0x7, 0xf6, 0xf8, 0xe9, 0xc, 0xfa, 0xf0, 0x0,
    0xc, 0xd3, 0xf7, 0x8f, 0x4f, 0x99, 0xf0, 0x61,
    0x4f, 0x73, 0xf7, 0x24, 0xcf, 0x39, 0xf0, 0xca,
    0x8, 0x5a, 0xf6, 0xa, 0xfa, 0x8, 0xfa, 0xf8,
    0x0, 0x4f, 0xd2, 0x7, 0xc0, 0x2, 0xac, 0xa1,
    0x0, 0x0, 0x0, 0x0, 0x0, 0x0, 0x0, 0x0,

    /* U+5C3D "尽" */
    0x0, 0x1f, 0xff, 0xff, 0xff, 0xff, 0xff, 0x10,
    0x0, 0x1f, 0xfc, 0xcc, 0xcc, 0xcc, 0xff, 0x10,
    0x0, 0x1f, 0xe0, 0x0, 0x0, 0x0, 0xef, 0x10,
    0x0, 0x1f, 0xe2, 0x22, 0x22, 0x22, 0xef, 0x10,
    0x0, 0x2f, 0xff, 0xff, 0xff, 0xff, 0xff, 0x10,
    0x0, 0x3f, 0xea, 0xaa, 0xaa, 0xff, 0xaa, 0x0,
    0x0, 0x6f, 0xa0, 0x0, 0x0, 0xaf, 0x50, 0x0,
    0x0, 0xaf, 0x71, 0xd9, 0x40, 0x2f, 0xe0, 0x0,
    0x0, 0xff, 0x24, 0xdf, 0xfe, 0x5a, 0xf9, 0x0,
    0x9, 0xfc, 0x0, 0x3, 0x9f, 0x22, 0xff, 0x90,
    0x3f, 0xf4, 0x1, 0x0, 0x1, 0x0, 0x4f, 0xf7,
    0x7, 0x80, 0x8f, 0xd9, 0x40, 0x0, 0x3, 0xa0,
    0x0, 0x0, 0x6b, 0xff, 0xff, 0xa3, 0x0, 0x0,
    0x0, 0x0, 0x0, 0x4, 0xaf, 0xfb, 0x0, 0x0,
    0x0, 0x0, 0x0, 0x0, 0x1, 0x72, 0x0, 0x0,

    /* U+5C3E "尾" */
    0x0, 0xff, 0xff, 0xff, 0xff, 0xff, 0xff, 0xb0,
    0x0, 0xff, 0x99, 0x99, 0x99, 0x99, 0xbf, 0xb0,
    0x0, 0xfe, 0x0, 0x0, 0x0, 0x0, 0x4f, 0xb0,
    0x0, 0xff, 0xff, 0xff, 0xff, 0xff, 0xff, 0xb0,
    0x0, 0xff, 0x88, 0x88, 0x9b, 0xff, 0xa8, 0x60,
    0x0, 0xfe, 0x27, 0x9c, 0xff, 0xfe, 0x80, 0x0,
    0x0, 0xfe, 0x3e, 0xcb, 0xfd, 0x21, 0x35, 0x0,
    0x1, 0xfd, 0x13, 0x58, 0xff, 0xff, 0xff, 0x20,
    0x3, 0xfb, 0x8f, 0xff, 0xfe, 0x97, 0x42, 0x10,
    0x5, 0xfa, 0x24, 0x23, 0xfe, 0x8a, 0xcf, 0xf2,
    0x8, 0xf7, 0xad, 0xff, 0xff, 0xfd, 0xb9, 0x71,
    0xc, 0xf3, 0xab, 0x97, 0xfd, 0x0, 0x2, 0xd5,
    0x2f, 0xe0, 0x0, 0x0, 0xff, 0xbb, 0xbd, 0xf6,
    0x3c, 0x80, 0x0, 0x0, 0x6e, 0xff, 0xff, 0xb0,
    0x0, 0x0, 0x0, 0x0, 0x0, 0x0, 0x0, 0x0,

    /* U+5C40 "局" */
    0x0, 0xcf, 0xff, 0xff, 0xff, 0xff, 0xf9, 0x0,
    0xc, 0xfa, 0x99, 0x99, 0x99, 0xbf, 0x90, 0x0,
    0xcf, 0x10, 0x0, 0x0, 0x4, 0xf9, 0x0, 0xd,
    0xff, 0xff, 0xff, 0xff, 0xff, 0x90, 0x0, 0xdf,
    0xaa, 0xaa, 0xaa, 0xaa, 0xa6, 0x0, 0xd, 0xf1,
    0x0, 0x0, 0x0, 0x0, 0x0, 0x0, 0xef, 0xff,
    0xff, 0xff, 0xff, 0xff, 0xc0, 0xf, 0xf9, 0x99,
    0x99, 0x99, 0x9a, 0xfb, 0x2, 0xfb, 0x28, 0x88,
    0x88, 0x80, 0x3f, 0xa0, 0x5f, 0x83, 0xff, 0xff,
    0xff, 0x14, 0xfa, 0xa, 0xf5, 0x3f, 0x80, 0xb,
    0xf1, 0x5f, 0x81, 0xfe, 0x3, 0xfc, 0x88, 0xdf,
    0x18, 0xf7, 0x8f, 0x70, 0x3f, 0xff, 0xff, 0xfc,
    0xff, 0x40, 0x91, 0x3, 0xd7, 0x0, 0x7, 0xfe,
    0x90, 0x0, 0x0, 0x0, 0x0, 0x0, 0x0, 0x0,
    0x0,

    /* U+5C42 "层" */
    0x0, 0xff, 0xff, 0xff, 0xff, 0xff, 0xff, 0x80,
    0x0, 0xff, 0x99, 0x99, 0x99, 0x99, 0xcf, 0x80,
    0x0, 0xfe, 0x11, 0x11, 0x11, 0x11, 0x7f, 0x80,
    0x0, 0xff, 0xff, 0xff, 0xff, 0xff, 0xff, 0x80,
    0x0, 0xff, 0x77, 0x77, 0x77, 0x77, 0x77, 0x40,
    0x0, 0xfe, 0x8, 0x88, 0x88, 0x88, 0x88, 0x10,
    0x0, 0xfd, 0xe, 0xff, 0xff, 0xff, 0xff, 0x20,
    0x1, 0xfc, 0x1, 0x11, 0x11, 0x11, 0x11, 0x0,
    0x3, 0xfb, 0x79, 0x99, 0x99, 0x99, 0x99, 0x92,
    0x5, 0xf9, 0xcf, 0xff, 0xff, 0xff, 0xff, 0xf3,
    0x8, 0xf6, 0x0, 0xcf, 0x80, 0x7, 0xd1, 0x0,
    0xc, 0xf3, 0x6, 0xfc, 0x0, 0x8, 0xf9, 0x0,
    0x2f, 0xe0, 0x5f, 0xfd, 0xcd, 0xef, 0xff, 0x30,
    0x3c, 0x80, 0x2f, 0xfe, 0xdb, 0xa9, 0xaf, 0xa0,
    0x0, 0x0, 0x2, 0x0, 0x0, 0x0, 0x4, 0x0,

    /* U+5C4B "屋" */
    0x0, 0xef, 0xff, 0xff, 0xff, 0xff, 0xff, 0x20,
    0x0, 0xef, 0x88, 0x88, 0x88, 0x88, 0xef, 0x20,
    0x0, 0xef, 0x76, 0x66, 0x66, 0x66, 0xdf, 0x20,
    0x0, 0xef, 0xff, 0xff, 0xff, 0xff, 0xff, 0x20,
    0x0, 0xef, 0x43, 0x33, 0x33, 0x33, 0x33, 0x10,
    0x0, 0xef, 0xff, 0xff, 0xff, 0xff, 0xff, 0xc0,
    0x0, 0xef, 0x68, 0xff, 0x86, 0xbf, 0xa6, 0x50,
    0x0, 0xfe, 0x2d, 0xfb, 0x56, 0xbf, 0xf6, 0x0,
    0x1, 0xfc, 0x7f, 0xff, 0xff, 0xfe, 0xff, 0x60,
    0x3, 0xfa, 0x26, 0x43, 0xcf, 0x10, 0x38, 0x10,
    0x7, 0xf8, 0x6f, 0xff, 0xff, 0xff, 0xfc, 0x0,
    0xb, 0xf4, 0x37, 0x77, 0xef, 0x87, 0x75, 0x0,
    0x2f, 0xf4, 0x88, 0x88, 0xef, 0x88, 0x88, 0x81,
    0x4e, 0x88, 0xff, 0xff, 0xff, 0xff, 0xff, 0xf2,
    0x0, 0x10, 0x0, 0x0, 0x0, 0x0, 0x0, 0x0,

    /* U+5C4F "屏" */
    0x0, 0xff, 0xff, 0xff, 0xff, 0xff, 0xff, 0xe0,
    0x0, 0xff, 0x99, 0x99, 0x99, 0x99, 0xaf, 0xe0,
    0x0, 0xfe, 0x0, 0x0, 0x0, 0x0, 0x3f, 0xe0,
    0x0, 0xff, 0xff, 0xff, 0xff, 0xff, 0xff, 0xe0,
    0x0, 0xff, 0x8a, 0xeb, 0x88, 0x8c, 0xd9, 0x80,
    0x0, 0xfe, 0x3, 0xf9, 0x0, 0xc, 0xf4, 0x0,
    0x0, 0xfe, 0xaf, 0xff, 0xff, 0xff, 0xff, 0xf0,
    0x1, 0xfc, 0x69, 0xef, 0xa9, 0xaf, 0xe9, 0x90,
    0x2, 0xfb, 0x0, 0xbf, 0x10, 0x1f, 0xc0, 0x0,
    0x4, 0xfa, 0xaa, 0xef, 0xaa, 0xbf, 0xea, 0xa5,
    0x7, 0xf8, 0xff, 0xff, 0xff, 0xff, 0xff, 0xf7,
    0xc, 0xf3, 0x6, 0xfb, 0x0, 0x1f, 0xc0, 0x0,
    0x3f, 0xe0, 0x9f, 0xf2, 0x0, 0x1f, 0xc0, 0x0,
    0x2b, 0x60, 0x8c, 0x20, 0x0, 0x1f, 0xc0, 0x0,
    0x0, 0x0, 0x0, 0x0, 0x0, 0x0, 0x0, 0x0,

    /* U+5C71 "山" */
    0x0, 0x0, 0x0, 0xef, 0x10, 0x0, 0x0, 0x0,
    0x0, 0x0, 0xef, 0x10, 0x0, 0x0, 0x0, 0x0,
    0x0, 0xef, 0x10, 0x0, 0x0, 0x17, 0x50, 0x0,
    0xef, 0x10, 0x5, 0x83, 0x3f, 0xb0, 0x0, 0xef,
    0x10, 0x9, 0xf6, 0x3f, 0xb0, 0x0, 0xef, 0x10,
    0x9, 0xf6, 0x3f, 0xb0, 0x0, 0xef, 0x10, 0x9,
    0xf6, 0x3f, 0xb0, 0x0, 0xef, 0x10, 0x9, 0xf6,
    0x3f, 0xb0, 0x0, 0xef, 0x10, 0x9, 0xf6, 0x3f,
    0xb0, 0x0, 0xef, 0x10, 0x9, 0xf6, 0x3f, 0xb0,
    0x0, 0xef, 0x10, 0x9, 0xf6, 0x3f, 0xb0, 0x0,
    0xef, 0x10, 0x9, 0xf6, 0x3f, 0xfe, 0xee, 0xff,
    0xee, 0xef, 0xf6, 0x3f, 0xff, 0xff, 0xff, 0xff,
    0xff, 0xf6, 0x0, 0x0, 0x0, 0x0, 0x0, 0x9,
    0xf6,

    /* U+5CA9 "岩" */
    0x0, 0x0, 0x0, 0xf, 0xf0, 0x0, 0x0, 0x0,
    0x4, 0xfa, 0x0, 0xf, 0xf0, 0x0, 0xaf, 0x50,
    0x4, 0xfa, 0x0, 0xf, 0xf0, 0x0, 0xaf, 0x50,
    0x4, 0xfe, 0xcc, 0xcf, 0xfc, 0xcc, 0xef, 0x50,
    0x4, 0xff, 0xff, 0xff, 0xff, 0xff, 0xff, 0x50,
    0x0, 0x0, 0x0, 0x0, 0x0, 0x0, 0x0, 0x0,
    0x1d, 0xdd, 0xdd, 0xdd, 0xdd, 0xdd, 0xdd, 0xd2,
    0x2f, 0xff, 0xff, 0xff, 0xff, 0xff, 0xff, 0xf2,
    0x0, 0x0, 0xcf, 0x80, 0x0, 0x0, 0x0, 0x0,
    0x0, 0xa, 0xff, 0xaa, 0xaa, 0xaa, 0xaa, 0x10,
    0x0, 0xaf, 0xff, 0xff, 0xff, 0xff, 0xff, 0x20,
    0x3e, 0xff, 0xfc, 0x0, 0x0, 0x0, 0xdf, 0x20,
    0x3f, 0xb3, 0xfc, 0x0, 0x0, 0x0, 0xdf, 0x20,
    0x3, 0x1, 0xff, 0xff, 0xff, 0xff, 0xff, 0x20,
    0x0, 0x1, 0xff, 0xbb, 0xbb, 0xbb, 0xef, 0x20,

    /* U+5CB8 "岸" */
    0x0, 0x0, 0x0, 0xf, 0xf0, 0x0, 0x0, 0x0,
    0x1, 0xfd, 0x0, 0xf, 0xf0, 0x0, 0xef, 0x10,
    0x1, 0xfd, 0x0, 0xf, 0xf1, 0x0, 0xef, 0x10,
    0x1, 0xff, 0xff, 0xff, 0xff, 0xff, 0xff, 0x10,
    0x0, 0xaa, 0xaa, 0xaa, 0xaa, 0xaa, 0xaa, 0x0,
    0x0, 0x77, 0x77, 0x77, 0x77, 0x77, 0x77, 0x60,
    0x1, 0xff, 0xff, 0xff, 0xff, 0xff, 0xff, 0xd0,
    0x1, 0xfd, 0x22, 0x22, 0x22, 0x22, 0x22, 0x20,
    0x2, 0xfc, 0x4f, 0xff, 0xff, 0xff, 0xff, 0x50,
    0x3, 0xfa, 0x29, 0x99, 0xcf, 0xc9, 0x99, 0x30,
    0x4, 0xf9, 0x0, 0x0, 0x7f, 0x70, 0x0, 0x0,
    0x7, 0xf7, 0xff, 0xff, 0xff, 0xff, 0xff, 0xf0,
    0xc, 0xf2, 0x99, 0x99, 0xcf, 0xc9, 0x99, 0x90,
    0x5f, 0xc0, 0x0, 0x0, 0x6f, 0x70, 0x0, 0x0,
    0x8, 0x30, 0x0, 0x0, 0x6f, 0x70, 0x0, 0x0,

    /* U+5CF0 "峰" */
    0x0, 0x0, 0x0, 0x0, 0x1, 0x0, 0x0, 0x0,
    0x0, 0x1f, 0x60, 0x0, 0x2f, 0xb0, 0x0, 0x0,
    0x0, 0x1f, 0x60, 0x0, 0x9f, 0xea, 0xa8, 0x10,
    0x0, 0x1f, 0x60, 0x4, 0xff, 0xff, 0xff, 0x10,
    0xf, 0x6f, 0x6e, 0x9f, 0xfe, 0x38, 0xf9, 0x0,
    0xf, 0x6f, 0x6f, 0xaf, 0x9f, 0xdf, 0xd0, 0x0,
    0xf, 0x6f, 0x6f, 0x61, 0x5e, 0xff, 0xb4, 0x0,
    0xf, 0x6f, 0x6f, 0xce, 0xff, 0x8b, 0xff, 0xf2,
    0xf, 0x6f, 0x6f, 0xbd, 0x75, 0xea, 0x39, 0x70,
    0xf, 0x6f, 0x6f, 0x6c, 0xff, 0xff, 0xff, 0x40,
    0xf, 0x6f, 0x6f, 0x65, 0x68, 0xfc, 0x66, 0x10,
    0xf, 0x6f, 0x6f, 0x6a, 0xef, 0xff, 0xee, 0x40,
    0xf, 0x8f, 0xaf, 0x66, 0x8a, 0xfd, 0x88, 0x20,
    0xf, 0xff, 0xff, 0x9b, 0xbc, 0xfe, 0xbb, 0xb0,
    0x7, 0x54, 0x3d, 0x8d, 0xde, 0xff, 0xdd, 0xd0,
    0x0, 0x0, 0x0, 0x0, 0x3, 0xfa, 0x0, 0x0,

    /* U+5D16 "崖" */
    0x0, 0x0, 0x0, 0xd, 0xf1, 0x0, 0x0, 0x0,
    0x1, 0xfd, 0x0, 0xd, 0xf1, 0x0, 0xbf, 0x40,
    0x1, 0xff, 0xaa, 0xaf, 0xfa, 0xaa, 0xef, 0x40,
    0x1, 0xcc, 0xcc, 0xcc, 0xcc, 0xcc, 0xcc, 0x30,
    0x0, 0x88, 0x88, 0x88, 0x88, 0x88, 0x88, 0x70,
    0x0, 0xff, 0xff, 0xff, 0xff, 0xff, 0xff, 0xf0,
    0x0, 0xfd, 0x2, 0x22, 0x9c, 0x32, 0x22, 0x0,
    0x1, 0xfc, 0x1f, 0xff, 0xff, 0xff, 0xfd, 0x0,
    0x2, 0xfc, 0x3, 0x33, 0xcf, 0x43, 0x33, 0x0,
    0x3, 0xfb, 0xbf, 0xff, 0xff, 0xff, 0xff, 0x70,
    0x4, 0xf9, 0x56, 0x66, 0xab, 0x76, 0x66, 0x30,
    0x7, 0xf6, 0x15, 0x55, 0xdf, 0x65, 0x55, 0x0,
    0xc, 0xf2, 0x5f, 0xff, 0xff, 0xff, 0xff, 0x0,
    0x4f, 0xd3, 0x66, 0x66, 0xdf, 0x76, 0x66, 0x61,
    0x1b, 0x66, 0xff, 0xff, 0xff, 0xff, 0xff, 0xf2,
    0x0, 0x0, 0x0, 0x0, 0x0, 0x0, 0x0, 0x0,

    /* U+5D29 "崩" */
    0x0, 0x0, 0x0, 0xb, 0xf3, 0x0, 0x0, 0x0,
    0x3f, 0xa0, 0x0, 0xbf, 0x30, 0x2, 0xfd, 0x3,
    0xfb, 0x0, 0xb, 0xf4, 0x0, 0x3f, 0xd0, 0x3f,
    0xff, 0xff, 0xff, 0xff, 0xff, 0xfd, 0x2, 0xaa,
    0xaa, 0xaa, 0xaa, 0xaa, 0xaa, 0x80, 0x9, 0x99,
    0x99, 0x60, 0x99, 0x99, 0x97, 0x0, 0xff, 0xde,
    0xfa, 0xf, 0xfd, 0xef, 0xb0, 0xf, 0xc2, 0x4f,
    0xa0, 0xfb, 0x24, 0xfb, 0x0, 0xff, 0xff, 0xfa,
    0xf, 0xff, 0xff, 0xb0, 0x1f, 0xc4, 0x5f, 0xa1,
    0xfc, 0x45, 0xfb, 0x2, 0xfd, 0x89, 0xfa, 0x2f,
    0xd8, 0x8f, 0xb0, 0x4f, 0xff, 0xff, 0xa4, 0xff,
    0xff, 0xfb, 0x9, 0xf4, 0x1, 0xfa, 0x8f, 0x50,
    0x1f, 0xb1, 0xff, 0x6, 0xaf, 0xbe, 0xf0, 0x7b,
    0xfb, 0xb, 0x60, 0x6f, 0xd5, 0xb7, 0x5, 0xfd,
    0x40, 0x0, 0x0, 0x0, 0x0, 0x0, 0x0, 0x0,

    /* U+5DDD "川" */
    0x0, 0x0, 0x0, 0x0, 0x0, 0x0, 0x0, 0x0,
    0xcf, 0x20, 0x0, 0x0, 0x0, 0xff, 0x0, 0xcf,
    0x20, 0xe, 0xf0, 0x0, 0xff, 0x0, 0xcf, 0x20,
    0xe, 0xf0, 0x0, 0xff, 0x0, 0xcf, 0x20, 0xe,
    0xf0, 0x0, 0xff, 0x0, 0xcf, 0x20, 0xe, 0xf0,
    0x0, 0xff, 0x0, 0xcf, 0x20, 0xe, 0xf0, 0x0,
    0xff, 0x0, 0xcf, 0x20, 0xe, 0xf0, 0x0, 0xff,
    0x0, 0xdf, 0x10, 0xe, 0xf0, 0x0, 0xff, 0x0,
    0xff, 0x0, 0xe, 0xf0, 0x0, 0xff, 0x2, 0xfe,
    0x0, 0xe, 0xf0, 0x0, 0xff, 0x6, 0xfa, 0x0,
    0xe, 0xf0, 0x0, 0xff, 0xc, 0xf5, 0x0, 0xe,
    0xf0, 0x0, 0xff, 0x6f, 0xd0, 0x0, 0xc, 0xd0,
    0x0, 0xff, 0x4e, 0x40, 0x0, 0x0, 0x0, 0x0,
    0xff, 0x0, 0x0, 0x0, 0x0, 0x0, 0x0, 0x0,

    /* U+5DDE "州" */
    0x0, 0x0, 0x0, 0x0, 0x0, 0x0, 0x0, 0x0,
    0x0, 0x2f, 0xb0, 0x0, 0x0, 0x1, 0xfd, 0x0,
    0x2, 0xfb, 0x0, 0xcf, 0x10, 0x1f, 0xd0, 0x0,
    0x2f, 0xb0, 0xc, 0xf1, 0x1, 0xfd, 0x0, 0x2,
    0xfb, 0x0, 0xcf, 0x10, 0x1f, 0xd0, 0x38, 0x4f,
    0xc3, 0xc, 0xf4, 0x31, 0xfd, 0x7, 0xf6, 0xff,
    0xf4, 0xcf, 0xfd, 0x1f, 0xd0, 0xaf, 0x4f, 0xcf,
    0xac, 0xfa, 0xf6, 0xfd, 0xf, 0xd3, 0xfa, 0xce,
    0xcf, 0x3f, 0xdf, 0xd3, 0xf8, 0x6f, 0x98, 0xed,
    0xf1, 0xcb, 0xfd, 0x1, 0x19, 0xf6, 0x10, 0xcf,
    0x10, 0x1f, 0xd0, 0x0, 0xef, 0x30, 0xc, 0xf1,
    0x1, 0xfd, 0x0, 0x5f, 0xd0, 0x0, 0xcf, 0x10,
    0x1f, 0xd0, 0x1e, 0xf6, 0x0, 0xc, 0xf1, 0x1,
    0xfd, 0xc, 0xfc, 0x0, 0x0, 0xcf, 0x10, 0x1f,
    0xd0, 0x4d, 0x10, 0x0, 0x3, 0x40, 0x1, 0xfd,
    0x0, 0x0, 0x0, 0x0, 0x0, 0x0, 0x0, 0x0,

    /* U+5DE5 "工" */
    0x3, 0xee, 0xee, 0xee, 0xee, 0xee, 0xee, 0x80,
    0x3, 0xff, 0xff, 0xff, 0xff, 0xff, 0xff, 0x90,
    0x0, 0x0, 0x0, 0xf, 0xf3, 0x0, 0x0, 0x0,
    0x0, 0x0, 0x0, 0xf, 0xf3, 0x0, 0x0, 0x0,
    0x0, 0x0, 0x0, 0xf, 0xf3, 0x0, 0x0, 0x0,
    0x0, 0x0, 0x0, 0xf, 0xf3, 0x0, 0x0, 0x0,
    0x0, 0x0, 0x0, 0xf, 0xf3, 0x0, 0x0, 0x0,
    0x0, 0x0, 0x0, 0xf, 0xf3, 0x0, 0x0, 0x0,
    0x0, 0x0, 0x0, 0xf, 0xf3, 0x0, 0x0, 0x0,
    0x0, 0x0, 0x0, 0xf, 0xf3, 0x0, 0x0, 0x0,
    0x1d, 0xdd, 0xdd, 0xdf, 0xfe, 0xdd, 0xdd, 0xd6,
    0x1f, 0xff, 0xff, 0xff, 0xff, 0xff, 0xff, 0xf7,
    0x0, 0x0, 0x0, 0x0, 0x0, 0x0, 0x0, 0x0,

    /* U+5DE6 "左" */
    0x0, 0x0, 0x3, 0x63, 0x0, 0x0, 0x0, 0x0,
    0x0, 0x0, 0x8, 0xf7, 0x0, 0x0, 0x0, 0x0,
    0x0, 0x0, 0xb, 0xf4, 0x0, 0x0, 0x0, 0x0,
    0xd, 0xdd, 0xdf, 0xfe, 0xdd, 0xdd, 0xdd, 0xd0,
    0xf, 0xff, 0xff, 0xff, 0xff, 0xff, 0xff, 0xf0,
    0x0, 0x0, 0x7f, 0x80, 0x0, 0x0, 0x0, 0x0,
    0x0, 0x0, 0xdf, 0x30, 0x0, 0x0, 0x0, 0x0,
    0x0, 0x3, 0xff, 0xcc, 0xcc, 0xcc, 0xcc, 0x80,
    0x0, 0x9, 0xfc, 0xff, 0xff, 0xff, 0xff, 0xb0,
    0x0, 0x1e, 0xe0, 0x0, 0x3f, 0xc0, 0x0, 0x0,
    0x0, 0x9f, 0x70, 0x0, 0x3f, 0xc0, 0x0, 0x0,
    0x4, 0xfe, 0x0, 0x0, 0x3f, 0xc0, 0x0, 0x0,
    0x3f, 0xf3, 0x0, 0x0, 0x3f, 0xc0, 0x0, 0x0,
    0x4f, 0x60, 0xdd, 0xdd, 0xef, 0xfd, 0xdd, 0xd4,
    0x3, 0x0, 0xff, 0xff, 0xff, 0xff, 0xff, 0xf4,

    /* U+5DEE "差" */
    0x0, 0x0, 0x34, 0x0, 0x0, 0x45, 0x10, 0x0,
    0x0, 0x2, 0xfe, 0x10, 0x0, 0xef, 0x60, 0x0,
    0x3, 0x88, 0xdf, 0xb8, 0x8b, 0xfe, 0x88, 0x40,
    0x6, 0xff, 0xff, 0xff, 0xff, 0xff, 0xff, 0x70,
    0x1, 0x33, 0x33, 0x7f, 0xc3, 0x33, 0x33, 0x10,
    0x0, 0x9f, 0xff, 0xff, 0xff, 0xff, 0xfa, 0x0,
    0x0, 0x6a, 0xaa, 0xff, 0xaa, 0xaa, 0xa7, 0x0,
    0x9, 0x99, 0x9b, 0xfe, 0x99, 0x99, 0x99, 0x90,
    0x1f, 0xff, 0xff, 0xff, 0xff, 0xff, 0xff, 0xf1,
    0x2, 0x23, 0xcf, 0xb2, 0x22, 0x22, 0x22, 0x20,
    0x0, 0x8, 0xff, 0xff, 0xff, 0xff, 0xfd, 0x0,
    0x0, 0x9f, 0xfa, 0xcc, 0xef, 0xec, 0xcb, 0x0,
    0x2d, 0xff, 0x50, 0x0, 0x7f, 0x80, 0x0, 0x0,
    0x1d, 0xeb, 0xcc, 0xcc, 0xef, 0xec, 0xcc, 0xc2,
    0x2, 0x19, 0xff, 0xff, 0xff, 0xff, 0xff, 0xf2,

    /* U+5DF1 "己" */
    0xef, 0xff, 0xff, 0xff, 0xff, 0xf3, 0x0, 0xef,
    0xff, 0xff, 0xff, 0xff, 0xf3, 0x0, 0x0, 0x0,
    0x0, 0x0, 0xd, 0xf3, 0x0, 0x0, 0x0, 0x0,
    0x0, 0xd, 0xf3, 0x0, 0x0, 0x0, 0x0, 0x0,
    0xd, 0xf3, 0x0, 0x8b, 0xbb, 0xbb, 0xbb, 0xbf,
    0xf3, 0x0, 0xbf, 0xff, 0xff, 0xff, 0xff, 0xf3,
    0x0, 0xbf, 0x52, 0x22, 0x22, 0x2c, 0xe2, 0x0,
    0xbf, 0x40, 0x0, 0x0, 0x0, 0x0, 0x0, 0xbf,
    0x40, 0x0, 0x0, 0x0, 0x8, 0x40, 0xbf, 0x40,
    0x0, 0x0, 0x0, 0xf, 0xf0, 0xaf, 0x70, 0x0,
    0x0, 0x0, 0x5f, 0xd0, 0x7f, 0xfe, 0xee, 0xee,
    0xef, 0xff, 0x70, 0x8, 0xdf, 0xff, 0xff, 0xff,
    0xd8, 0x0,

    /* U+5DF2 "已" */
    0xbf, 0xff, 0xff, 0xff, 0xff, 0xff, 0x10, 0xa,
    0xee, 0xee, 0xee, 0xee, 0xef, 0xf1, 0x0, 0x0,
    0x0, 0x0, 0x0, 0x0, 0xdf, 0x10, 0x0, 0x78,
    0x0, 0x0, 0x0, 0xd, 0xf1, 0x0, 0xe, 0xf1,
    0x0, 0x0, 0x0, 0xdf, 0x10, 0x0, 0xef, 0x32,
    0x22, 0x22, 0x2e, 0xf1, 0x0, 0xe, 0xff, 0xff,
    0xff, 0xff, 0xff, 0x10, 0x0, 0xef, 0xcb, 0xbb,
    0xbb, 0xbe, 0xe1, 0x0, 0xe, 0xf1, 0x0, 0x0,
    0x0, 0x0, 0x0, 0x0, 0xef, 0x10, 0x0, 0x0,
    0x0, 0x9, 0x60, 0xe, 0xf1, 0x0, 0x0, 0x0,
    0x0, 0xef, 0x10, 0xdf, 0x30, 0x0, 0x0, 0x0,
    0x5f, 0xe0, 0x9, 0xff, 0xfe, 0xee, 0xee, 0xff,
    0xf7, 0x0, 0x9, 0xde, 0xff, 0xff, 0xfe, 0xd8,
    0x0,

    /* U+5DF4 "巴" */
    0x1f, 0xff, 0xff, 0xff, 0xff, 0xff, 0xe0, 0x1,
    0xff, 0xdd, 0xef, 0xfd, 0xde, 0xfe, 0x0, 0x1f,
    0xe0, 0x1, 0xfd, 0x0, 0x1f, 0xe0, 0x1, 0xfe,
    0x0, 0x1f, 0xd0, 0x1, 0xfe, 0x0, 0x1f, 0xe0,
    0x1, 0xfd, 0x0, 0x1f, 0xe0, 0x1, 0xfe, 0x11,
    0x2f, 0xd1, 0x12, 0xfe, 0x0, 0x1f, 0xff, 0xff,
    0xff, 0xff, 0xff, 0xe0, 0x1, 0xff, 0xbb, 0xbb,
    0xbb, 0xbc, 0xfe, 0x0, 0x1f, 0xe0, 0x0, 0x0,
    0x0, 0x0, 0x0, 0x1, 0xfe, 0x0, 0x0, 0x0,
    0x0, 0x2, 0x10, 0x1f, 0xe0, 0x0, 0x0, 0x0,
    0x0, 0x9f, 0x40, 0xff, 0x10, 0x0, 0x0, 0x0,
    0x1e, 0xf3, 0xb, 0xff, 0xed, 0xdd, 0xdd, 0xef,
    0xfd, 0x0, 0x1a, 0xef, 0xff, 0xff, 0xff, 0xeb,
    0x20,

    /* U+5DF7 "巷" */
    0x0, 0x0, 0x3f, 0xa0, 0x6, 0xf7, 0x0, 0x0,
    0x0, 0x0, 0x3f, 0xa0, 0x6, 0xf7, 0x0, 0x0,
    0x1, 0xff, 0xff, 0xff, 0xff, 0xff, 0xff, 0x80,
    0x1, 0xbb, 0xcf, 0xeb, 0xbd, 0xfd, 0xbb, 0x60,
    0x0, 0x0, 0x3f, 0xa0, 0x6, 0xf7, 0x0, 0x0,
    0xa, 0xaa, 0xbf, 0xea, 0xac, 0xfd, 0xaa, 0xa5,
    0x1f, 0xff, 0xff, 0xff, 0xff, 0xff, 0xff, 0xf7,
    0x0, 0x3, 0xff, 0x50, 0x1, 0xdf, 0x70, 0x0,
    0x0, 0x3e, 0xff, 0xff, 0xff, 0xff, 0xf9, 0x10,
    0x19, 0xff, 0xff, 0x77, 0x77, 0xfe, 0xdf, 0xf6,
    0x1d, 0xe4, 0xdf, 0x87, 0x77, 0xfd, 0x8, 0xe1,
    0x1, 0x10, 0xdf, 0xff, 0xff, 0xfd, 0x11, 0x0,
    0x0, 0x0, 0xdf, 0x10, 0x0, 0x0, 0x7f, 0x40,
    0x0, 0x0, 0xbf, 0xdb, 0xbb, 0xbb, 0xff, 0x20,
    0x0, 0x0, 0x3c, 0xff, 0xff, 0xff, 0xe7, 0x0,

    /* U+5DFE "巾" */
    0x0, 0x0, 0x0, 0xef, 0x20, 0x0, 0x0, 0x0,
    0x0, 0x0, 0xef, 0x20, 0x0, 0x0, 0x0, 0x0,
    0x0, 0xef, 0x20, 0x0, 0x0, 0x2, 0x22, 0x22,
    0xef, 0x52, 0x22, 0x20, 0x1f, 0xff, 0xff, 0xff,
    0xff, 0xff, 0xf4, 0x1f, 0xfb, 0xbb, 0xff, 0xcb,
    0xbe, 0xf4, 0x1f, 0xe0, 0x0, 0xef, 0x20, 0xb,
    0xf4, 0x1f, 0xe0, 0x0, 0xef, 0x20, 0xb, 0xf4,
    0x1f, 0xe0, 0x0, 0xef, 0x20, 0xb, 0xf4, 0x1f,
    0xe0, 0x0, 0xef, 0x20, 0xb, 0xf4, 0x1f, 0xe0,
    0x0, 0xef, 0x20, 0xb, 0xf4, 0x1f, 0xe0, 0x0,
    0xef, 0x3c, 0xcf, 0xf2, 0x1f, 0xe0, 0x0, 0xef,
    0x2b, 0xfe, 0x90, 0x0, 0x0, 0x0, 0xef, 0x20,
    0x0, 0x0, 0x0, 0x0, 0x0, 0xef, 0x20, 0x0,
    0x0,

    /* U+5E03 "布" */
    0x0, 0x0, 0x0, 0x40, 0x0, 0x0, 0x0, 0x0,
    0x0, 0x0, 0x4, 0xfc, 0x0, 0x0, 0x0, 0x0,
    0x0, 0x0, 0x9, 0xf8, 0x0, 0x0, 0x0, 0x0,
    0x1f, 0xff, 0xff, 0xff, 0xff, 0xff, 0xff, 0xf2,
    0x1c, 0xcc, 0xef, 0xec, 0xff, 0xcc, 0xcc, 0xc1,
    0x0, 0x1, 0xef, 0x21, 0xfc, 0x0, 0x0, 0x0,
    0x0, 0xb, 0xf9, 0x2, 0xfc, 0x0, 0x0, 0x0,
    0x0, 0x7f, 0xff, 0xff, 0xff, 0xff, 0xff, 0x60,
    0x9, 0xff, 0xfd, 0xcc, 0xff, 0xcc, 0xef, 0x60,
    0x7f, 0xfc, 0xf5, 0x1, 0xfc, 0x0, 0x8f, 0x60,
    0x1c, 0x38, 0xf5, 0x1, 0xfc, 0x0, 0x8f, 0x60,
    0x0, 0x8, 0xf5, 0x1, 0xfc, 0x0, 0x8f, 0x60,
    0x0, 0x8, 0xf5, 0x1, 0xfc, 0x7d, 0xff, 0x40,
    0x0, 0x8, 0xf5, 0x1, 0xfc, 0x3d, 0xc8, 0x0,
    0x0, 0x0, 0x0, 0x1, 0xfc, 0x0, 0x0, 0x0,

    /* U+5E26 "带" */
    0x0, 0xc, 0xf1, 0xf, 0xe0, 0xf, 0xe0, 0x0,
    0x16, 0x6e, 0xf7, 0x6f, 0xf6, 0x6f, 0xe6, 0x61,
    0x3f, 0xff, 0xff, 0xff, 0xff, 0xff, 0xff, 0xf3,
    0x3, 0x3d, 0xf4, 0x3f, 0xf3, 0x3f, 0xe3, 0x30,
    0x0, 0x7, 0x80, 0x7, 0x70, 0x8, 0x80, 0x0,
    0x7, 0x88, 0x88, 0x88, 0x88, 0x88, 0x88, 0x80,
    0xe, 0xff, 0xff, 0xff, 0xff, 0xff, 0xff, 0xe0,
    0xe, 0xf0, 0x0, 0x1f, 0xf0, 0x0, 0xf, 0xe0,
    0xe, 0xf9, 0x99, 0x9f, 0xf9, 0x99, 0x9f, 0xe0,
    0x0, 0x3f, 0xff, 0xff, 0xff, 0xff, 0xf9, 0x0,
    0x0, 0x3f, 0xa0, 0x1f, 0xf0, 0x5, 0xf9, 0x0,
    0x0, 0x3f, 0xa0, 0xf, 0xe0, 0x4, 0xf9, 0x0,
    0x0, 0x3f, 0xa0, 0xf, 0xe0, 0x9c, 0xf9, 0x0,
    0x0, 0x3f, 0xa0, 0xf, 0xe0, 0xaf, 0xd2, 0x0,
    0x0, 0x0, 0x0, 0xf, 0xe0, 0x0, 0x0, 0x0,

    /* U+5E55 "幕" */
    0x0, 0x0, 0x8f, 0x40, 0x5, 0xf8, 0x0, 0x0,
    0xf, 0xff, 0xff, 0xff, 0xff, 0xff, 0xff, 0xf0,
    0x5, 0x55, 0x9d, 0x75, 0x58, 0xc9, 0x55, 0x50,
    0x0, 0x24, 0x44, 0x44, 0x44, 0x44, 0x42, 0x0,
    0x0, 0x8f, 0xed, 0xdd, 0xdd, 0xde, 0xfa, 0x0,
    0x0, 0x8f, 0xa8, 0x88, 0x88, 0x8a, 0xfa, 0x0,
    0x0, 0x8f, 0x96, 0x66, 0x66, 0x69, 0xfa, 0x0,
    0x0, 0x8f, 0xff, 0xff, 0xff, 0xff, 0xfa, 0x0,
    0x4, 0x56, 0x6f, 0xf7, 0x66, 0x66, 0x65, 0x40,
    0x2f, 0xff, 0xff, 0xff, 0xff, 0xff, 0xff, 0xf2,
    0x3, 0x6f, 0xf9, 0x3f, 0xd3, 0x8f, 0xd5, 0x30,
    0x3b, 0xff, 0xff, 0xff, 0xff, 0xff, 0xff, 0xc3,
    0x1e, 0xbc, 0xf8, 0x7f, 0xe7, 0x7f, 0xea, 0xd0,
    0x1, 0xa, 0xf2, 0xf, 0xd2, 0x6f, 0xc0, 0x0,
    0x0, 0xa, 0xf2, 0xf, 0xd1, 0xed, 0x60, 0x0,

    /* U+5E61 "幡" */
    0x0, 0x1f, 0x80, 0x0, 0x23, 0x47, 0xad, 0x20,
    0x0, 0x1f, 0x80, 0x6f, 0xff, 0xff, 0xfe, 0x70,
    0x0, 0x1f, 0x80, 0x1a, 0xe5, 0xfc, 0x1d, 0x40,
    0x1b, 0xcf, 0xeb, 0x56, 0xf4, 0xec, 0x6f, 0x30,
    0x2f, 0xff, 0xff, 0x9a, 0xfa, 0xfe, 0xde, 0x82,
    0x2f, 0x5f, 0x8e, 0xcf, 0xff, 0xff, 0xff, 0xf4,
    0x2f, 0x4f, 0x8e, 0x62, 0xdf, 0xff, 0xfa, 0x0,
    0x2f, 0x4f, 0x8e, 0xae, 0xf5, 0xec, 0x7f, 0xd3,
    0x2f, 0x4f, 0x8e, 0xdf, 0x60, 0xa8, 0x18, 0xe2,
    0x2f, 0x4f, 0x8e, 0x6f, 0xff, 0xff, 0xff, 0xc0,
    0x2f, 0x4f, 0xdf, 0x5f, 0xc3, 0xec, 0x3f, 0xc0,
    0x2d, 0x4f, 0x98, 0xf, 0xfe, 0xff, 0xef, 0xc0,
    0x0, 0x1f, 0x80, 0xf, 0xc4, 0xec, 0x4f, 0xc0,
    0x0, 0x1f, 0x80, 0xf, 0xd6, 0xed, 0x6f, 0xc0,
    0x0, 0x1f, 0x80, 0xf, 0xff, 0xff, 0xff, 0xc0,
    0x0, 0x0, 0x0, 0x0, 0x0, 0x0, 0x0, 0x0,

    /* U+5E72 "干" */
    0x4, 0xcc, 0xcc, 0xcc, 0xcc, 0xcc, 0xcc, 0x50,
    0x5, 0xff, 0xff, 0xff, 0xff, 0xff, 0xff, 0x70,
    0x1, 0x33, 0x33, 0x4f, 0xf3, 0x33, 0x33, 0x10,
    0x0, 0x0, 0x0, 0x1f, 0xf0, 0x0, 0x0, 0x0,
    0x0, 0x0, 0x0, 0x1f, 0xf0, 0x0, 0x0, 0x0,
    0x0, 0x0, 0x0, 0x2f, 0xf0, 0x0, 0x0, 0x0,
    0x2f, 0xff, 0xff, 0xff, 0xff, 0xff, 0xff, 0xf3,
    0x2f, 0xff, 0xff, 0xff, 0xff, 0xff, 0xff, 0xf3,
    0x0, 0x0, 0x0, 0x1f, 0xf0, 0x0, 0x0, 0x0,
    0x0, 0x0, 0x0, 0x1f, 0xf0, 0x0, 0x0, 0x0,
    0x0, 0x0, 0x0, 0x1f, 0xf0, 0x0, 0x0, 0x0,
    0x0, 0x0, 0x0, 0x1f, 0xf0, 0x0, 0x0, 0x0,
    0x0, 0x0, 0x0, 0x1f, 0xf0, 0x0, 0x0, 0x0,
    0x0, 0x0, 0x0, 0x1f, 0xf0, 0x0, 0x0, 0x0,

    /* U+5E73 "平" */
    0x3, 0xcc, 0xcc, 0xcc, 0xcc, 0xcc, 0xcc, 0x60,
    0x3, 0xff, 0xff, 0xff, 0xff, 0xff, 0xff, 0x70,
    0x0, 0x12, 0x41, 0x1d, 0xf3, 0x13, 0x52, 0x0,
    0x0, 0x1f, 0xd0, 0xd, 0xf1, 0x8, 0xfa, 0x0,
    0x0, 0xc, 0xf4, 0xd, 0xf1, 0xd, 0xf3, 0x0,
    0x0, 0x6, 0xf9, 0xd, 0xf1, 0x5f, 0xa0, 0x0,
    0x0, 0x1, 0x61, 0xd, 0xf1, 0x16, 0x20, 0x0,
    0x1d, 0xdd, 0xdd, 0xdf, 0xfe, 0xdd, 0xdd, 0xd5,
    0x1f, 0xff, 0xff, 0xff, 0xff, 0xff, 0xff, 0xf6,
    0x0, 0x0, 0x0, 0xd, 0xf2, 0x0, 0x0, 0x0,
    0x0, 0x0, 0x0, 0xd, 0xf1, 0x0, 0x0, 0x0,
    0x0, 0x0, 0x0, 0xd, 0xf1, 0x0, 0x0, 0x0,
    0x0, 0x0, 0x0, 0xd, 0xf1, 0x0, 0x0, 0x0,
    0x0, 0x0, 0x0, 0xd, 0xf1, 0x0, 0x0, 0x0,

    /* U+5E74 "年" */
    0x0, 0x0, 0x74, 0x0, 0x0, 0x0, 0x0, 0x0,
    0x0, 0x5, 0xfd, 0x0, 0x0, 0x0, 0x0, 0x0,
    0x0, 0xc, 0xfe, 0xcc, 0xcc, 0xcc, 0xcc, 0x60,
    0x0, 0x5f, 0xff, 0xff, 0xff, 0xff, 0xff, 0x80,
    0x1, 0xef, 0x50, 0x0, 0xfe, 0x0, 0x0, 0x0,
    0xd, 0xfb, 0x0, 0x0, 0xfe, 0x0, 0x0, 0x0,
    0x3, 0xba, 0xff, 0xff, 0xff, 0xff, 0xff, 0x10,
    0x0, 0x9, 0xfc, 0xbb, 0xff, 0xbb, 0xbb, 0x0,
    0x0, 0x9, 0xf4, 0x0, 0xfe, 0x0, 0x0, 0x0,
    0x0, 0x9, 0xf4, 0x0, 0xfe, 0x0, 0x0, 0x0,
    0x1d, 0xdf, 0xfe, 0xdd, 0xff, 0xdd, 0xdd, 0xd7,
    0x1f, 0xff, 0xff, 0xff, 0xff, 0xff, 0xff, 0xf8,
    0x0, 0x0, 0x0, 0x0, 0xfe, 0x0, 0x0, 0x0,
    0x0, 0x0, 0x0, 0x0, 0xfe, 0x0, 0x0, 0x0,
    0x0, 0x0, 0x0, 0x0, 0xfe, 0x0, 0x0, 0x0,

    /* U+5E90 "庐" */
    0x0, 0x0, 0x0, 0x1, 0x67, 0x0, 0x0, 0x0,
    0x0, 0x0, 0x0, 0x2, 0xff, 0x20, 0x0, 0x0,
    0x0, 0xff, 0xff, 0xff, 0xff, 0xff, 0xff, 0xf6,
    0x0, 0xff, 0xbb, 0xbb, 0xbc, 0xdb, 0xbb, 0xb4,
    0x0, 0xfe, 0x0, 0x0, 0x3f, 0xc0, 0x0, 0x0,
    0x0, 0xfe, 0x7, 0xaa, 0xaf, 0xfa, 0xaa, 0x80,
    0x0, 0xfe, 0xb, 0xff, 0xff, 0xff, 0xff, 0xc0,
    0x0, 0xfe, 0xb, 0xf1, 0x0, 0x0, 0x1f, 0xc0,
    0x1, 0xfd, 0xc, 0xf9, 0x99, 0x99, 0x9f, 0xc0,
    0x2, 0xfc, 0xd, 0xff, 0xff, 0xff, 0xff, 0xc0,
    0x3, 0xfb, 0xf, 0xe0, 0x0, 0x0, 0x1c, 0x90,
    0x5, 0xf9, 0x1f, 0xb0, 0x0, 0x0, 0x0, 0x0,
    0x9, 0xf5, 0x5f, 0x80, 0x0, 0x0, 0x0, 0x0,
    0xe, 0xf2, 0xcf, 0x30, 0x0, 0x0, 0x0, 0x0,
    0x2e, 0xb1, 0xec, 0x0, 0x0, 0x0, 0x0, 0x0,
    0x0, 0x30, 0x13, 0x0, 0x0, 0x0, 0x0, 0x0,

    /* U+5E95 "底" */
    0x0, 0x0, 0x0, 0x1, 0x56, 0x0, 0x0, 0x0,
    0x0, 0x0, 0x0, 0x3, 0xff, 0x20, 0x0, 0x0,
    0x0, 0xff, 0xff, 0xff, 0xff, 0xff, 0xff, 0xf7,
    0x0, 0xfe, 0xaa, 0xaa, 0xaa, 0xaa, 0xaa, 0xa4,
    0x0, 0xfc, 0x2, 0x34, 0x56, 0x79, 0xcb, 0x0,
    0x0, 0xfc, 0xf, 0xff, 0xff, 0xff, 0xeb, 0x40,
    0x0, 0xfc, 0xf, 0xd6, 0x56, 0xfa, 0x0, 0x0,
    0x1, 0xfc, 0xf, 0xb0, 0x2, 0xfb, 0x0, 0x0,
    0x2, 0xfb, 0xf, 0xff, 0xff, 0xff, 0xff, 0xf0,
    0x3, 0xfa, 0xf, 0xeb, 0xbb, 0xff, 0xbb, 0xb0,
    0x4, 0xf8, 0xf, 0xb0, 0x14, 0xaf, 0x30, 0x0,
    0x8, 0xf5, 0xf, 0xb0, 0xaf, 0x6f, 0x80, 0x71,
    0xc, 0xf2, 0x1f, 0xd9, 0xaf, 0x7f, 0xe1, 0xf8,
    0x2f, 0xd0, 0x7f, 0xff, 0x7e, 0xc7, 0xff, 0xf5,
    0x1b, 0x60, 0x5b, 0x61, 0x8, 0x90, 0x8e, 0xb0,
    0x0, 0x0, 0x0, 0x0, 0x0, 0x0, 0x0, 0x0,

    /* U+5EA6 "度" */
    0x0, 0x0, 0x0, 0x1, 0x54, 0x0, 0x0, 0x0,
    0x0, 0x0, 0x0, 0x5, 0xfe, 0x0, 0x0, 0x0,
    0x0, 0xff, 0xff, 0xff, 0xff, 0xff, 0xff, 0xf6,
    0x0, 0xff, 0xbb, 0xbb, 0xbb, 0xbb, 0xbb, 0xb4,
    0x0, 0xfd, 0x0, 0xbf, 0x10, 0xf, 0xe0, 0x0,
    0x0, 0xfd, 0xcf, 0xff, 0xff, 0xff, 0xff, 0xf3,
    0x0, 0xfd, 0x68, 0xdf, 0x88, 0x8f, 0xf8, 0x82,
    0x0, 0xfd, 0x0, 0xbf, 0x87, 0x7f, 0xe0, 0x0,
    0x1, 0xfc, 0x0, 0xae, 0xee, 0xee, 0xd0, 0x0,
    0x2, 0xfb, 0x57, 0x77, 0x77, 0x77, 0x75, 0x0,
    0x4, 0xf9, 0xbf, 0xff, 0xff, 0xff, 0xff, 0x20,
    0x7, 0xf7, 0x5, 0xfd, 0x40, 0x5e, 0xf6, 0x0,
    0xa, 0xf3, 0x0, 0x5f, 0xfc, 0xff, 0x50, 0x0,
    0x1f, 0xf3, 0x8a, 0xdf, 0xff, 0xff, 0xca, 0x83,
    0x2d, 0x91, 0xff, 0xd9, 0x53, 0x7c, 0xff, 0xf1,
    0x0, 0x10, 0x10, 0x0, 0x0, 0x0, 0x1, 0x20,

    /* U+5EA7 "座" */
    0x0, 0x0, 0x0, 0x0, 0x58, 0x0, 0x0, 0x0,
    0x0, 0x0, 0x0, 0x1, 0xef, 0x50, 0x0, 0x0,
    0x1, 0xff, 0xff, 0xff, 0xff, 0xff, 0xff, 0xfb,
    0x1, 0xfe, 0xbb, 0xbb, 0xbb, 0xbb, 0xbb, 0xb8,
    0x1, 0xfb, 0x2, 0x94, 0x1d, 0x90, 0x68, 0x0,
    0x1, 0xfb, 0x8, 0xf5, 0x1f, 0xb0, 0xde, 0x0,
    0x2, 0xfb, 0xd, 0xf7, 0x1f, 0xb3, 0xfd, 0x0,
    0x3, 0xfb, 0x8f, 0xff, 0x9f, 0xcd, 0xff, 0xd1,
    0x3, 0xfc, 0xfd, 0x1c, 0xaf, 0xff, 0x75, 0xf9,
    0x4, 0xf8, 0x22, 0x0, 0x1f, 0xb3, 0x0, 0x30,
    0x6, 0xf6, 0x5f, 0xff, 0xff, 0xff, 0xff, 0xe0,
    0x9, 0xf4, 0x3b, 0xbb, 0xbf, 0xeb, 0xbb, 0xa0,
    0xd, 0xf1, 0x0, 0x0, 0x1f, 0xb0, 0x0, 0x0,
    0x3f, 0xb4, 0xaa, 0xaa, 0xaf, 0xea, 0xaa, 0xa8,
    0x2c, 0x66, 0xff, 0xff, 0xff, 0xff, 0xff, 0xfd,
    0x0, 0x0, 0x0, 0x0, 0x0, 0x0, 0x0, 0x0,

    /* U+5ECA "廊" */
    0x0, 0x0, 0x0, 0x1, 0x52, 0x0, 0x0, 0x0,
    0x0, 0x11, 0x11, 0x18, 0xfa, 0x11, 0x11, 0x10,
    0x9, 0xff, 0xff, 0xff, 0xff, 0xff, 0xff, 0xf2,
    0x9, 0xfa, 0x8a, 0xd9, 0x88, 0x88, 0x88, 0x81,
    0x9, 0xf3, 0x37, 0xf8, 0x30, 0xdd, 0xde, 0x90,
    0x9, 0xf5, 0xff, 0xff, 0xf1, 0xfd, 0x9f, 0xa0,
    0x9, 0xf5, 0xf8, 0x2a, 0xf1, 0xfa, 0x5f, 0x40,
    0xa, 0xf5, 0xff, 0xff, 0xf1, 0xfa, 0xae, 0x0,
    0xa, 0xf5, 0xf8, 0x2a, 0xf1, 0xfa, 0xcd, 0x0,
    0xb, 0xf3, 0xff, 0xff, 0xf1, 0xfa, 0x3f, 0x70,
    0xc, 0xf3, 0xfa, 0x5a, 0x60, 0xfa, 0xe, 0xc0,
    0xf, 0xc2, 0xf7, 0x4f, 0x70, 0xfa, 0xe, 0xd0,
    0x2f, 0x94, 0xfa, 0x9f, 0xf1, 0xfb, 0xff, 0x90,
    0x8f, 0x5b, 0xff, 0xec, 0xf7, 0xfa, 0x76, 0x0,
    0x4c, 0x5, 0x83, 0x0, 0x51, 0xfa, 0x0, 0x0,
    0x0, 0x0, 0x0, 0x0, 0x0, 0x0, 0x0, 0x0,

    /* U+5F00 "开" */
    0x8, 0xff, 0xff, 0xff, 0xff, 0xff, 0xff, 0xf0,
    0x6, 0xcc, 0xef, 0xec, 0xcc, 0xff, 0xdc, 0xc0,
    0x0, 0x0, 0x7f, 0x70, 0x0, 0xdf, 0x20, 0x0,
    0x0, 0x0, 0x7f, 0x70, 0x0, 0xdf, 0x20, 0x0,
    0x0, 0x0, 0x7f, 0x70, 0x0, 0xdf, 0x20, 0x0,
    0x0, 0x0, 0x7f, 0x70, 0x0, 0xdf, 0x20, 0x0,
    0x1f, 0xff, 0xff, 0xff, 0xff, 0xff, 0xff, 0xf6,
    0x1d, 0xdd, 0xff, 0xed, 0xdd, 0xff, 0xed, 0xd6,
    0x0, 0x0, 0xcf, 0x30, 0x0, 0xdf, 0x20, 0x0,
    0x0, 0x2, 0xff, 0x0, 0x0, 0xdf, 0x20, 0x0,
    0x0, 0xa, 0xf9, 0x0, 0x0, 0xdf, 0x20, 0x0,
    0x0, 0x8f, 0xf2, 0x0, 0x0, 0xdf, 0x20, 0x0,
    0xb, 0xff, 0x50, 0x0, 0x0, 0xdf, 0x20, 0x0,
    0x3, 0xd3, 0x0, 0x0, 0x0, 0xdf, 0x20, 0x0,
    0x0, 0x0, 0x0, 0x0, 0x0, 0x0, 0x0, 0x0,

    /* U+5F20 "张" */
    0x0, 0x0, 0x0, 0x1, 0x0, 0x0, 0x0, 0xb,
    0xff, 0xfe, 0x7, 0xf6, 0x0, 0x2a, 0x60, 0x9c,
    0xcf, 0xe0, 0x7f, 0x60, 0xc, 0xf7, 0x0, 0x0,
    0xee, 0x7, 0xf6, 0x1b, 0xfb, 0x0, 0x4b, 0xbf,
    0xe0, 0x7f, 0x7d, 0xfb, 0x0, 0x7, 0xff, 0xfe,
    0x7, 0xf6, 0x49, 0x0, 0x0, 0x8f, 0x40, 0xd,
    0xff, 0xee, 0xee, 0xee, 0x49, 0xf2, 0x0, 0xef,
    0xff, 0xff, 0xff, 0xf5, 0xbf, 0xa9, 0x90, 0x8f,
    0x76, 0xf8, 0x0, 0xd, 0xff, 0xff, 0x7, 0xf6,
    0x1f, 0xe0, 0x0, 0x0, 0xf, 0xd0, 0x7f, 0x60,
    0xbf, 0x50, 0x0, 0x1, 0xfc, 0x7, 0xf6, 0x16,
    0xfd, 0x0, 0x0, 0x3f, 0xa0, 0x8f, 0xdf, 0x5b,
    0xfb, 0x7, 0x9d, 0xf7, 0x1f, 0xff, 0xb2, 0x1e,
    0xf7, 0x6f, 0xfb, 0x10, 0xc9, 0x20, 0x0, 0x29,
    0x0, 0x0, 0x0, 0x0, 0x0, 0x0, 0x0, 0x0,

    /* U+5F2F "弯" */
    0x0, 0x0, 0x0, 0x44, 0x0, 0x0, 0x0, 0x11,
    0x11, 0x13, 0xff, 0x21, 0x11, 0x11, 0xef, 0xff,
    0xff, 0xff, 0xff, 0xff, 0xfe, 0x78, 0x98, 0xef,
    0x89, 0xfe, 0x89, 0x88, 0x4, 0xf8, 0xdf, 0x1,
    0xfd, 0xbe, 0x30, 0x1d, 0xf2, 0xdf, 0x1, 0xfc,
    0x4f, 0xf3, 0x8f, 0x60, 0xdf, 0x1, 0xfc, 0x3,
    0xf7, 0x3, 0xbb, 0xbb, 0xbb, 0xcc, 0xbb, 0x20,
    0x0, 0x66, 0x66, 0x66, 0x66, 0xcf, 0x20, 0x4,
    0xff, 0xff, 0xff, 0xff, 0xff, 0x20, 0x8, 0xf9,
    0x66, 0x66, 0x66, 0x66, 0x10, 0xc, 0xf8, 0x66,
    0x66, 0x66, 0x66, 0x62, 0x1f, 0xfe, 0xee, 0xee,
    0xee, 0xef, 0xf3, 0x0, 0x0, 0x0, 0x4, 0x99,
    0xaf, 0xe0, 0x0, 0x0, 0x0, 0x2, 0xff, 0xfd,
    0x30, 0x0, 0x0, 0x0, 0x0, 0x0, 0x0, 0x0,

    /* U+5F69 "彩" */
    0x0, 0x0, 0x3, 0x69, 0x50, 0x0, 0x27, 0x10,
    0x3a, 0xce, 0xff, 0xff, 0xe1, 0x2, 0xef, 0x90,
    0x2f, 0xdc, 0xa8, 0x52, 0x0, 0x4e, 0xfa, 0x0,
    0x5, 0x41, 0xd7, 0xb, 0xc9, 0xff, 0x90, 0x0,
    0xd, 0xe1, 0xce, 0x1f, 0xc1, 0xb5, 0x1, 0x0,
    0x4, 0xf7, 0x58, 0x9f, 0x40, 0x0, 0x3f, 0xc0,
    0x0, 0x71, 0xcf, 0x26, 0x0, 0x3, 0xef, 0x60,
    0x0, 0x0, 0xdf, 0x10, 0x0, 0x5f, 0xf8, 0x0,
    0x2f, 0xff, 0xff, 0xff, 0xf6, 0xff, 0x70, 0x0,
    0x1a, 0xad, 0xff, 0xfa, 0xa0, 0xa4, 0x2, 0x10,
    0x0, 0x3f, 0xff, 0xfc, 0x10, 0x0, 0x1d, 0xf5,
    0x3, 0xef, 0xff, 0x8f, 0xc0, 0x2, 0xdf, 0x90,
    0x6f, 0xf5, 0xcf, 0x8, 0x61, 0x8f, 0xfa, 0x0,
    0x2e, 0x50, 0xcf, 0x0, 0x4f, 0xff, 0x70, 0x0,
    0x0, 0x0, 0xcf, 0x0, 0xb, 0xa1, 0x0, 0x0,
    0x0, 0x0, 0x0, 0x0, 0x0, 0x0, 0x0, 0x0,

    /* U+5F71 "影" */
    0x0, 0x0, 0x0, 0x0, 0x0, 0x0, 0x2, 0x0,
    0x5, 0xff, 0xff, 0xff, 0xf4, 0x0, 0x8f, 0x90,
    0x5, 0xfa, 0x55, 0x5b, 0xf4, 0x6, 0xfe, 0x20,
    0x5, 0xff, 0xff, 0xff, 0xf5, 0xaf, 0xf3, 0x0,
    0x5, 0xf9, 0x55, 0x5b, 0xf9, 0xfd, 0x20, 0x0,
    0x4, 0xcc, 0xdf, 0xdc, 0xc4, 0x41, 0x8, 0x50,
    0x8, 0x88, 0xdf, 0xb8, 0x87, 0x0, 0xaf, 0xc0,
    0xa, 0xaa, 0xaa, 0xaa, 0xa8, 0x4d, 0xfc, 0x0,
    0x1, 0xee, 0xee, 0xee, 0xe5, 0xff, 0x90, 0x0,
    0x1, 0xfc, 0x55, 0x5d, 0xf1, 0x75, 0x1, 0x10,
    0x1, 0xfc, 0x66, 0x6d, 0xf1, 0x0, 0xc, 0xf4,
    0x1, 0xfd, 0xef, 0xed, 0xd1, 0x0, 0xbf, 0x90,
    0x4, 0xfa, 0x8f, 0x7f, 0x60, 0x5e, 0xfb, 0x0,
    0xd, 0xf8, 0xcf, 0x4a, 0xfb, 0xff, 0x80, 0x0,
    0x1, 0x38, 0xfc, 0x11, 0x31, 0xb3, 0x0, 0x0,

    /* U+5F80 "往" */
    0x0, 0x8, 0x40, 0x0, 0x28, 0x60, 0x0, 0x0,
    0x0, 0x8f, 0xc0, 0x0, 0x2f, 0xe0, 0x0, 0x0,
    0x8, 0xfe, 0x10, 0x0, 0xa, 0xf4, 0x0, 0x0,
    0x6f, 0xe3, 0x5, 0xcc, 0xcd, 0xdc, 0xcc, 0x90,
    0xb, 0x1a, 0xeb, 0xff, 0xff, 0xff, 0xff, 0xb0,
    0x0, 0x5f, 0xd0, 0x0, 0xb, 0xf4, 0x0, 0x0,
    0x3, 0xff, 0x50, 0x0, 0xb, 0xf3, 0x0, 0x0,
    0x3f, 0xff, 0x30, 0x0, 0xb, 0xf3, 0x0, 0x0,
    0x9f, 0xff, 0x30, 0xdf, 0xff, 0xff, 0xff, 0x40,
    0x2a, 0xbf, 0x30, 0xcd, 0xdf, 0xfe, 0xdd, 0x30,
    0x0, 0xbf, 0x30, 0x0, 0xb, 0xf3, 0x0, 0x0,
    0x0, 0xbf, 0x30, 0x0, 0xb, 0xf3, 0x0, 0x0,
    0x0, 0xbf, 0x30, 0x0, 0xb, 0xf3, 0x0, 0x0,
    0x0, 0xbf, 0x3c, 0xdd, 0xdf, 0xfe, 0xdd, 0xd2,
    0x0, 0xbf, 0x3e, 0xff, 0xff, 0xff, 0xff, 0xf2,

    /* U+5F88 "很" */
    0x0, 0x3, 0x50, 0x0, 0x0, 0x0, 0x0, 0x0,
    0x0, 0x1e, 0xf4, 0xbf, 0xff, 0xff, 0xff, 0x10,
    0x2, 0xdf, 0x70, 0xbf, 0xa9, 0x99, 0xef, 0x10,
    0x1e, 0xf9, 0x0, 0xbf, 0x20, 0x0, 0xcf, 0x10,
    0xc, 0x72, 0xd6, 0xbf, 0xff, 0xff, 0xff, 0x10,
    0x0, 0xd, 0xf6, 0xbf, 0x97, 0x77, 0xef, 0x10,
    0x0, 0x9f, 0xd0, 0xbf, 0x30, 0x0, 0xcf, 0x10,
    0xa, 0xff, 0xb0, 0xbf, 0xff, 0xff, 0xff, 0x10,
    0x4f, 0xff, 0xb0, 0xbf, 0xae, 0xf9, 0x9b, 0x0,
    0xc, 0x6f, 0xb0, 0xbf, 0x27, 0xf4, 0x4f, 0x90,
    0x0, 0x1f, 0xb0, 0xbf, 0x22, 0xfe, 0xfe, 0x50,
    0x0, 0x1f, 0xb0, 0xbf, 0x20, 0x8f, 0xe1, 0x0,
    0x0, 0x1f, 0xb0, 0xcf, 0x78, 0x5d, 0xfa, 0x10,
    0x0, 0x1f, 0xb2, 0xff, 0xff, 0x61, 0xdf, 0xf3,
    0x0, 0x1f, 0xb0, 0xc9, 0x51, 0x0, 0x7, 0x80,
    0x0, 0x0, 0x0, 0x0, 0x0, 0x0, 0x0, 0x0,

    /* U+5F97 "得" */
    0x0, 0x1, 0x30, 0x0, 0x0, 0x0, 0x0, 0x0,
    0x0, 0xd, 0xf6, 0x4f, 0xff, 0xff, 0xff, 0x90,
    0x1, 0xcf, 0xa0, 0x4f, 0xa5, 0x55, 0x8f, 0x90,
    0x2e, 0xfa, 0x0, 0x4f, 0xfe, 0xee, 0xff, 0x90,
    0xc, 0x62, 0xe8, 0x5f, 0xa4, 0x44, 0x7f, 0x90,
    0x0, 0xd, 0xf6, 0x4f, 0xff, 0xff, 0xff, 0x90,
    0x1, 0xcf, 0xc0, 0x15, 0x55, 0x55, 0x55, 0x30,
    0x2e, 0xff, 0xa1, 0xff, 0xff, 0xff, 0xff, 0xf2,
    0x4f, 0xef, 0xa1, 0x88, 0x88, 0x8d, 0xfa, 0x81,
    0x8, 0x3f, 0xa4, 0x99, 0x99, 0x9d, 0xfb, 0x94,
    0x0, 0x3f, 0xa7, 0xff, 0xff, 0xff, 0xff, 0xf7,
    0x0, 0x3f, 0xa0, 0x3d, 0x80, 0xa, 0xf5, 0x0,
    0x0, 0x3f, 0xa0, 0xb, 0xf6, 0xa, 0xf4, 0x0,
    0x0, 0x3f, 0xa0, 0x0, 0xa7, 0xae, 0xf3, 0x0,
    0x0, 0x3f, 0xa0, 0x0, 0x2, 0xff, 0xa0, 0x0,

    /* U+5FC3 "心" */
    0x0, 0x0, 0x0, 0x20, 0x0, 0x0, 0x0, 0x0,
    0x0, 0x0, 0x2, 0xed, 0x30, 0x0, 0x0, 0x0,
    0x0, 0x0, 0x0, 0xaf, 0xf7, 0x0, 0x0, 0x0,
    0x0, 0x0, 0x0, 0x6, 0xff, 0xb0, 0x0, 0x0,
    0x0, 0x0, 0x1, 0x10, 0x3f, 0xa0, 0x0, 0x0,
    0x0, 0x0, 0x1f, 0xe0, 0x2, 0x0, 0x27, 0x0,
    0x0, 0xfb, 0x1f, 0xe0, 0x0, 0x0, 0xdf, 0x30,
    0x3, 0xfb, 0x1f, 0xe0, 0x0, 0x0, 0x7f, 0x90,
    0x5, 0xf9, 0x1f, 0xe0, 0x0, 0x0, 0x2f, 0xf0,
    0x8, 0xf7, 0x1f, 0xe0, 0x0, 0x0, 0xc, 0xf4,
    0xc, 0xf4, 0x1f, 0xe0, 0x0, 0x8, 0x28, 0xf9,
    0xf, 0xf1, 0x1f, 0xe0, 0x0, 0xf, 0xe4, 0xd5,
    0x5, 0x90, 0xf, 0xf0, 0x0, 0x2f, 0xb0, 0x0,
    0x0, 0x0, 0xe, 0xfd, 0xcc, 0xef, 0x70, 0x0,
    0x0, 0x0, 0x5, 0xef, 0xff, 0xfb, 0x10, 0x0,

    /* U+5FC5 "必" */
    0x0, 0x0, 0x2, 0x80, 0x0, 0x0, 0x0, 0x0,
    0x0, 0x0, 0xc, 0xfd, 0x30, 0x0, 0xa5, 0x0,
    0x0, 0x0, 0x1, 0xbf, 0xf6, 0x7, 0xfd, 0x0,
    0x0, 0x0, 0x2, 0x28, 0xf8, 0x2f, 0xf5, 0x0,
    0x0, 0x41, 0x4f, 0xc0, 0x30, 0xbf, 0xb0, 0x0,
    0x0, 0xfe, 0x4f, 0xc0, 0x6, 0xfe, 0x22, 0x0,
    0x4, 0xfa, 0x4f, 0xc0, 0x5f, 0xf7, 0xfc, 0x0,
    0x8, 0xf7, 0x4f, 0xc3, 0xff, 0x70, 0xdf, 0x50,
    0xe, 0xf2, 0x4f, 0xee, 0xf9, 0x0, 0x4f, 0xe0,
    0x4f, 0xb0, 0x4f, 0xff, 0x90, 0x0, 0xd, 0xf4,
    0x3, 0x30, 0x8f, 0xf8, 0x0, 0x5, 0x17, 0xe5,
    0x0, 0x2c, 0xff, 0xc0, 0x0, 0xe, 0xf1, 0x0,
    0x19, 0xff, 0xef, 0xd0, 0x0, 0x1f, 0xe0, 0x0,
    0x1e, 0xe6, 0x1f, 0xff, 0xee, 0xff, 0x90, 0x0,
    0x2, 0x10, 0x7, 0xef, 0xff, 0xfb, 0x10, 0x0,

    /* U+5FC6 "忆" */
    0x0, 0x1f, 0xb0, 0x0, 0x0, 0x0, 0x0, 0x0,
    0x0, 0x1f, 0xb0, 0x0, 0x0, 0x0, 0x0, 0x0,
    0x0, 0x1f, 0xb0, 0x6f, 0xff, 0xff, 0xff, 0xd1,
    0x1, 0x2f, 0xd8, 0x5b, 0xbb, 0xbd, 0xff, 0x70,
    0xc, 0xcf, 0xff, 0x40, 0x0, 0xd, 0xf9, 0x0,
    0xe, 0xbf, 0xce, 0xa0, 0x0, 0xaf, 0xa0, 0x0,
    0x1f, 0x9f, 0xb8, 0x70, 0x7, 0xfc, 0x0, 0x0,
    0x5f, 0x5f, 0xb0, 0x0, 0x4f, 0xe1, 0x0, 0x0,
    0x3, 0x2f, 0xb0, 0x1, 0xef, 0x30, 0x0, 0x0,
    0x0, 0x1f, 0xb0, 0xb, 0xf6, 0x0, 0x0, 0x0,
    0x0, 0x1f, 0xb0, 0x5f, 0xb0, 0x0, 0x1, 0x82,
    0x0, 0x1f, 0xb0, 0xcf, 0x20, 0x0, 0x3, 0xf7,
    0x0, 0x1f, 0xb0, 0xff, 0x10, 0x0, 0x6, 0xf5,
    0x0, 0x1f, 0xb0, 0xcf, 0xfd, 0xdd, 0xdf, 0xf1,
    0x0, 0x1f, 0xb0, 0x1a, 0xef, 0xff, 0xfe, 0x60,

    /* U+5FD8 "忘" */
    0x0, 0x0, 0x0, 0x5, 0x50, 0x0, 0x0, 0x0,
    0x0, 0x0, 0x0, 0x1f, 0xe0, 0x0, 0x0, 0x0,
    0x1c, 0xcc, 0xcc, 0xcf, 0xfd, 0xcc, 0xcc, 0xb0,
    0x1f, 0xff, 0xff, 0xff, 0xff, 0xff, 0xff, 0xe0,
    0x0, 0x1f, 0xd0, 0x0, 0x0, 0x0, 0x0, 0x0,
    0x0, 0x1f, 0xd0, 0x0, 0x0, 0x0, 0x0, 0x0,
    0x0, 0x1f, 0xfc, 0xcc, 0xcc, 0xcc, 0xcc, 0x10,
    0x0, 0x1f, 0xff, 0xff, 0xff, 0xff, 0xff, 0x20,
    0x0, 0x0, 0x0, 0x1a, 0x50, 0x0, 0x0, 0x0,
    0x0, 0x0, 0x12, 0x2e, 0xf3, 0x0, 0x15, 0x0,
    0x1, 0xe6, 0xcf, 0x13, 0xfe, 0x0, 0xdf, 0x20,
    0x7, 0xf7, 0xcf, 0x10, 0x75, 0x4, 0x6f, 0xa0,
    0xe, 0xf2, 0xcf, 0x20, 0x0, 0x3f, 0x9e, 0xf1,
    0x3f, 0xa0, 0xbf, 0xdc, 0xbc, 0xff, 0x69, 0xb2,
    0x1, 0x20, 0x3c, 0xef, 0xff, 0xea, 0x0, 0x0,

    /* U+5FD9 "忙" */
    0x0, 0x0, 0x0, 0x0, 0x0, 0x0, 0x0, 0x0,
    0x0, 0x9f, 0x10, 0x0, 0x9, 0xc0, 0x0, 0x0,
    0x0, 0x9f, 0x10, 0x0, 0xc, 0xf7, 0x0, 0x0,
    0x0, 0x9f, 0x10, 0x0, 0x2, 0xfe, 0x0, 0x0,
    0x2, 0x9f, 0x82, 0x0, 0x0, 0x83, 0x0, 0x0,
    0x1f, 0xdf, 0xfa, 0xff, 0xff, 0xff, 0xff, 0xf5,
    0x3f, 0xcf, 0xbf, 0xce, 0xfd, 0xcc, 0xcc, 0xc4,
    0x7f, 0xaf, 0x6c, 0x1a, 0xf3, 0x0, 0x0, 0x0,
    0xad, 0x9f, 0x10, 0xa, 0xf3, 0x0, 0x0, 0x0,
    0x13, 0x9f, 0x10, 0xa, 0xf3, 0x0, 0x0, 0x0,
    0x0, 0x9f, 0x10, 0xa, 0xf3, 0x0, 0x0, 0x0,
    0x0, 0x9f, 0x10, 0xa, 0xf3, 0x0, 0x0, 0x0,
    0x0, 0x9f, 0x10, 0xa, 0xf3, 0x0, 0x0, 0x0,
    0x0, 0x9f, 0x10, 0xa, 0xf4, 0x0, 0x0, 0x0,
    0x0, 0x9f, 0x10, 0xa, 0xff, 0xff, 0xff, 0xf1,
    0x0, 0x9f, 0x10, 0x6, 0x99, 0x99, 0x99, 0x91,

    /* U+5FEB "快" */
    0x0, 0xbf, 0x20, 0x0, 0x1f, 0xb0, 0x0, 0x0,
    0x0, 0xbf, 0x20, 0x0, 0x1f, 0xb0, 0x0, 0x0,
    0x0, 0xbf, 0x20, 0x0, 0x2f, 0xb0, 0x0, 0x0,
    0x3, 0xcf, 0xb2, 0xcf, 0xff, 0xff, 0xff, 0x10,
    0x3f, 0xef, 0xf9, 0x9b, 0xcf, 0xeb, 0xef, 0x10,
    0x6f, 0xcf, 0xbf, 0x0, 0x1f, 0xb0, 0xbf, 0x10,
    0xad, 0xbf, 0x55, 0x0, 0x2f, 0xb0, 0xbf, 0x10,
    0x99, 0xbf, 0x28, 0xaa, 0xbf, 0xea, 0xef, 0xb0,
    0x0, 0xbf, 0x2c, 0xff, 0xff, 0xff, 0xff, 0xf1,
    0x0, 0xbf, 0x21, 0x22, 0xaf, 0xfb, 0x22, 0x20,
    0x0, 0xbf, 0x20, 0x0, 0xef, 0xef, 0x40, 0x0,
    0x0, 0xbf, 0x20, 0xa, 0xf9, 0x5f, 0xd0, 0x0,
    0x0, 0xbf, 0x20, 0x9f, 0xe1, 0xc, 0xfd, 0x20,
    0x0, 0xbf, 0x4d, 0xfe, 0x30, 0x2, 0xdf, 0xf2,
    0x0, 0xbf, 0x28, 0xc2, 0x0, 0x0, 0x9, 0x70,
    0x0, 0x0, 0x0, 0x0, 0x0, 0x0, 0x0, 0x0,

    /* U+5FF5 "念" */
    0x0, 0x0, 0x0, 0x1a, 0x60, 0x0, 0x0, 0x0,
    0x0, 0x0, 0x1, 0xcf, 0xf5, 0x0, 0x0, 0x0,
    0x0, 0x0, 0x4e, 0xfb, 0xef, 0xa2, 0x0, 0x0,
    0x0, 0x5c, 0xff, 0x75, 0x19, 0xff, 0xa4, 0x0,
    0x4e, 0xff, 0xc3, 0x6f, 0xd2, 0x4d, 0xff, 0xe3,
    0xe, 0xb4, 0x0, 0x6, 0xf4, 0x0, 0x4c, 0xb0,
    0x1, 0x4f, 0xff, 0xff, 0xff, 0xff, 0xa0, 0x0,
    0x0, 0x29, 0x99, 0x99, 0x9a, 0xff, 0x70, 0x0,
    0x0, 0x0, 0x0, 0x74, 0x1c, 0xf9, 0x0, 0x0,
    0x0, 0x0, 0x47, 0xef, 0x8c, 0x90, 0x11, 0x0,
    0x4, 0xf6, 0xef, 0x2e, 0xf6, 0x2, 0xfc, 0x0,
    0x9, 0xf4, 0xef, 0x3, 0xe4, 0x33, 0xaf, 0x60,
    0xe, 0xf0, 0xef, 0x0, 0x0, 0x8f, 0x5f, 0xe0,
    0x5f, 0xa0, 0xcf, 0xcb, 0xbb, 0xff, 0x19, 0xf4,
    0x5, 0x20, 0x4c, 0xef, 0xff, 0xe6, 0x1, 0x10,

    /* U+6015 "怕" */
    0x0, 0x2f, 0xa0, 0x0, 0x0, 0xdc, 0x10, 0x0,
    0x0, 0x2f, 0xa0, 0x0, 0x2, 0xfe, 0x0, 0x0,
    0x0, 0x2f, 0xa0, 0x0, 0x4, 0xfa, 0x0, 0x0,
    0x3, 0x6f, 0xdc, 0x1c, 0xcd, 0xfe, 0xcc, 0xc0,
    0xb, 0xdf, 0xef, 0x7f, 0xff, 0xff, 0xff, 0xf1,
    0xd, 0xcf, 0xbe, 0xcf, 0xc0, 0x0, 0xe, 0xf1,
    0x1f, 0x9f, 0xa7, 0x6f, 0xc0, 0x0, 0xd, 0xf1,
    0x3f, 0x6f, 0xa0, 0x1f, 0xc0, 0x0, 0xe, 0xf1,
    0x1, 0x2f, 0xa0, 0x1f, 0xff, 0xff, 0xff, 0xf1,
    0x0, 0x2f, 0xa0, 0x1f, 0xfb, 0xbb, 0xbf, 0xf1,
    0x0, 0x2f, 0xa0, 0x1f, 0xc0, 0x0, 0xd, 0xf1,
    0x0, 0x2f, 0xa0, 0x1f, 0xc0, 0x0, 0xd, 0xf1,
    0x0, 0x2f, 0xa0, 0x1f, 0xc0, 0x0, 0xe, 0xf1,
    0x0, 0x2f, 0xa0, 0x1f, 0xff, 0xff, 0xff, 0xf1,
    0x0, 0x2f, 0xa0, 0x1f, 0xfc, 0xcc, 0xce, 0xe1,
    0x0, 0x0, 0x0, 0x0, 0x0, 0x0, 0x0, 0x0,

    /* U+6025 "急" */
    0x0, 0x0, 0x3a, 0x60, 0x0, 0x0, 0x0, 0x0,
    0x0, 0x1, 0xef, 0xd8, 0x88, 0x70, 0x0, 0x0,
    0x0, 0x2d, 0xff, 0xff, 0xff, 0xf6, 0x0, 0x0,
    0x7, 0xff, 0xb0, 0x0, 0x5f, 0xb0, 0x0, 0x0,
    0x2e, 0xff, 0xff, 0xff, 0xff, 0xff, 0xf1, 0x0,
    0x2, 0x69, 0x99, 0x99, 0x99, 0x9e, 0xf1, 0x0,
    0x0, 0x1a, 0xaa, 0xaa, 0xaa, 0xae, 0xf1, 0x0,
    0x0, 0x1b, 0xbb, 0xbb, 0xbb, 0xbf, 0xf1, 0x0,
    0x0, 0x57, 0x77, 0x77, 0x77, 0x7e, 0xf1, 0x0,
    0x0, 0xbf, 0xff, 0xff, 0xff, 0xff, 0xf1, 0x0,
    0x0, 0x0, 0x11, 0x3e, 0xa0, 0x0, 0x46, 0x0,
    0x7, 0xe5, 0xff, 0xc, 0xf7, 0x0, 0xef, 0x30,
    0xd, 0xf4, 0xff, 0x1, 0xd6, 0x8c, 0x8f, 0xb0,
    0x6f, 0xc0, 0xdf, 0xca, 0xab, 0xff, 0x1f, 0xf1,
    0x6, 0x30, 0x5d, 0xff, 0xff, 0xe7, 0x5, 0x20,

    /* U+602A "怪" */
    0x0, 0x5f, 0x90, 0x0, 0x0, 0x0, 0x0, 0x0,
    0x0, 0x5f, 0x90, 0x7f, 0xff, 0xff, 0xff, 0x90,
    0x0, 0x5f, 0x90, 0x5d, 0xfb, 0xaa, 0xef, 0x60,
    0x6, 0x8f, 0xed, 0x4, 0xfc, 0x4, 0xfe, 0x0,
    0xf, 0xdf, 0xff, 0x40, 0x8f, 0xbe, 0xf4, 0x0,
    0x1f, 0xbf, 0xaf, 0xa0, 0xe, 0xff, 0xa0, 0x0,
    0x4f, 0x9f, 0x95, 0x47, 0xef, 0xff, 0xfd, 0x82,
    0x7f, 0x6f, 0x95, 0xff, 0xf9, 0x15, 0xdf, 0xf7,
    0x1, 0x5f, 0x90, 0x96, 0x12, 0xc9, 0x4, 0x80,
    0x0, 0x5f, 0x90, 0x0, 0x3, 0xfb, 0x0, 0x0,
    0x0, 0x5f, 0x90, 0x7f, 0xff, 0xff, 0xff, 0xf0,
    0x0, 0x5f, 0x90, 0x4a, 0xab, 0xfe, 0xaa, 0xa0,
    0x0, 0x5f, 0x90, 0x0, 0x2, 0xfb, 0x0, 0x0,
    0x0, 0x5f, 0x92, 0xbb, 0xbc, 0xfe, 0xbb, 0xb7,
    0x0, 0x5f, 0x93, 0xff, 0xff, 0xff, 0xff, 0xfa,

    /* U+603B "总" */
    0x0, 0x0, 0x48, 0x0, 0x0, 0x85, 0x0, 0x0,
    0x0, 0x0, 0xcf, 0x60, 0x1, 0xff, 0x20, 0x0,
    0x0, 0x0, 0x3f, 0xe0, 0x8, 0xf8, 0x0, 0x0,
    0x0, 0x1a, 0xaf, 0xda, 0xaf, 0xfb, 0xa3, 0x0,
    0x0, 0x2f, 0xff, 0xff, 0xff, 0xff, 0xf5, 0x0,
    0x0, 0x2f, 0xe1, 0x11, 0x11, 0x1d, 0xf5, 0x0,
    0x0, 0x2f, 0xe0, 0x0, 0x0, 0xd, 0xf5, 0x0,
    0x0, 0x2f, 0xfb, 0xbb, 0xbb, 0xbf, 0xf5, 0x0,
    0x0, 0x2f, 0xff, 0xff, 0xff, 0xff, 0xf5, 0x0,
    0x0, 0x0, 0x34, 0x3b, 0xd3, 0x0, 0x13, 0x0,
    0x2, 0xe8, 0x9f, 0x67, 0xfe, 0x30, 0xee, 0x10,
    0x6, 0xf8, 0x9f, 0x60, 0x5e, 0x30, 0x6f, 0xb0,
    0xd, 0xf4, 0x9f, 0x60, 0x0, 0xe, 0x7c, 0xf3,
    0x2d, 0xc0, 0x7f, 0xeb, 0xbb, 0xdf, 0xa4, 0xa1,
    0x0, 0x10, 0x1b, 0xff, 0xff, 0xfd, 0x20, 0x0,

    /* U+60AC "悬" */
    0x0, 0xa, 0xff, 0xff, 0xff, 0xff, 0xe0, 0x0,
    0x0, 0xa, 0xf7, 0x44, 0x44, 0x5f, 0xe0, 0x0,
    0x0, 0xa, 0xff, 0xff, 0xff, 0xff, 0xe0, 0x0,
    0x0, 0xa, 0xf8, 0x66, 0x66, 0x6f, 0xe0, 0x0,
    0x0, 0xa, 0xff, 0xff, 0xff, 0xff, 0xe0, 0x0,
    0x5, 0x5c, 0xf7, 0x55, 0x55, 0x6f, 0xf5, 0x52,
    0x1f, 0xff, 0xff, 0xff, 0xff, 0xff, 0xff, 0xf7,
    0x0, 0x18, 0xff, 0x71, 0x23, 0xcf, 0xd2, 0x0,
    0x0, 0xff, 0xff, 0xff, 0xff, 0xff, 0xfe, 0x20,
    0x0, 0x9a, 0x87, 0x7e, 0xd4, 0x10, 0x6a, 0x10,
    0x0, 0xbb, 0x4e, 0x96, 0xfd, 0x1, 0xdc, 0x10,
    0x7, 0xfc, 0x4f, 0x90, 0x32, 0x77, 0x7f, 0xc0,
    0x3f, 0xe2, 0x3f, 0xe8, 0x88, 0xee, 0xa, 0xf6,
    0x2, 0x30, 0xa, 0xff, 0xff, 0xe6, 0x0, 0x30,

    /* U+60F3 "想" */
    0x0, 0x7, 0xf5, 0x0, 0x0, 0x0, 0x0, 0x0,
    0x0, 0x7, 0xf5, 0x0, 0xcf, 0xff, 0xff, 0xb0,
    0x0, 0x7, 0xf6, 0x0, 0xcf, 0x77, 0x8f, 0xb0,
    0x1f, 0xff, 0xff, 0xf9, 0xcf, 0x44, 0x5f, 0xb0,
    0x8, 0x9f, 0xfb, 0x85, 0xcf, 0xff, 0xff, 0xb0,
    0x0, 0x5f, 0xfd, 0x30, 0xcf, 0x33, 0x4f, 0xb0,
    0x1, 0xef, 0xff, 0xf7, 0xcf, 0xff, 0xff, 0xb0,
    0x2d, 0xfa, 0xf6, 0xc6, 0xcf, 0x66, 0x7f, 0xb0,
    0x1e, 0x77, 0xf5, 0x10, 0xcf, 0x88, 0x9f, 0xb0,
    0x1, 0x4, 0x93, 0x3, 0xcf, 0xff, 0xff, 0xb0,
    0x1, 0xb2, 0x46, 0x3f, 0xd2, 0x0, 0x9f, 0x20,
    0x6, 0xf8, 0xbf, 0x26, 0xfc, 0x22, 0x7f, 0xb0,
    0xd, 0xf3, 0xbf, 0x30, 0x51, 0x6f, 0x6e, 0xf4,
    0x2e, 0xc0, 0x9f, 0xdb, 0xab, 0xff, 0x26, 0xd4,
    0x0, 0x20, 0x2c, 0xff, 0xff, 0xe8, 0x0, 0x0,

    /* U+613F "愿" */
    0x0, 0xff, 0xff, 0xff, 0xff, 0xff, 0xff, 0xf0,
    0x0, 0xfd, 0x77, 0x78, 0xfe, 0x87, 0x77, 0x70,
    0x0, 0xfa, 0x1f, 0xff, 0xff, 0xff, 0xff, 0x0,
    0x0, 0xfa, 0x1f, 0xb2, 0x22, 0x22, 0xcf, 0x0,
    0x1, 0xfa, 0x1f, 0xff, 0xff, 0xff, 0xff, 0x0,
    0x1, 0xfa, 0x1f, 0xb2, 0x22, 0x22, 0xcf, 0x0,
    0x1, 0xf9, 0x1f, 0xff, 0xff, 0xff, 0xff, 0x0,
    0x2, 0xf8, 0x1b, 0xe2, 0xaf, 0x1b, 0xe6, 0x0,
    0x3, 0xf8, 0xef, 0x4e, 0xff, 0x1, 0xbf, 0x60,
    0x5, 0xf5, 0x22, 0x5, 0x79, 0x0, 0x8, 0x0,
    0x8, 0xf3, 0xd8, 0xda, 0x7f, 0xa0, 0x3f, 0x90,
    0xc, 0xf3, 0xf7, 0xda, 0x8, 0xa5, 0x7a, 0xf4,
    0x1f, 0xca, 0xf1, 0xce, 0x88, 0x8c, 0xf2, 0x81,
    0x2e, 0x60, 0x30, 0x5e, 0xff, 0xff, 0x80, 0x0,
    0x1, 0x0, 0x0, 0x0, 0x0, 0x0, 0x0, 0x0,

    /* U+6162 "慢" */
    0x0, 0xaf, 0x10, 0x0, 0x0, 0x0, 0x0, 0x0,
    0x0, 0xaf, 0x10, 0xbf, 0xff, 0xff, 0xff, 0x20,
    0x0, 0xaf, 0x10, 0xbf, 0x33, 0x33, 0xcf, 0x20,
    0x2, 0xaf, 0x93, 0xbf, 0xbb, 0xbb, 0xef, 0x20,
    0xf, 0xcf, 0xd9, 0xbf, 0xaa, 0xaa, 0xef, 0x20,
    0x2f, 0xbf, 0x9e, 0x78, 0x88, 0x88, 0x88, 0x30,
    0x5e, 0xaf, 0x29, 0xff, 0xff, 0xff, 0xff, 0xe0,
    0x8b, 0xaf, 0x18, 0xf1, 0xe8, 0x5f, 0x2c, 0xe0,
    0x1, 0xaf, 0x18, 0xff, 0xff, 0xff, 0xff, 0xe0,
    0x0, 0xaf, 0x14, 0x66, 0x66, 0x66, 0x66, 0x20,
    0x0, 0xaf, 0x1c, 0xff, 0xff, 0xff, 0xff, 0x80,
    0x0, 0xaf, 0x12, 0x7f, 0xd5, 0x3c, 0xfc, 0x0,
    0x0, 0xaf, 0x10, 0x6, 0xff, 0xff, 0xa0, 0x0,
    0x0, 0xaf, 0x39, 0xcf, 0xff, 0xff, 0xfd, 0xa3,
    0x0, 0xaf, 0x1d, 0xda, 0x51, 0x16, 0xad, 0xc0,
    0x0, 0x0, 0x0, 0x0, 0x0, 0x0, 0x0, 0x0,

    /* U+61C2 "懂" */
    0x0, 0xaf, 0x20, 0xc, 0xd0, 0xa, 0xf0, 0x0,
    0x0, 0xaf, 0x2c, 0xff, 0xff, 0xff, 0xff, 0xf1,
    0x0, 0xaf, 0x75, 0x4d, 0xe4, 0x4b, 0xf5, 0x40,
    0x2c, 0xcf, 0xf7, 0xab, 0xbc, 0xde, 0xff, 0x40,
    0x4f, 0xcf, 0xbb, 0x79, 0x9e, 0xf7, 0x54, 0x10,
    0x6f, 0xbf, 0x4c, 0xdd, 0xdf, 0xfd, 0xdd, 0xd2,
    0x9e, 0xaf, 0x25, 0x66, 0x6d, 0xf6, 0x66, 0x61,
    0xbb, 0xaf, 0x20, 0xff, 0xff, 0xff, 0xff, 0x60,
    0x1, 0xaf, 0x20, 0xfc, 0x4c, 0xf4, 0x8f, 0x60,
    0x0, 0xaf, 0x20, 0xff, 0xdf, 0xfd, 0xef, 0x60,
    0x0, 0xaf, 0x20, 0xfe, 0x9e, 0xf9, 0xcf, 0x60,
    0x0, 0xaf, 0x20, 0x88, 0x8d, 0xf8, 0x88, 0x30,
    0x0, 0xaf, 0x22, 0xff, 0xff, 0xff, 0xff, 0x90,
    0x0, 0xaf, 0x25, 0x66, 0x6d, 0xf6, 0x66, 0x51,
    0x0, 0xaf, 0x2f, 0xff, 0xff, 0xff, 0xff, 0xf4,

    /* U+620F "戏" */
    0x0, 0x0, 0x0, 0x0, 0x0, 0x0, 0x0, 0x0,
    0x0, 0x0, 0x0, 0x0, 0xcf, 0x23, 0xb0, 0x0,
    0x0, 0x0, 0x0, 0x0, 0xcf, 0x3c, 0xfa, 0x0,
    0x5b, 0xbb, 0xbb, 0x60, 0xbf, 0x32, 0xef, 0x30,
    0x7f, 0xff, 0xff, 0x90, 0xbf, 0x40, 0x57, 0x0,
    0x2, 0x0, 0x7f, 0x71, 0xbf, 0x98, 0xac, 0xc0,
    0x3f, 0x60, 0xbf, 0x8f, 0xff, 0xff, 0xfe, 0xc0,
    0x1e, 0xf4, 0xff, 0x2a, 0xcf, 0x92, 0x26, 0x0,
    0x3, 0xff, 0xfa, 0x0, 0x6f, 0x90, 0x9f, 0x50,
    0x0, 0x8f, 0xf5, 0x0, 0x4f, 0xc2, 0xfd, 0x0,
    0x0, 0x3f, 0xf7, 0x0, 0x1f, 0xec, 0xf5, 0x0,
    0x0, 0xcf, 0xff, 0x30, 0xe, 0xff, 0x90, 0x0,
    0x7, 0xfe, 0x8f, 0xc0, 0xc, 0xfd, 0x7, 0x90,
    0x7f, 0xf4, 0xd, 0x62, 0xcf, 0xff, 0x2a, 0xf1,
    0x4f, 0x60, 0x0, 0x6f, 0xfb, 0xcf, 0xff, 0xd0,
    0x2, 0x0, 0x0, 0xa, 0x70, 0x1d, 0xff, 0x60,
    0x0, 0x0, 0x0, 0x0, 0x0, 0x0, 0x45, 0x0,

    /* U+6210 "成" */
    0x0, 0x0, 0x0, 0x0, 0x0, 0x0, 0x0, 0x0,
    0x0, 0x0, 0x0, 0x0, 0x9f, 0x68, 0xc2, 0x0,
    0x0, 0x0, 0x0, 0x0, 0x9f, 0x7c, 0xfe, 0x30,
    0x0, 0x0, 0x0, 0x0, 0x9f, 0x71, 0xaf, 0x40,
    0x0, 0xff, 0xff, 0xff, 0xff, 0xff, 0xff, 0xf7,
    0x0, 0xff, 0xdd, 0xdd, 0xef, 0xed, 0xdd, 0xd6,
    0x0, 0xff, 0x0, 0x0, 0x5f, 0x90, 0x35, 0x10,
    0x0, 0xff, 0xaa, 0xa9, 0x3f, 0xb0, 0xbf, 0x60,
    0x0, 0xff, 0xff, 0xfe, 0x1f, 0xe2, 0xff, 0x0,
    0x1, 0xfe, 0x0, 0xfd, 0xe, 0xfa, 0xf9, 0x0,
    0x2, 0xfc, 0x0, 0xfd, 0xb, 0xff, 0xf2, 0x0,
    0x3, 0xfb, 0x1, 0xfc, 0x7, 0xff, 0x70, 0x30,
    0x6, 0xf9, 0xac, 0xfa, 0xb, 0xff, 0x0, 0xf6,
    0xb, 0xf5, 0xbf, 0xf6, 0xcf, 0xff, 0x84, 0xf7,
    0x2f, 0xf1, 0x1, 0x4f, 0xfc, 0x5f, 0xff, 0xf3,
    0xa, 0xa0, 0x0, 0xa, 0x80, 0x4, 0xdf, 0x90,
    0x0, 0x10, 0x0, 0x0, 0x0, 0x0, 0x0, 0x0,

    /* U+6211 "我" */
    0x0, 0x0, 0x0, 0x0, 0x0, 0x0, 0x0, 0x0,
    0x0, 0x0, 0x48, 0xd7, 0x4f, 0xa0, 0x60, 0x0,
    0x1a, 0xdf, 0xff, 0xff, 0x6f, 0xb7, 0xfb, 0x0,
    0xe, 0xff, 0xfe, 0x51, 0x3f, 0xb0, 0xcf, 0x80,
    0x2, 0x12, 0xfc, 0x0, 0x3f, 0xc0, 0x2f, 0xa0,
    0x0, 0x2, 0xfc, 0x0, 0x2f, 0xd0, 0x3, 0x0,
    0x2f, 0xff, 0xff, 0xff, 0xff, 0xff, 0xff, 0xf2,
    0x1c, 0xcc, 0xff, 0xcc, 0xcf, 0xfc, 0xcc, 0xc2,
    0x0, 0x1, 0xfc, 0x0, 0xc, 0xf2, 0x38, 0x20,
    0x0, 0x3, 0xfe, 0x9c, 0x49, 0xf6, 0xdf, 0x40,
    0x4d, 0xff, 0xff, 0xfe, 0x46, 0xff, 0xf7, 0x0,
    0x2f, 0xdb, 0xfd, 0x10, 0x3, 0xff, 0xa0, 0x10,
    0x0, 0x1, 0xfc, 0x0, 0x4e, 0xff, 0x30, 0xf5,
    0x0, 0x2, 0xfc, 0x2a, 0xff, 0xcf, 0xb3, 0xf7,
    0x6, 0xef, 0xfa, 0x4f, 0xd3, 0xe, 0xff, 0xf3,
    0x2, 0xfe, 0xb2, 0x3, 0x0, 0x3, 0xdf, 0xa0,
    0x0, 0x0, 0x0, 0x0, 0x0, 0x0, 0x0, 0x0,

    /* U+6237 "户" */
    0x0, 0x0, 0x0, 0x4, 0x40, 0x0, 0x0, 0x0,
    0x0, 0x0, 0x2f, 0xf0, 0x0, 0x0, 0x0, 0x0,
    0x0, 0xc, 0xf5, 0x0, 0x0, 0x0, 0xdf, 0xff,
    0xff, 0xff, 0xff, 0xfd, 0x0, 0xdf, 0xcb, 0xbb,
    0xbb, 0xbb, 0xfd, 0x0, 0xdf, 0x20, 0x0, 0x0,
    0x1, 0xfd, 0x0, 0xdf, 0x20, 0x0, 0x0, 0x1,
    0xfd, 0x0, 0xef, 0xdc, 0xcc, 0xcc, 0xcd, 0xfd,
    0x0, 0xff, 0xff, 0xff, 0xff, 0xff, 0xfd, 0x0,
    0xff, 0x0, 0x0, 0x0, 0x1, 0xdb, 0x2, 0xfc,
    0x0, 0x0, 0x0, 0x0, 0x0, 0x6, 0xf9, 0x0,
    0x0, 0x0, 0x0, 0x0, 0xb, 0xf6, 0x0, 0x0,
    0x0, 0x0, 0x0, 0x3f, 0xf1, 0x0, 0x0, 0x0,
    0x0, 0x0, 0x6f, 0x90, 0x0, 0x0, 0x0, 0x0,
    0x0, 0x4, 0x10, 0x0, 0x0, 0x0, 0x0, 0x0,

    /* U+623F "房" */
    0x0, 0x0, 0x0, 0x5, 0x91, 0x0, 0x0, 0x0,
    0x0, 0x33, 0x33, 0x3b, 0xf9, 0x33, 0x33, 0x30,
    0x0, 0xff, 0xff, 0xff, 0xff, 0xff, 0xff, 0xc0,
    0x0, 0xff, 0x55, 0x55, 0x55, 0x55, 0x6f, 0xc0,
    0x0, 0xff, 0x88, 0x88, 0x88, 0x88, 0x9f, 0xc0,
    0x0, 0xff, 0xff, 0xff, 0xff, 0xff, 0xff, 0xc0,
    0x0, 0xfe, 0x0, 0x0, 0x8f, 0x30, 0x0, 0x0,
    0x1, 0xfd, 0x0, 0x0, 0x6f, 0x70, 0x0, 0x0,
    0x2, 0xfc, 0xaf, 0xff, 0xff, 0xff, 0xff, 0xf3,
    0x3, 0xfb, 0x58, 0x9f, 0xd8, 0x88, 0x88, 0x81,
    0x5, 0xf9, 0x0, 0x5f, 0xd7, 0x77, 0x76, 0x0,
    0x8, 0xf6, 0x0, 0xaf, 0xff, 0xff, 0xff, 0x0,
    0xc, 0xf2, 0x6, 0xfd, 0x0, 0x0, 0xde, 0x0,
    0x2f, 0xe2, 0xbf, 0xf3, 0x4, 0x78, 0xfb, 0x0,
    0x3c, 0x80, 0xbb, 0x20, 0x5, 0xff, 0xe3, 0x0,
    0x0, 0x0, 0x0, 0x0, 0x0, 0x0, 0x0, 0x0,

    /* U+624B "手" */
    0x0, 0x0, 0x0, 0x0, 0x2, 0x47, 0xa1, 0x0,
    0x0, 0x79, 0xab, 0xce, 0xff, 0xff, 0xfb, 0x0,
    0x0, 0xdf, 0xff, 0xff, 0xfb, 0x85, 0x20, 0x0,
    0x0, 0x22, 0x10, 0xb, 0xf3, 0x0, 0x0, 0x0,
    0x0, 0x0, 0x0, 0xc, 0xf4, 0x0, 0x0, 0x0,
    0x0, 0xff, 0xff, 0xff, 0xff, 0xff, 0xff, 0x90,
    0x0, 0xcc, 0xcc, 0xcf, 0xfd, 0xcc, 0xcc, 0x70,
    0x0, 0x0, 0x0, 0xb, 0xf3, 0x0, 0x0, 0x0,
    0x2, 0x22, 0x22, 0x2c, 0xf5, 0x22, 0x22, 0x21,
    0x1f, 0xff, 0xff, 0xff, 0xff, 0xff, 0xff, 0xf8,
    0xb, 0xbb, 0xbb, 0xbe, 0xfc, 0xbb, 0xbb, 0xb6,
    0x0, 0x0, 0x0, 0xb, 0xf3, 0x0, 0x0, 0x0,
    0x0, 0x0, 0x0, 0xc, 0xf3, 0x0, 0x0, 0x0,
    0x0, 0x0, 0xcd, 0xdf, 0xf1, 0x0, 0x0, 0x0,
    0x0, 0x0, 0x9f, 0xfd, 0x70, 0x0, 0x0, 0x0,
    0x0, 0x0, 0x0, 0x0, 0x0, 0x0, 0x0, 0x0,

    /* U+624E "扎" */
    0x0, 0xb, 0xf1, 0x0, 0xad, 0x10, 0x0, 0x0,
    0x0, 0xb, 0xf1, 0x0, 0xcf, 0x10, 0x0, 0x0,
    0x0, 0xb, 0xf1, 0x0, 0xcf, 0x10, 0x0, 0x0,
    0xb, 0xbe, 0xfb, 0xb0, 0xcf, 0x10, 0x0, 0x0,
    0xf, 0xff, 0xff, 0xf0, 0xcf, 0x10, 0x0, 0x0,
    0x0, 0xc, 0xf2, 0x0, 0xcf, 0x10, 0x0, 0x0,
    0x0, 0xb, 0xf1, 0x0, 0xcf, 0x10, 0x0, 0x0,
    0x0, 0xc, 0xfb, 0xe0, 0xcf, 0x10, 0x0, 0x0,
    0xb, 0xff, 0xff, 0xe1, 0xcf, 0x10, 0x0, 0x0,
    0xe, 0xff, 0xf4, 0x0, 0xcf, 0x10, 0x0, 0x0,
    0x2, 0xb, 0xf1, 0x0, 0xcf, 0x10, 0x4, 0x40,
    0x0, 0xb, 0xf1, 0x0, 0xcf, 0x10, 0x7, 0xf4,
    0x0, 0xb, 0xf1, 0x0, 0xcf, 0x10, 0x9, 0xf2,
    0x5, 0xbf, 0xf0, 0x0, 0xaf, 0xdb, 0xcf, 0xe0,
    0x2, 0xfe, 0x80, 0x0, 0x2c, 0xef, 0xfd, 0x40,

    /* U+6251 "扑" */
    0x0, 0x7, 0xf8, 0x0, 0xf, 0xf0, 0x0, 0x0,
    0x0, 0x7, 0xf8, 0x0, 0xf, 0xf0, 0x0, 0x0,
    0x0, 0x7, 0xf8, 0x0, 0xf, 0xf0, 0x0, 0x0,
    0xc, 0xce, 0xfe, 0xc9, 0xf, 0xf0, 0x0, 0x0,
    0x1f, 0xff, 0xff, 0xfc, 0xf, 0xf0, 0x0, 0x0,
    0x1, 0x18, 0xf8, 0x11, 0xf, 0xfb, 0x80, 0x0,
    0x0, 0x7, 0xf8, 0x12, 0xf, 0xfe, 0xfa, 0x0,
    0x0, 0x1a, 0xff, 0xfb, 0xf, 0xf3, 0xef, 0xb0,
    0x2e, 0xff, 0xff, 0xd7, 0xf, 0xf0, 0x2e, 0xf6,
    0xf, 0xed, 0xf8, 0x0, 0xf, 0xf0, 0x3, 0x70,
    0x1, 0x7, 0xf8, 0x0, 0xf, 0xf0, 0x0, 0x0,
    0x0, 0x7, 0xf8, 0x0, 0xf, 0xf0, 0x0, 0x0,
    0x0, 0x7, 0xf8, 0x0, 0xf, 0xf0, 0x0, 0x0,
    0x3, 0xdf, 0xf6, 0x0, 0xf, 0xf0, 0x0, 0x0,
    0x0, 0xee, 0xa1, 0x0, 0xf, 0xf0, 0x0, 0x0,

    /* U+6253 "打" */
    0x0, 0xf, 0xe0, 0x0, 0x0, 0x0, 0x0, 0x0,
    0x0, 0xf, 0xe0, 0xb, 0xbb, 0xbb, 0xbb, 0xb7,
    0x0, 0xf, 0xe0, 0xf, 0xff, 0xff, 0xff, 0xfa,
    0xb, 0xbf, 0xfb, 0x85, 0x55, 0x5f, 0xf6, 0x53,
    0x1f, 0xff, 0xff, 0xb0, 0x0, 0xf, 0xf1, 0x0,
    0x0, 0x1f, 0xe0, 0x0, 0x0, 0xf, 0xf1, 0x0,
    0x0, 0xf, 0xe0, 0x0, 0x0, 0xf, 0xf1, 0x0,
    0x0, 0x1f, 0xfc, 0xd0, 0x0, 0xf, 0xf1, 0x0,
    0x1d, 0xff, 0xff, 0xc0, 0x0, 0xf, 0xf1, 0x0,
    0xe, 0xef, 0xf1, 0x0, 0x0, 0xf, 0xf1, 0x0,
    0x1, 0xf, 0xe0, 0x0, 0x0, 0xf, 0xf1, 0x0,
    0x0, 0xf, 0xe0, 0x0, 0x0, 0xf, 0xf1, 0x0,
    0x0, 0xf, 0xe0, 0x0, 0x0, 0xf, 0xf1, 0x0,
    0x8, 0xcf, 0xd0, 0x0, 0xbf, 0xff, 0xf0, 0x0,
    0x7, 0xfd, 0x50, 0x0, 0x5f, 0xfd, 0x50, 0x0,
    0x0, 0x0, 0x0, 0x0, 0x0, 0x0, 0x0, 0x0,

    /* U+626B "扫" */
    0x0, 0xf, 0xe0, 0x0, 0x0, 0x0, 0x0, 0x0,
    0x0, 0xfe, 0x0, 0x66, 0x66, 0x66, 0x66, 0x0,
    0xf, 0xe0, 0xf, 0xff, 0xff, 0xff, 0xe1, 0xbb,
    0xff, 0xb8, 0x88, 0x88, 0x88, 0xfe, 0x1f, 0xff,
    0xff, 0xb0, 0x0, 0x0, 0xe, 0xe0, 0x0, 0xfe,
    0x0, 0x0, 0x0, 0x0, 0xee, 0x0, 0xf, 0xe0,
    0x0, 0x0, 0x0, 0xe, 0xe0, 0x0, 0xfe, 0x88,
    0xaf, 0xff, 0xff, 0xfe, 0x19, 0xdf, 0xff, 0xd8,
    0xdd, 0xdd, 0xdf, 0xe0, 0xff, 0xfe, 0x40, 0x0,
    0x0, 0x0, 0xee, 0x2, 0xf, 0xe0, 0x0, 0x0,
    0x0, 0xe, 0xe0, 0x0, 0xfe, 0x0, 0x0, 0x0,
    0x0, 0xee, 0x0, 0xf, 0xe0, 0x1a, 0xaa, 0xaa,
    0xaf, 0xe0, 0x7b, 0xfd, 0x1, 0xff, 0xff, 0xff,
    0xfe, 0x6, 0xfe, 0x50, 0x2, 0x22, 0x22, 0x2d,
    0xd0, 0x0, 0x0, 0x0, 0x0, 0x0, 0x0, 0x0,

    /* U+626C "扬" */
    0x0, 0x8f, 0x40, 0x0, 0x0, 0x0, 0x10, 0x0,
    0x0, 0x8f, 0x40, 0xff, 0xff, 0xff, 0xfa, 0x0,
    0x0, 0x8f, 0x40, 0xcc, 0xcc, 0xff, 0xf7, 0x0,
    0x3a, 0xdf, 0xca, 0x0, 0x9, 0xff, 0x40, 0x0,
    0x5f, 0xff, 0xfe, 0x3, 0xdf, 0xc2, 0x0, 0x0,
    0x1, 0x9f, 0x51, 0xaf, 0xff, 0xcb, 0xbb, 0xb3,
    0x0, 0x8f, 0x40, 0x9f, 0xff, 0xff, 0xff, 0xf3,
    0x0, 0x9f, 0xcc, 0x12, 0xfc, 0x2f, 0xaa, 0xf2,
    0x4e, 0xff, 0xfd, 0x9, 0xf3, 0x8f, 0x4b, 0xf1,
    0x3f, 0xef, 0x50, 0x6f, 0xa1, 0xed, 0xd, 0xf0,
    0x0, 0x8f, 0x47, 0xfc, 0x9, 0xf4, 0xf, 0xe0,
    0x0, 0x8f, 0x41, 0x90, 0x5f, 0xb0, 0x1f, 0xc0,
    0x0, 0x8f, 0x40, 0x4, 0xfd, 0x10, 0x5f, 0x90,
    0xd, 0xff, 0x30, 0x8f, 0xe2, 0x6b, 0xff, 0x50,
    0xc, 0xe9, 0x0, 0x6b, 0x10, 0x3e, 0xe8, 0x0,

    /* U+6270 "扰" */
    0x0, 0x7f, 0x50, 0x0, 0x9e, 0x30, 0x70, 0x0,
    0x0, 0x7f, 0x50, 0x0, 0xaf, 0x3a, 0xf8, 0x0,
    0x0, 0x7f, 0x50, 0x0, 0xbf, 0x31, 0xdf, 0x50,
    0x49, 0xcf, 0xc9, 0x0, 0xbf, 0x20, 0x3d, 0x20,
    0x7f, 0xff, 0xff, 0xbf, 0xff, 0xff, 0xff, 0xf3,
    0x13, 0x9f, 0x73, 0xad, 0xff, 0xdd, 0xdd, 0xd3,
    0x0, 0x7f, 0x50, 0x0, 0xef, 0x43, 0x0, 0x0,
    0x0, 0x7f, 0xaa, 0x11, 0xff, 0xfc, 0x0, 0x0,
    0x4b, 0xef, 0xff, 0x44, 0xfc, 0xfc, 0x0, 0x0,
    0x5f, 0xff, 0x92, 0x8, 0xf8, 0xfc, 0x0, 0x0,
    0x3, 0x8f, 0x50, 0xe, 0xf3, 0xfc, 0x0, 0x0,
    0x0, 0x7f, 0x50, 0x6f, 0xb2, 0xfc, 0x2, 0xe5,
    0x0, 0x7f, 0x52, 0xef, 0x32, 0xfc, 0x3, 0xf7,
    0x2b, 0xef, 0x5d, 0xf9, 0x1, 0xff, 0xbd, 0xf4,
    0xe, 0xfa, 0x6, 0xb0, 0x0, 0x9f, 0xff, 0xa0,
    0x0, 0x0, 0x0, 0x0, 0x0, 0x0, 0x0, 0x0,

    /* U+628A "把" */
    0x0, 0x6f, 0x70, 0x0, 0x0, 0x0, 0x0, 0x0,
    0x0, 0x6f, 0x70, 0x6f, 0xff, 0xff, 0xff, 0xf0,
    0x0, 0x6f, 0x70, 0x6f, 0xfe, 0xff, 0xdf, 0xf0,
    0x1b, 0xdf, 0xda, 0x6f, 0x81, 0xfa, 0xe, 0xf0,
    0x2f, 0xff, 0xfe, 0x6f, 0x81, 0xfa, 0xe, 0xf0,
    0x0, 0x7f, 0x70, 0x6f, 0x81, 0xfa, 0xe, 0xf0,
    0x0, 0x6f, 0x70, 0x6f, 0x81, 0xfa, 0xe, 0xf0,
    0x0, 0x6f, 0xba, 0x7f, 0xec, 0xfe, 0xcf, 0xf0,
    0x3b, 0xef, 0xff, 0x9f, 0xff, 0xff, 0xff, 0xf0,
    0x2f, 0xef, 0x91, 0x6f, 0x90, 0x0, 0xd, 0xe0,
    0x1, 0x6f, 0x70, 0x6f, 0x80, 0x0, 0x0, 0x0,
    0x0, 0x6f, 0x70, 0x6f, 0x80, 0x0, 0x1, 0xe6,
    0x0, 0x6f, 0x70, 0x5f, 0x90, 0x0, 0x5, 0xfa,
    0x9, 0xef, 0x60, 0x3f, 0xfd, 0xdd, 0xdf, 0xf6,
    0x8, 0xfb, 0x10, 0x8, 0xef, 0xff, 0xfe, 0x90,

    /* U+6293 "抓" */
    0x0, 0x7f, 0x40, 0x0, 0x0, 0x0, 0x37, 0x0,
    0x0, 0x7f, 0x40, 0x25, 0x7a, 0xcf, 0xff, 0xb0,
    0x0, 0x7f, 0x40, 0xaf, 0xff, 0xfc, 0xfe, 0x0,
    0x2b, 0xdf, 0xca, 0xaf, 0x3c, 0xf0, 0xde, 0x0,
    0x2f, 0xff, 0xfe, 0xaf, 0xb, 0xf0, 0xce, 0x0,
    0x0, 0x7f, 0x50, 0xaf, 0xb, 0xf0, 0xbf, 0x0,
    0x0, 0x7f, 0x40, 0xbf, 0xb, 0xf0, 0xbf, 0x0,
    0x0, 0x7f, 0xca, 0xbe, 0xb, 0xf0, 0x9f, 0x10,
    0x2d, 0xff, 0xfc, 0xcd, 0xb, 0xf0, 0x8f, 0x30,
    0xf, 0xef, 0x60, 0xec, 0xb, 0xf0, 0x6f, 0x50,
    0x0, 0x7f, 0x40, 0xfa, 0xb, 0xf0, 0x4f, 0x90,
    0x0, 0x7f, 0x43, 0xf7, 0xb, 0xf0, 0xf, 0xd0,
    0x0, 0x7f, 0x47, 0xf4, 0xb, 0xf0, 0xc, 0xf4,
    0xb, 0xef, 0x3d, 0xe0, 0xb, 0xf0, 0x6, 0xf8,
    0xb, 0xe9, 0x1c, 0x90, 0xb, 0xf0, 0x0, 0xb0,
    0x0, 0x0, 0x0, 0x10, 0x0, 0x0, 0x0, 0x0,

    /* U+62AC "抬" */
    0x0, 0x7f, 0x50, 0x0, 0x4d, 0x60, 0x0, 0x0,
    0x0, 0x7f, 0x50, 0x0, 0xaf, 0x70, 0x0, 0x0,
    0x0, 0x7f, 0x50, 0x0, 0xff, 0x10, 0x50, 0x0,
    0x2b, 0xdf, 0xca, 0x7, 0xf9, 0x8, 0xf6, 0x0,
    0x3f, 0xff, 0xfe, 0xe, 0xf2, 0x1, 0xff, 0x10,
    0x0, 0x8f, 0x50, 0x9f, 0xb4, 0x56, 0xcf, 0x90,
    0x0, 0x7f, 0x51, 0xff, 0xff, 0xff, 0xff, 0xf1,
    0x0, 0x7f, 0x74, 0xbc, 0xa8, 0x75, 0x48, 0xe3,
    0x16, 0xcf, 0xfd, 0x1, 0x11, 0x11, 0x12, 0x0,
    0x4f, 0xff, 0xb4, 0x2f, 0xff, 0xff, 0xff, 0x30,
    0x7, 0x9f, 0x50, 0x2f, 0xd9, 0x99, 0xdf, 0x30,
    0x0, 0x7f, 0x50, 0x2f, 0x90, 0x0, 0xaf, 0x30,
    0x0, 0x7f, 0x50, 0x2f, 0x90, 0x0, 0xaf, 0x30,
    0xc, 0xff, 0x40, 0x2f, 0xff, 0xff, 0xff, 0x30,
    0xb, 0xfa, 0x0, 0x2f, 0xeb, 0xbb, 0xef, 0x30,
    0x0, 0x0, 0x0, 0x0, 0x0, 0x0, 0x0, 0x0,

    /* U+62C2 "拂" */
    0x0, 0xcf, 0x0, 0x0, 0xfa, 0x5f, 0x60, 0x0,
    0x0, 0xcf, 0x0, 0x0, 0xfa, 0x5f, 0x60, 0x0,
    0x0, 0xcf, 0x4, 0x9a, 0xfe, 0xcf, 0xc9, 0x90,
    0x39, 0xef, 0x98, 0xff, 0xff, 0xff, 0xff, 0xe0,
    0x5f, 0xff, 0xf2, 0x1, 0xfa, 0x6f, 0x6b, 0xe0,
    0x15, 0xef, 0x51, 0x12, 0xfb, 0x7f, 0x7c, 0xe0,
    0x0, 0xcf, 0x6, 0xff, 0xff, 0xff, 0xff, 0xe0,
    0x0, 0xcf, 0x79, 0xfa, 0xfd, 0xbf, 0xb9, 0x80,
    0x39, 0xff, 0xfe, 0xf2, 0xfa, 0x6f, 0x60, 0x0,
    0x6f, 0xff, 0x3d, 0xff, 0xff, 0xff, 0xff, 0xf5,
    0x24, 0xdf, 0xa, 0xad, 0xfc, 0xcf, 0xcc, 0xf5,
    0x0, 0xcf, 0x0, 0xd, 0xf2, 0x5f, 0x66, 0xf4,
    0x0, 0xdf, 0x0, 0x6f, 0xb0, 0x5f, 0xac, 0xf2,
    0x3c, 0xfe, 0x6, 0xfe, 0x20, 0x5f, 0x9d, 0x80,
    0xf, 0xe6, 0x9, 0xd2, 0x0, 0x5f, 0x60, 0x0,
    0x0, 0x0, 0x0, 0x0, 0x0, 0x0, 0x0, 0x0,

    /* U+62C5 "担" */
    0x0, 0x7f, 0x60, 0x0, 0x0, 0x0, 0x0, 0x0,
    0x0, 0x7f, 0x60, 0x5b, 0xbb, 0xbb, 0xbb, 0x10,
    0x0, 0x7f, 0x60, 0x6f, 0xff, 0xff, 0xff, 0x10,
    0x4b, 0xdf, 0xdb, 0x7f, 0x50, 0x0, 0xcf, 0x10,
    0x6f, 0xff, 0xff, 0x8f, 0x50, 0x0, 0xcf, 0x10,
    0x0, 0x7f, 0x60, 0x7f, 0xca, 0xaa, 0xef, 0x10,
    0x0, 0x7f, 0x60, 0x6f, 0xff, 0xff, 0xff, 0x10,
    0x0, 0x7f, 0xcd, 0x7f, 0x61, 0x11, 0xdf, 0x10,
    0x5c, 0xff, 0xff, 0x9f, 0x50, 0x0, 0xcf, 0x10,
    0x6f, 0xff, 0xb3, 0x7f, 0x50, 0x0, 0xcf, 0x10,
    0x16, 0x8f, 0x60, 0x6f, 0xff, 0xff, 0xff, 0x10,
    0x0, 0x7f, 0x60, 0x4b, 0xbb, 0xbb, 0xbb, 0x10,
    0x0, 0x7f, 0x60, 0x0, 0x0, 0x0, 0x0, 0x0,
    0x1b, 0xef, 0x58, 0xff, 0xff, 0xff, 0xff, 0xf1,
    0xe, 0xfb, 0x16, 0xcc, 0xcc, 0xcc, 0xcc, 0xc1,
    0x0, 0x0, 0x0, 0x0, 0x0, 0x0, 0x0, 0x0,

    /* U+62C9 "拉" */
    0x0, 0x0, 0x0, 0x0, 0x0, 0x10, 0x0, 0x0,
    0x0, 0x6f, 0x60, 0x0, 0x9, 0xf4, 0x0, 0x0,
    0x0, 0x6f, 0x60, 0x0, 0x7, 0xf9, 0x0, 0x0,
    0x0, 0x6f, 0x60, 0x1, 0x14, 0xe8, 0x11, 0x10,
    0x2b, 0xdf, 0xda, 0x9f, 0xff, 0xff, 0xff, 0xf3,
    0x3f, 0xff, 0xfe, 0x7b, 0xbb, 0xbb, 0xbb, 0xb2,
    0x0, 0x7f, 0x70, 0x3, 0x81, 0x0, 0x89, 0x20,
    0x0, 0x6f, 0x60, 0x7, 0xf4, 0x0, 0xdf, 0x20,
    0x0, 0x7f, 0xb9, 0x4, 0xf7, 0x0, 0xff, 0x0,
    0x3c, 0xff, 0xff, 0x2, 0xfa, 0x1, 0xfc, 0x0,
    0x2f, 0xff, 0x91, 0x0, 0xfd, 0x4, 0xf9, 0x0,
    0x2, 0x7f, 0x60, 0x0, 0xdf, 0x7, 0xf5, 0x0,
    0x0, 0x6f, 0x60, 0x0, 0xbf, 0x1a, 0xf1, 0x0,
    0x0, 0x6f, 0x60, 0x0, 0x43, 0xd, 0xe0, 0x0,
    0xa, 0xef, 0x55, 0xff, 0xff, 0xff, 0xff, 0xf9,
    0x9, 0xfb, 0x14, 0xbb, 0xbb, 0xbb, 0xbb, 0xb6,

    /* U+62D0 "拐" */
    0x0, 0x7f, 0x60, 0x0, 0x0, 0x0, 0x0, 0x0,
    0x0, 0x7f, 0x60, 0xf, 0xff, 0xff, 0xff, 0xc0,
    0x0, 0x7f, 0x60, 0xf, 0xea, 0xaa, 0xaf, 0xc0,
    0x3a, 0xcf, 0xc9, 0xf, 0xb0, 0x0, 0x1f, 0xc0,
    0x5f, 0xff, 0xfe, 0xf, 0xb0, 0x0, 0x1f, 0xc0,
    0x1, 0x8f, 0x71, 0xf, 0xff, 0xff, 0xff, 0xc0,
    0x0, 0x7f, 0x60, 0xa, 0xae, 0xfb, 0xaa, 0x80,
    0x0, 0x7f, 0xaa, 0x0, 0xc, 0xf3, 0x0, 0x0,
    0x4a, 0xef, 0xff, 0x79, 0x9e, 0xfb, 0x99, 0x91,
    0x5f, 0xff, 0x92, 0xbf, 0xff, 0xff, 0xff, 0xf1,
    0x13, 0x7f, 0x60, 0x0, 0x3f, 0xd0, 0xb, 0xf0,
    0x0, 0x7f, 0x60, 0x0, 0x9f, 0x80, 0xd, 0xf0,
    0x0, 0x7f, 0x60, 0x7, 0xfe, 0x10, 0xf, 0xd0,
    0x1a, 0xdf, 0x54, 0xdf, 0xe3, 0x29, 0xbf, 0xa0,
    0xd, 0xfb, 0x11, 0xd9, 0x10, 0xf, 0xfc, 0x20,
    0x0, 0x0, 0x0, 0x0, 0x0, 0x0, 0x0, 0x0,

    /* U+62E9 "择" */
    0x0, 0x8f, 0x40, 0x0, 0x0, 0x0, 0x0, 0x0,
    0x0, 0x8f, 0x40, 0x8f, 0xff, 0xff, 0xff, 0x90,
    0x0, 0x8f, 0x40, 0x5c, 0xfd, 0xaa, 0xff, 0x50,
    0x3b, 0xdf, 0xcb, 0x0, 0xcf, 0x49, 0xfa, 0x0,
    0x5f, 0xff, 0xff, 0x0, 0x1e, 0xff, 0xb0, 0x0,
    0x0, 0x8f, 0x50, 0x5, 0xbf, 0xff, 0xe9, 0x30,
    0x0, 0x8f, 0x54, 0xff, 0xfa, 0x37, 0xef, 0xfa,
    0x0, 0xaf, 0xfd, 0x87, 0x13, 0xfb, 0x6, 0xb2,
    0x6f, 0xff, 0xfb, 0x39, 0x9b, 0xfe, 0x99, 0x50,
    0x4e, 0xdf, 0x50, 0x5f, 0xff, 0xff, 0xff, 0x80,
    0x0, 0x8f, 0x40, 0x0, 0x3, 0xfb, 0x0, 0x0,
    0x0, 0x8f, 0x41, 0xaa, 0xab, 0xfe, 0xaa, 0xa5,
    0x0, 0x8f, 0x42, 0xff, 0xff, 0xff, 0xff, 0xf9,
    0xb, 0xef, 0x30, 0x0, 0x3, 0xfb, 0x0, 0x0,
    0xb, 0xfa, 0x0, 0x0, 0x3, 0xfb, 0x0, 0x0,
    0x0, 0x0, 0x0, 0x0, 0x0, 0x0, 0x0, 0x0,

    /* U+62F3 "拳" */
    0x0, 0x0, 0x0, 0x4, 0x61, 0x0, 0x0, 0x0,
    0x0, 0x8, 0xe1, 0xd, 0xf1, 0xe, 0xa0, 0x0,
    0x0, 0x4, 0xf8, 0x2f, 0xe0, 0x8f, 0x70, 0x0,
    0x1, 0xff, 0xff, 0xff, 0xff, 0xff, 0xff, 0x10,
    0x1, 0x88, 0x89, 0xff, 0x88, 0x88, 0x88, 0x0,
    0x19, 0x99, 0x9c, 0xfe, 0x99, 0x99, 0x99, 0x91,
    0x1f, 0xff, 0xff, 0xff, 0xff, 0xff, 0xff, 0xf1,
    0x0, 0x1b, 0xfe, 0x33, 0x58, 0xdf, 0x70, 0x0,
    0x18, 0xff, 0xcf, 0xff, 0xfc, 0x6d, 0xfd, 0x72,
    0x2f, 0xea, 0x57, 0x7f, 0xf5, 0x56, 0xbe, 0xf5,
    0x3, 0x9, 0xee, 0xef, 0xfe, 0xee, 0x90, 0x40,
    0x1, 0x66, 0x66, 0x6f, 0xf6, 0x66, 0x66, 0x0,
    0x3, 0xff, 0xff, 0xff, 0xff, 0xff, 0xff, 0x10,
    0x0, 0x0, 0x28, 0x8f, 0xe0, 0x0, 0x0, 0x0,
    0x0, 0x0, 0xe, 0xfe, 0x70, 0x0, 0x0, 0x0,

    /* U+62FF "拿" */
    0x0, 0x0, 0x0, 0x8, 0x81, 0x0, 0x0, 0x0,
    0x0, 0x0, 0x4, 0xcf, 0xfb, 0x20, 0x0, 0x0,
    0x0, 0x27, 0xcf, 0xe5, 0x6e, 0xfc, 0x62, 0x0,
    0x2d, 0xff, 0xff, 0xcb, 0xbc, 0xff, 0xff, 0xd3,
    0xa, 0x85, 0x57, 0x77, 0x77, 0x76, 0x48, 0x90,
    0x0, 0xf, 0xff, 0xff, 0xff, 0xff, 0xf0, 0x0,
    0x0, 0xf, 0xd6, 0x66, 0x66, 0x6e, 0xf0, 0x0,
    0x0, 0xa, 0xaa, 0xaa, 0xaa, 0xbd, 0xc0, 0x0,
    0x0, 0x8d, 0xdd, 0xde, 0xff, 0xff, 0xc1, 0x0,
    0x0, 0x47, 0x66, 0x6f, 0xf4, 0x21, 0x11, 0x0,
    0x1, 0xff, 0xff, 0xff, 0xff, 0xff, 0xff, 0x30,
    0x2, 0x55, 0x55, 0x5f, 0xf5, 0x55, 0x55, 0x20,
    0x1f, 0xff, 0xff, 0xff, 0xff, 0xff, 0xff, 0xf1,
    0x2, 0x22, 0x4a, 0xaf, 0xe2, 0x22, 0x22, 0x20,
    0x0, 0x0, 0xd, 0xfe, 0x70, 0x0, 0x0, 0x0,

    /* U+6302 "挂" */
    0x0, 0x0, 0x0, 0x0, 0x0, 0x0, 0x0, 0x0,
    0x0, 0x6f, 0x60, 0x0, 0x1, 0xfe, 0x0, 0x0,
    0x0, 0x6f, 0x60, 0x0, 0x1, 0xfe, 0x0, 0x0,
    0x0, 0x6f, 0x60, 0x2a, 0xab, 0xff, 0xaa, 0x80,
    0x28, 0xbf, 0xb8, 0x4f, 0xff, 0xff, 0xff, 0xd0,
    0x4f, 0xff, 0xff, 0x10, 0x1, 0xfe, 0x0, 0x0,
    0x26, 0xaf, 0xa6, 0x11, 0x12, 0xfe, 0x11, 0x10,
    0x0, 0x6f, 0x60, 0xbf, 0xff, 0xff, 0xff, 0xf7,
    0x0, 0x6f, 0x98, 0x8a, 0xaa, 0xcc, 0xaa, 0xa5,
    0x4b, 0xff, 0xff, 0x20, 0x1, 0xfe, 0x0, 0x0,
    0x3f, 0xff, 0x91, 0x4b, 0xbb, 0xff, 0xbb, 0xb0,
    0x1, 0x6f, 0x60, 0x6f, 0xff, 0xff, 0xff, 0xf0,
    0x0, 0x6f, 0x60, 0x0, 0x1, 0xfe, 0x0, 0x0,
    0x0, 0x6f, 0x60, 0x0, 0x1, 0xfe, 0x0, 0x0,
    0x1b, 0xef, 0x57, 0xff, 0xff, 0xff, 0xff, 0xfa,
    0xd, 0xfb, 0x16, 0xdd, 0xdd, 0xdd, 0xdd, 0xd9,
    0x0, 0x0, 0x0, 0x0, 0x0, 0x0, 0x0, 0x0,

    /* U+6307 "指" */
    0x0, 0x6f, 0x70, 0xf, 0xe0, 0x0, 0x1, 0x0,
    0x0, 0x6f, 0x70, 0xf, 0xe0, 0x38, 0xed, 0x10,
    0x0, 0x6f, 0x70, 0xf, 0xfe, 0xff, 0xfa, 0x30,
    0x4b, 0xdf, 0xdb, 0x2f, 0xfc, 0x84, 0x1, 0x30,
    0x5f, 0xff, 0xff, 0x2f, 0xe0, 0x0, 0x4, 0xf7,
    0x0, 0x6f, 0x80, 0xf, 0xfc, 0xaa, 0xbe, 0xf5,
    0x0, 0x6f, 0x70, 0x6, 0xff, 0xff, 0xff, 0xb0,
    0x0, 0x6f, 0xcb, 0x20, 0x1, 0x11, 0x10, 0x0,
    0x4b, 0xff, 0xff, 0x5f, 0xff, 0xff, 0xff, 0xc0,
    0x5f, 0xff, 0xa1, 0x1f, 0xe9, 0x99, 0xaf, 0xc0,
    0x2, 0x6f, 0x70, 0x1f, 0xd6, 0x66, 0x7f, 0xc0,
    0x0, 0x6f, 0x70, 0x1f, 0xff, 0xff, 0xff, 0xc0,
    0x0, 0x6f, 0x70, 0x1f, 0xc0, 0x0, 0x1f, 0xc0,
    0xb, 0xdf, 0x60, 0x1f, 0xff, 0xff, 0xff, 0xc0,
    0xc, 0xfc, 0x10, 0x1f, 0xe8, 0x88, 0x9f, 0xc0,
    0x0, 0x0, 0x0, 0x0, 0x0, 0x0, 0x0, 0x0,

    /* U+6309 "按" */
    0x0, 0x0, 0x0, 0x0, 0x0, 0x0, 0x0, 0x0,
    0x0, 0x6f, 0x60, 0x0, 0x9, 0xf3, 0x0, 0x0,
    0x0, 0x6f, 0x60, 0x0, 0x7, 0xf7, 0x0, 0x0,
    0x0, 0x6f, 0x60, 0xcf, 0xff, 0xff, 0xff, 0xf1,
    0x3b, 0xdf, 0xda, 0xcf, 0xcc, 0xcc, 0xcf, 0xf1,
    0x5f, 0xff, 0xfe, 0xce, 0x1a, 0x70, 0xc, 0xf1,
    0x0, 0x7f, 0x70, 0x8a, 0x5f, 0x90, 0x8, 0xa1,
    0x0, 0x6f, 0x63, 0x99, 0xdf, 0xc9, 0x99, 0x92,
    0x0, 0x6f, 0x89, 0xff, 0xff, 0xff, 0xff, 0xf4,
    0x15, 0xbf, 0xff, 0x28, 0xf8, 0x15, 0xfc, 0x10,
    0x6f, 0xff, 0xc5, 0x1e, 0xf2, 0x8, 0xf7, 0x0,
    0x28, 0x9f, 0x60, 0x3f, 0xfc, 0x5f, 0xf1, 0x0,
    0x0, 0x6f, 0x60, 0x1, 0x9f, 0xff, 0x80, 0x0,
    0x0, 0x6f, 0x60, 0x0, 0x7e, 0xff, 0xf9, 0x0,
    0x1a, 0xdf, 0x51, 0xcf, 0xfe, 0x65, 0xef, 0xe1,
    0xd, 0xfb, 0x0, 0xbc, 0x61, 0x0, 0x1b, 0x70,
    0x0, 0x0, 0x0, 0x0, 0x0, 0x0, 0x0, 0x0,

    /* U+6311 "挑" */
    0x0, 0xed, 0x0, 0x8, 0xd1, 0x9d, 0x0, 0x0,
    0x0, 0xed, 0x0, 0xa, 0xf1, 0xbf, 0x0, 0x0,
    0x0, 0xed, 0x4, 0x6a, 0xf1, 0xbf, 0x1c, 0x60,
    0x7b, 0xff, 0xbe, 0xeb, 0xf1, 0xbf, 0x5f, 0xb0,
    0x9f, 0xff, 0xf6, 0xff, 0xf1, 0xbf, 0xbf, 0x30,
    0x0, 0xed, 0x0, 0xdf, 0xf1, 0xbf, 0xe9, 0x0,
    0x0, 0xed, 0x20, 0x1a, 0xf1, 0xbf, 0x10, 0x0,
    0x2, 0xef, 0xf3, 0xb, 0xf0, 0xbf, 0xc2, 0x0,
    0xaf, 0xff, 0x93, 0xbf, 0xf0, 0xbf, 0xff, 0x30,
    0x7b, 0xfd, 0x3e, 0xff, 0xf0, 0xbf, 0x5f, 0xe2,
    0x0, 0xed, 0x1d, 0x7f, 0xb0, 0xbf, 0x5, 0xb0,
    0x0, 0xed, 0x0, 0x8f, 0x70, 0xbf, 0x3, 0x91,
    0x0, 0xed, 0x4, 0xfe, 0x0, 0xbf, 0x15, 0xf4,
    0x4c, 0xfc, 0x5f, 0xf5, 0x0, 0x9f, 0xef, 0xf1,
    0x2f, 0xd4, 0xa, 0x30, 0x0, 0x2b, 0xdc, 0x60,

    /* U+6321 "挡" */
    0x0, 0x8f, 0x50, 0x0, 0x1, 0xfb, 0x0, 0x0,
    0x0, 0x8f, 0x50, 0x6d, 0x11, 0xfb, 0x9, 0x91,
    0x0, 0x8f, 0x50, 0x8f, 0x61, 0xfb, 0xe, 0xd0,
    0x4c, 0xef, 0xec, 0x2f, 0xb1, 0xfb, 0x3f, 0x70,
    0x5f, 0xff, 0xff, 0xd, 0xf2, 0xfb, 0x9f, 0x10,
    0x1, 0x9f, 0x61, 0x4, 0x11, 0xfb, 0x46, 0x0,
    0x0, 0x8f, 0x50, 0x8b, 0xbc, 0xfe, 0xbb, 0xa0,
    0x0, 0x8f, 0xbb, 0xbf, 0xff, 0xff, 0xff, 0xd0,
    0x6d, 0xff, 0xfe, 0x0, 0x0, 0x0, 0x1f, 0xd0,
    0x5f, 0xef, 0x70, 0x5a, 0xaa, 0xaa, 0xaf, 0xd0,
    0x0, 0x8f, 0x50, 0x7f, 0xff, 0xff, 0xff, 0xd0,
    0x0, 0x8f, 0x50, 0x0, 0x0, 0x0, 0x1f, 0xd0,
    0x0, 0x8f, 0x50, 0x11, 0x11, 0x11, 0x2f, 0xd0,
    0x1c, 0xef, 0x41, 0xff, 0xff, 0xff, 0xff, 0xd0,
    0xd, 0xe9, 0x1, 0xbb, 0xbb, 0xbb, 0xbf, 0xc0,

    /* U+6324 "挤" */
    0x0, 0x0, 0x0, 0x0, 0x0, 0x0, 0x0, 0x0,
    0x0, 0xfd, 0x0, 0x0, 0x2d, 0x70, 0x0, 0x0,
    0x0, 0xfd, 0x1, 0x22, 0x3f, 0xe2, 0x22, 0x20,
    0x0, 0xfd, 0xb, 0xff, 0xff, 0xff, 0xff, 0xd0,
    0x6b, 0xff, 0xb8, 0xbf, 0xd9, 0x9d, 0xfd, 0x80,
    0x9f, 0xff, 0xf1, 0xc, 0xf3, 0x2e, 0xf2, 0x0,
    0x0, 0xfd, 0x0, 0x3, 0xfe, 0xdf, 0x70, 0x0,
    0x0, 0xfd, 0x0, 0x4, 0xcf, 0xfe, 0x51, 0x0,
    0x0, 0xff, 0xeb, 0xff, 0xfb, 0xaf, 0xff, 0xf1,
    0x7f, 0xff, 0xd6, 0xbe, 0x70, 0x6, 0xb9, 0x60,
    0x7e, 0xfd, 0x0, 0xf, 0xd0, 0xc, 0xf1, 0x0,
    0x0, 0xfd, 0x0, 0xf, 0xd0, 0xc, 0xf1, 0x0,
    0x0, 0xfd, 0x0, 0x2f, 0xc0, 0xc, 0xf1, 0x0,
    0x0, 0xfd, 0x0, 0xaf, 0x70, 0xc, 0xf1, 0x0,
    0x5d, 0xfc, 0x2b, 0xfd, 0x0, 0xc, 0xf1, 0x0,
    0x2f, 0xd4, 0xa, 0xa1, 0x0, 0xc, 0xf1, 0x0,

    /* U+6325 "挥" */
    0x0, 0xfd, 0x0, 0x0, 0x0, 0x0, 0x0, 0x0,
    0x0, 0xfd, 0x8, 0xff, 0xff, 0xff, 0xff, 0xd0,
    0x0, 0xfd, 0x8, 0xfc, 0xbb, 0xbb, 0xbf, 0xd0,
    0x4a, 0xff, 0xa9, 0xf3, 0x8e, 0x40, 0xf, 0xd0,
    0x6f, 0xff, 0xf4, 0x72, 0xdf, 0x30, 0x6, 0x50,
    0x24, 0xfe, 0x40, 0xcf, 0xff, 0xff, 0xff, 0x0,
    0x0, 0xfd, 0x0, 0x5e, 0xfa, 0xfd, 0x77, 0x0,
    0x0, 0xfe, 0xa2, 0x4f, 0xa2, 0xfb, 0x0, 0x0,
    0x5c, 0xff, 0xf5, 0xef, 0xff, 0xff, 0xff, 0x60,
    0x7f, 0xfe, 0x30, 0x9c, 0xbc, 0xfe, 0xbb, 0x50,
    0x11, 0xfd, 0x0, 0x0, 0x2, 0xfb, 0x0, 0x0,
    0x0, 0xfd, 0xd, 0xff, 0xff, 0xff, 0xff, 0xf4,
    0x0, 0xfd, 0xa, 0xbb, 0xbc, 0xfe, 0xbb, 0xb3,
    0x3d, 0xfc, 0x0, 0x0, 0x2, 0xfb, 0x0, 0x0,
    0xe, 0xd4, 0x0, 0x0, 0x2, 0xfb, 0x0, 0x0,

    /* U+6361 "捡" */
    0x0, 0x0, 0x0, 0x0, 0x0, 0x10, 0x0, 0x0,
    0x0, 0xa, 0xf2, 0x0, 0x0, 0x4f, 0x70, 0x0,
    0x0, 0x0, 0xaf, 0x20, 0x0, 0x1e, 0xfd, 0x10,
    0x0, 0x0, 0xa, 0xf2, 0x0, 0xb, 0xfe, 0xfd,
    0x10, 0x0, 0x1a, 0xef, 0xb6, 0xa, 0xfc, 0xa,
    0xfd, 0x20, 0x2, 0xff, 0xff, 0xab, 0xfe, 0x10,
    0xa, 0xff, 0x70, 0x3, 0xbf, 0x6e, 0xff, 0xda,
    0xaa, 0xae, 0xfd, 0x0, 0xa, 0xf2, 0x4c, 0x3f,
    0xff, 0xff, 0x95, 0x40, 0x0, 0xaf, 0x96, 0x0,
    0x0, 0x10, 0x1, 0x0, 0x2, 0xbf, 0xff, 0xb3,
    0xb4, 0x2f, 0x50, 0xaf, 0x10, 0x3f, 0xff, 0x60,
    0x1f, 0x90, 0xf9, 0xf, 0xa0, 0x0, 0x2a, 0xf2,
    0x0, 0xdd, 0xc, 0xb6, 0xf4, 0x0, 0x0, 0xaf,
    0x20, 0x9, 0xe0, 0x77, 0xdc, 0x0, 0x0, 0xa,
    0xf2, 0x0, 0x10, 0x0, 0x4f, 0x40, 0x0, 0xb,
    0xff, 0x13, 0xff, 0xff, 0xff, 0xff, 0xf7, 0x0,
    0xde, 0x80, 0x2b, 0xbb, 0xbb, 0xbb, 0xbb, 0x50,

    /* U+6362 "换" */
    0x0, 0xcf, 0x10, 0x0, 0xda, 0x0, 0x0, 0x0,
    0x0, 0xcf, 0x10, 0x7, 0xfd, 0x0, 0x0, 0x0,
    0x0, 0xcf, 0x10, 0x1e, 0xff, 0xff, 0xf9, 0x0,
    0x26, 0xdf, 0x73, 0xdf, 0xc8, 0x8e, 0xf6, 0x0,
    0x6f, 0xff, 0xfd, 0xff, 0x87, 0x9f, 0xe7, 0x10,
    0x13, 0xdf, 0x41, 0xdf, 0xff, 0xff, 0xff, 0x30,
    0x0, 0xcf, 0x10, 0xaf, 0x19, 0xf3, 0xaf, 0x30,
    0x0, 0xcf, 0x84, 0xaf, 0x19, 0xf3, 0xaf, 0x30,
    0x3a, 0xff, 0xf8, 0xaf, 0x1a, 0xf2, 0xaf, 0x30,
    0x6f, 0xff, 0x7a, 0xef, 0xbe, 0xfb, 0xef, 0xb1,
    0x14, 0xcf, 0x1c, 0xff, 0xff, 0xff, 0xff, 0xf1,
    0x0, 0xcf, 0x10, 0x0, 0xbf, 0xfc, 0x10, 0x0,
    0x0, 0xcf, 0x10, 0x2c, 0xf7, 0x4f, 0xd4, 0x0,
    0x2d, 0xff, 0x2a, 0xff, 0x70, 0x4, 0xff, 0xd2,
    0xd, 0xe7, 0x1c, 0xc3, 0x0, 0x0, 0x19, 0xa0,
    0x0, 0x0, 0x0, 0x0, 0x0, 0x0, 0x0, 0x0,

    /* U+6389 "掉" */
    0x0, 0x0, 0x0, 0x0, 0x0, 0x0, 0x0, 0x0,
    0x0, 0x7f, 0x60, 0x0, 0x2, 0xfb, 0x0, 0x0,
    0x0, 0x7f, 0x60, 0x0, 0x2, 0xfe, 0xcc, 0xc7,
    0x0, 0x7f, 0x60, 0x0, 0x2, 0xff, 0xff, 0xf9,
    0x2c, 0xef, 0xeb, 0x0, 0x2, 0xfb, 0x0, 0x0,
    0x2f, 0xff, 0xfe, 0xaf, 0xff, 0xff, 0xff, 0xd0,
    0x0, 0x7f, 0x70, 0xaf, 0x97, 0x77, 0x7f, 0xd0,
    0x0, 0x7f, 0x60, 0xaf, 0x98, 0x88, 0x8f, 0xd0,
    0x0, 0x7f, 0xba, 0xaf, 0xed, 0xdd, 0xdf, 0xd0,
    0x1a, 0xef, 0xff, 0xbf, 0x41, 0x11, 0x1f, 0xd0,
    0xf, 0xff, 0xa1, 0xaf, 0xff, 0xff, 0xff, 0xd0,
    0x3, 0x7f, 0x60, 0x34, 0x46, 0xfc, 0x44, 0x40,
    0x0, 0x7f, 0x65, 0xaa, 0xab, 0xfe, 0xaa, 0xa9,
    0x0, 0x7f, 0x67, 0xff, 0xff, 0xff, 0xff, 0xfd,
    0x1c, 0xef, 0x50, 0x0, 0x2, 0xfb, 0x0, 0x0,
    0xd, 0xeb, 0x10, 0x0, 0x2, 0xfb, 0x0, 0x0,
    0x0, 0x0, 0x0, 0x0, 0x0, 0x10, 0x0, 0x0,

    /* U+6392 "排" */
    0x0, 0x5f, 0x70, 0x0, 0x9d, 0x1a, 0xd1, 0x0,
    0x0, 0x5f, 0x70, 0x0, 0xbf, 0x1b, 0xf1, 0x0,
    0x0, 0x5f, 0x70, 0x34, 0xcf, 0x1b, 0xf5, 0x41,
    0x1b, 0xdf, 0xda, 0xcf, 0xff, 0x1b, 0xff, 0xf3,
    0x2f, 0xff, 0xfe, 0x56, 0xdf, 0x1b, 0xf7, 0x61,
    0x0, 0x5f, 0x80, 0x0, 0xbf, 0x1b, 0xf1, 0x0,
    0x0, 0x5f, 0x70, 0x79, 0xef, 0x1b, 0xfa, 0x91,
    0x0, 0x5f, 0xb7, 0xbf, 0xff, 0x1b, 0xff, 0xf2,
    0x29, 0xdf, 0xfd, 0x0, 0xbf, 0x1b, 0xf1, 0x0,
    0x3f, 0xff, 0xc4, 0x0, 0xbf, 0x1b, 0xf1, 0x0,
    0x17, 0x8f, 0x72, 0xff, 0xff, 0x1b, 0xff, 0xf7,
    0x0, 0x5f, 0x71, 0xaa, 0xef, 0x1b, 0xfb, 0xa4,
    0x0, 0x5f, 0x70, 0x0, 0xbf, 0x1b, 0xf1, 0x0,
    0x9, 0xdf, 0x60, 0x0, 0xbf, 0x1b, 0xf1, 0x0,
    0x9, 0xfc, 0x10, 0x0, 0xbf, 0x1b, 0xf1, 0x0,
    0x0, 0x0, 0x0, 0x0, 0x0, 0x0, 0x0, 0x0,

    /* U+6396 "掖" */
    0x0, 0x0, 0x0, 0x0, 0x0, 0x0, 0x0, 0x0,
    0x0, 0xec, 0x0, 0x0, 0x2c, 0x90, 0x0, 0x0,
    0x0, 0xec, 0x0, 0x0, 0xf, 0xe0, 0x0, 0x0,
    0x0, 0xec, 0x9, 0xcc, 0xcf, 0xfc, 0xcc, 0xc2,
    0x27, 0xfe, 0x6c, 0xff, 0xff, 0xff, 0xff, 0xf2,
    0x5f, 0xff, 0xf0, 0xc, 0x80, 0xb9, 0x0, 0x0,
    0x14, 0xfd, 0x40, 0x4f, 0x82, 0xfe, 0x77, 0x60,
    0x0, 0xec, 0x0, 0xbf, 0x28, 0xff, 0xff, 0xf0,
    0x0, 0xee, 0x76, 0xfe, 0x2f, 0xd8, 0x3d, 0xb0,
    0x3b, 0xff, 0xff, 0xfe, 0xcf, 0xda, 0xef, 0x70,
    0x4f, 0xfd, 0x3e, 0xef, 0xfd, 0xf6, 0xbf, 0x10,
    0x1, 0xec, 0x0, 0xbe, 0x30, 0xde, 0xf8, 0x0,
    0x0, 0xec, 0x0, 0xbe, 0x0, 0x6f, 0xf1, 0x0,
    0x0, 0xec, 0x0, 0xbe, 0x3, 0xef, 0xfc, 0x10,
    0x4c, 0xfb, 0x0, 0xbe, 0x9f, 0xe3, 0x8f, 0xf5,
    0x1f, 0xd4, 0x0, 0xbe, 0x6b, 0x10, 0x5, 0xc0,
    0x0, 0x0, 0x0, 0x0, 0x0, 0x0, 0x0, 0x0,

    /* U+63A5 "接" */
    0x0, 0xfc, 0x0, 0x0, 0x19, 0x80, 0x0, 0x0,
    0x0, 0xfc, 0x0, 0x0, 0xe, 0xf2, 0x0, 0x0,
    0x0, 0xfc, 0x1, 0xff, 0xff, 0xff, 0xff, 0xb0,
    0x47, 0xfe, 0x71, 0x8c, 0xd8, 0x8b, 0xe9, 0x60,
    0x9f, 0xff, 0xf1, 0xb, 0xf2, 0xd, 0xf2, 0x0,
    0x12, 0xfd, 0x25, 0x9b, 0xfa, 0xaf, 0xd9, 0x90,
    0x0, 0xfc, 0x8, 0xff, 0xff, 0xff, 0xff, 0xf1,
    0x0, 0xfe, 0xa0, 0x0, 0x7f, 0x60, 0x0, 0x0,
    0x8e, 0xff, 0xf8, 0x88, 0xef, 0x98, 0x88, 0x82,
    0x9f, 0xfd, 0x1c, 0xff, 0xff, 0xff, 0xff, 0xf4,
    0x10, 0xfc, 0x0, 0x3f, 0xd1, 0xb, 0xf4, 0x0,
    0x0, 0xfc, 0x0, 0xbf, 0xfa, 0x8f, 0xb0, 0x0,
    0x0, 0xfc, 0x0, 0x3, 0xbf, 0xff, 0xa1, 0x0,
    0x4c, 0xfb, 0x9, 0xbe, 0xff, 0xbd, 0xff, 0x70,
    0x2f, 0xd4, 0x9, 0xeb, 0x71, 0x0, 0x6e, 0x40,
    0x0, 0x0, 0x0, 0x0, 0x0, 0x0, 0x0, 0x0,

    /* U+63D2 "插" */
    0x0, 0x9f, 0x30, 0x0, 0x0, 0x3, 0x7d, 0x30,
    0x0, 0x9f, 0x30, 0x49, 0xbd, 0xff, 0xff, 0xa0,
    0x0, 0x9f, 0x30, 0x4f, 0xed, 0xfd, 0x74, 0x10,
    0x8, 0xcf, 0xa4, 0x0, 0x1, 0xfa, 0x0, 0x0,
    0x1f, 0xff, 0xf8, 0xcc, 0xcc, 0xfe, 0xcc, 0xc5,
    0x4, 0xbf, 0x72, 0xff, 0xff, 0xff, 0xff, 0xf6,
    0x0, 0x9f, 0x30, 0x1, 0x61, 0xfa, 0x0, 0x0,
    0x0, 0x9f, 0x74, 0x7f, 0xf6, 0xfa, 0xff, 0xe0,
    0x29, 0xef, 0xfb, 0xaf, 0x52, 0xfa, 0x8e, 0xe0,
    0x3f, 0xff, 0x93, 0xaf, 0x1, 0xfa, 0xc, 0xe0,
    0x5, 0xaf, 0x30, 0xaf, 0xf4, 0xfa, 0xff, 0xe0,
    0x0, 0x9f, 0x30, 0xaf, 0x82, 0xfa, 0x7d, 0xe0,
    0x0, 0x9f, 0x30, 0xaf, 0x1, 0xfa, 0xb, 0xe0,
    0x9, 0xef, 0x30, 0xaf, 0xff, 0xff, 0xff, 0xe0,
    0x8, 0xfa, 0x0, 0xaf, 0xbb, 0xbb, 0xbe, 0xe0,
    0x0, 0x0, 0x0, 0x1, 0x0, 0x0, 0x1, 0x20,

    /* U+6413 "搓" */
    0x0, 0x0, 0x0, 0x0, 0x0, 0x0, 0x0, 0x0,
    0x0, 0xfc, 0x0, 0xb, 0xc0, 0x6, 0xf8, 0x0,
    0x0, 0xfc, 0x0, 0xc, 0xf5, 0xd, 0xf3, 0x0,
    0x0, 0xfc, 0x3, 0xac, 0xfa, 0xbf, 0xea, 0x90,
    0x4b, 0xfe, 0xb6, 0xff, 0xff, 0xff, 0xff, 0xe0,
    0x6f, 0xff, 0xf2, 0x22, 0x5f, 0xc2, 0x22, 0x20,
    0x13, 0xfd, 0x30, 0xef, 0xff, 0xff, 0xff, 0x70,
    0x0, 0xfc, 0x0, 0x9a, 0xef, 0xba, 0xaa, 0x40,
    0x0, 0xfd, 0x74, 0x88, 0xff, 0x98, 0x88, 0x82,
    0x5b, 0xff, 0xf9, 0xff, 0xff, 0xff, 0xff, 0xf3,
    0x8f, 0xfe, 0x41, 0x3f, 0xf3, 0x11, 0x11, 0x10,
    0x23, 0xfc, 0x0, 0xbf, 0xff, 0xff, 0xff, 0x60,
    0x0, 0xfc, 0x9, 0xfe, 0xbb, 0xff, 0xbb, 0x40,
    0x0, 0xfc, 0xbf, 0xe2, 0x0, 0xee, 0x0, 0x0,
    0x1a, 0xfb, 0x4d, 0xbb, 0xbb, 0xff, 0xbb, 0xb1,
    0xe, 0xd4, 0x0, 0xcf, 0xff, 0xff, 0xff, 0xf2,

    /* U+6447 "摇" */
    0x0, 0x5f, 0x60, 0x0, 0x0, 0x0, 0x14, 0x10,
    0x0, 0x5f, 0x60, 0x78, 0xab, 0xdf, 0xff, 0xb0,
    0x0, 0x5f, 0x60, 0xef, 0xec, 0xc9, 0x79, 0x20,
    0x8, 0xbf, 0xb5, 0x4c, 0x24, 0xf4, 0xf, 0xc0,
    0x1f, 0xff, 0xfa, 0x3f, 0x90, 0xf9, 0x6f, 0x40,
    0x3, 0x8f, 0x82, 0xc, 0xb2, 0x41, 0x6a, 0x0,
    0x0, 0x5f, 0x60, 0x4f, 0xff, 0xff, 0xff, 0xf0,
    0x0, 0x5f, 0xb8, 0xfe, 0x89, 0xfd, 0x88, 0x80,
    0x2a, 0xef, 0xf9, 0x74, 0x3, 0xfa, 0x0, 0x0,
    0x2f, 0xff, 0x98, 0xff, 0xff, 0xff, 0xff, 0xf8,
    0x4, 0x6f, 0x63, 0xff, 0x8a, 0xfd, 0x8f, 0xf4,
    0x0, 0x5f, 0x60, 0xee, 0x2, 0xf9, 0xc, 0xf0,
    0x0, 0x5f, 0x60, 0xee, 0x25, 0xfb, 0x2c, 0xf0,
    0xb, 0xff, 0x50, 0xef, 0xff, 0xff, 0xff, 0xf0,
    0x9, 0xfa, 0x0, 0x77, 0x77, 0x77, 0x7e, 0xf0,

    /* U+6469 "摩" */
    0x0, 0x0, 0x0, 0x4, 0x83, 0x0, 0x0, 0x0,
    0x3, 0x66, 0x66, 0x6b, 0xfc, 0x66, 0x66, 0x61,
    0x9, 0xff, 0xff, 0xff, 0xff, 0xff, 0xff, 0xf2,
    0x9, 0xf4, 0x14, 0xc2, 0x11, 0x18, 0xa1, 0x10,
    0x9, 0xf7, 0xff, 0xff, 0xf8, 0xff, 0xff, 0xf0,
    0x9, 0xf3, 0x3e, 0xfc, 0x41, 0x8f, 0xfb, 0x20,
    0x9, 0xf7, 0xec, 0xfb, 0xba, 0xed, 0xdd, 0xd2,
    0x9, 0xf3, 0x52, 0xb1, 0x4, 0x39, 0xc1, 0x60,
    0xa, 0xf2, 0x7d, 0xee, 0xff, 0xff, 0xd7, 0x0,
    0xb, 0xf0, 0x36, 0x65, 0xbf, 0x52, 0x11, 0x10,
    0xc, 0xf0, 0xef, 0xff, 0xff, 0xff, 0xff, 0x80,
    0xf, 0xc0, 0x33, 0x33, 0xbf, 0x63, 0x33, 0x20,
    0x3f, 0x9a, 0xff, 0xff, 0xff, 0xff, 0xff, 0xf3,
    0x8f, 0x51, 0x23, 0x88, 0xdf, 0x52, 0x22, 0x20,
    0x1a, 0x0, 0x0, 0xdf, 0xeb, 0x0, 0x0, 0x0,
    0x0, 0x0, 0x0, 0x0, 0x0, 0x0, 0x0, 0x0,

    /* U+64E6 "擦" */
    0x0, 0x0, 0x0, 0x0, 0x0, 0x0, 0x0, 0x0,
    0x0, 0xeb, 0x0, 0x0, 0xb, 0xe0, 0x0, 0x0,
    0x0, 0xeb, 0x5, 0x88, 0x8e, 0xfa, 0x88, 0x80,
    0x0, 0xeb, 0x9, 0xff, 0xff, 0xff, 0xff, 0xf0,
    0x39, 0xfe, 0x99, 0xfb, 0x61, 0x75, 0xc, 0xf0,
    0x6f, 0xff, 0xf2, 0x9f, 0xff, 0xff, 0xff, 0xc0,
    0x1, 0xec, 0x13, 0xeb, 0x7f, 0x5f, 0x8f, 0x80,
    0x0, 0xeb, 0x9, 0xb9, 0xf9, 0xb, 0xfe, 0x0,
    0x0, 0xed, 0xa0, 0xcd, 0xf7, 0x58, 0xfc, 0x0,
    0x4c, 0xff, 0xf3, 0xdf, 0xdf, 0xff, 0x8f, 0xc1,
    0x5f, 0xfd, 0x2c, 0xf5, 0x23, 0x33, 0x18, 0xf3,
    0x13, 0xeb, 0x2, 0xbf, 0xff, 0xff, 0xff, 0x20,
    0x0, 0xeb, 0x0, 0x4a, 0x6b, 0xf7, 0x88, 0x0,
    0x0, 0xeb, 0x0, 0xbf, 0x49, 0xf2, 0xde, 0x30,
    0x9, 0xfb, 0xc, 0xf8, 0x7d, 0xf2, 0x2e, 0xe0,
    0xd, 0xe4, 0x4, 0x60, 0xdf, 0xb0, 0x4, 0x30,
    0x0, 0x0, 0x0, 0x0, 0x0, 0x0, 0x0, 0x0,

    /* U+6512 "攒" */
    0x0, 0xed, 0x6, 0x7c, 0x90, 0x85, 0xf7, 0x0,
    0x0, 0xed, 0xd, 0xff, 0xfa, 0xff, 0xff, 0xc0,
    0x0, 0xed, 0xd, 0x5d, 0xb6, 0xe5, 0xfa, 0x40,
    0x5b, 0xff, 0xbb, 0xdf, 0xfc, 0xbd, 0xfe, 0xd4,
    0x6f, 0xff, 0xf2, 0xf7, 0xf3, 0x1f, 0x8f, 0x10,
    0x0, 0xed, 0x4, 0xf4, 0xfe, 0x6f, 0x4f, 0x45,
    0x0, 0xed, 0xe, 0xc7, 0xe6, 0xec, 0x2f, 0xf6,
    0x0, 0xee, 0x87, 0x44, 0x43, 0x95, 0x37, 0x70,
    0x5b, 0xff, 0xf4, 0xdf, 0xff, 0xff, 0xff, 0x60,
    0x7f, 0xfe, 0x40, 0xde, 0x37, 0x84, 0x8f, 0x60,
    0x12, 0xed, 0x0, 0xdd, 0xa, 0xf0, 0x6f, 0x60,
    0x0, 0xed, 0x0, 0xdd, 0xc, 0xf0, 0x6f, 0x60,
    0x0, 0xed, 0x0, 0x68, 0x8f, 0xb4, 0x57, 0x30,
    0x4c, 0xfc, 0x19, 0xcf, 0xfc, 0x4f, 0xfe, 0x91,
    0x1f, 0xd5, 0xa, 0xea, 0x40, 0x0, 0x5b, 0xd0,
    0x0, 0x0, 0x0, 0x0, 0x0, 0x0, 0x0, 0x0,

    /* U+6536 "收" */
    0x0, 0x0, 0x0, 0x0, 0x2, 0x0, 0x0, 0x0,
    0x0, 0x0, 0x1f, 0xc0, 0xf, 0xf0, 0x0, 0x0,
    0x2, 0x30, 0x1f, 0xc0, 0x3f, 0xd0, 0x0, 0x0,
    0xc, 0xf1, 0x1f, 0xc0, 0x6f, 0xa0, 0x0, 0x0,
    0xc, 0xf1, 0x1f, 0xc0, 0xaf, 0xec, 0xcc, 0xc5,
    0xc, 0xf1, 0x1f, 0xc0, 0xff, 0xff, 0xff, 0xf6,
    0xc, 0xf1, 0x1f, 0xc6, 0xfe, 0x0, 0x8f, 0x60,
    0xc, 0xf1, 0x1f, 0xee, 0xff, 0x30, 0xbf, 0x10,
    0xc, 0xf1, 0x1f, 0xdd, 0xdf, 0xa0, 0xfd, 0x0,
    0xc, 0xf1, 0x1f, 0xc2, 0x1c, 0xf7, 0xf8, 0x0,
    0xd, 0xf7, 0xbf, 0xc0, 0x4, 0xff, 0xf2, 0x0,
    0x2f, 0xff, 0xff, 0xc0, 0x0, 0xdf, 0xa0, 0x0,
    0x1f, 0xd7, 0x3f, 0xc0, 0x5, 0xff, 0xe2, 0x0,
    0x2, 0x0, 0x1f, 0xc0, 0x6f, 0xfb, 0xfe, 0x40,
    0x0, 0x0, 0x1f, 0xca, 0xff, 0x50, 0x9f, 0xf3,
    0x0, 0x0, 0x1f, 0xc3, 0xc3, 0x0, 0x6, 0x80,
    0x0, 0x0, 0x0, 0x0, 0x0, 0x0, 0x0, 0x0,

    /* U+653E "放" */
    0x0, 0x4, 0x91, 0x0, 0x4, 0x83, 0x0, 0x0,
    0x0, 0x7, 0xf6, 0x0, 0x9, 0xf6, 0x0, 0x0,
    0x3, 0x35, 0xf9, 0x33, 0xd, 0xf3, 0x0, 0x0,
    0x2f, 0xff, 0xff, 0xfe, 0xf, 0xfc, 0xbb, 0xb8,
    0x18, 0xcf, 0xa8, 0x88, 0x5f, 0xff, 0xff, 0xfa,
    0x0, 0x9f, 0x30, 0x0, 0xbf, 0xa0, 0x7f, 0x60,
    0x0, 0x9f, 0xdc, 0xc9, 0xff, 0xe0, 0xaf, 0x20,
    0x0, 0x9f, 0xff, 0xff, 0xff, 0xf3, 0xef, 0x0,
    0x0, 0xaf, 0x27, 0xf7, 0xa6, 0xfb, 0xfa, 0x0,
    0x0, 0xcf, 0x27, 0xf5, 0x0, 0xef, 0xf4, 0x0,
    0x0, 0xef, 0x8, 0xf4, 0x0, 0x9f, 0xe0, 0x0,
    0x3, 0xfc, 0x8, 0xf3, 0x2, 0xef, 0xf5, 0x0,
    0xa, 0xf6, 0xa, 0xf2, 0x5e, 0xfb, 0xff, 0x70,
    0x4f, 0xe5, 0xbf, 0xfa, 0xff, 0x80, 0x7f, 0xf9,
    0xa, 0x32, 0xfe, 0x72, 0xd4, 0x0, 0x4, 0xc1,
    0x0, 0x0, 0x0, 0x0, 0x0, 0x0, 0x0, 0x0,

    /* U+6545 "故" */
    0x0, 0x9, 0xf4, 0x0, 0xb, 0xc2, 0x0, 0x0,
    0x0, 0x9, 0xf4, 0x0, 0xf, 0xf0, 0x0, 0x0,
    0x0, 0x9, 0xf4, 0x0, 0x4f, 0xd0, 0x0, 0x0,
    0x4a, 0xad, 0xfc, 0xa9, 0x8f, 0xeb, 0xbb, 0xb6,
    0x6f, 0xff, 0xff, 0xfe, 0xdf, 0xff, 0xff, 0xf8,
    0x1, 0x1a, 0xf5, 0x17, 0xff, 0x40, 0x7f, 0x70,
    0x0, 0x9, 0xf4, 0x1e, 0xff, 0x90, 0xaf, 0x30,
    0x7, 0x9d, 0xfb, 0xbe, 0xcf, 0xe0, 0xef, 0x0,
    0xb, 0xff, 0xff, 0xf6, 0x1a, 0xf8, 0xfa, 0x0,
    0xb, 0xf3, 0x28, 0xf6, 0x5, 0xff, 0xf3, 0x0,
    0xb, 0xf0, 0x6, 0xf6, 0x0, 0xef, 0xc0, 0x0,
    0xb, 0xf0, 0x7, 0xf6, 0x3, 0xff, 0xd1, 0x0,
    0xb, 0xff, 0xff, 0xf6, 0x5f, 0xff, 0xfc, 0x10,
    0xb, 0xfc, 0xbb, 0xce, 0xff, 0x71, 0xdf, 0xe5,
    0x5, 0x70, 0x0, 0xb, 0xc3, 0x0, 0x19, 0xe2,
    0x0, 0x0, 0x0, 0x0, 0x0, 0x0, 0x0, 0x0,

    /* U+654C "敌" */
    0x0, 0x0, 0x2, 0x20, 0x2, 0x52, 0x0, 0x0,
    0x4, 0x6a, 0xdf, 0xf3, 0x7, 0xf7, 0x0, 0x0,
    0x2f, 0xff, 0xfb, 0x61, 0xa, 0xf4, 0x0, 0x0,
    0x4, 0x3b, 0xf3, 0x0, 0xd, 0xf9, 0x88, 0x83,
    0x0, 0xa, 0xf4, 0x0, 0x2f, 0xff, 0xff, 0xf5,
    0x6f, 0xff, 0xff, 0xff, 0x9f, 0xb3, 0x7f, 0x81,
    0x5b, 0xbe, 0xfc, 0xbc, 0xef, 0xe0, 0x7f, 0x30,
    0x0, 0xa, 0xf3, 0x5, 0xff, 0xf3, 0xaf, 0x0,
    0x0, 0xa, 0xf4, 0x0, 0x86, 0xf8, 0xed, 0x0,
    0xf, 0xff, 0xff, 0xf9, 0x0, 0xef, 0xf7, 0x0,
    0xf, 0xfa, 0xac, 0xf9, 0x0, 0x8f, 0xf2, 0x0,
    0xf, 0xd0, 0x6, 0xf9, 0x0, 0x8f, 0xf3, 0x0,
    0xf, 0xf9, 0x9c, 0xf9, 0x19, 0xfe, 0xfe, 0x40,
    0xf, 0xff, 0xff, 0xfd, 0xef, 0xe1, 0x7f, 0xf3,
    0xf, 0xe1, 0x15, 0x96, 0xda, 0x10, 0x6, 0x80,
    0x0, 0x0, 0x0, 0x0, 0x0, 0x0, 0x0, 0x0,

    /* U+6562 "敢" */
    0x0, 0x0, 0x0, 0x0, 0x0, 0x96, 0x0, 0x0,
    0x5, 0xff, 0xff, 0xf9, 0x3, 0xfd, 0x0, 0x0,
    0x2, 0x88, 0x8b, 0xf6, 0x7, 0xf9, 0x0, 0x0,
    0x0, 0x0, 0x9, 0xf3, 0xa, 0xfe, 0xcc, 0xc7,
    0x1f, 0xff, 0xff, 0xff, 0xae, 0xff, 0xff, 0xf9,
    0xa, 0xfe, 0x9b, 0xfd, 0xbf, 0xd4, 0x6f, 0xb2,
    0x0, 0xfd, 0x68, 0xf9, 0xdf, 0xf0, 0x5f, 0x60,
    0x0, 0xff, 0xff, 0xfa, 0xff, 0xf3, 0x8f, 0x30,
    0x0, 0xfa, 0x3, 0xf8, 0x93, 0xf9, 0xcf, 0x0,
    0x0, 0xff, 0xff, 0xf8, 0x0, 0xbf, 0xfb, 0x0,
    0x0, 0xfd, 0x79, 0xf8, 0x0, 0x5f, 0xf5, 0x0,
    0x3, 0xfd, 0x8b, 0xff, 0xa0, 0x4f, 0xf4, 0x0,
    0x5f, 0xff, 0xff, 0xfd, 0x63, 0xff, 0xff, 0x40,
    0x18, 0x64, 0x13, 0xf9, 0x8f, 0xf6, 0x7f, 0xf7,
    0x0, 0x0, 0x3, 0xf8, 0x5e, 0x40, 0x5, 0xc0,
    0x0, 0x0, 0x0, 0x0, 0x0, 0x0, 0x0, 0x0,

    /* U+6563 "散" */
    0x0, 0x0, 0x0, 0x0, 0x0, 0x10, 0x0, 0x0,
    0x0, 0xaf, 0x18, 0xf3, 0x3, 0xfa, 0x0, 0x0,
    0x1, 0xbf, 0x39, 0xf5, 0x15, 0xf8, 0x0, 0x0,
    0x1f, 0xff, 0xff, 0xff, 0xa7, 0xf6, 0x0, 0x0,
    0xa, 0xef, 0xbd, 0xfc, 0x7a, 0xfd, 0xbb, 0xb5,
    0x0, 0xaf, 0x18, 0xf3, 0xe, 0xff, 0xff, 0xf7,
    0x4f, 0xff, 0xff, 0xff, 0xcf, 0xf0, 0x7f, 0x60,
    0x3b, 0xbb, 0xbb, 0xbb, 0xef, 0xf3, 0x9f, 0x30,
    0x2, 0x77, 0x77, 0x77, 0xff, 0xf7, 0xcf, 0x0,
    0x5, 0xff, 0xff, 0xfe, 0x89, 0xec, 0xfc, 0x0,
    0x5, 0xfa, 0x66, 0xee, 0x0, 0xaf, 0xf7, 0x0,
    0x5, 0xff, 0xee, 0xfe, 0x0, 0x4f, 0xf1, 0x0,
    0x5, 0xfa, 0x66, 0xee, 0x0, 0x8f, 0xf4, 0x0,
    0x5, 0xff, 0xff, 0xfe, 0x9, 0xff, 0xff, 0x40,
    0x5, 0xf6, 0x28, 0xfe, 0xdf, 0xe3, 0x9f, 0xf5,
    0x5, 0xf6, 0xf, 0xe6, 0x6a, 0x10, 0x7, 0xa0,
    0x0, 0x0, 0x0, 0x0, 0x0, 0x0, 0x0, 0x0,

    /* U+6566 "敦" */
    0x0, 0x3, 0xb5, 0x0, 0x0, 0xa7, 0x0, 0x0,
    0x0, 0x2, 0xfb, 0x0, 0x2, 0xfb, 0x0, 0x0,
    0x1f, 0xff, 0xff, 0xff, 0xb7, 0xf7, 0x0, 0x0,
    0x8, 0x88, 0x88, 0x88, 0x6b, 0xfa, 0x77, 0x72,
    0x4, 0xee, 0xee, 0xeb, 0x3f, 0xff, 0xff, 0xf4,
    0x4, 0xf8, 0x55, 0xec, 0xbf, 0xd3, 0x9f, 0x71,
    0x4, 0xfe, 0xdd, 0xfe, 0xff, 0xf0, 0xbf, 0x10,
    0x1, 0x66, 0x66, 0x66, 0xec, 0xf4, 0xee, 0x0,
    0x9, 0xff, 0xff, 0xfe, 0x61, 0xfb, 0xfa, 0x0,
    0x4, 0x66, 0x9f, 0xf7, 0x0, 0xcf, 0xf4, 0x0,
    0x0, 0x1, 0xff, 0x87, 0x50, 0x6f, 0xe0, 0x0,
    0x5e, 0xff, 0xff, 0xff, 0x80, 0xbf, 0xf3, 0x0,
    0x39, 0x86, 0xfd, 0x10, 0xa, 0xfd, 0xff, 0x40,
    0x0, 0x68, 0xfb, 0x3, 0xef, 0xc0, 0x7f, 0xf6,
    0x0, 0x8f, 0xd5, 0x0, 0xc9, 0x0, 0x6, 0xb0,
    0x0, 0x0, 0x0, 0x0, 0x0, 0x0, 0x0, 0x0,

    /* U+6570 "数" */
    0x2, 0x70, 0xfb, 0x27, 0x11, 0xd7, 0x0, 0x0,
    0x7, 0xf5, 0xfb, 0x9f, 0x35, 0xf8, 0x0, 0x0,
    0x1, 0xf6, 0xfb, 0xc8, 0x8, 0xf5, 0x0, 0x0,
    0x1d, 0xed, 0xff, 0xdd, 0xab, 0xfc, 0xbb, 0xb5,
    0xa, 0xaf, 0xff, 0xea, 0x8f, 0xff, 0xff, 0xf7,
    0x2, 0xbf, 0xfe, 0xfb, 0x7f, 0xf2, 0x6f, 0x60,
    0x2f, 0xe5, 0xfb, 0x38, 0xdf, 0xf5, 0x9f, 0x30,
    0x6, 0x15, 0xa3, 0x2, 0xfa, 0xf9, 0xcf, 0x0,
    0x6, 0x7d, 0xf8, 0x77, 0x52, 0xbe, 0xfb, 0x0,
    0xc, 0xff, 0xff, 0xff, 0x10, 0x6f, 0xf5, 0x0,
    0x0, 0xdf, 0x13, 0xfb, 0x0, 0x2f, 0xf1, 0x0,
    0x3, 0xef, 0xbd, 0xf2, 0x0, 0xaf, 0xf8, 0x0,
    0x0, 0xb, 0xff, 0xc1, 0x9, 0xfc, 0xef, 0x60,
    0x18, 0xef, 0xea, 0xf7, 0xdf, 0xd1, 0x3f, 0xf8,
    0xe, 0xd7, 0x0, 0x13, 0xf9, 0x10, 0x4, 0xd2,
    0x1, 0x0, 0x0, 0x0, 0x20, 0x0, 0x0, 0x0,

    /* U+6574 "整" */
    0x0, 0x1, 0xf8, 0x0, 0x2, 0xc5, 0x0, 0x0,
    0xe, 0xff, 0xff, 0xff, 0x48, 0xf6, 0x0, 0x0,
    0x5, 0x56, 0xfb, 0x55, 0x2e, 0xff, 0xff, 0xf6,
    0x9, 0xff, 0xff, 0xff, 0xaf, 0xe8, 0xdf, 0xa3,
    0x9, 0xe3, 0xfa, 0x8f, 0xef, 0xf5, 0xfc, 0x0,
    0x9, 0xff, 0xff, 0xff, 0x32, 0xdf, 0xf3, 0x0,
    0x1, 0x9f, 0xfd, 0xf7, 0x3, 0xcf, 0xf8, 0x20,
    0xe, 0xe6, 0xf9, 0x47, 0xaf, 0xb4, 0x9f, 0xf6,
    0x4, 0x98, 0x98, 0x77, 0x9b, 0x77, 0x79, 0x90,
    0x2, 0xff, 0xff, 0xff, 0xff, 0xff, 0xff, 0x60,
    0x0, 0x24, 0x42, 0x2e, 0xf2, 0x22, 0x22, 0x10,
    0x0, 0xb, 0xf0, 0xd, 0xff, 0xff, 0xf0, 0x0,
    0x0, 0xb, 0xf0, 0xd, 0xf6, 0x66, 0x60, 0x0,
    0x9, 0x9e, 0xf9, 0x9f, 0xf9, 0x99, 0x99, 0x94,
    0x1f, 0xff, 0xff, 0xff, 0xff, 0xff, 0xff, 0xf7,

    /* U+6591 "斑" */
    0x0, 0x0, 0x0, 0x3, 0x20, 0x0, 0x0, 0x0,
    0x29, 0x99, 0x91, 0x4f, 0xc0, 0x69, 0x99, 0x96,
    0x4f, 0xff, 0xf2, 0xe, 0xf2, 0xaf, 0xff, 0xf9,
    0x2, 0xdd, 0x29, 0xad, 0xca, 0x91, 0xfd, 0x11,
    0x0, 0xdc, 0xe, 0xff, 0xff, 0xd0, 0xfc, 0x0,
    0x0, 0xdc, 0x1, 0x60, 0xbf, 0x10, 0xfc, 0x0,
    0x18, 0xee, 0x79, 0xf3, 0xed, 0x0, 0xfd, 0x0,
    0x1f, 0xff, 0xe2, 0xfd, 0xf9, 0x7f, 0xff, 0xf3,
    0x2, 0xdd, 0x20, 0x9f, 0xf6, 0x5a, 0xff, 0xa2,
    0x0, 0xdc, 0x0, 0x1f, 0xf3, 0x0, 0xfc, 0x0,
    0x0, 0xdc, 0x0, 0x1f, 0xf7, 0x0, 0xfc, 0x0,
    0x0, 0xde, 0xa4, 0x8f, 0xfe, 0x0, 0xfc, 0x0,
    0x5e, 0xff, 0xf8, 0xfe, 0xaf, 0x30, 0xfc, 0x0,
    0x5f, 0xb6, 0x3d, 0xf6, 0x14, 0xcc, 0xff, 0xca,
    0x0, 0x0, 0x3f, 0x90, 0x4, 0xff, 0xff, 0xfc,
    0x0, 0x0, 0x2, 0x0, 0x0, 0x0, 0x0, 0x0,

    /* U+659C "斜" */
    0x0, 0x0, 0x0, 0x0, 0x0, 0x0, 0x0, 0x0,
    0x0, 0x0, 0xac, 0x20, 0x0, 0x0, 0xcf, 0x10,
    0x0, 0x7, 0xff, 0x60, 0x5, 0x70, 0xcf, 0x10,
    0x0, 0x6f, 0xff, 0xfa, 0x1d, 0xf7, 0xcf, 0x10,
    0x9, 0xff, 0x42, 0xdf, 0xc1, 0xef, 0xef, 0x10,
    0x7f, 0xfd, 0x99, 0xae, 0x70, 0x35, 0xcf, 0x10,
    0x1e, 0xff, 0xff, 0xf7, 0x18, 0x0, 0xcf, 0x10,
    0x0, 0x3, 0xfa, 0x0, 0x8f, 0xc1, 0xcf, 0x10,
    0x1a, 0xab, 0xfd, 0xaa, 0x39, 0xf9, 0xcf, 0x10,
    0x2f, 0xff, 0xff, 0xff, 0x40, 0x70, 0xcf, 0x10,
    0x1, 0x23, 0xfa, 0x12, 0x0, 0x36, 0xef, 0xf6,
    0x7, 0xf7, 0xfa, 0xec, 0x7f, 0xff, 0xff, 0xb5,
    0xd, 0xf3, 0xf9, 0x8f, 0x8c, 0x85, 0xdf, 0x10,
    0x4f, 0x92, 0xf9, 0x3f, 0x60, 0x0, 0xcf, 0x10,
    0x19, 0x9c, 0xf9, 0x2, 0x0, 0x0, 0xcf, 0x10,
    0x0, 0x6f, 0xd3, 0x0, 0x0, 0x0, 0xcf, 0x10,
    0x0, 0x0, 0x0, 0x0, 0x0, 0x0, 0x0, 0x0,

    /* U+65AD "断" */
    0x0, 0x0, 0x0, 0x0, 0x0, 0x0, 0x0, 0x0,
    0x0, 0xf, 0x80, 0x0, 0x0, 0x4d, 0x60, 0xeb,
    0x11, 0xf8, 0x30, 0x5, 0xbf, 0xff, 0x2e, 0xbd,
    0x7f, 0x8f, 0x8d, 0xff, 0xfa, 0x30, 0xeb, 0x9a,
    0xfc, 0xf2, 0xfe, 0x40, 0x0, 0xe, 0xb6, 0x8f,
    0xca, 0xf, 0xd0, 0x0, 0x0, 0xeb, 0xbc, 0xfe,
    0xb7, 0xfd, 0x11, 0x11, 0xe, 0xbd, 0xef, 0xfd,
    0x8f, 0xff, 0xff, 0xf6, 0xeb, 0x9, 0xfe, 0x30,
    0xff, 0xae, 0xfb, 0x4e, 0xb4, 0xff, 0xff, 0x4f,
    0xc0, 0xbf, 0x0, 0xed, 0xfa, 0xf8, 0xb3, 0xfb,
    0xb, 0xf0, 0xe, 0xb9, 0x1f, 0x80, 0x2f, 0x90,
    0xbf, 0x0, 0xeb, 0x0, 0x74, 0x5, 0xf8, 0xb,
    0xf0, 0xe, 0xea, 0xaa, 0xaa, 0xaf, 0x40, 0xbf,
    0x0, 0xef, 0xff, 0xff, 0xfe, 0xf0, 0xb, 0xf0,
    0x0, 0x0, 0x0, 0x0, 0xa9, 0x0, 0xbf, 0x0,
    0x0, 0x0, 0x0, 0x0, 0x0, 0x0, 0x0, 0x0,

    /* U+65AF "斯" */
    0x0, 0x0, 0x0, 0x0, 0x0, 0x0, 0x1, 0x0,
    0x0, 0xdd, 0x0, 0xfb, 0x0, 0x0, 0x7f, 0xa0,
    0x0, 0xdd, 0x0, 0xfc, 0x4, 0xaf, 0xff, 0xb2,
    0x1f, 0xff, 0xff, 0xff, 0xab, 0xfe, 0x82, 0x0,
    0x1d, 0xff, 0xdd, 0xff, 0x9b, 0xe0, 0x0, 0x0,
    0x0, 0xdd, 0x0, 0xfb, 0xb, 0xe0, 0x0, 0x0,
    0x0, 0xdf, 0xff, 0xfb, 0xb, 0xe4, 0x44, 0x42,
    0x0, 0xde, 0x66, 0xfb, 0xb, 0xff, 0xff, 0xf7,
    0x0, 0xde, 0x77, 0xfb, 0xb, 0xf8, 0xef, 0x94,
    0x0, 0xdf, 0xff, 0xfb, 0xc, 0xd0, 0xbf, 0x10,
    0x0, 0xdd, 0x0, 0xfc, 0xe, 0xd0, 0xbf, 0x10,
    0x4f, 0xff, 0xff, 0xff, 0xcf, 0xb0, 0xbf, 0x10,
    0x29, 0xbb, 0x99, 0xb9, 0xaf, 0x90, 0xbf, 0x10,
    0x0, 0xcf, 0x3a, 0xf2, 0x8f, 0x40, 0xbf, 0x10,
    0xb, 0xf9, 0x2, 0xfc, 0xfe, 0x0, 0xbf, 0x10,
    0x7, 0xa0, 0x0, 0x24, 0xf5, 0x0, 0xbf, 0x10,
    0x0, 0x0, 0x0, 0x0, 0x20, 0x0, 0x0, 0x0,

    /* U+65B0 "新" */
    0x0, 0x4, 0x80, 0x0, 0x0, 0x0, 0x4, 0x0,
    0x0, 0x9, 0xf4, 0x0, 0x3, 0x6a, 0xff, 0x80,
    0x1f, 0xff, 0xff, 0xff, 0x4f, 0xff, 0xc7, 0x20,
    0x19, 0xdb, 0x9c, 0xea, 0x4f, 0x90, 0x0, 0x0,
    0x1, 0xf8, 0xb, 0xf1, 0x3f, 0x80, 0x0, 0x0,
    0x28, 0xed, 0x8f, 0xe8, 0x6f, 0xb6, 0x66, 0x62,
    0x5f, 0xff, 0xff, 0xff, 0x8f, 0xff, 0xff, 0xf6,
    0x0, 0x5, 0xf6, 0x0, 0x4f, 0xb6, 0xff, 0x62,
    0x29, 0x9b, 0xfc, 0x99, 0x5f, 0x70, 0xef, 0x0,
    0x3f, 0xff, 0xff, 0xff, 0x5f, 0x60, 0xef, 0x0,
    0x2, 0x76, 0xf7, 0x81, 0x6f, 0x50, 0xef, 0x0,
    0xb, 0xe5, 0xf7, 0xea, 0x9f, 0x30, 0xef, 0x0,
    0x4f, 0x64, 0xf6, 0x7d, 0xef, 0x0, 0xef, 0x0,
    0x4, 0x5b, 0xf5, 0x5, 0xfb, 0x0, 0xef, 0x0,
    0x0, 0x5f, 0xc1, 0x1, 0xb3, 0x0, 0xef, 0x0,
    0x0, 0x0, 0x0, 0x0, 0x0, 0x0, 0x33, 0x0,

    /* U+65B9 "方" */
    0x0, 0x0, 0x0, 0x5, 0x80, 0x0, 0x0, 0x0,
    0x0, 0x0, 0x0, 0x1f, 0xf2, 0x0, 0x0, 0x0,
    0x0, 0x0, 0x0, 0x9, 0xf6, 0x0, 0x0, 0x0,
    0x1f, 0xff, 0xff, 0xff, 0xff, 0xff, 0xff, 0xf2,
    0x1d, 0xdd, 0xdf, 0xfd, 0xdd, 0xdd, 0xdd, 0xd2,
    0x0, 0x0, 0x2f, 0xf0, 0x0, 0x0, 0x0, 0x0,
    0x0, 0x0, 0x3f, 0xe0, 0x0, 0x0, 0x0, 0x0,
    0x0, 0x0, 0x5f, 0xff, 0xff, 0xff, 0xfb, 0x0,
    0x0, 0x0, 0x9f, 0xec, 0xcc, 0xcd, 0xf9, 0x0,
    0x0, 0x0, 0xdf, 0x60, 0x0, 0x6, 0xf8, 0x0,
    0x0, 0x4, 0xff, 0x10, 0x0, 0x8, 0xf7, 0x0,
    0x0, 0xd, 0xf9, 0x0, 0x0, 0xb, 0xf4, 0x0,
    0x0, 0xbf, 0xe1, 0x0, 0x0, 0xf, 0xf1, 0x0,
    0x1d, 0xff, 0x30, 0x7, 0xdc, 0xef, 0xd0, 0x0,
    0x8, 0xd2, 0x0, 0x2, 0xff, 0xfc, 0x20, 0x0,
    0x0, 0x0, 0x0, 0x0, 0x0, 0x0, 0x0, 0x0,

    /* U+65C5 "旅" */
    0x0, 0x4, 0x30, 0x0, 0x26, 0x20, 0x0, 0x0,
    0x0, 0x1f, 0xc0, 0x0, 0x8f, 0x60, 0x0, 0x0,
    0x0, 0xb, 0xd1, 0x0, 0xdf, 0xa9, 0x99, 0x91,
    0x4f, 0xff, 0xff, 0xf6, 0xff, 0xff, 0xff, 0xf3,
    0x3b, 0xff, 0xbb, 0xce, 0xf4, 0x12, 0x6a, 0x20,
    0x0, 0xce, 0x0, 0x5f, 0xa5, 0x9e, 0xff, 0x90,
    0x0, 0xcf, 0xcc, 0x93, 0xff, 0xff, 0xb2, 0x0,
    0x0, 0xdf, 0xff, 0xc1, 0xfc, 0x2f, 0x96, 0x70,
    0x0, 0xed, 0xf, 0xb1, 0xfb, 0xe, 0xef, 0xd1,
    0x0, 0xfa, 0xf, 0xb1, 0xfb, 0xb, 0xfc, 0x10,
    0x2, 0xf8, 0xf, 0xa1, 0xfb, 0x6, 0xf7, 0x0,
    0x7, 0xf6, 0x1f, 0x91, 0xfb, 0x4, 0xfe, 0x0,
    0xd, 0xf1, 0x3f, 0x83, 0xfe, 0xed, 0xaf, 0xa0,
    0x6f, 0xa9, 0xdf, 0x59, 0xff, 0xd6, 0x1e, 0xf2,
    0x3d, 0x1a, 0xfb, 0x3, 0xc4, 0x0, 0x3, 0x60,
    0x0, 0x0, 0x0, 0x0, 0x0, 0x0, 0x0, 0x0,

    /* U+65D7 "旗" */
    0x0, 0x36, 0x0, 0x4, 0x61, 0x0, 0x0, 0x0,
    0x0, 0x9f, 0x40, 0xb, 0xf3, 0x11, 0x11, 0x10,
    0x0, 0x3f, 0x80, 0x3f, 0xff, 0xff, 0xff, 0xf4,
    0x6f, 0xff, 0xff, 0xdf, 0x88, 0x88, 0x88, 0x82,
    0x4a, 0xfd, 0xab, 0xfb, 0xcd, 0x33, 0xbe, 0x30,
    0x1, 0xf9, 0x0, 0x6d, 0xff, 0xff, 0xff, 0xf0,
    0x2, 0xfd, 0xaa, 0x14, 0xde, 0x55, 0xcf, 0x40,
    0x3, 0xff, 0xff, 0x20, 0xcf, 0xff, 0xff, 0x0,
    0x3, 0xf7, 0x8f, 0x20, 0xce, 0x33, 0xcf, 0x0,
    0x4, 0xf4, 0x8f, 0x10, 0xcf, 0xff, 0xff, 0x0,
    0x7, 0xf2, 0x8f, 0x10, 0xde, 0x33, 0xcf, 0x0,
    0xa, 0xf0, 0x9f, 0x7f, 0xff, 0xff, 0xff, 0xf6,
    0xe, 0xb0, 0xaf, 0x37, 0xbe, 0x99, 0xfa, 0x73,
    0x6f, 0x6a, 0xfd, 0x7, 0xfd, 0x12, 0xdf, 0x50,
    0x2c, 0xe, 0xe5, 0x2d, 0xb1, 0x0, 0x1d, 0xb0,
    0x0, 0x0, 0x0, 0x0, 0x0, 0x0, 0x0, 0x0,

    /* U+65E0 "无" */
    0x1, 0xcc, 0xcc, 0xcc, 0xcc, 0xcc, 0xcc, 0x70,
    0x2, 0xff, 0xff, 0xff, 0xff, 0xff, 0xff, 0x90,
    0x0, 0x11, 0x11, 0x3f, 0xd1, 0x11, 0x11, 0x0,
    0x0, 0x0, 0x0, 0x3f, 0xb0, 0x0, 0x0, 0x0,
    0x0, 0x0, 0x0, 0x4f, 0xa0, 0x0, 0x0, 0x0,
    0x1f, 0xff, 0xff, 0xff, 0xff, 0xff, 0xff, 0xf7,
    0x1d, 0xdd, 0xdd, 0xff, 0xff, 0xed, 0xdd, 0xd6,
    0x0, 0x0, 0x0, 0xef, 0xef, 0x30, 0x0, 0x0,
    0x0, 0x0, 0x5, 0xfc, 0xcf, 0x30, 0x0, 0x0,
    0x0, 0x0, 0xe, 0xf5, 0xcf, 0x30, 0x0, 0x0,
    0x0, 0x0, 0xbf, 0xc0, 0xcf, 0x30, 0x4, 0xd5,
    0x0, 0x2c, 0xfe, 0x20, 0xcf, 0x30, 0x6, 0xf7,
    0x1a, 0xff, 0xd1, 0x0, 0xbf, 0xfd, 0xef, 0xf3,
    0xc, 0xf8, 0x0, 0x0, 0x3d, 0xff, 0xff, 0x90,
    0x1, 0x10, 0x0, 0x0, 0x0, 0x0, 0x0, 0x0,

    /* U+65E5 "日" */
    0xbf, 0xff, 0xff, 0xff, 0xff, 0xf2, 0xbf, 0xfe,
    0xee, 0xee, 0xef, 0xf2, 0xbf, 0x30, 0x0, 0x0,
    0xe, 0xf2, 0xbf, 0x30, 0x0, 0x0, 0xe, 0xf2,
    0xbf, 0x30, 0x0, 0x0, 0xe, 0xf2, 0xbf, 0x40,
    0x0, 0x0, 0xe, 0xf2, 0xbf, 0xff, 0xff, 0xff,
    0xff, 0xf2, 0xbf, 0xed, 0xdd, 0xdd, 0xdf, 0xf2,
    0xbf, 0x30, 0x0, 0x0, 0xe, 0xf2, 0xbf, 0x30,
    0x0, 0x0, 0xe, 0xf2, 0xbf, 0x30, 0x0, 0x0,
    0xe, 0xf2, 0xbf, 0xed, 0xdd, 0xdd, 0xdf, 0xf2,
    0xbf, 0xff, 0xff, 0xff, 0xff, 0xf2, 0xbf, 0x40,
    0x0, 0x0, 0xd, 0xf2,

    /* U+65E7 "旧" */
    0x4f, 0xb0, 0x1b, 0xbb, 0xbb, 0xbb, 0xba, 0x4f,
    0xb0, 0x1f, 0xff, 0xff, 0xff, 0xfe, 0x4f, 0xb0,
    0x1f, 0xd0, 0x0, 0x2, 0xfe, 0x4f, 0xb0, 0x1f,
    0xd0, 0x0, 0x1, 0xfe, 0x4f, 0xb0, 0x1f, 0xd0,
    0x0, 0x1, 0xfe, 0x4f, 0xb0, 0x1f, 0xd0, 0x0,
    0x2, 0xfe, 0x4f, 0xb0, 0x1f, 0xff, 0xff, 0xff,
    0xfe, 0x4f, 0xb0, 0x1f, 0xfb, 0xbb, 0xbb, 0xfe,
    0x4f, 0xb0, 0x1f, 0xd0, 0x0, 0x1, 0xfe, 0x4f,
    0xb0, 0x1f, 0xd0, 0x0, 0x1, 0xfe, 0x4f, 0xb0,
    0x1f, 0xd0, 0x0, 0x1, 0xfe, 0x4f, 0xb0, 0x1f,
    0xfb, 0xbb, 0xbb, 0xfe, 0x4f, 0xb0, 0x1f, 0xff,
    0xff, 0xff, 0xfe, 0x4f, 0xb0, 0x1f, 0xd0, 0x0,
    0x2, 0xdc,

    /* U+65E9 "早" */
    0x0, 0x7f, 0xff, 0xff, 0xff, 0xff, 0xfd, 0x0,
    0x0, 0x7f, 0xca, 0xaa, 0xaa, 0xab, 0xfd, 0x0,
    0x0, 0x7f, 0x72, 0x22, 0x22, 0x24, 0xfd, 0x0,
    0x0, 0x7f, 0xff, 0xff, 0xff, 0xff, 0xfd, 0x0,
    0x0, 0x7f, 0x94, 0x44, 0x44, 0x45, 0xfd, 0x0,
    0x0, 0x7f, 0xb8, 0x88, 0x88, 0x89, 0xfd, 0x0,
    0x0, 0x7f, 0xff, 0xff, 0xff, 0xff, 0xfd, 0x0,
    0x0, 0x1, 0x11, 0x1d, 0xf3, 0x11, 0x11, 0x0,
    0x0, 0x0, 0x0, 0xd, 0xf1, 0x0, 0x0, 0x0,
    0x1d, 0xdd, 0xdd, 0xdf, 0xfd, 0xdd, 0xdd, 0xd7,
    0x1f, 0xff, 0xff, 0xff, 0xff, 0xff, 0xff, 0xf8,
    0x0, 0x0, 0x0, 0xd, 0xf1, 0x0, 0x0, 0x0,
    0x0, 0x0, 0x0, 0xd, 0xf1, 0x0, 0x0, 0x0,
    0x0, 0x0, 0x0, 0xd, 0xf1, 0x0, 0x0, 0x0,

    /* U+65F6 "时" */
    0x0, 0x0, 0x0, 0x0, 0x0, 0x1f, 0xd0, 0xa,
    0xbb, 0xbb, 0x80, 0x0, 0x1, 0xfd, 0x0, 0xef,
    0xff, 0xfb, 0x0, 0x0, 0x1f, 0xd0, 0xe, 0xe2,
    0x3f, 0xb9, 0xdd, 0xdd, 0xff, 0xd6, 0xed, 0x1,
    0xfb, 0xbf, 0xff, 0xff, 0xff, 0x7e, 0xd0, 0x1f,
    0xb0, 0x0, 0x2, 0xfd, 0x0, 0xef, 0xbb, 0xfb,
    0x4, 0x10, 0x1f, 0xd0, 0xe, 0xff, 0xff, 0xb5,
    0xfb, 0x1, 0xfd, 0x0, 0xed, 0x1, 0xfb, 0xc,
    0xf6, 0x1f, 0xd0, 0xe, 0xd0, 0x1f, 0xb0, 0x3f,
    0xe2, 0xfd, 0x0, 0xed, 0x1, 0xfb, 0x0, 0x98,
    0x2f, 0xd0, 0xe, 0xff, 0xff, 0xb0, 0x0, 0x1,
    0xfd, 0x0, 0xef, 0xaa, 0xa7, 0x0, 0x0, 0x1f,
    0xd0, 0xa, 0xa0, 0x0, 0x0, 0xd, 0xee, 0xfb,
    0x0, 0x0, 0x0, 0x0, 0x0, 0xaf, 0xeb, 0x20,
    0x0, 0x0, 0x0, 0x0, 0x0, 0x0, 0x0, 0x0,

    /* U+65FA "旺" */
    0x89, 0x99, 0x95, 0xcc, 0xcc, 0xcc, 0xcc, 0x3e,
    0xff, 0xff, 0x6f, 0xff, 0xff, 0xff, 0xf4, 0xed,
    0x1c, 0xf0, 0x0, 0x2f, 0xd0, 0x0, 0xe, 0xd0,
    0xbf, 0x0, 0x1, 0xfd, 0x0, 0x0, 0xed, 0xb,
    0xf0, 0x0, 0x1f, 0xd0, 0x0, 0xe, 0xfe, 0xff,
    0x0, 0x1, 0xfd, 0x0, 0x0, 0xef, 0xcf, 0xf2,
    0xff, 0xff, 0xff, 0xff, 0xe, 0xd0, 0xbf, 0x1c,
    0xcc, 0xff, 0xcc, 0xb0, 0xed, 0xb, 0xf0, 0x0,
    0x1f, 0xd0, 0x0, 0xe, 0xd4, 0xcf, 0x0, 0x1,
    0xfd, 0x0, 0x0, 0xef, 0xff, 0xf0, 0x0, 0x1f,
    0xd0, 0x0, 0xe, 0xe6, 0x67, 0x0, 0x1, 0xfd,
    0x0, 0x0, 0x54, 0x0, 0x2f, 0xff, 0xff, 0xff,
    0xff, 0x80, 0x0, 0x1, 0xcc, 0xcc, 0xcc, 0xcc,
    0xc6,

    /* U+660E "明" */
    0x0, 0x0, 0x0, 0x3, 0x33, 0x33, 0x33, 0xd,
    0xff, 0xff, 0xb1, 0xff, 0xff, 0xff, 0xf0, 0xdf,
    0xbb, 0xfb, 0x1f, 0xe8, 0x88, 0xef, 0xd, 0xe0,
    0xf, 0xb1, 0xfc, 0x0, 0xd, 0xf0, 0xde, 0x0,
    0xfb, 0x1f, 0xd2, 0x22, 0xdf, 0xd, 0xfb, 0xbf,
    0xb1, 0xff, 0xff, 0xff, 0xf0, 0xdf, 0xff, 0xfb,
    0x1f, 0xe9, 0x99, 0xef, 0xd, 0xe0, 0xf, 0xb1,
    0xfc, 0x0, 0xd, 0xf0, 0xde, 0x0, 0xfb, 0x3f,
    0xd5, 0x55, 0xef, 0xd, 0xfa, 0xbf, 0xb6, 0xff,
    0xff, 0xff, 0xf0, 0xdf, 0xff, 0xfb, 0xaf, 0x95,
    0x55, 0xef, 0xd, 0xe0, 0x0, 0x2f, 0xf0, 0x0,
    0xd, 0xf0, 0x22, 0x0, 0xb, 0xf9, 0x0, 0x0,
    0xdf, 0x0, 0x0, 0xa, 0xfe, 0x10, 0x1c, 0xdf,
    0xf0, 0x0, 0x0, 0x5e, 0x30, 0x0, 0xcf, 0xd6,
    0x0, 0x0, 0x0, 0x0, 0x0, 0x0, 0x0, 0x0,

    /* U+661F "星" */
    0x0, 0x7f, 0xff, 0xff, 0xff, 0xff, 0xf7, 0x0,
    0x0, 0x7f, 0xa6, 0x66, 0x66, 0x6b, 0xf7, 0x0,
    0x0, 0x7f, 0xdb, 0xbb, 0xbb, 0xbd, 0xf7, 0x0,
    0x0, 0x7f, 0xca, 0xaa, 0xaa, 0xad, 0xf7, 0x0,
    0x0, 0x7f, 0xb7, 0x77, 0x77, 0x7c, 0xf7, 0x0,
    0x0, 0x7f, 0xff, 0xff, 0xff, 0xff, 0xf6, 0x0,
    0x0, 0x2f, 0xd0, 0xa, 0xb0, 0x0, 0x0, 0x0,
    0x0, 0xbf, 0xfc, 0xcf, 0xfc, 0xcc, 0xcc, 0x0,
    0xa, 0xfe, 0xcc, 0xcf, 0xfc, 0xcc, 0xcc, 0x0,
    0x1d, 0xe5, 0x33, 0x3f, 0xf4, 0x33, 0x31, 0x0,
    0x0, 0x3f, 0xff, 0xff, 0xff, 0xff, 0xf5, 0x0,
    0x0, 0x3, 0x33, 0x3f, 0xf4, 0x33, 0x31, 0x0,
    0xa, 0xaa, 0xaa, 0xaf, 0xfa, 0xaa, 0xaa, 0xa0,
    0xf, 0xff, 0xff, 0xff, 0xff, 0xff, 0xff, 0xf1,

    /* U+6620 "映" */
    0x0, 0x0, 0x0, 0x0, 0xf, 0xa0, 0x0, 0xc,
    0xdd, 0xd9, 0x0, 0x0, 0xfa, 0x0, 0x0, 0xef,
    0xff, 0xb0, 0x0, 0x1f, 0xa0, 0x0, 0xe, 0xd4,
    0xfb, 0x1f, 0xff, 0xff, 0xff, 0xc0, 0xec, 0xf,
    0xb1, 0xfd, 0xaf, 0xea, 0xfc, 0xe, 0xc0, 0xfb,
    0x1f, 0x90, 0xfa, 0xf, 0xc0, 0xef, 0xff, 0xb1,
    0xf9, 0x1f, 0xa0, 0xfc, 0xe, 0xea, 0xfb, 0x1f,
    0x91, 0xfa, 0xf, 0xc0, 0xec, 0xf, 0xbd, 0xff,
    0xff, 0xff, 0xff, 0x8e, 0xc0, 0xfb, 0x78, 0x8c,
    0xff, 0xa8, 0x84, 0xee, 0x9f, 0xb0, 0x0, 0xcf,
    0xfa, 0x0, 0xe, 0xff, 0xfb, 0x0, 0x6f, 0xbb,
    0xf2, 0x0, 0xec, 0x22, 0x10, 0x6f, 0xf2, 0x3f,
    0xc0, 0xb, 0x90, 0x3, 0xbf, 0xf4, 0x0, 0x9f,
    0xd3, 0x0, 0x0, 0x5f, 0xc2, 0x0, 0x0, 0x9f,
    0x30, 0x0, 0x0, 0x20, 0x0, 0x0, 0x0, 0x20,

    /* U+662F "是" */
    0x0, 0x8f, 0xff, 0xff, 0xff, 0xff, 0xf8, 0x0,
    0x0, 0x8f, 0x85, 0x55, 0x55, 0x59, 0xf8, 0x0,
    0x0, 0x8f, 0xff, 0xff, 0xff, 0xff, 0xf8, 0x0,
    0x0, 0x8f, 0x74, 0x44, 0x44, 0x49, 0xf8, 0x0,
    0x0, 0x8f, 0xed, 0xdd, 0xdd, 0xde, 0xf8, 0x0,
    0x0, 0x48, 0x88, 0x88, 0x88, 0x88, 0x84, 0x0,
    0xb, 0xbb, 0xbb, 0xbb, 0xbb, 0xbb, 0xbb, 0xb0,
    0xf, 0xff, 0xff, 0xff, 0xff, 0xff, 0xff, 0xf1,
    0x0, 0x9, 0x91, 0xc, 0xf1, 0x0, 0x0, 0x0,
    0x0, 0x1f, 0xf0, 0xc, 0xff, 0xff, 0xff, 0x0,
    0x0, 0x7f, 0xf5, 0xc, 0xfb, 0xbb, 0xbb, 0x0,
    0x3, 0xff, 0xff, 0x7d, 0xf1, 0x0, 0x0, 0x0,
    0x3f, 0xf8, 0x3f, 0xff, 0xfd, 0xcc, 0xcc, 0xc4,
    0x2d, 0xa0, 0x1, 0x8c, 0xef, 0xff, 0xff, 0xf1,
    0x1, 0x0, 0x0, 0x0, 0x0, 0x0, 0x0, 0x0,

    /* U+6643 "晃" */
    0x0, 0xef, 0xff, 0xff, 0xff, 0xff, 0xfd, 0x0,
    0x0, 0xef, 0x66, 0x66, 0x66, 0x67, 0xfd, 0x0,
    0x0, 0xef, 0xff, 0xff, 0xff, 0xff, 0xfd, 0x0,
    0x0, 0xef, 0x55, 0x55, 0x55, 0x56, 0xfd, 0x0,
    0x0, 0xef, 0x77, 0x77, 0x77, 0x78, 0xfd, 0x0,
    0x0, 0xdf, 0xff, 0xff, 0xff, 0xff, 0xfc, 0x0,
    0x0, 0x5e, 0x60, 0xf, 0xe0, 0x6, 0xf7, 0x0,
    0x0, 0x1e, 0xf2, 0xf, 0xe0, 0x3f, 0xe1, 0x0,
    0x1b, 0xbe, 0xfb, 0xbf, 0xfb, 0xcf, 0xdb, 0xb0,
    0x1f, 0xff, 0xff, 0xff, 0xff, 0xff, 0xff, 0xf0,
    0x0, 0x0, 0x5f, 0xa0, 0x3f, 0xb0, 0x0, 0x0,
    0x0, 0x5, 0xef, 0x40, 0x3f, 0xb0, 0x4, 0xb3,
    0x3b, 0xef, 0xf7, 0x0, 0x2f, 0xfb, 0xad, 0xf5,
    0xd, 0xea, 0x20, 0x0, 0xa, 0xff, 0xff, 0xb0,
    0x0, 0x0, 0x0, 0x0, 0x0, 0x0, 0x0, 0x0,

    /* U+6652 "晒" */
    0x99, 0x99, 0x4f, 0xff, 0xff, 0xff, 0xff, 0x4e,
    0xff, 0xf7, 0xbb, 0xef, 0xcf, 0xdb, 0xb3, 0xea,
    0x3f, 0x70, 0x8, 0xf3, 0xf7, 0x0, 0xe, 0xa1,
    0xf7, 0x8b, 0xef, 0xcf, 0xdb, 0xb0, 0xea, 0x1f,
    0x7b, 0xff, 0xff, 0xff, 0xff, 0xe, 0xff, 0xf7,
    0xbd, 0x3f, 0x4f, 0x2a, 0xf0, 0xee, 0xbf, 0x7b,
    0xd4, 0xf3, 0xf2, 0xaf, 0xe, 0xa1, 0xf7, 0xbd,
    0x8e, 0x3f, 0x3b, 0xf0, 0xea, 0x1f, 0x7b, 0xef,
    0x91, 0xff, 0xff, 0xe, 0xa3, 0xf7, 0xbe, 0xd1,
    0x2, 0x4c, 0xf0, 0xef, 0xff, 0x7b, 0xd0, 0x0,
    0x0, 0xaf, 0xe, 0xec, 0xc6, 0xbe, 0x0, 0x0,
    0xb, 0xf0, 0x85, 0x0, 0xb, 0xff, 0xff, 0xff,
    0xff, 0x0, 0x0, 0x0, 0xbf, 0xaa, 0xaa, 0xad,
    0xf0,

    /* U+665A "晚" */
    0x0, 0x0, 0x0, 0x3, 0x40, 0x0, 0x0, 0x3,
    0x33, 0x33, 0x0, 0xef, 0x20, 0x0, 0x0, 0xef,
    0xff, 0xc0, 0x8f, 0xff, 0xfe, 0x20, 0xe, 0xd6,
    0xfc, 0x5f, 0xe8, 0x9f, 0xd0, 0x0, 0xeb, 0xe,
    0xef, 0xfb, 0x7b, 0xfa, 0x77, 0xe, 0xb0, 0xed,
    0xdf, 0xff, 0xff, 0xff, 0xf0, 0xef, 0xef, 0xc5,
    0xf5, 0x3f, 0xa0, 0xcf, 0xe, 0xfd, 0xfc, 0x5f,
    0x53, 0xf8, 0xc, 0xf0, 0xeb, 0xe, 0xc5, 0xfb,
    0xbf, 0xc9, 0xef, 0xe, 0xb0, 0xec, 0x5f, 0xff,
    0xff, 0xff, 0xf0, 0xec, 0x1e, 0xc0, 0x0, 0xef,
    0xf5, 0x0, 0xe, 0xff, 0xfc, 0x0, 0x9f, 0xff,
    0x50, 0x0, 0xee, 0x99, 0x70, 0x9f, 0xe8, 0xf5,
    0xf, 0x5a, 0x80, 0x17, 0xdf, 0xe2, 0x6f, 0xcb,
    0xf6, 0x0, 0x1, 0xde, 0x80, 0x2, 0xdf, 0xfd,
    0x10, 0x0, 0x1, 0x0, 0x0, 0x0, 0x0, 0x0,

    /* U+666F "景" */
    0x0, 0x7f, 0xff, 0xff, 0xff, 0xff, 0xf6, 0x0,
    0x0, 0x7f, 0x95, 0x55, 0x55, 0x5a, 0xf6, 0x0,
    0x0, 0x7f, 0xff, 0xff, 0xff, 0xff, 0xf6, 0x0,
    0x0, 0x7f, 0x95, 0x55, 0x55, 0x5a, 0xf6, 0x0,
    0x0, 0x5c, 0xcc, 0xcf, 0xec, 0xcc, 0xc5, 0x0,
    0x8, 0x88, 0x88, 0xaf, 0xe8, 0x88, 0x88, 0x80,
    0x1f, 0xff, 0xff, 0xff, 0xff, 0xff, 0xff, 0xf0,
    0x0, 0x7, 0x77, 0x77, 0x77, 0x77, 0x71, 0x0,
    0x0, 0x1f, 0xfc, 0xcc, 0xcc, 0xcf, 0xf2, 0x0,
    0x0, 0x1f, 0xd5, 0x55, 0x55, 0x5d, 0xf2, 0x0,
    0x0, 0x1f, 0xff, 0xff, 0xff, 0xff, 0xf2, 0x0,
    0x0, 0x19, 0xe7, 0xe, 0xf0, 0x8a, 0x50, 0x0,
    0x2c, 0xff, 0xa7, 0x7f, 0xf0, 0x6c, 0xff, 0x80,
    0x7, 0x92, 0x9, 0xfe, 0x80, 0x0, 0x3a, 0x30,

    /* U+667E "晾" */
    0x0, 0x0, 0x0, 0x0, 0x27, 0x50, 0x0, 0x7,
    0x77, 0x76, 0x0, 0x3, 0xfd, 0x0, 0x0, 0xef,
    0xff, 0xc9, 0xff, 0xff, 0xff, 0xff, 0x5e, 0xd3,
    0xfc, 0x7b, 0xbb, 0xbb, 0xbb, 0xb4, 0xec, 0xe,
    0xc0, 0x0, 0x0, 0x0, 0x0, 0xe, 0xc0, 0xec,
    0xf, 0xff, 0xff, 0xff, 0x90, 0xee, 0x9f, 0xc0,
    0xfd, 0x88, 0x8a, 0xf9, 0xe, 0xfd, 0xfc, 0xf,
    0xb0, 0x0, 0x3f, 0x90, 0xec, 0xe, 0xc0, 0xff,
    0xff, 0xff, 0xf9, 0xe, 0xc0, 0xec, 0xa, 0xaa,
    0xfe, 0xaa, 0x60, 0xec, 0xe, 0xc0, 0x88, 0x2f,
    0xc4, 0xa0, 0xe, 0xff, 0xfc, 0x3f, 0xd1, 0xfc,
    0x5f, 0x80, 0xee, 0xaa, 0x9e, 0xf4, 0x1f, 0xc0,
    0xdf, 0xb, 0x90, 0x3, 0xeb, 0xbb, 0xfb, 0x6,
    0xf4, 0x0, 0x0, 0x2, 0xe, 0xfc, 0x40, 0x1,
    0x0,

    /* U+6696 "暖" */
    0x0, 0x0, 0x0, 0x1, 0x23, 0x57, 0xa1, 0x1,
    0x11, 0x11, 0xff, 0xff, 0xff, 0xff, 0x90, 0xef,
    0xff, 0x95, 0xb6, 0x9c, 0x36, 0xd6, 0xe, 0xe9,
    0xf9, 0x5f, 0x49, 0xf0, 0xaf, 0x30, 0xeb, 0x1f,
    0x91, 0xf8, 0x7d, 0x3f, 0xb0, 0xe, 0xb1, 0xf9,
    0xdf, 0xff, 0xff, 0xff, 0xe0, 0xee, 0xcf, 0x94,
    0x7f, 0xc5, 0x55, 0x55, 0xe, 0xfd, 0xfe, 0xff,
    0xff, 0xff, 0xff, 0xf4, 0xeb, 0x1f, 0xc9, 0xcf,
    0xb9, 0x99, 0x99, 0x2e, 0xb1, 0xf9, 0x9, 0xfd,
    0xbb, 0xba, 0x20, 0xeb, 0x1f, 0x90, 0xef, 0xec,
    0xcf, 0xf1, 0xe, 0xff, 0xf9, 0x5f, 0xff, 0x43,
    0xfa, 0x0, 0xee, 0x99, 0x6e, 0xf5, 0xef, 0xee,
    0x10, 0xd, 0xa0, 0x1c, 0xf9, 0x3b, 0xff, 0xe8,
    0x30, 0x0, 0x6, 0xfb, 0x9f, 0xfa, 0x8e, 0xff,
    0x50, 0x0, 0x5, 0x0, 0x71, 0x0, 0x4, 0x60,

    /* U+66F4 "更" */
    0xf, 0xff, 0xff, 0xff, 0xff, 0xff, 0xff, 0xf0,
    0xa, 0xaa, 0xaa, 0xaf, 0xfb, 0xaa, 0xaa, 0xa0,
    0x0, 0x0, 0x0, 0xe, 0xf2, 0x0, 0x0, 0x0,
    0x0, 0x9f, 0xff, 0xff, 0xff, 0xff, 0xff, 0x0,
    0x0, 0x9f, 0x97, 0x7e, 0xf8, 0x77, 0xef, 0x0,
    0x0, 0x9f, 0x87, 0x7e, 0xf8, 0x77, 0xef, 0x0,
    0x0, 0x9f, 0xff, 0xff, 0xff, 0xff, 0xff, 0x0,
    0x0, 0x9f, 0x30, 0xe, 0xf2, 0x0, 0xef, 0x0,
    0x0, 0x9f, 0xff, 0xff, 0xff, 0xff, 0xff, 0x0,
    0x0, 0x5c, 0xd8, 0xbf, 0xe8, 0x88, 0x88, 0x0,
    0x0, 0x1d, 0xf9, 0xdf, 0x60, 0x0, 0x0, 0x0,
    0x0, 0x3, 0xff, 0xff, 0x63, 0x10, 0x0, 0x0,
    0x1a, 0xdf, 0xff, 0xcf, 0xff, 0xff, 0xee, 0xe5,
    0xa, 0xfb, 0x60, 0x1, 0x59, 0xbc, 0xef, 0xf0,
    0x0, 0x0, 0x0, 0x0, 0x0, 0x0, 0x0, 0x0,

    /* U+66FF "替" */
    0x0, 0x4, 0xf8, 0x0, 0x0, 0x6f, 0x50, 0x0,
    0x5, 0x9b, 0xfc, 0x94, 0x59, 0xcf, 0xb9, 0x70,
    0x8, 0xff, 0xff, 0xf7, 0x9f, 0xff, 0xff, 0xc0,
    0x0, 0x5, 0xf8, 0x0, 0x0, 0x7f, 0x50, 0x0,
    0x1f, 0xff, 0xff, 0xf9, 0xdf, 0xff, 0xff, 0xf5,
    0x8, 0x9f, 0xfe, 0x85, 0x7a, 0xff, 0xfa, 0x82,
    0x0, 0x9f, 0xff, 0xb1, 0x2d, 0xf9, 0xfe, 0x20,
    0x1b, 0xfc, 0x19, 0xe5, 0xff, 0x80, 0x6f, 0xf5,
    0xc, 0xea, 0x89, 0xa8, 0xdd, 0x88, 0x89, 0xd1,
    0x0, 0x4f, 0xff, 0xff, 0xff, 0xff, 0xf7, 0x0,
    0x0, 0x4f, 0x91, 0x11, 0x11, 0x18, 0xf7, 0x0,
    0x0, 0x4f, 0xff, 0xff, 0xff, 0xff, 0xf7, 0x0,
    0x0, 0x4f, 0xb4, 0x44, 0x44, 0x4a, 0xf7, 0x0,
    0x0, 0x4f, 0xd9, 0x99, 0x99, 0x9c, 0xf7, 0x0,
    0x0, 0x4f, 0xff, 0xff, 0xff, 0xff, 0xe7, 0x0,

    /* U+6700 "最" */
    0x0, 0x7f, 0xff, 0xff, 0xff, 0xff, 0xf2, 0x0,
    0x0, 0x7f, 0x96, 0x66, 0x66, 0x6d, 0xf2, 0x0,
    0x0, 0x7f, 0xff, 0xff, 0xff, 0xff, 0xf2, 0x0,
    0x0, 0x7f, 0x95, 0x55, 0x55, 0x5d, 0xf2, 0x0,
    0x0, 0x6d, 0xdd, 0xdd, 0xdd, 0xdd, 0xd2, 0x0,
    0x38, 0x88, 0x88, 0x88, 0x88, 0x88, 0x88, 0x80,
    0x6f, 0xff, 0xff, 0xff, 0xff, 0xff, 0xff, 0xf1,
    0x0, 0xfd, 0x58, 0xf9, 0x56, 0x66, 0x66, 0x20,
    0x0, 0xff, 0xff, 0xf9, 0xdf, 0xff, 0xff, 0x90,
    0x0, 0xfd, 0x57, 0xf9, 0x4f, 0x81, 0xaf, 0x30,
    0x0, 0xff, 0xff, 0xf9, 0xa, 0xf8, 0xfa, 0x0,
    0x3, 0xfd, 0x69, 0xfe, 0x41, 0xff, 0xf1, 0x0,
    0x6f, 0xff, 0xfe, 0xfd, 0xae, 0xfd, 0xff, 0xa1,
    0x14, 0x21, 0x3, 0xf9, 0x7a, 0x30, 0x39, 0x90,

    /* U+6708 "月" */
    0x0, 0xf, 0xff, 0xff, 0xff, 0xff, 0xf3, 0x0,
    0xf, 0xfd, 0xdd, 0xdd, 0xdf, 0xf3, 0x0, 0xf,
    0xf0, 0x0, 0x0, 0xc, 0xf3, 0x0, 0xf, 0xf0,
    0x0, 0x0, 0xc, 0xf3, 0x0, 0xf, 0xff, 0xff,
    0xff, 0xff, 0xf3, 0x0, 0xf, 0xfc, 0xcc, 0xcc,
    0xcf, 0xf3, 0x0, 0xf, 0xf0, 0x0, 0x0, 0xc,
    0xf3, 0x0, 0x1f, 0xe0, 0x0, 0x0, 0xd, 0xf3,
    0x0, 0x4f, 0xff, 0xff, 0xff, 0xff, 0xf3, 0x0,
    0x8f, 0xec, 0xcc, 0xcc, 0xcf, 0xf3, 0x0, 0xef,
    0x40, 0x0, 0x0, 0xc, 0xf3, 0x9, 0xfd, 0x0,
    0x0, 0x0, 0xd, 0xf3, 0x5f, 0xf4, 0x0, 0x0,
    0xcf, 0xff, 0xf0, 0xa, 0x50, 0x0, 0x0, 0x7f,
    0xfc, 0x50, 0x0, 0x0, 0x0, 0x0, 0x0, 0x0,
    0x0,

    /* U+6709 "有" */
    0x0, 0x0, 0x2, 0x84, 0x0, 0x0, 0x0, 0x0,
    0x0, 0x0, 0x8, 0xf9, 0x0, 0x0, 0x0, 0x0,
    0xb, 0xbb, 0xbe, 0xfd, 0xbb, 0xbb, 0xbb, 0xb1,
    0x1f, 0xff, 0xff, 0xff, 0xff, 0xff, 0xff, 0xf1,
    0x0, 0x1, 0xdf, 0x50, 0x0, 0x0, 0x0, 0x0,
    0x0, 0x8, 0xff, 0xaa, 0xaa, 0xaa, 0xa3, 0x0,
    0x0, 0x3f, 0xff, 0xff, 0xff, 0xff, 0xf5, 0x0,
    0x3, 0xff, 0xfb, 0x0, 0x0, 0x8, 0xf5, 0x0,
    0x3f, 0xfc, 0xff, 0xff, 0xff, 0xff, 0xf5, 0x0,
    0x1e, 0x93, 0xfe, 0xaa, 0xaa, 0xad, 0xf5, 0x0,
    0x2, 0x3, 0xfb, 0x0, 0x0, 0x8, 0xf5, 0x0,
    0x0, 0x3, 0xff, 0xff, 0xff, 0xff, 0xf5, 0x0,
    0x0, 0x3, 0xfd, 0x88, 0x88, 0x8c, 0xf5, 0x0,
    0x0, 0x3, 0xfa, 0x0, 0xa, 0xce, 0xf4, 0x0,
    0x0, 0x3, 0xfa, 0x0, 0x8, 0xfe, 0xa0, 0x0,
    0x0, 0x0, 0x0, 0x0, 0x0, 0x0, 0x0, 0x0,

    /* U+671B "望" */
    0x0, 0x2, 0x50, 0x0, 0x0, 0x0, 0x0, 0x0,
    0x0, 0xb, 0xf3, 0x0, 0x5f, 0xff, 0xff, 0xc0,
    0x5f, 0xff, 0xff, 0xfe, 0x6f, 0x95, 0x6f, 0xc0,
    0x38, 0xdf, 0x98, 0x88, 0x6f, 0xff, 0xff, 0xc0,
    0x0, 0xbf, 0x10, 0x0, 0x7f, 0x73, 0x4f, 0xc0,
    0x0, 0xbf, 0x57, 0xb5, 0xaf, 0xff, 0xff, 0xc0,
    0x2, 0xff, 0xff, 0xe7, 0xfd, 0x33, 0x5f, 0xc0,
    0x3, 0xfc, 0x73, 0xc, 0xf5, 0xe, 0xff, 0x90,
    0x0, 0x42, 0x22, 0x25, 0x72, 0x28, 0xb9, 0x10,
    0x1, 0xff, 0xff, 0xff, 0xff, 0xff, 0xff, 0x30,
    0x0, 0x44, 0x44, 0x4f, 0xf4, 0x44, 0x44, 0x10,
    0x0, 0x6f, 0xff, 0xff, 0xff, 0xff, 0xf7, 0x0,
    0x0, 0x38, 0x88, 0x8f, 0xf8, 0x88, 0x84, 0x0,
    0x19, 0x99, 0x99, 0x9f, 0xf9, 0x99, 0x99, 0x91,
    0x1f, 0xff, 0xff, 0xff, 0xff, 0xff, 0xff, 0xf1,

    /* U+671D "朝" */
    0x0, 0x9, 0xf4, 0x0, 0x0, 0x0, 0x0, 0x0,
    0x0, 0x9f, 0x40, 0x3, 0xff, 0xff, 0xfd, 0x5f,
    0xff, 0xff, 0xff, 0x3f, 0xeb, 0xbf, 0xd3, 0xaa,
    0xdf, 0xca, 0xa3, 0xf9, 0x0, 0xfd, 0x6, 0x7c,
    0xf9, 0x75, 0x3f, 0x90, 0xf, 0xd0, 0xdf, 0xee,
    0xef, 0xb3, 0xff, 0xff, 0xfd, 0xd, 0xd3, 0x33,
    0xfb, 0x3f, 0xda, 0xaf, 0xd0, 0xdf, 0xff, 0xff,
    0xb3, 0xf9, 0x0, 0xfd, 0xd, 0xc1, 0x12, 0xfb,
    0x4f, 0xb6, 0x6f, 0xd0, 0xdf, 0xff, 0xff, 0xb5,
    0xff, 0xff, 0xfd, 0x5, 0x6c, 0xf9, 0x64, 0x9f,
    0x85, 0x6f, 0xd4, 0xbb, 0xef, 0xcb, 0xbd, 0xf0,
    0x0, 0xfd, 0x6f, 0xff, 0xff, 0xff, 0xfb, 0x0,
    0xf, 0xd0, 0x0, 0x9f, 0x40, 0xcf, 0x30, 0xce,
    0xfc, 0x0, 0x9, 0xf4, 0x8, 0x90, 0xa, 0xfd,
    0x40, 0x0, 0x0, 0x0, 0x0, 0x0, 0x0, 0x0,

    /* U+671F "期" */
    0x0, 0xde, 0x1, 0xf9, 0x0, 0x0, 0x0, 0x0,
    0x0, 0xde, 0x1, 0xf9, 0xb, 0xff, 0xff, 0xf1,
    0x1d, 0xff, 0xdd, 0xfe, 0x9b, 0xfb, 0xbe, 0xf1,
    0x1e, 0xff, 0xee, 0xff, 0xab, 0xf0, 0xb, 0xf1,
    0x0, 0xde, 0x13, 0xf9, 0xb, 0xf3, 0x3c, 0xf1,
    0x0, 0xdf, 0xff, 0xf9, 0xb, 0xff, 0xff, 0xf1,
    0x0, 0xde, 0x67, 0xf9, 0xc, 0xf6, 0x6d, 0xf1,
    0x0, 0xdf, 0x78, 0xf9, 0xc, 0xf0, 0xb, 0xf1,
    0x0, 0xdf, 0xff, 0xf9, 0xd, 0xf7, 0x7d, 0xf1,
    0x0, 0xde, 0x2, 0xfa, 0xe, 0xff, 0xff, 0xf1,
    0x4f, 0xff, 0xff, 0xff, 0x9f, 0xc1, 0x1c, 0xf1,
    0x29, 0xcc, 0x9a, 0xc9, 0x8f, 0x90, 0xb, 0xf1,
    0x0, 0xdf, 0x39, 0xf5, 0x7f, 0x60, 0xc, 0xf1,
    0x1c, 0xf9, 0x0, 0xdf, 0xef, 0x17, 0xcf, 0xf0,
    0x9, 0xa0, 0x0, 0x21, 0x59, 0x5, 0xfe, 0x70,
    0x0, 0x0, 0x0, 0x0, 0x0, 0x0, 0x0, 0x0,

    /* U+6728 "木" */
    0x0, 0x0, 0x0, 0xf, 0xf0, 0x0, 0x0, 0x0,
    0x0, 0x0, 0x0, 0xf, 0xf0, 0x0, 0x0, 0x0,
    0x0, 0x0, 0x0, 0xf, 0xf0, 0x0, 0x0, 0x0,
    0x0, 0x0, 0x0, 0xf, 0xf0, 0x0, 0x0, 0x0,
    0xd, 0xdd, 0xdd, 0xdf, 0xfd, 0xdd, 0xdd, 0xd0,
    0xf, 0xff, 0xff, 0xff, 0xff, 0xff, 0xff, 0xf0,
    0x0, 0x0, 0x3, 0xff, 0xff, 0x20, 0x0, 0x0,
    0x0, 0x0, 0xc, 0xff, 0xff, 0xc0, 0x0, 0x0,
    0x0, 0x0, 0x8f, 0xbf, 0xfa, 0xf9, 0x0, 0x0,
    0x0, 0x6, 0xfe, 0x1f, 0xf1, 0xdf, 0x80, 0x0,
    0x0, 0x8f, 0xf3, 0xf, 0xf0, 0x2e, 0xf9, 0x0,
    0x2c, 0xff, 0x40, 0xf, 0xf0, 0x3, 0xef, 0xd3,
    0x4f, 0xd2, 0x0, 0xf, 0xf0, 0x0, 0x1c, 0xf3,
    0x4, 0x10, 0x0, 0xf, 0xf0, 0x0, 0x0, 0x30,
    0x0, 0x0, 0x0, 0xf, 0xf0, 0x0, 0x0, 0x0,

    /* U+672A "未" */
    0x0, 0x0, 0x0, 0xf, 0xf0, 0x0, 0x0, 0x0,
    0x0, 0x0, 0x0, 0xf, 0xf0, 0x0, 0x0, 0x0,
    0x0, 0x0, 0x0, 0x1f, 0xf0, 0x0, 0x0, 0x0,
    0x0, 0xef, 0xff, 0xff, 0xff, 0xff, 0xff, 0x0,
    0x0, 0xcd, 0xdd, 0xdf, 0xfd, 0xdd, 0xdd, 0x0,
    0x0, 0x0, 0x0, 0xf, 0xf0, 0x0, 0x0, 0x0,
    0x0, 0x0, 0x0, 0x1f, 0xf0, 0x0, 0x0, 0x0,
    0x1f, 0xff, 0xff, 0xff, 0xff, 0xff, 0xff, 0xf2,
    0x1d, 0xdd, 0xdd, 0xff, 0xff, 0xdd, 0xdd, 0xd2,
    0x0, 0x0, 0xa, 0xff, 0xff, 0x90, 0x0, 0x0,
    0x0, 0x0, 0xbf, 0xdf, 0xfc, 0xfb, 0x0, 0x0,
    0x0, 0x4d, 0xfb, 0x1f, 0xf0, 0xbf, 0xd4, 0x0,
    0x2c, 0xff, 0xa0, 0xf, 0xf0, 0xa, 0xff, 0xb2,
    0x1e, 0xd4, 0x0, 0xf, 0xf0, 0x0, 0x5e, 0xe1,
    0x2, 0x0, 0x0, 0xf, 0xf0, 0x0, 0x0, 0x20,

    /* U+6735 "朵" */
    0x0, 0x0, 0xcf, 0xff, 0xff, 0xfe, 0x0, 0x0,
    0x0, 0x0, 0xdf, 0xdd, 0xdd, 0xfe, 0x0, 0x0,
    0x0, 0x0, 0xff, 0x10, 0x0, 0xfe, 0x0, 0x0,
    0x0, 0xa, 0xfd, 0x0, 0x0, 0xfe, 0x0, 0x0,
    0x7, 0xdf, 0xf4, 0x0, 0x0, 0xff, 0xcc, 0xd1,
    0x9, 0xff, 0x50, 0x1e, 0xd0, 0x7f, 0xff, 0xf2,
    0x1, 0x81, 0x0, 0x1f, 0xe0, 0x0, 0x0, 0x0,
    0x1d, 0xdd, 0xdd, 0xdf, 0xfd, 0xdd, 0xdd, 0xd1,
    0x1f, 0xff, 0xff, 0xff, 0xff, 0xff, 0xff, 0xf1,
    0x0, 0x0, 0x1b, 0xff, 0xff, 0xb1, 0x0, 0x0,
    0x0, 0x5, 0xef, 0x9f, 0xe5, 0xfe, 0x60, 0x0,
    0x17, 0xef, 0xe4, 0x1f, 0xe0, 0x3e, 0xfe, 0x81,
    0x1e, 0xf9, 0x10, 0x1f, 0xe0, 0x0, 0x7e, 0xe1,
    0x2, 0x10, 0x0, 0x1f, 0xe0, 0x0, 0x0, 0x10,

    /* U+673A "机" */
    0x0, 0xd, 0xe0, 0x0, 0x0, 0x0, 0x0, 0x0,
    0x0, 0xd, 0xe0, 0x0, 0xff, 0xff, 0xfb, 0x0,
    0x0, 0xd, 0xe0, 0x0, 0xff, 0xcd, 0xfb, 0x0,
    0x0, 0xe, 0xf0, 0x0, 0xfd, 0x2, 0xfb, 0x0,
    0x3f, 0xff, 0xff, 0xf0, 0xfd, 0x2, 0xfb, 0x0,
    0x2b, 0xcf, 0xfb, 0xb0, 0xfd, 0x2, 0xfb, 0x0,
    0x0, 0x6f, 0xf0, 0x0, 0xfd, 0x2, 0xfb, 0x0,
    0x0, 0xcf, 0xfb, 0x0, 0xfc, 0x2, 0xfb, 0x0,
    0x3, 0xff, 0xff, 0xa1, 0xfb, 0x2, 0xfb, 0x0,
    0xb, 0xee, 0xe9, 0xe5, 0xf8, 0x2, 0xfb, 0x0,
    0x6f, 0x7d, 0xe1, 0x38, 0xf5, 0x2, 0xfb, 0x10,
    0x3d, 0xd, 0xe0, 0xd, 0xf1, 0x2, 0xfb, 0x6d,
    0x2, 0xd, 0xe0, 0x6f, 0xa0, 0x2, 0xfc, 0x6e,
    0x0, 0xd, 0xe3, 0xff, 0x20, 0x1, 0xff, 0xed,
    0x0, 0xd, 0xe0, 0x95, 0x0, 0x0, 0x9f, 0xe5,

    /* U+6751 "村" */
    0x0, 0xc, 0xf1, 0x0, 0x0, 0x0, 0xcf, 0x20,
    0x0, 0xc, 0xf1, 0x0, 0x0, 0x0, 0xcf, 0x20,
    0x0, 0xc, 0xf1, 0x0, 0x0, 0x0, 0xcf, 0x20,
    0x0, 0xc, 0xf1, 0x0, 0x11, 0x11, 0xdf, 0x30,
    0x3f, 0xff, 0xff, 0xf5, 0xff, 0xff, 0xff, 0xfb,
    0x2b, 0xbf, 0xfc, 0xb4, 0xbb, 0xbb, 0xff, 0xc8,
    0x0, 0x4f, 0xf2, 0x0, 0x0, 0x0, 0xcf, 0x20,
    0x0, 0xbf, 0xfe, 0x20, 0xae, 0x10, 0xcf, 0x20,
    0x3, 0xff, 0xff, 0xe1, 0x6f, 0xa0, 0xcf, 0x20,
    0xd, 0xfd, 0xf8, 0xf3, 0xd, 0xf2, 0xcf, 0x20,
    0x7f, 0x8c, 0xf1, 0x30, 0x6, 0xb2, 0xcf, 0x20,
    0x3d, 0xc, 0xf1, 0x0, 0x0, 0x0, 0xcf, 0x20,
    0x1, 0xc, 0xf1, 0x0, 0x0, 0x0, 0xdf, 0x20,
    0x0, 0xc, 0xf1, 0x0, 0x6, 0xff, 0xff, 0x0,
    0x0, 0xc, 0xf1, 0x0, 0x1, 0xff, 0xd6, 0x0,
    0x0, 0x0, 0x0, 0x0, 0x0, 0x0, 0x0, 0x0,

    /* U+6761 "条" */
    0x0, 0x0, 0x2, 0x30, 0x0, 0x0, 0x0, 0x0,
    0x0, 0x0, 0xd, 0xf9, 0x0, 0x1, 0x0, 0x0,
    0x0, 0x0, 0xcf, 0xff, 0xff, 0xff, 0xb0, 0x0,
    0x0, 0x3d, 0xff, 0xa8, 0x8a, 0xff, 0x70, 0x0,
    0x8, 0xff, 0xaf, 0xf6, 0x5e, 0xf8, 0x0, 0x0,
    0x1, 0x82, 0x4, 0xff, 0xff, 0x80, 0x0, 0x0,
    0x3, 0x58, 0xcf, 0xfe, 0xdf, 0xfe, 0xa7, 0x51,
    0x3f, 0xff, 0xfc, 0x67, 0x64, 0xaf, 0xff, 0xf1,
    0xb, 0xa6, 0x20, 0xf, 0xf0, 0x0, 0x37, 0x50,
    0x0, 0x7a, 0xaa, 0xaf, 0xfa, 0xaa, 0xa9, 0x0,
    0x0, 0xaf, 0xff, 0xff, 0xff, 0xff, 0xfe, 0x0,
    0x0, 0x3, 0xc5, 0xf, 0xf0, 0x4a, 0x10, 0x0,
    0x0, 0x8f, 0xe2, 0xf, 0xf0, 0x6f, 0xe3, 0x0,
    0x7, 0xfb, 0x16, 0xaf, 0xe0, 0x4, 0xfe, 0x10,
    0x0, 0x40, 0x5, 0xfe, 0x70, 0x0, 0x43, 0x0,

    /* U+6765 "来" */
    0x0, 0x0, 0x0, 0xf, 0xf0, 0x0, 0x0, 0x0,
    0x0, 0x0, 0x0, 0xf, 0xf0, 0x0, 0x0, 0x0,
    0x5, 0xcc, 0xcc, 0xdf, 0xfd, 0xcc, 0xcc, 0x70,
    0x6, 0xff, 0xff, 0xff, 0xff, 0xff, 0xff, 0x80,
    0x0, 0x1b, 0xa0, 0xf, 0xf0, 0x8, 0xd5, 0x0,
    0x0, 0xd, 0xf3, 0xf, 0xf0, 0xe, 0xf2, 0x0,
    0x0, 0x6, 0xf7, 0xf, 0xf0, 0x6f, 0x80, 0x0,
    0x1c, 0xcd, 0xec, 0xcf, 0xfc, 0xce, 0xcc, 0xc1,
    0x2f, 0xff, 0xff, 0xff, 0xff, 0xff, 0xff, 0xf2,
    0x0, 0x0, 0x1a, 0xff, 0xff, 0xa1, 0x0, 0x0,
    0x0, 0x0, 0xbf, 0xbf, 0xfb, 0xfb, 0x0, 0x0,
    0x0, 0x4d, 0xfb, 0xf, 0xf0, 0xbf, 0xc3, 0x0,
    0x2b, 0xff, 0xa0, 0xf, 0xf0, 0xa, 0xff, 0xa1,
    0x2e, 0xe5, 0x0, 0xf, 0xf0, 0x0, 0x5e, 0xe2,
    0x2, 0x10, 0x0, 0xf, 0xf0, 0x0, 0x1, 0x30,

    /* U+6768 "杨" */
    0x0, 0xaf, 0x10, 0x0, 0x0, 0x0, 0x10, 0x0,
    0x0, 0xaf, 0x12, 0xff, 0xff, 0xff, 0xf9, 0x0,
    0x0, 0xaf, 0x11, 0xcc, 0xcc, 0xff, 0xf6, 0x0,
    0x5b, 0xef, 0xc7, 0x0, 0x1b, 0xfe, 0x40, 0x0,
    0x7f, 0xff, 0xfa, 0x4, 0xef, 0xb1, 0x0, 0x0,
    0x0, 0xef, 0x60, 0xbf, 0xff, 0xcb, 0xbb, 0xb2,
    0x3, 0xff, 0xe1, 0xbf, 0xff, 0xff, 0xff, 0xf2,
    0x7, 0xff, 0xfb, 0x14, 0xfa, 0x5f, 0x7d, 0xf0,
    0xd, 0xff, 0x9a, 0xc, 0xf1, 0xaf, 0x1e, 0xf0,
    0x4f, 0xef, 0x20, 0x9f, 0x82, 0xfb, 0xf, 0xe0,
    0xae, 0xbf, 0x1a, 0xfa, 0xb, 0xf2, 0x1f, 0xc0,
    0x47, 0xaf, 0x13, 0x80, 0x7f, 0x80, 0x4f, 0xa0,
    0x0, 0xaf, 0x10, 0x6, 0xfc, 0x0, 0x8f, 0x70,
    0x0, 0xaf, 0x10, 0x9f, 0xd1, 0x8c, 0xff, 0x30,
    0x0, 0xaf, 0x10, 0x9a, 0x0, 0x6f, 0xe8, 0x0,
    0x0, 0x0, 0x0, 0x0, 0x0, 0x0, 0x0, 0x0,

    /* U+677E "松" */
    0x0, 0x1f, 0xc0, 0x0, 0x34, 0x3, 0x81, 0x0,
    0x0, 0x1f, 0xc0, 0x0, 0xbf, 0x58, 0xf6, 0x0,
    0x0, 0x1f, 0xc0, 0x1, 0xff, 0x4, 0xfb, 0x0,
    0x29, 0xaf, 0xe9, 0x65, 0xfa, 0x0, 0xff, 0x10,
    0x4f, 0xff, 0xff, 0xab, 0xf5, 0x0, 0x9f, 0xa0,
    0x2, 0x6f, 0xd2, 0x5f, 0xe3, 0x72, 0x2f, 0xf3,
    0x0, 0xaf, 0xf6, 0xdf, 0x68, 0xfa, 0x8, 0xf4,
    0x0, 0xff, 0xff, 0x48, 0xd, 0xf5, 0x0, 0x50,
    0x5, 0xff, 0xef, 0xc0, 0x3f, 0xe0, 0x0, 0x0,
    0xd, 0xdf, 0xc9, 0xe1, 0x9f, 0x82, 0xc8, 0x0,
    0x5f, 0x7f, 0xc1, 0x20, 0xff, 0x10, 0xee, 0x0,
    0xc, 0x1f, 0xc0, 0x7, 0xf9, 0x0, 0x8f, 0x70,
    0x0, 0x1f, 0xc0, 0x3f, 0xfb, 0xbd, 0xff, 0xd0,
    0x0, 0x1f, 0xc0, 0x6f, 0xff, 0xfe, 0xce, 0xf3,
    0x0, 0x1f, 0xc0, 0x8, 0x53, 0x0, 0x5, 0x70,

    /* U+677F "板" */
    0x0, 0x1f, 0xb0, 0x0, 0x0, 0x0, 0x38, 0x50,
    0x0, 0x1f, 0xb0, 0x6, 0x8a, 0xbe, 0xff, 0xf2,
    0x0, 0x1f, 0xb0, 0xf, 0xff, 0xfe, 0xc8, 0x40,
    0x9, 0x9f, 0xd9, 0x3f, 0xd2, 0x0, 0x0, 0x0,
    0xf, 0xff, 0xff, 0x6f, 0xd0, 0x0, 0x0, 0x0,
    0x4, 0x7f, 0xd4, 0x1f, 0xff, 0xff, 0xff, 0xe0,
    0x0, 0x8f, 0xf5, 0xf, 0xff, 0xda, 0xaf, 0xc0,
    0x0, 0xef, 0xff, 0x2f, 0xce, 0xd0, 0x5f, 0x80,
    0x4, 0xff, 0xcf, 0x8f, 0xa9, 0xf3, 0xbf, 0x40,
    0xc, 0xcf, 0xb4, 0x4f, 0x84, 0xfb, 0xfd, 0x0,
    0x4f, 0x6f, 0xb0, 0x8f, 0x50, 0xcf, 0xf5, 0x0,
    0xb, 0x1f, 0xb0, 0xcf, 0x10, 0x9f, 0xf1, 0x0,
    0x0, 0x1f, 0xb2, 0xfc, 0x1a, 0xff, 0xfe, 0x30,
    0x0, 0x1f, 0xbb, 0xfb, 0xff, 0xb1, 0xaf, 0xf8,
    0x0, 0x1f, 0xb5, 0xc0, 0xb6, 0x0, 0x6, 0xd2,
    0x0, 0x0, 0x0, 0x0, 0x0, 0x0, 0x0, 0x0,

    /* U+6781 "极" */
    0x0, 0x1f, 0x90, 0x0, 0x0, 0x0, 0x0, 0x0,
    0x0, 0x1f, 0x90, 0x7b, 0xbb, 0xbb, 0xb7, 0x0,
    0x0, 0x1f, 0x90, 0xaf, 0xff, 0xff, 0xf7, 0x0,
    0xb, 0xbf, 0xeb, 0x13, 0xfa, 0x9, 0xf3, 0x0,
    0xf, 0xff, 0xff, 0x13, 0xf8, 0xc, 0xf0, 0x0,
    0x0, 0x6f, 0xc1, 0x5, 0xf7, 0x1f, 0xe9, 0x81,
    0x0, 0xaf, 0xf6, 0x6, 0xf7, 0x5f, 0xff, 0xf1,
    0x0, 0xff, 0xff, 0x29, 0xfd, 0x0, 0x1f, 0xc0,
    0x6, 0xff, 0xae, 0x3c, 0xff, 0x50, 0x7f, 0x80,
    0xd, 0xdf, 0x91, 0xf, 0xef, 0xe1, 0xef, 0x20,
    0x5f, 0x7f, 0x90, 0x5f, 0x87, 0xfd, 0xf9, 0x0,
    0xb, 0x1f, 0x90, 0xbf, 0x30, 0xcf, 0xf2, 0x0,
    0x0, 0x1f, 0x94, 0xfd, 0x7, 0xff, 0xfe, 0x50,
    0x0, 0x1f, 0xbe, 0xf4, 0xaf, 0xf6, 0xaf, 0xf8,
    0x0, 0x1f, 0xa7, 0x90, 0x2c, 0x20, 0x4, 0xb0,
    0x0, 0x0, 0x0, 0x0, 0x0, 0x0, 0x0, 0x0,

    /* U+6797 "林" */
    0x0, 0xc, 0xf1, 0x0, 0x0, 0xdf, 0x10, 0x0,
    0x0, 0xc, 0xf1, 0x0, 0x0, 0xdf, 0x10, 0x0,
    0x0, 0xc, 0xf1, 0x0, 0x0, 0xdf, 0x10, 0x0,
    0x0, 0xc, 0xf1, 0x0, 0x0, 0xdf, 0x10, 0x0,
    0x4f, 0xff, 0xff, 0xfa, 0xff, 0xff, 0xff, 0xe0,
    0x3b, 0xcf, 0xfc, 0xb7, 0xbc, 0xff, 0xdb, 0xa0,
    0x0, 0x5f, 0xf9, 0x0, 0x7, 0xff, 0xc0, 0x0,
    0x0, 0xcf, 0xff, 0x80, 0xe, 0xff, 0xf3, 0x0,
    0x3, 0xff, 0xfc, 0xf4, 0x6f, 0xff, 0xfa, 0x0,
    0xd, 0xed, 0xf3, 0xb2, 0xfc, 0xdf, 0xcf, 0x30,
    0x8f, 0x7c, 0xf1, 0x1d, 0xf4, 0xdf, 0x5f, 0xd0,
    0x5d, 0xc, 0xf1, 0x5f, 0x90, 0xdf, 0x1b, 0xe1,
    0x2, 0xc, 0xf1, 0x9, 0x0, 0xdf, 0x11, 0x20,
    0x0, 0xc, 0xf1, 0x0, 0x0, 0xdf, 0x10, 0x0,
    0x0, 0xc, 0xf1, 0x0, 0x0, 0xdf, 0x10, 0x0,

    /* U+679A "枚" */
    0x0, 0x0, 0x0, 0x0, 0x0, 0x0, 0x0, 0x0,
    0x0, 0xf, 0xc0, 0x0, 0x2e, 0x90, 0x0, 0x0,
    0x0, 0xf, 0xc0, 0x0, 0x7f, 0xb0, 0x0, 0x0,
    0x0, 0xf, 0xc0, 0x0, 0xcf, 0x70, 0x0, 0x0,
    0x0, 0x1f, 0xc0, 0x0, 0xff, 0x96, 0x66, 0x62,
    0x3f, 0xff, 0xff, 0xb7, 0xff, 0xff, 0xff, 0xf6,
    0x2b, 0xdf, 0xfb, 0x9e, 0xfb, 0x66, 0xdf, 0x92,
    0x0, 0x8f, 0xc0, 0xbf, 0xfb, 0x0, 0xff, 0x10,
    0x0, 0xef, 0xf5, 0x7f, 0xdf, 0x13, 0xfc, 0x0,
    0x4, 0xff, 0xff, 0x43, 0x5f, 0x8a, 0xf7, 0x0,
    0xc, 0xdf, 0xcd, 0xe1, 0xe, 0xef, 0xe0, 0x0,
    0x6f, 0x7f, 0xc3, 0xc0, 0x7, 0xff, 0x70, 0x0,
    0x4d, 0x1f, 0xc0, 0x0, 0xb, 0xff, 0x90, 0x0,
    0x2, 0xf, 0xc0, 0x3, 0xdf, 0xde, 0xfb, 0x20,
    0x0, 0xf, 0xc0, 0xbf, 0xfb, 0x2, 0xef, 0xf4,
    0x0, 0xf, 0xc0, 0x7c, 0x50, 0x0, 0x19, 0xa0,
    0x0, 0x0, 0x0, 0x0, 0x0, 0x0, 0x0, 0x0,

    /* U+679C "果" */
    0x0, 0x8f, 0xff, 0xff, 0xff, 0xff, 0xfa, 0x0,
    0x0, 0x8f, 0xc9, 0x9f, 0xf9, 0x9c, 0xfa, 0x0,
    0x0, 0x8f, 0x83, 0x3f, 0xf3, 0x38, 0xfa, 0x0,
    0x0, 0x8f, 0xff, 0xff, 0xff, 0xff, 0xfa, 0x0,
    0x0, 0x8f, 0x94, 0x4f, 0xf4, 0x49, 0xfa, 0x0,
    0x0, 0x8f, 0xca, 0xaf, 0xfa, 0xac, 0xfa, 0x0,
    0x0, 0x8f, 0xff, 0xff, 0xff, 0xff, 0xfa, 0x0,
    0x0, 0x0, 0x0, 0xf, 0xf1, 0x0, 0x0, 0x0,
    0x1f, 0xff, 0xff, 0xff, 0xff, 0xff, 0xff, 0xf2,
    0x1b, 0xbb, 0xbe, 0xff, 0xff, 0xeb, 0xbb, 0xb1,
    0x0, 0x1, 0x9f, 0xef, 0xfd, 0xfa, 0x20, 0x0,
    0x3, 0x9e, 0xfa, 0xf, 0xf1, 0x8f, 0xfa, 0x40,
    0x4f, 0xfc, 0x50, 0xf, 0xf0, 0x3, 0xbf, 0xf4,
    0x5, 0x30, 0x0, 0xf, 0xf0, 0x0, 0x2, 0x40,

    /* U+679D "枝" */
    0x0, 0x0, 0x0, 0x0, 0x0, 0x0, 0x0, 0x0,
    0x0, 0xaf, 0x30, 0x0, 0x7, 0xf6, 0x0, 0x0,
    0x0, 0xaf, 0x30, 0x0, 0x7, 0xf6, 0x0, 0x0,
    0x0, 0xaf, 0x30, 0x57, 0x7b, 0xfb, 0x77, 0x70,
    0x6b, 0xef, 0xca, 0xaf, 0xff, 0xff, 0xff, 0xe0,
    0x8f, 0xff, 0xfe, 0x35, 0x5a, 0xf9, 0x55, 0x50,
    0x0, 0xdf, 0x50, 0x0, 0x7, 0xf6, 0x0, 0x0,
    0x2, 0xff, 0xd0, 0x4a, 0xad, 0xfc, 0xaa, 0x40,
    0x7, 0xff, 0xf9, 0x6f, 0xff, 0xff, 0xff, 0x60,
    0xe, 0xff, 0xbf, 0x2e, 0xe1, 0x1, 0xee, 0x0,
    0x6f, 0xef, 0x46, 0x8, 0xf9, 0xa, 0xf8, 0x0,
    0xdd, 0xaf, 0x30, 0x1, 0xef, 0xaf, 0xd0, 0x0,
    0x75, 0xaf, 0x30, 0x0, 0x4f, 0xff, 0x20, 0x0,
    0x0, 0xaf, 0x30, 0x6, 0xdf, 0xff, 0xc3, 0x0,
    0x0, 0xaf, 0x39, 0xff, 0xf9, 0x3c, 0xff, 0xe3,
    0x0, 0xaf, 0x33, 0xe8, 0x20, 0x0, 0x5b, 0xb0,
    0x0, 0x0, 0x0, 0x0, 0x0, 0x0, 0x0, 0x0,

    /* U+67AF "枯" */
    0x0, 0x1f, 0xb0, 0x0, 0x6, 0xf8, 0x0, 0x0,
    0x0, 0x1f, 0xb0, 0x0, 0x6, 0xf8, 0x0, 0x0,
    0x0, 0x1f, 0xb0, 0x0, 0x6, 0xf8, 0x0, 0x0,
    0x16, 0x7f, 0xd6, 0x10, 0x7, 0xf9, 0x0, 0x0,
    0x2f, 0xff, 0xff, 0xef, 0xff, 0xff, 0xff, 0xf5,
    0x16, 0x9f, 0xd6, 0xac, 0xcd, 0xfe, 0xcc, 0xc4,
    0x0, 0x8f, 0xf1, 0x0, 0x6, 0xf8, 0x0, 0x0,
    0x0, 0xef, 0xfb, 0x0, 0x6, 0xf8, 0x0, 0x0,
    0x4, 0xff, 0xdf, 0x9b, 0xbd, 0xfe, 0xbb, 0x80,
    0xc, 0xdf, 0xb6, 0x8f, 0xff, 0xff, 0xff, 0xa0,
    0x5f, 0x7f, 0xb0, 0x8f, 0x50, 0x0, 0x5f, 0xa0,
    0x1e, 0x2f, 0xb0, 0x8f, 0x50, 0x0, 0x5f, 0xa0,
    0x2, 0x1f, 0xb0, 0x8f, 0x50, 0x0, 0x5f, 0xa0,
    0x0, 0x1f, 0xb0, 0x8f, 0xff, 0xff, 0xff, 0xa0,
    0x0, 0x1f, 0xb0, 0x8f, 0xdb, 0xbb, 0xdf, 0xa0,
    0x0, 0x0, 0x0, 0x0, 0x0, 0x0, 0x0, 0x0,

    /* U+67B6 "架" */
    0x0, 0xf, 0xd0, 0x0, 0x0, 0x0, 0x0, 0x0,
    0x0, 0xf, 0xc0, 0x0, 0x17, 0x77, 0x77, 0x50,
    0x2f, 0xff, 0xff, 0xff, 0x4f, 0xff, 0xff, 0xb0,
    0x1a, 0xcf, 0xda, 0xff, 0x4f, 0xb4, 0x6f, 0xb0,
    0x0, 0x9f, 0x50, 0xdf, 0x3f, 0x80, 0x2f, 0xb0,
    0x1, 0xef, 0x0, 0xfd, 0x3f, 0xa2, 0x4f, 0xb0,
    0x2d, 0xf9, 0x9d, 0xfb, 0x3f, 0xff, 0xff, 0xb0,
    0x1e, 0xb0, 0x7e, 0xbb, 0x82, 0x22, 0x22, 0x20,
    0x2, 0x0, 0x0, 0xf, 0xf0, 0x0, 0x0, 0x0,
    0x2f, 0xff, 0xff, 0xff, 0xff, 0xff, 0xff, 0xf1,
    0x1b, 0xbb, 0xbc, 0xff, 0xff, 0xcb, 0xbb, 0xb1,
    0x0, 0x0, 0x6f, 0xff, 0xff, 0xf7, 0x0, 0x0,
    0x0, 0x5c, 0xfc, 0x2f, 0xf2, 0xcf, 0xd7, 0x20,
    0x2f, 0xfe, 0x80, 0xf, 0xf0, 0x7, 0xef, 0xf2,
    0x7, 0x70, 0x0, 0xf, 0xf0, 0x0, 0x5, 0x50,

    /* U+67D3 "染" */
    0x0, 0x0, 0x0, 0x0, 0x0, 0x0, 0x0, 0x0,
    0x0, 0xa8, 0x20, 0x0, 0xfe, 0x0, 0x0, 0x0,
    0x1, 0xdf, 0xf1, 0x0, 0xfd, 0x0, 0x0, 0x0,
    0x3, 0x4, 0x86, 0xff, 0xff, 0xff, 0xc0, 0x0,
    0x3f, 0xf9, 0x5, 0xbd, 0xfd, 0xbf, 0xc0, 0x0,
    0x3, 0xaa, 0x0, 0xc, 0xf3, 0xf, 0xc1, 0x10,
    0x0, 0x1c, 0xa0, 0x6f, 0xc0, 0xf, 0xd2, 0xf4,
    0x3, 0xdf, 0x88, 0xfe, 0x20, 0xf, 0xea, 0xf5,
    0xc, 0xf6, 0x2e, 0xeb, 0x80, 0x9, 0xff, 0xc0,
    0x0, 0x40, 0x3, 0x1f, 0xf0, 0x0, 0x0, 0x0,
    0x1b, 0xbb, 0xbb, 0xbf, 0xfb, 0xbb, 0xbb, 0xb1,
    0x1f, 0xff, 0xff, 0xff, 0xff, 0xff, 0xff, 0xf1,
    0x0, 0x0, 0x5e, 0xff, 0xff, 0xe6, 0x0, 0x0,
    0x0, 0x4b, 0xfd, 0x2f, 0xf2, 0xdf, 0xc6, 0x10,
    0x3e, 0xff, 0x90, 0xf, 0xf0, 0x8, 0xff, 0xf3,
    0x8, 0x81, 0x0, 0xf, 0xf0, 0x0, 0x6, 0x70,

    /* U+67D4 "柔" */
    0x0, 0x0, 0x0, 0x0, 0x0, 0x0, 0x0, 0x0,
    0x0, 0x8f, 0xff, 0xff, 0xff, 0xff, 0xb0, 0x0,
    0x0, 0x47, 0x7a, 0x87, 0x8e, 0xff, 0x60, 0x0,
    0x0, 0x0, 0x3f, 0xfc, 0xef, 0xa2, 0x0, 0x0,
    0x8, 0x88, 0x8a, 0xdf, 0xff, 0xd8, 0x89, 0x50,
    0xe, 0xff, 0xff, 0xff, 0xff, 0xff, 0xff, 0x90,
    0x0, 0x6, 0xdf, 0x7a, 0xf4, 0x4, 0xfd, 0x0,
    0x19, 0xef, 0xd8, 0x7d, 0xf3, 0xa, 0xd2, 0x0,
    0x8, 0xb4, 0x5, 0xdf, 0xd0, 0x0, 0x0, 0x0,
    0x19, 0x99, 0x99, 0x9f, 0xf9, 0x99, 0x99, 0x90,
    0x2f, 0xff, 0xff, 0xff, 0xff, 0xff, 0xff, 0xf1,
    0x1, 0x11, 0x7f, 0xff, 0xff, 0xe7, 0x11, 0x10,
    0x1, 0x6d, 0xfd, 0x3f, 0xe4, 0xef, 0xd6, 0x10,
    0x3f, 0xff, 0x90, 0xf, 0xe0, 0x9, 0xff, 0xf3,
    0x8, 0x71, 0x0, 0xf, 0xe0, 0x0, 0x17, 0x60,

    /* U+67F3 "柳" */
    0x0, 0xbe, 0x0, 0x0, 0x77, 0x0, 0x0, 0x0,
    0xb, 0xe0, 0x0, 0x9f, 0xf3, 0x11, 0x11, 0x0,
    0xbe, 0x1, 0xdf, 0xc2, 0x5f, 0xff, 0xf0, 0x1b,
    0xe1, 0x3f, 0x94, 0x65, 0xfd, 0xef, 0x2f, 0xff,
    0xf6, 0xf6, 0x9f, 0x5f, 0x4a, 0xf1, 0x9e, 0xf9,
    0x5f, 0x69, 0xf5, 0xf4, 0xaf, 0x0, 0xef, 0x52,
    0xf6, 0x9f, 0x5f, 0x4a, 0xf0, 0x3f, 0xfe, 0x4f,
    0x69, 0xf5, 0xf4, 0xaf, 0x8, 0xff, 0xeb, 0xf6,
    0xae, 0x5f, 0x4a, 0xf0, 0xef, 0xe7, 0x6f, 0x6b,
    0xd5, 0xf4, 0xaf, 0x6f, 0xde, 0x6, 0xfe, 0xfa,
    0x5f, 0x4a, 0xf4, 0xbb, 0xe0, 0x9f, 0xcf, 0x65,
    0xfc, 0xfd, 0x2, 0xbe, 0x1, 0x1c, 0xe0, 0x5f,
    0x79, 0x30, 0xb, 0xe0, 0x1c, 0xf4, 0x5, 0xf4,
    0x0, 0x0, 0xbe, 0x1, 0xb3, 0x0, 0x5f, 0x40,
    0x0,

    /* U+6811 "树" */
    0x0, 0xcd, 0x0, 0x0, 0x0, 0x0, 0x4e, 0x50,
    0x0, 0xcd, 0x0, 0x0, 0x0, 0x0, 0x4f, 0x60,
    0x0, 0xcd, 0x4, 0xaa, 0xa5, 0x0, 0x4f, 0x60,
    0x1, 0xde, 0x16, 0xff, 0xfb, 0x0, 0x4f, 0x60,
    0x4f, 0xff, 0xf3, 0x34, 0xfa, 0xff, 0xff, 0xf7,
    0x29, 0xef, 0x94, 0x73, 0xf8, 0xaa, 0xcf, 0xc5,
    0x0, 0xff, 0x49, 0xfa, 0xf4, 0x11, 0x4f, 0x60,
    0x4, 0xff, 0xd1, 0xef, 0xf1, 0xe9, 0x4f, 0x60,
    0x9, 0xff, 0xf6, 0x5f, 0xd0, 0x7f, 0x6f, 0x60,
    0x1f, 0xfd, 0x91, 0x4f, 0xf3, 0x1f, 0xdf, 0x60,
    0x7f, 0xed, 0x0, 0xbf, 0xfc, 0x6, 0x7f, 0x60,
    0x49, 0xcd, 0x3, 0xfb, 0x9f, 0x30, 0x4f, 0x60,
    0x1, 0xcd, 0x1e, 0xf3, 0x15, 0x0, 0x4f, 0x60,
    0x0, 0xcd, 0x1c, 0x80, 0x0, 0x3c, 0xef, 0x50,
    0x0, 0xcd, 0x1, 0x0, 0x0, 0xe, 0xea, 0x0,

    /* U+6821 "校" */
    0x0, 0x0, 0x0, 0x0, 0x0, 0x0, 0x0, 0x0,
    0x0, 0x1, 0xfa, 0x0, 0x0, 0x4e, 0x90, 0x0,
    0x0, 0x0, 0x1f, 0xa0, 0x0, 0x1, 0xef, 0x20,
    0x0, 0x0, 0x1, 0xfa, 0x1, 0x99, 0x9d, 0xea,
    0x99, 0x70, 0x9, 0xaf, 0xe9, 0x4f, 0xff, 0xff,
    0xff, 0xfb, 0x0, 0xff, 0xff, 0xf4, 0x29, 0xa3,
    0x3b, 0xa2, 0x20, 0x2, 0x9f, 0xc2, 0x4, 0xfe,
    0x10, 0xdf, 0x70, 0x0, 0xc, 0xff, 0x44, 0xff,
    0x40, 0x2, 0xef, 0x40, 0x1, 0xff, 0xfd, 0xbf,
    0xea, 0x0, 0xcc, 0xf6, 0x0, 0x7f, 0xfd, 0xf7,
    0x3a, 0xf4, 0x6f, 0xb1, 0x0, 0xd, 0xbf, 0xaa,
    0x20, 0x2f, 0xdd, 0xf4, 0x0, 0x5, 0xf5, 0xfa,
    0x0, 0x0, 0x9f, 0xfb, 0x0, 0x0, 0xc, 0x1f,
    0xa0, 0x0, 0x9, 0xff, 0xb1, 0x0, 0x0, 0x11,
    0xfa, 0x0, 0x3c, 0xfe, 0xef, 0xe6, 0x10, 0x0,
    0x1f, 0xa0, 0xcf, 0xfc, 0x11, 0xbf, 0xfc, 0x0,
    0x1, 0xfa, 0x4, 0xd5, 0x0, 0x0, 0x4b, 0x20,
    0x0, 0x0, 0x0, 0x0, 0x0, 0x0, 0x0, 0x0,
    0x0,

    /* U+6837 "样" */
    0x0, 0x0, 0x0, 0x0, 0x0, 0x0, 0x0, 0x0,
    0x0, 0xaf, 0x20, 0x19, 0x90, 0x0, 0xbb, 0x20,
    0x0, 0xaf, 0x20, 0xe, 0xf2, 0x1, 0xff, 0x10,
    0x0, 0xaf, 0x20, 0x8, 0xf8, 0x6, 0xf9, 0x0,
    0x5b, 0xef, 0xc7, 0x9c, 0xfb, 0xbe, 0xfd, 0xa0,
    0x7f, 0xff, 0xfa, 0xcf, 0xff, 0xff, 0xff, 0xd0,
    0x0, 0xbf, 0x30, 0x0, 0x6, 0xf8, 0x0, 0x0,
    0x0, 0xff, 0xb0, 0x1, 0x17, 0xf8, 0x11, 0x0,
    0x5, 0xff, 0xf6, 0x5f, 0xff, 0xff, 0xff, 0x60,
    0xa, 0xff, 0xee, 0x3a, 0xac, 0xfd, 0xaa, 0x40,
    0x2f, 0xff, 0x66, 0x0, 0x6, 0xf7, 0x0, 0x0,
    0xaf, 0xcf, 0x23, 0xff, 0xff, 0xff, 0xff, 0xf1,
    0x69, 0xaf, 0x23, 0xcc, 0xcd, 0xfe, 0xcc, 0xc1,
    0x1, 0xaf, 0x20, 0x0, 0x6, 0xf7, 0x0, 0x0,
    0x0, 0xaf, 0x20, 0x0, 0x6, 0xf7, 0x0, 0x0,
    0x0, 0xaf, 0x20, 0x0, 0x6, 0xf7, 0x0, 0x0,

    /* U+6839 "根" */
    0x0, 0x1f, 0xa0, 0x0, 0x0, 0x0, 0x0, 0x0,
    0x0, 0x1f, 0xa0, 0x1f, 0xff, 0xff, 0xff, 0x10,
    0x0, 0x1f, 0xa0, 0x1f, 0xe9, 0x99, 0xef, 0x10,
    0x39, 0xaf, 0xd9, 0x3f, 0xc0, 0x0, 0xcf, 0x10,
    0x4f, 0xff, 0xff, 0x5f, 0xff, 0xff, 0xff, 0x10,
    0x2, 0x7f, 0xb2, 0x2f, 0xe7, 0x77, 0xdf, 0x10,
    0x0, 0xaf, 0xf2, 0x1f, 0xc0, 0x0, 0xcf, 0x10,
    0x0, 0xef, 0xfc, 0x1f, 0xff, 0xff, 0xff, 0x10,
    0x5, 0xff, 0xef, 0x6f, 0xea, 0xfc, 0x9b, 0x0,
    0xd, 0xef, 0xa8, 0x1f, 0xc0, 0xea, 0x4f, 0x80,
    0x5f, 0x7f, 0xa0, 0x1f, 0xc0, 0x9f, 0xfe, 0x40,
    0x1d, 0x1f, 0xa0, 0x1f, 0xc0, 0x2f, 0xf1, 0x0,
    0x1, 0x1f, 0xa0, 0x2f, 0xd5, 0x89, 0xfc, 0x10,
    0x0, 0x1f, 0xa0, 0x8f, 0xff, 0xf1, 0xbf, 0xf2,
    0x0, 0x1f, 0xa0, 0x4d, 0x84, 0x0, 0x8, 0x70,
    0x0, 0x0, 0x0, 0x0, 0x0, 0x0, 0x0, 0x0,

    /* U+6842 "桂" */
    0x0, 0x1, 0x0, 0x0, 0x0, 0x0, 0x0, 0x0,
    0x0, 0x1f, 0x90, 0x0, 0x4, 0xfa, 0x0, 0x0,
    0x0, 0x1f, 0x90, 0x0, 0x4, 0xfa, 0x0, 0x0,
    0x0, 0x1f, 0x90, 0x2a, 0xac, 0xfe, 0xaa, 0x60,
    0x9, 0xaf, 0xd9, 0x7f, 0xff, 0xff, 0xff, 0xa0,
    0xf, 0xff, 0xff, 0x50, 0x5, 0xfb, 0x0, 0x0,
    0x5, 0x9f, 0xb5, 0x21, 0x15, 0xfb, 0x11, 0x10,
    0x0, 0xaf, 0xe1, 0xbf, 0xff, 0xff, 0xff, 0xf4,
    0x0, 0xff, 0xfb, 0x8a, 0xab, 0xbb, 0xaa, 0xa3,
    0x5, 0xff, 0xcf, 0x40, 0x4, 0xfa, 0x0, 0x0,
    0xd, 0xdf, 0x95, 0x4b, 0xbc, 0xfe, 0xbb, 0x90,
    0x6f, 0x7f, 0x90, 0x6f, 0xff, 0xff, 0xff, 0xd0,
    0x1d, 0x2f, 0x90, 0x0, 0x5, 0xfb, 0x0, 0x0,
    0x1, 0x1f, 0x90, 0x0, 0x4, 0xfa, 0x0, 0x0,
    0x0, 0x1f, 0x94, 0xff, 0xff, 0xff, 0xff, 0xf7,
    0x0, 0x1f, 0x93, 0xdd, 0xdd, 0xdd, 0xdd, 0xd6,

    /* U+6863 "档" */
    0x0, 0x1f, 0xb0, 0x0, 0x1, 0xeb, 0x0, 0x0,
    0x0, 0x1f, 0xb0, 0x5c, 0x11, 0xfb, 0x8, 0x91,
    0x0, 0x1f, 0xb0, 0x5f, 0x71, 0xfb, 0xe, 0xe0,
    0x18, 0x8f, 0xd8, 0x4f, 0xd1, 0xfb, 0x3f, 0x80,
    0x1f, 0xff, 0xff, 0x8a, 0xf3, 0xfb, 0x9f, 0x10,
    0x5, 0xaf, 0xd5, 0x33, 0x31, 0xfb, 0x36, 0x0,
    0x0, 0xbf, 0xf3, 0x6b, 0xbc, 0xfe, 0xbb, 0xb0,
    0x0, 0xff, 0xfd, 0x9f, 0xff, 0xff, 0xff, 0xf0,
    0x5, 0xff, 0xdf, 0x90, 0x0, 0x0, 0xe, 0xf0,
    0xd, 0xcf, 0xb9, 0x6a, 0xaa, 0xaa, 0xaf, 0xf0,
    0x5f, 0x7f, 0xb0, 0x5f, 0xff, 0xff, 0xff, 0xf0,
    0x2f, 0x2f, 0xb0, 0x0, 0x0, 0x0, 0xe, 0xf0,
    0x4, 0x1f, 0xb0, 0x11, 0x11, 0x11, 0x1e, 0xf0,
    0x0, 0x1f, 0xb0, 0xef, 0xff, 0xff, 0xff, 0xf0,
    0x0, 0x1f, 0xb0, 0xbb, 0xbb, 0xbb, 0xbc, 0xc0,

    /* U+6865 "桥" */
    0x0, 0x1f, 0xa0, 0x0, 0x0, 0x1, 0x5a, 0x30,
    0x0, 0x1, 0xfa, 0x0, 0x6a, 0xce, 0xff, 0xfc,
    0x0, 0x0, 0x1f, 0xa0, 0x8, 0xff, 0xfe, 0x96,
    0x40, 0x1, 0x9a, 0xfd, 0x92, 0x0, 0x5f, 0x80,
    0x0, 0x0, 0x2f, 0xff, 0xff, 0x6a, 0xad, 0xfc,
    0xaa, 0xa7, 0x0, 0x5, 0xfc, 0x2, 0xff, 0xff,
    0xff, 0xff, 0xb0, 0x0, 0xaf, 0xf7, 0x0, 0xcf,
    0x60, 0xaf, 0x40, 0x0, 0xf, 0xff, 0xf4, 0xbf,
    0xb0, 0x1, 0xfe, 0x30, 0x6, 0xff, 0xbd, 0xbf,
    0xfb, 0x40, 0x8d, 0xfd, 0x0, 0xec, 0xfa, 0x0,
    0x87, 0xf6, 0xd, 0xf6, 0x20, 0x4f, 0x6f, 0xa0,
    0x0, 0x7f, 0x50, 0xdf, 0x10, 0x0, 0xb1, 0xfa,
    0x0, 0xc, 0xf2, 0xd, 0xf1, 0x0, 0x0, 0x1f,
    0xa0, 0x6, 0xfc, 0x0, 0xdf, 0x10, 0x0, 0x1,
    0xfa, 0x8, 0xff, 0x30, 0xd, 0xf1, 0x0, 0x0,
    0x1f, 0xa0, 0x4d, 0x40, 0x0, 0xdf, 0x10, 0x0,
    0x0, 0x0, 0x0, 0x0, 0x0, 0x0, 0x0, 0x0,

    /* U+6866 "桦" */
    0x0, 0xbf, 0x10, 0x7, 0x70, 0x0, 0x0, 0x0,
    0x0, 0xbf, 0x10, 0xd, 0xf2, 0xaf, 0x14, 0x0,
    0x0, 0xbf, 0x10, 0x3f, 0xb0, 0xaf, 0x9f, 0x90,
    0x5b, 0xef, 0xb7, 0xcf, 0x70, 0xaf, 0xfc, 0x10,
    0x7f, 0xff, 0xfe, 0xff, 0x73, 0xdf, 0xb0, 0x0,
    0x0, 0xdf, 0x2a, 0xff, 0xcf, 0xff, 0x14, 0x50,
    0x2, 0xff, 0xb5, 0xaf, 0x8c, 0xdf, 0x16, 0xf1,
    0x7, 0xff, 0xfc, 0x4f, 0x70, 0x9f, 0xac, 0xe0,
    0xd, 0xff, 0xba, 0x2b, 0x55, 0xae, 0xdc, 0x50,
    0x6f, 0xef, 0x11, 0x22, 0x2c, 0xf5, 0x22, 0x20,
    0xbc, 0xbf, 0x16, 0xff, 0xff, 0xff, 0xff, 0xf1,
    0x45, 0xbf, 0x13, 0x88, 0x8e, 0xfa, 0x88, 0x80,
    0x0, 0xbf, 0x10, 0x0, 0xb, 0xf3, 0x0, 0x0,
    0x0, 0xbf, 0x10, 0x0, 0xb, 0xf3, 0x0, 0x0,
    0x0, 0xbf, 0x10, 0x0, 0xb, 0xf3, 0x0, 0x0,

    /* U+6885 "梅" */
    0x0, 0x0, 0x0, 0x0, 0x0, 0x0, 0x0, 0x0,
    0x0, 0xbf, 0x0, 0x5, 0xd4, 0x0, 0x0, 0x0,
    0x0, 0xbf, 0x0, 0xb, 0xf7, 0x55, 0x55, 0x51,
    0x0, 0xbf, 0x0, 0x2f, 0xff, 0xff, 0xff, 0xf5,
    0x28, 0xef, 0x83, 0xcf, 0x97, 0x77, 0x77, 0x72,
    0x5f, 0xff, 0xfc, 0xff, 0x77, 0x77, 0x77, 0x50,
    0x14, 0xef, 0x51, 0x7d, 0xff, 0xff, 0xff, 0xb0,
    0x1, 0xff, 0xa0, 0xc, 0xe4, 0xf7, 0xf, 0xa0,
    0x5, 0xff, 0xf4, 0xe, 0xc0, 0x9d, 0x1f, 0xa0,
    0x9, 0xff, 0xdd, 0xff, 0xff, 0xff, 0xff, 0xf9,
    0xf, 0xff, 0x75, 0xaf, 0xdb, 0xe9, 0xaf, 0xc5,
    0x6f, 0xdf, 0x0, 0x3f, 0x76, 0xfa, 0x3f, 0x70,
    0x5b, 0xbf, 0x0, 0x6f, 0xa7, 0xbb, 0x9f, 0xb3,
    0x2, 0xbf, 0x0, 0x8f, 0xff, 0xff, 0xff, 0xf6,
    0x0, 0xbf, 0x0, 0x0, 0x0, 0x58, 0xef, 0x20,
    0x0, 0xbf, 0x0, 0x0, 0x0, 0x4f, 0xf8, 0x0,
    0x0, 0x0, 0x0, 0x0, 0x0, 0x0, 0x0, 0x0,

    /* U+68A6 "梦" */
    0x0, 0x6, 0xf4, 0x0, 0x0, 0x9f, 0x20, 0x0,
    0x0, 0x6, 0xf5, 0x0, 0x0, 0xaf, 0x20, 0x0,
    0x1f, 0xff, 0xff, 0xfb, 0xdf, 0xff, 0xff, 0xf1,
    0x8, 0xaf, 0xfe, 0x96, 0x7b, 0xff, 0xf9, 0x80,
    0x1, 0xdf, 0xff, 0xd4, 0x3e, 0xff, 0xfd, 0x20,
    0x3e, 0xe8, 0xf6, 0xd8, 0xfc, 0xbf, 0x5f, 0xf4,
    0x8, 0x16, 0xf4, 0x35, 0x70, 0x9f, 0x22, 0x80,
    0x0, 0x0, 0x3, 0xef, 0x70, 0x0, 0x0, 0x0,
    0x0, 0x0, 0x6f, 0xff, 0xb9, 0x9a, 0x80, 0x0,
    0x0, 0x5d, 0xff, 0xff, 0xff, 0xff, 0xf5, 0x0,
    0x4, 0xff, 0xb7, 0x10, 0x2, 0xdf, 0x90, 0x0,
    0x0, 0x53, 0x5f, 0xf9, 0x5e, 0xfb, 0x0, 0x0,
    0x0, 0x0, 0x4, 0xef, 0xff, 0x70, 0x0, 0x0,
    0x3, 0x69, 0xcf, 0xff, 0xb2, 0x0, 0x0, 0x0,
    0x5, 0xff, 0xfd, 0x71, 0x0, 0x0, 0x0, 0x0,
    0x0, 0x64, 0x0, 0x0, 0x0, 0x0, 0x0, 0x0,

    /* U+68AD "梭" */
    0x0, 0x0, 0x0, 0x0, 0x0, 0x0, 0x0, 0x0,
    0x0, 0xbf, 0x10, 0x0, 0x7f, 0x70, 0x20, 0x0,
    0x0, 0xbf, 0x10, 0x2, 0xff, 0x2d, 0xe1, 0x0,
    0x0, 0xbf, 0x10, 0x1d, 0xf5, 0x6, 0xfc, 0x0,
    0x5b, 0xef, 0xb7, 0xdf, 0xfd, 0xef, 0xff, 0x80,
    0x7f, 0xff, 0xf9, 0xae, 0xca, 0x99, 0x7d, 0x90,
    0x0, 0xcf, 0x20, 0x4, 0xd7, 0x2e, 0xc3, 0x0,
    0x1, 0xff, 0xa0, 0x6f, 0xe3, 0x6, 0xff, 0x50,
    0x6, 0xff, 0xfb, 0xfe, 0x5a, 0x40, 0x3e, 0xf1,
    0xc, 0xff, 0xdd, 0x83, 0xdf, 0x94, 0x45, 0x20,
    0x4f, 0xff, 0x53, 0x2d, 0xff, 0xff, 0xff, 0x30,
    0xcf, 0xcf, 0x14, 0xff, 0xf5, 0x19, 0xfb, 0x0,
    0x68, 0xbf, 0x11, 0xb7, 0xef, 0xaf, 0xd1, 0x0,
    0x0, 0xbf, 0x10, 0x2, 0x9f, 0xff, 0x71, 0x0,
    0x0, 0xbf, 0x17, 0xdf, 0xfe, 0xaf, 0xff, 0xc2,
    0x0, 0xbf, 0x14, 0xd9, 0x40, 0x1, 0x6b, 0x90,

    /* U+68AF "梯" */
    0x0, 0x1f, 0xa0, 0x2, 0xb3, 0x0, 0x6b, 0x40,
    0x0, 0x1f, 0xa0, 0x2, 0xfb, 0x0, 0xcf, 0x30,
    0x0, 0x1f, 0xa0, 0x0, 0xcf, 0x1, 0xfc, 0x0,
    0x19, 0x9f, 0xd9, 0x7f, 0xff, 0xff, 0xff, 0xf0,
    0x2f, 0xff, 0xff, 0x69, 0x99, 0xfe, 0x9d, 0xf0,
    0x2, 0x7f, 0xb2, 0x0, 0x0, 0xfc, 0xa, 0xf0,
    0x0, 0x9f, 0xf3, 0xd, 0xff, 0xff, 0xff, 0xf0,
    0x0, 0xef, 0xfc, 0xf, 0xd8, 0xfe, 0x88, 0x80,
    0x4, 0xff, 0xdf, 0x6f, 0x90, 0xfc, 0x0, 0x0,
    0xb, 0xef, 0xa9, 0x3f, 0xff, 0xff, 0xff, 0xf6,
    0x4f, 0x8f, 0xa0, 0x28, 0x8f, 0xfe, 0x8a, 0xf5,
    0x1e, 0x2f, 0xa0, 0x0, 0xbf, 0xfc, 0x6, 0xf5,
    0x1, 0x1f, 0xa0, 0x3c, 0xf8, 0xfc, 0x7d, 0xf3,
    0x0, 0x1f, 0xa2, 0xff, 0x60, 0xfc, 0x9f, 0xb0,
    0x0, 0x1f, 0xa0, 0x42, 0x0, 0xfc, 0x1, 0x0,

    /* U+68C9 "棉" */
    0x0, 0x0, 0x0, 0x0, 0x0, 0x0, 0x0, 0x0,
    0x0, 0x1f, 0xb0, 0x0, 0x2, 0xfe, 0x0, 0x0,
    0x0, 0x1f, 0xb0, 0x13, 0x37, 0xfc, 0x33, 0x30,
    0x0, 0x1f, 0xb0, 0x4f, 0xff, 0xff, 0xff, 0xc0,
    0x0, 0x1f, 0xb0, 0x4f, 0xc7, 0x77, 0x7f, 0xc0,
    0x2f, 0xff, 0xff, 0xbf, 0xda, 0xaa, 0xaf, 0xc0,
    0x1b, 0xcf, 0xeb, 0x9f, 0xda, 0xaa, 0xaf, 0xc0,
    0x0, 0x7f, 0xd0, 0x4f, 0xc7, 0x77, 0x8f, 0xc0,
    0x0, 0xcf, 0xf8, 0x4e, 0xee, 0xff, 0xee, 0xb0,
    0x1, 0xff, 0xff, 0x40, 0x1, 0xfc, 0x0, 0x0,
    0x8, 0xff, 0xbc, 0xdf, 0xff, 0xff, 0xff, 0xf2,
    0x1f, 0xbf, 0xb1, 0xaf, 0xaa, 0xfe, 0x9d, 0xf2,
    0x2f, 0x4f, 0xb0, 0xaf, 0x11, 0xfb, 0x9, 0xf2,
    0x3, 0x1f, 0xb0, 0xaf, 0x11, 0xfb, 0x6d, 0xf2,
    0x0, 0x1f, 0xb0, 0xaf, 0x11, 0xfb, 0x8f, 0xc0,
    0x0, 0x1f, 0xb0, 0x0, 0x1, 0xfb, 0x0, 0x0,

    /* U+68DA "棚" */
    0x0, 0xbe, 0x0, 0x0, 0x0, 0x0, 0x0, 0x0,
    0xb, 0xe0, 0x6f, 0xff, 0xe4, 0xff, 0xff, 0x0,
    0xbe, 0x6, 0xf9, 0xde, 0x4f, 0xac, 0xf3, 0xbe,
    0xfb, 0xaf, 0x19, 0xe4, 0xf3, 0x9f, 0x4f, 0xff,
    0xfc, 0xf9, 0xde, 0x4f, 0xac, 0xf0, 0xd, 0xf0,
    0x7f, 0xff, 0xe4, 0xff, 0xff, 0x1, 0xff, 0x77,
    0xf2, 0xae, 0x4f, 0x49, 0xf0, 0x5f, 0xfe, 0x8f,
    0x19, 0xe4, 0xf3, 0x9f, 0xa, 0xff, 0xfd, 0xfa,
    0xde, 0x5f, 0xad, 0xf1, 0xff, 0xe6, 0x9f, 0xff,
    0xe5, 0xff, 0xff, 0x7f, 0xbe, 0xa, 0xe0, 0xae,
    0x6f, 0x19, 0xf2, 0x9b, 0xe0, 0xdb, 0x9, 0xea,
    0xe0, 0x9f, 0x0, 0xbe, 0x1f, 0x80, 0x9e, 0xdc,
    0x9, 0xf0, 0xb, 0xe8, 0xf2, 0x9e, 0xff, 0x77,
    0xdf, 0x0, 0xbe, 0x29, 0xa, 0xe6, 0x91, 0x7f,
    0x80, 0x0, 0x0, 0x0, 0x0, 0x0, 0x0, 0x0,

    /* U+695A "楚" */
    0x0, 0x6, 0xf7, 0x0, 0x0, 0x7f, 0x60, 0x0,
    0x0, 0x6, 0xf8, 0x0, 0x0, 0x7f, 0x60, 0x0,
    0xe, 0xff, 0xff, 0xf9, 0xdf, 0xff, 0xff, 0xf0,
    0x7, 0xaf, 0xff, 0xa5, 0x7b, 0xff, 0xf9, 0x80,
    0x4, 0xef, 0xfe, 0xf6, 0x6f, 0xef, 0xee, 0x50,
    0x2f, 0xb7, 0xf7, 0x66, 0xf9, 0x7f, 0x68, 0xe1,
    0x2, 0x3, 0x83, 0x0, 0x20, 0x37, 0x30, 0x10,
    0x8, 0xaa, 0xaa, 0xaa, 0xaa, 0xaa, 0xab, 0x90,
    0xb, 0xff, 0xff, 0xff, 0xff, 0xff, 0xff, 0xc0,
    0x0, 0x5, 0x72, 0x1f, 0xe0, 0x0, 0x9f, 0x60,
    0x0, 0xe, 0xf1, 0x1f, 0xf9, 0x99, 0xa4, 0x0,
    0x0, 0x4f, 0xf3, 0x1f, 0xff, 0xff, 0xe0, 0x0,
    0x0, 0xdf, 0xfe, 0x6f, 0xe0, 0x0, 0x0, 0x0,
    0x3e, 0xfb, 0x5f, 0xff, 0xfc, 0xbb, 0xbb, 0xc4,
    0xd, 0xa0, 0x2, 0x9c, 0xef, 0xff, 0xff, 0xf0,
    0x0, 0x0, 0x0, 0x0, 0x0, 0x0, 0x0, 0x0,

    /* U+697C "楼" */
    0x0, 0x9f, 0x10, 0x6, 0x6, 0xf5, 0x18, 0x10,
    0x0, 0x9f, 0x10, 0x6f, 0x66, 0xf5, 0x9f, 0x50,
    0x0, 0x9f, 0x10, 0xe, 0xb6, 0xf5, 0xeb, 0x0,
    0x5b, 0xef, 0xb6, 0xdf, 0xde, 0xfe, 0xee, 0xd0,
    0x6f, 0xff, 0xf8, 0xbb, 0xef, 0xff, 0xeb, 0xb0,
    0x0, 0xdf, 0x30, 0x9, 0xfe, 0xfe, 0xf9, 0x10,
    0x1, 0xff, 0xc4, 0xef, 0x97, 0xf5, 0x9f, 0xf1,
    0x6, 0xff, 0xf7, 0xb5, 0x9, 0x91, 0x4, 0x50,
    0xb, 0xff, 0xac, 0x0, 0x5f, 0xa0, 0x0, 0x0,
    0x2f, 0xff, 0x46, 0xff, 0xff, 0xff, 0xff, 0xf0,
    0xaf, 0xaf, 0x12, 0x8c, 0xfc, 0x8b, 0xfc, 0x80,
    0x68, 0x9f, 0x10, 0x1e, 0xf8, 0x2e, 0xf1, 0x0,
    0x1, 0x9f, 0x10, 0x17, 0xcf, 0xff, 0xa0, 0x0,
    0x0, 0x9f, 0x14, 0x9b, 0xff, 0xde, 0xfd, 0x60,
    0x0, 0x9f, 0x13, 0xeb, 0x83, 0x0, 0x6c, 0x30,

    /* U+69DB "槛" */
    0x0, 0x9f, 0x0, 0x0, 0xeb, 0xb, 0x90, 0x0,
    0x0, 0x9f, 0x3, 0xf3, 0xeb, 0xf, 0xc0, 0x0,
    0x0, 0x9f, 0x3, 0xf3, 0xeb, 0x4f, 0xeb, 0xb4,
    0x3e, 0xff, 0xe7, 0xf3, 0xeb, 0x9f, 0xdd, 0xd5,
    0x3d, 0xff, 0xd7, 0xf3, 0xeb, 0xee, 0x30, 0x0,
    0x0, 0xcf, 0x13, 0xf3, 0xef, 0xfb, 0xfb, 0x0,
    0x0, 0xff, 0xa3, 0xf3, 0xeb, 0xb1, 0x3f, 0xb0,
    0x5, 0xff, 0xf4, 0x10, 0x86, 0x0, 0x3, 0x20,
    0xa, 0xff, 0xaa, 0x22, 0x22, 0x22, 0x22, 0x10,
    0x2f, 0xef, 0x54, 0xff, 0xff, 0xff, 0xff, 0x90,
    0x5e, 0x9f, 0x1, 0xf9, 0xaf, 0x7f, 0x6f, 0x90,
    0x5, 0x9f, 0x1, 0xf7, 0x7e, 0x4f, 0x2f, 0x90,
    0x0, 0x9f, 0x1, 0xf7, 0x7e, 0x4f, 0x2f, 0x90,
    0x0, 0x9f, 0x2b, 0xfd, 0xdf, 0xcf, 0xbf, 0xe4,
    0x0, 0x9f, 0x2f, 0xff, 0xff, 0xff, 0xff, 0xf6,

    /* U+69FD "槽" */
    0x0, 0x9f, 0x10, 0x0, 0xbe, 0x3f, 0x50, 0x0,
    0x0, 0x9f, 0x14, 0x77, 0xdf, 0x9f, 0xa7, 0x70,
    0x0, 0x9f, 0x19, 0xff, 0xff, 0xff, 0xff, 0xf1,
    0x25, 0xcf, 0x63, 0x55, 0xde, 0x8f, 0x95, 0x40,
    0x7f, 0xff, 0xfa, 0xef, 0xff, 0xff, 0xff, 0xa0,
    0x37, 0xef, 0x85, 0xeb, 0x9e, 0x6f, 0x5e, 0xa0,
    0x0, 0xff, 0x30, 0xef, 0xff, 0xff, 0xff, 0xa0,
    0x5, 0xff, 0xd0, 0xeb, 0x9e, 0x6f, 0x5e, 0xa0,
    0xa, 0xff, 0xf7, 0xef, 0xff, 0xff, 0xff, 0xa0,
    0x1f, 0xff, 0xa9, 0x27, 0x77, 0x77, 0x77, 0x0,
    0x9f, 0xaf, 0x30, 0x4f, 0xff, 0xff, 0xff, 0x0,
    0x89, 0x9f, 0x10, 0x4f, 0xa5, 0x55, 0xdf, 0x0,
    0x11, 0x9f, 0x10, 0x4f, 0xed, 0xdd, 0xff, 0x0,
    0x0, 0x9f, 0x10, 0x4f, 0xa6, 0x66, 0xdf, 0x0,
    0x0, 0x9f, 0x10, 0x4f, 0xff, 0xff, 0xff, 0x0,
    0x0, 0x0, 0x0, 0x0, 0x0, 0x0, 0x0, 0x0,

    /* U+6A2A "横" */
    0x0, 0x0, 0x0, 0x0, 0x0, 0x0, 0x0, 0x0,
    0x0, 0x1f, 0xa0, 0x0, 0xbf, 0x3, 0xf8, 0x0,
    0x0, 0x1f, 0xa0, 0x26, 0xdf, 0x79, 0xfb, 0x62,
    0x0, 0x1f, 0xa0, 0x6f, 0xff, 0xff, 0xff, 0xf4,
    0x0, 0x1f, 0xb0, 0x26, 0xdf, 0x68, 0xfb, 0x61,
    0xf, 0xff, 0xff, 0x96, 0xdf, 0x79, 0xfb, 0x64,
    0xb, 0xcf, 0xeb, 0xff, 0xff, 0xff, 0xff, 0xfa,
    0x0, 0x7f, 0xd0, 0x14, 0x45, 0xfc, 0x44, 0x40,
    0x0, 0xcf, 0xf8, 0x3f, 0xff, 0xff, 0xff, 0xf1,
    0x1, 0xff, 0xff, 0x6f, 0x72, 0xfb, 0x2a, 0xf1,
    0x9, 0xff, 0xbd, 0x5f, 0xff, 0xff, 0xff, 0xf1,
    0x2f, 0x9f, 0xa1, 0x3f, 0x72, 0xfb, 0x2a, 0xf1,
    0x1e, 0x2f, 0xa0, 0x3f, 0xff, 0xff, 0xff, 0xf1,
    0x2, 0x1f, 0xa0, 0x16, 0xea, 0x55, 0xa9, 0x50,
    0x0, 0x1f, 0xa0, 0x6d, 0xfc, 0x12, 0xdf, 0xb2,
    0x0, 0x1f, 0xa0, 0xbc, 0x50, 0x0, 0x7, 0xd4,
    0x0, 0x0, 0x0, 0x0, 0x0, 0x0, 0x0, 0x0,

    /* U+6A90 "檐" */
    0x0, 0x0, 0x0, 0x0, 0x0, 0x0, 0x0, 0x0,
    0x0, 0x8f, 0x10, 0x3, 0xe8, 0x0, 0x0, 0x0,
    0x0, 0x8f, 0x10, 0xc, 0xff, 0xff, 0xe2, 0x0,
    0x0, 0x8f, 0x10, 0x9f, 0xb3, 0x5f, 0xe1, 0x0,
    0x4b, 0xdf, 0xbb, 0xff, 0xff, 0xff, 0xff, 0xf5,
    0x6f, 0xff, 0xfd, 0xfc, 0x5c, 0xc5, 0xe9, 0x51,
    0x0, 0xdf, 0x20, 0xfc, 0xcf, 0x74, 0xaf, 0xa0,
    0x1, 0xff, 0x90, 0xfb, 0x83, 0x6f, 0x34, 0x70,
    0x5, 0xff, 0xf2, 0xff, 0xdd, 0xef, 0xed, 0xd3,
    0xa, 0xff, 0xda, 0xfc, 0x66, 0x66, 0x66, 0x61,
    0x1f, 0xff, 0x64, 0xf8, 0xbe, 0xee, 0xee, 0x90,
    0x8f, 0xaf, 0x13, 0xf6, 0x79, 0x99, 0x99, 0x60,
    0x3b, 0x8f, 0x15, 0xf4, 0x68, 0x88, 0x88, 0x50,
    0x1, 0x8f, 0x19, 0xf1, 0xdf, 0xff, 0xff, 0xc0,
    0x0, 0x8f, 0x1e, 0xc0, 0xdd, 0x11, 0x1f, 0xc0,
    0x0, 0x8f, 0x7f, 0x40, 0xdf, 0xff, 0xfe, 0xb0,
    0x0, 0x0, 0x0, 0x0, 0x0, 0x0, 0x0, 0x0,

    /* U+6B21 "次" */
    0x0, 0x0, 0x0, 0x6, 0x30, 0x0, 0x0, 0x0,
    0x2, 0x10, 0x0, 0x5f, 0xe0, 0x0, 0x0, 0x0,
    0x1e, 0xf7, 0x0, 0x9f, 0xa0, 0x0, 0x1, 0x0,
    0x7, 0xff, 0xb0, 0xef, 0xff, 0xff, 0xff, 0xb0,
    0x0, 0x3e, 0x73, 0xff, 0xdd, 0xdd, 0xef, 0xe0,
    0x0, 0x1, 0xb, 0xf9, 0x2a, 0x80, 0x5f, 0x90,
    0x0, 0x0, 0x5f, 0xf2, 0x3f, 0xd0, 0xbf, 0x40,
    0x0, 0x1, 0x4c, 0x80, 0x4f, 0xd0, 0xcd, 0x0,
    0x0, 0xd, 0x90, 0x0, 0x7f, 0xf1, 0x1, 0x0,
    0x0, 0x6f, 0xd0, 0x0, 0xcf, 0xf7, 0x0, 0x0,
    0x1, 0xef, 0x40, 0x3, 0xff, 0xfe, 0x10, 0x0,
    0xb, 0xfb, 0x0, 0xc, 0xfa, 0x7f, 0xa0, 0x0,
    0x4f, 0xf2, 0x1, 0xbf, 0xe1, 0xd, 0xfa, 0x0,
    0x6, 0x80, 0x5d, 0xff, 0x30, 0x3, 0xff, 0xe3,
    0x0, 0x0, 0x9f, 0xd2, 0x0, 0x0, 0x3d, 0xc0,
    0x0, 0x0, 0x5, 0x0, 0x0, 0x0, 0x0, 0x10,

    /* U+6B22 "欢" */
    0x0, 0x0, 0x0, 0x0, 0x22, 0x0, 0x0, 0x0,
    0x0, 0x0, 0x0, 0x0, 0xaf, 0x20, 0x0, 0x0,
    0x19, 0x99, 0x9a, 0x80, 0xdf, 0x11, 0x11, 0x10,
    0x2f, 0xff, 0xff, 0xf1, 0xff, 0xff, 0xff, 0xf5,
    0x1, 0x10, 0x1f, 0xc4, 0xfc, 0x99, 0x9e, 0xf2,
    0xc, 0xa0, 0x3f, 0x9a, 0xf4, 0x97, 0xe, 0xd0,
    0xc, 0xf5, 0x8f, 0x8f, 0xd1, 0xfb, 0x2f, 0x80,
    0x1, 0xff, 0xdf, 0x15, 0x42, 0xfb, 0x1, 0x10,
    0x0, 0x6f, 0xfb, 0x0, 0x3, 0xfe, 0x0, 0x0,
    0x0, 0xd, 0xf9, 0x0, 0x7, 0xff, 0x30, 0x0,
    0x0, 0x5f, 0xff, 0x20, 0xc, 0xff, 0x90, 0x0,
    0x1, 0xef, 0xbf, 0xa0, 0x6f, 0xcd, 0xf2, 0x0,
    0x2e, 0xf8, 0xe, 0x62, 0xef, 0x44, 0xfd, 0x0,
    0x3f, 0xa0, 0x1, 0x3e, 0xf8, 0x0, 0xbf, 0xd3,
    0x3, 0x0, 0x0, 0xdf, 0x90, 0x0, 0xb, 0xf6,
    0x0, 0x0, 0x0, 0x25, 0x0, 0x0, 0x0, 0x50,

    /* U+6B47 "歇" */
    0x0, 0x0, 0x0, 0x0, 0x0, 0x86, 0x0, 0x0,
    0x8, 0xff, 0xff, 0xff, 0x11, 0xfc, 0x0, 0x0,
    0x8, 0xf4, 0x33, 0xaf, 0x15, 0xfb, 0x55, 0x52,
    0x8, 0xff, 0xee, 0xff, 0x19, 0xff, 0xff, 0xfb,
    0x8, 0xf4, 0x33, 0xaf, 0x1e, 0xf5, 0x57, 0xf7,
    0x8, 0xff, 0xff, 0xff, 0x8f, 0xbd, 0x86, 0xf3,
    0x2, 0xef, 0x55, 0x55, 0xcf, 0x4f, 0xaa, 0xe0,
    0x4, 0xfd, 0x88, 0x88, 0x55, 0x2f, 0xd5, 0x70,
    0x1e, 0xff, 0xff, 0xff, 0x90, 0x3f, 0xf1, 0x0,
    0xaf, 0xb0, 0xe4, 0x3f, 0x80, 0x6f, 0xf4, 0x0,
    0x3d, 0xf9, 0xfd, 0x6f, 0x70, 0xcf, 0xfa, 0x0,
    0x7, 0xfb, 0x39, 0x7f, 0x73, 0xfc, 0xaf, 0x10,
    0x7, 0xff, 0xff, 0x8f, 0x6d, 0xf4, 0x3f, 0xb0,
    0x2, 0x55, 0x6c, 0xdf, 0xdf, 0xa0, 0x9, 0xf6,
    0x0, 0x0, 0xd, 0xea, 0x4b, 0x0, 0x0, 0x90,
    0x0, 0x0, 0x0, 0x0, 0x0, 0x0, 0x0, 0x0,

    /* U+6B4C "歌" */
    0x0, 0x0, 0x0, 0x0, 0x1, 0x84, 0x0, 0x0,
    0x1, 0xff, 0xff, 0xff, 0xff, 0x5f, 0x90, 0x0,
    0x0, 0x9, 0x99, 0x99, 0xdf, 0xa8, 0xf9, 0x44,
    0x52, 0x0, 0x7f, 0xff, 0x78, 0xf2, 0xbf, 0xff,
    0xff, 0xb0, 0x7, 0xe4, 0xf7, 0x8f, 0x3f, 0xd3,
    0x36, 0xf8, 0x0, 0x7e, 0x4f, 0x78, 0xf9, 0xf7,
    0xc8, 0x5f, 0x50, 0x7, 0xff, 0xf7, 0x8f, 0xef,
    0x1f, 0xb8, 0xf1, 0x1, 0x77, 0x77, 0x7c, 0xf9,
    0xa0, 0xfb, 0x49, 0x0, 0x4f, 0xff, 0xff, 0xff,
    0xfb, 0x2f, 0xe0, 0x0, 0x0, 0x46, 0x66, 0x47,
    0xf4, 0x15, 0xff, 0x20, 0x0, 0x9, 0xff, 0xfb,
    0x6f, 0x30, 0xbf, 0xf8, 0x0, 0x0, 0x9f, 0xb,
    0xb6, 0xf3, 0x2f, 0xcc, 0xf1, 0x0, 0x9, 0xff,
    0xfb, 0x6f, 0x4c, 0xf4, 0x3f, 0xb0, 0x0, 0x8e,
    0x56, 0x9a, 0xfd, 0xfa, 0x0, 0x9f, 0xa0, 0x0,
    0x0, 0xd, 0xfc, 0xab, 0x0, 0x0, 0xa9, 0x0,
    0x0, 0x0, 0x0, 0x0, 0x0, 0x0, 0x0, 0x0,

    /* U+6B63 "正" */
    0x6, 0xbb, 0xbb, 0xbb, 0xbb, 0xbb, 0xbb, 0xb0,
    0x8, 0xff, 0xff, 0xff, 0xff, 0xff, 0xff, 0xf0,
    0x1, 0x11, 0x11, 0x18, 0xf9, 0x11, 0x11, 0x10,
    0x0, 0x0, 0x0, 0x6, 0xf8, 0x0, 0x0, 0x0,
    0x0, 0x2, 0x10, 0x6, 0xf8, 0x0, 0x0, 0x0,
    0x0, 0x2f, 0xd0, 0x6, 0xf9, 0x0, 0x0, 0x0,
    0x0, 0x2f, 0xd0, 0x6, 0xff, 0xff, 0xff, 0x0,
    0x0, 0x2f, 0xd0, 0x6, 0xfe, 0xcc, 0xcc, 0x0,
    0x0, 0x2f, 0xd0, 0x6, 0xf8, 0x0, 0x0, 0x0,
    0x0, 0x2f, 0xd0, 0x6, 0xf8, 0x0, 0x0, 0x0,
    0x0, 0x2f, 0xd0, 0x6, 0xf8, 0x0, 0x0, 0x0,
    0x0, 0x2f, 0xd0, 0x7, 0xf9, 0x0, 0x0, 0x0,
    0x1f, 0xff, 0xff, 0xff, 0xff, 0xff, 0xff, 0xf7,
    0x1d, 0xdd, 0xdd, 0xdd, 0xdd, 0xdd, 0xdd, 0xd6,

    /* U+6B64 "此" */
    0x0, 0x0, 0xf, 0xe0, 0xe, 0xf1, 0x0, 0x0,
    0x0, 0x0, 0xf, 0xe0, 0xe, 0xf1, 0x0, 0x0,
    0x0, 0x0, 0xf, 0xe0, 0xe, 0xf1, 0x0, 0x0,
    0x0, 0x54, 0xf, 0xe0, 0xe, 0xf1, 0x0, 0x0,
    0x1, 0xfc, 0xf, 0xe0, 0xe, 0xf1, 0x3e, 0x50,
    0x1, 0xfc, 0xf, 0xfc, 0x9e, 0xf8, 0xff, 0xd0,
    0x1, 0xfc, 0xf, 0xff, 0xbe, 0xff, 0xe6, 0x0,
    0x1, 0xfc, 0xf, 0xe0, 0xe, 0xf8, 0x0, 0x0,
    0x1, 0xfc, 0xf, 0xe0, 0xe, 0xf1, 0x0, 0x0,
    0x1, 0xfc, 0xf, 0xe0, 0xe, 0xf1, 0x0, 0x0,
    0x1, 0xfc, 0xf, 0xe0, 0xe, 0xf1, 0x1, 0x20,
    0x1, 0xfc, 0xf, 0xe0, 0xe, 0xf1, 0x4, 0xf6,
    0x1, 0xfd, 0x6f, 0xfd, 0xad, 0xf1, 0x6, 0xf6,
    0x2e, 0xff, 0xff, 0xff, 0xac, 0xfe, 0xdf, 0xf2,
    0x1f, 0xfc, 0x96, 0x30, 0x4, 0xef, 0xff, 0x80,
    0x2, 0x0, 0x0, 0x0, 0x0, 0x0, 0x0, 0x0,

    /* U+6B65 "步" */
    0x0, 0x0, 0x0, 0xa, 0xf6, 0x0, 0x0, 0x0,
    0x0, 0x4, 0x40, 0xa, 0xf6, 0x0, 0x0, 0x0,
    0x0, 0xf, 0xf0, 0xa, 0xff, 0xff, 0xff, 0x0,
    0x0, 0xf, 0xf0, 0xa, 0xfd, 0xbb, 0xbb, 0x0,
    0x0, 0xf, 0xf0, 0xa, 0xf6, 0x0, 0x0, 0x0,
    0x2f, 0xff, 0xff, 0xff, 0xff, 0xff, 0xff, 0xf1,
    0x2d, 0xdd, 0xdd, 0xdf, 0xfd, 0xdd, 0xdd, 0xd1,
    0x0, 0x0, 0x94, 0xd, 0xf2, 0x0, 0x62, 0x0,
    0x0, 0xb, 0xfa, 0xd, 0xf2, 0x4, 0xff, 0x10,
    0x1, 0xcf, 0xd0, 0xd, 0xf2, 0x2e, 0xf6, 0x0,
    0x9, 0xfc, 0x10, 0xd, 0xf7, 0xff, 0xa0, 0x0,
    0x0, 0x80, 0x0, 0xa, 0xff, 0xf9, 0x0, 0x0,
    0x0, 0x0, 0x26, 0xcf, 0xfe, 0x50, 0x0, 0x0,
    0x19, 0xcf, 0xff, 0xfd, 0x71, 0x0, 0x0, 0x0,
    0xc, 0xff, 0xc9, 0x40, 0x0, 0x0, 0x0, 0x0,
    0x2, 0x30, 0x0, 0x0, 0x0, 0x0, 0x0, 0x0,

    /* U+6B7B "死" */
    0x1f, 0xff, 0xff, 0xff, 0xff, 0xff, 0xff, 0xf2,
    0x1d, 0xde, 0xff, 0xdd, 0xdf, 0xfd, 0xdd, 0xd2,
    0x0, 0xa, 0xf6, 0x0, 0xe, 0xf0, 0x0, 0x0,
    0x0, 0x1f, 0xf1, 0x0, 0xe, 0xf0, 0x0, 0x0,
    0x0, 0x7f, 0xff, 0xff, 0x6e, 0xf0, 0x1b, 0x20,
    0x1, 0xef, 0xcc, 0xef, 0x5e, 0xf3, 0xef, 0xb0,
    0xb, 0xf9, 0x0, 0xdf, 0x1e, 0xff, 0xf8, 0x0,
    0x4f, 0xda, 0x63, 0xfc, 0xe, 0xfd, 0x30, 0x0,
    0x4, 0x3e, 0xfe, 0xf5, 0xe, 0xf0, 0x0, 0x0,
    0x0, 0x2, 0xdf, 0xd0, 0xe, 0xf0, 0x0, 0x0,
    0x0, 0x3, 0xff, 0x40, 0xe, 0xf0, 0x5, 0xb2,
    0x0, 0x5f, 0xf7, 0x0, 0xe, 0xf1, 0x7, 0xf4,
    0x1c, 0xff, 0x80, 0x0, 0xc, 0xff, 0xff, 0xf1,
    0x8, 0xd4, 0x0, 0x0, 0x3, 0xac, 0xcb, 0x50,
    0x0, 0x0, 0x0, 0x0, 0x0, 0x0, 0x0, 0x0,

    /* U+6B8B "残" */
    0x0, 0x0, 0x0, 0x0, 0xd, 0xf1, 0x91, 0x0,
    0x5f, 0xff, 0xff, 0xf1, 0xd, 0xf6, 0xfe, 0x20,
    0x3b, 0xef, 0xcb, 0xb1, 0xc, 0xf1, 0x4a, 0x20,
    0x0, 0xcf, 0x10, 0x0, 0x3d, 0xfc, 0xef, 0xb0,
    0x0, 0xff, 0xaa, 0x6e, 0xff, 0xff, 0xfd, 0x80,
    0x4, 0xff, 0xff, 0xa8, 0x9c, 0xf5, 0x0, 0x0,
    0xa, 0xf4, 0x3f, 0x70, 0x8, 0xf9, 0x9b, 0xe1,
    0x3f, 0xd0, 0x6f, 0x7b, 0xdf, 0xff, 0xfe, 0xb2,
    0x8f, 0x9d, 0xcf, 0x3f, 0xdb, 0xfb, 0x17, 0x70,
    0x1a, 0x4e, 0xfb, 0x0, 0x0, 0xfd, 0x6f, 0xd1,
    0x0, 0x9, 0xf5, 0x0, 0x0, 0xdf, 0xfe, 0x20,
    0x0, 0x4f, 0xc0, 0x0, 0x3, 0xdf, 0xd2, 0x20,
    0x4, 0xef, 0x20, 0x5, 0xbf, 0xff, 0xd1, 0xe5,
    0x3f, 0xf6, 0x0, 0xcf, 0xfa, 0x29, 0xff, 0xf4,
    0x8, 0x40, 0x0, 0x28, 0x10, 0x0, 0xbf, 0xb0,

    /* U+6BBF "殿" */
    0x9, 0xff, 0xff, 0xff, 0x4e, 0xff, 0xff, 0x0,
    0x9, 0xf7, 0x77, 0xbf, 0x4e, 0xea, 0xef, 0x0,
    0x9, 0xf7, 0x77, 0xbf, 0x4f, 0xa0, 0xaf, 0x0,
    0x9, 0xff, 0xff, 0xff, 0x6f, 0x70, 0xaf, 0x0,
    0x9, 0xf2, 0xb1, 0xb4, 0xcf, 0x40, 0x8f, 0xf6,
    0xa, 0xf5, 0xf4, 0xf7, 0x89, 0x0, 0x17, 0x83,
    0xa, 0xff, 0xff, 0xff, 0xad, 0xdd, 0xdd, 0xa0,
    0xb, 0xf6, 0xf6, 0xf8, 0x9f, 0xed, 0xdf, 0xb0,
    0xc, 0xe5, 0xf4, 0xf7, 0x3f, 0x90, 0x7f, 0x60,
    0xd, 0xff, 0xff, 0xff, 0x89, 0xf4, 0xfe, 0x10,
    0xf, 0xc5, 0x64, 0x77, 0x22, 0xff, 0xf6, 0x0,
    0x3f, 0x78, 0xf3, 0xec, 0x2, 0xef, 0xf3, 0x0,
    0x8f, 0x4e, 0xd0, 0x5f, 0xbf, 0xfd, 0xff, 0xb2,
    0x3c, 0x3e, 0x50, 0x6, 0xbd, 0x40, 0x4d, 0xf1,
    0x0, 0x1, 0x0, 0x0, 0x10, 0x0, 0x0, 0x20,

    /* U+6BCF "每" */
    0x0, 0x0, 0x73, 0x0, 0x0, 0x0, 0x0, 0x0,
    0x0, 0x6, 0xfd, 0x0, 0x0, 0x0, 0x0, 0x0,
    0x0, 0xe, 0xff, 0xff, 0xff, 0xff, 0xff, 0xd0,
    0x0, 0x9f, 0xda, 0xaa, 0xaa, 0xaa, 0xaa, 0x80,
    0x6, 0xff, 0x20, 0x0, 0x0, 0x0, 0x0, 0x0,
    0x3f, 0xfe, 0xff, 0xff, 0xff, 0xff, 0xf3, 0x0,
    0x5, 0x7b, 0xfa, 0xbf, 0xc9, 0x9e, 0xf3, 0x0,
    0x0, 0xd, 0xf0, 0x5e, 0xf7, 0xb, 0xf2, 0x0,
    0x4a, 0xaf, 0xf9, 0x9b, 0xfd, 0x9e, 0xfb, 0xa4,
    0x6f, 0xff, 0xff, 0xff, 0xff, 0xff, 0xff, 0xf6,
    0x0, 0x4f, 0x90, 0x8f, 0xb3, 0xd, 0xf0, 0x0,
    0x0, 0x7f, 0xc9, 0x9c, 0xfc, 0x9f, 0xf9, 0x70,
    0x0, 0xaf, 0xff, 0xff, 0xff, 0xff, 0xff, 0xb0,
    0x0, 0x0, 0x0, 0x0, 0x47, 0xaf, 0xa0, 0x0,
    0x0, 0x0, 0x0, 0x0, 0x4f, 0xfc, 0x20, 0x0,
    0x0, 0x0, 0x0, 0x0, 0x0, 0x0, 0x0, 0x0,

    /* U+6BD4 "比" */
    0x0, 0x0, 0x0, 0x1, 0x10, 0x0, 0x0, 0x1,
    0xfe, 0x0, 0x0, 0xdf, 0x20, 0x0, 0x0, 0x1f,
    0xe0, 0x0, 0xd, 0xf2, 0x0, 0x0, 0x1, 0xfe,
    0x0, 0x0, 0xdf, 0x20, 0x3, 0x0, 0x1f, 0xe0,
    0x0, 0xd, 0xf2, 0x2, 0xf9, 0x1, 0xfe, 0x0,
    0x0, 0xdf, 0x22, 0xef, 0xf2, 0x1f, 0xfd, 0xdd,
    0x7d, 0xf5, 0xef, 0xd2, 0x1, 0xff, 0xff, 0xf8,
    0xdf, 0xff, 0xb1, 0x0, 0x1f, 0xe0, 0x0, 0xd,
    0xff, 0x60, 0x0, 0x1, 0xfe, 0x0, 0x0, 0xdf,
    0x30, 0x0, 0x0, 0x1f, 0xe0, 0x0, 0xd, 0xf2,
    0x0, 0x20, 0x1, 0xfe, 0x0, 0x0, 0xdf, 0x20,
    0x9, 0xd2, 0x1f, 0xe0, 0x38, 0x4d, 0xf2, 0x0,
    0xaf, 0x33, 0xff, 0xef, 0xf6, 0xcf, 0x20, 0xd,
    0xf1, 0xaf, 0xff, 0xc7, 0x1a, 0xff, 0xde, 0xfd,
    0x7, 0xf9, 0x30, 0x0, 0x2d, 0xff, 0xfd, 0x30,
    0x1, 0x0, 0x0, 0x0, 0x0, 0x0, 0x0, 0x0,

    /* U+6BDB "毛" */
    0x0, 0x0, 0x0, 0x0, 0x0, 0x38, 0x20, 0x0,
    0x0, 0x0, 0x0, 0x36, 0xae, 0xff, 0xe2, 0x0,
    0x5, 0x8b, 0xdf, 0xff, 0xff, 0xc7, 0x20, 0x0,
    0xc, 0xff, 0xfd, 0xff, 0x30, 0x0, 0x0, 0x0,
    0x3, 0x41, 0x0, 0xff, 0x0, 0x13, 0x56, 0x0,
    0x0, 0x2, 0x46, 0xff, 0xdf, 0xff, 0xfe, 0x0,
    0x8, 0xff, 0xff, 0xff, 0xfe, 0xb9, 0x75, 0x0,
    0x6, 0xda, 0x86, 0xff, 0x0, 0x0, 0x0, 0x0,
    0x0, 0x0, 0x0, 0xff, 0x35, 0x79, 0xbd, 0xc0,
    0x5, 0x68, 0xac, 0xff, 0xff, 0xff, 0xff, 0xd0,
    0x1f, 0xff, 0xff, 0xff, 0xa8, 0x64, 0x20, 0x0,
    0x8, 0x64, 0x20, 0xff, 0x0, 0x0, 0x5, 0x92,
    0x0, 0x0, 0x0, 0xef, 0x10, 0x0, 0x9, 0xf5,
    0x0, 0x0, 0x0, 0xcf, 0xfe, 0xdd, 0xef, 0xf1,
    0x0, 0x0, 0x0, 0x3c, 0xff, 0xff, 0xfe, 0x60,

    /* U+6C11 "民" */
    0x1f, 0xff, 0xff, 0xff, 0xff, 0xff, 0xc0, 0x1,
    0xff, 0xbb, 0xbb, 0xbb, 0xbc, 0xfc, 0x0, 0x1f,
    0xe0, 0x0, 0x0, 0x0, 0x2f, 0xc0, 0x1, 0xff,
    0x99, 0x99, 0x99, 0x9a, 0xfc, 0x0, 0x1f, 0xff,
    0xff, 0xff, 0xff, 0xff, 0xc0, 0x1, 0xfe, 0x22,
    0x29, 0xf9, 0x22, 0x21, 0x0, 0x1f, 0xe0, 0x0,
    0x6f, 0xa0, 0x0, 0x0, 0x1, 0xff, 0xdd, 0xde,
    0xff, 0xdd, 0xdd, 0x90, 0x1f, 0xff, 0xff, 0xff,
    0xff, 0xff, 0xfa, 0x1, 0xfe, 0x0, 0x0, 0xbf,
    0x70, 0x0, 0x0, 0x1f, 0xe0, 0x0, 0x4, 0xfe,
    0x10, 0x67, 0x2, 0xff, 0x59, 0xce, 0xc, 0xfc,
    0x19, 0xe0, 0xaf, 0xff, 0xff, 0xc0, 0x2e, 0xff,
    0xfa, 0x6, 0xfc, 0x84, 0x0, 0x0, 0x1a, 0xfd,
    0x20, 0x1, 0x0, 0x0, 0x0, 0x0, 0x0, 0x0,
    0x0,

    /* U+6C14 "气" */
    0x0, 0x2, 0x51, 0x0, 0x0, 0x0, 0x0, 0x0,
    0x0, 0xb, 0xf7, 0x0, 0x0, 0x0, 0x0, 0x0,
    0x0, 0x2f, 0xff, 0xff, 0xff, 0xff, 0xff, 0xb0,
    0x0, 0xaf, 0xca, 0xaa, 0xaa, 0xaa, 0xaa, 0x70,
    0x4, 0xfe, 0x99, 0x99, 0x99, 0x99, 0x94, 0x0,
    0x3f, 0xf5, 0xef, 0xff, 0xff, 0xff, 0xf6, 0x0,
    0x5f, 0xa0, 0x0, 0x0, 0x0, 0x0, 0x0, 0x0,
    0x2, 0x9f, 0xff, 0xff, 0xff, 0xff, 0x70, 0x0,
    0x0, 0x59, 0x99, 0x99, 0x99, 0xcf, 0x70, 0x0,
    0x0, 0x0, 0x0, 0x0, 0x0, 0x6f, 0x80, 0x0,
    0x0, 0x0, 0x0, 0x0, 0x0, 0x4f, 0xa0, 0x0,
    0x0, 0x0, 0x0, 0x0, 0x0, 0x2f, 0xd0, 0x50,
    0x0, 0x0, 0x0, 0x0, 0x0, 0xe, 0xf3, 0xf5,
    0x0, 0x0, 0x0, 0x0, 0x0, 0x7, 0xff, 0xf3,
    0x0, 0x0, 0x0, 0x0, 0x0, 0x0, 0x9e, 0xb0,

    /* U+6C34 "水" */
    0x0, 0x0, 0x0, 0xf, 0xf1, 0x0, 0x0, 0x0,
    0x0, 0x0, 0x0, 0xf, 0xf1, 0x0, 0x0, 0x0,
    0x0, 0x0, 0x0, 0xf, 0xf1, 0x0, 0x0, 0x0,
    0x0, 0x0, 0x0, 0xf, 0xf1, 0x0, 0x97, 0x0,
    0xd, 0xdd, 0xdd, 0x5f, 0xf3, 0x7, 0xff, 0x30,
    0xf, 0xff, 0xff, 0x5f, 0xfa, 0x6f, 0xf4, 0x0,
    0x0, 0x0, 0xdf, 0x1f, 0xff, 0xfe, 0x30, 0x0,
    0x0, 0x2, 0xfd, 0xf, 0xff, 0xf2, 0x0, 0x0,
    0x0, 0x9, 0xf7, 0xf, 0xfb, 0xf9, 0x0, 0x0,
    0x0, 0x2f, 0xf1, 0xf, 0xf2, 0xef, 0x70, 0x0,
    0x0, 0xdf, 0x80, 0xf, 0xf1, 0x3f, 0xf9, 0x10,
    0x1c, 0xfd, 0x0, 0xf, 0xf1, 0x6, 0xff, 0xe4,
    0x3e, 0xe2, 0x1, 0x2f, 0xf1, 0x0, 0x5e, 0xe2,
    0x3, 0x20, 0x2f, 0xff, 0xe0, 0x0, 0x1, 0x30,
    0x0, 0x0, 0xc, 0xfc, 0x40, 0x0, 0x0, 0x0,

    /* U+6C5F "江" */
    0x0, 0x0, 0x0, 0x0, 0x0, 0x0, 0x0, 0x0,
    0x0, 0xda, 0x20, 0x0, 0x0, 0x0, 0x0, 0x0,
    0x2, 0xcf, 0xf5, 0xff, 0xff, 0xff, 0xff, 0xb0,
    0x0, 0x7, 0xc2, 0xdd, 0xdf, 0xfe, 0xdd, 0xa0,
    0x0, 0x0, 0x0, 0x0, 0xd, 0xf3, 0x0, 0x0,
    0x9, 0x70, 0x0, 0x0, 0xd, 0xf3, 0x0, 0x0,
    0x2e, 0xfe, 0x40, 0x0, 0xd, 0xf3, 0x0, 0x0,
    0x0, 0x7e, 0x10, 0x0, 0xd, 0xf3, 0x0, 0x0,
    0x0, 0x0, 0x0, 0x0, 0xd, 0xf3, 0x0, 0x0,
    0x0, 0x3, 0xd1, 0x0, 0xd, 0xf3, 0x0, 0x0,
    0x0, 0xc, 0xf5, 0x0, 0xd, 0xf3, 0x0, 0x0,
    0x0, 0x6f, 0xc0, 0x0, 0xd, 0xf3, 0x0, 0x0,
    0x1, 0xff, 0x3a, 0xaa, 0xaf, 0xfc, 0xaa, 0xa4,
    0xa, 0xf9, 0xf, 0xff, 0xff, 0xff, 0xff, 0xf7,
    0x1, 0xb1, 0x3, 0x33, 0x33, 0x33, 0x33, 0x31,

    /* U+6C7D "汽" */
    0x0, 0x20, 0x0, 0x8, 0x40, 0x0, 0x0, 0x0,
    0x3, 0xfc, 0x30, 0x5f, 0xb0, 0x0, 0x0, 0x0,
    0x2, 0xaf, 0xe0, 0xdf, 0xff, 0xff, 0xff, 0xf6,
    0x0, 0x5, 0x38, 0xfd, 0xaa, 0xaa, 0xaa, 0xa4,
    0x0, 0x0, 0x4f, 0xf9, 0x77, 0x77, 0x77, 0x0,
    0xd, 0x81, 0x9, 0x4f, 0xff, 0xff, 0xff, 0x0,
    0x3e, 0xfe, 0x10, 0x1, 0x11, 0x11, 0x11, 0x0,
    0x0, 0x88, 0x8, 0xff, 0xff, 0xff, 0xfb, 0x0,
    0x0, 0x0, 0x5, 0xaa, 0xaa, 0xab, 0xfb, 0x0,
    0x0, 0x9, 0x80, 0x0, 0x0, 0x1, 0xfb, 0x0,
    0x0, 0x2f, 0xe0, 0x0, 0x0, 0x0, 0xfc, 0x0,
    0x0, 0xcf, 0x60, 0x0, 0x0, 0x0, 0xfc, 0x30,
    0x6, 0xfd, 0x0, 0x0, 0x0, 0x0, 0xce, 0x88,
    0xb, 0xf4, 0x0, 0x0, 0x0, 0x0, 0x8f, 0xf8,
    0x0, 0x60, 0x0, 0x0, 0x0, 0x0, 0x1c, 0xe2,

    /* U+6C99 "沙" */
    0x0, 0x0, 0x0, 0x0, 0x0, 0x0, 0x0, 0x0,
    0x1, 0xd8, 0x10, 0x0, 0xf, 0xf0, 0x0, 0x0,
    0x4, 0xef, 0xe2, 0x0, 0xf, 0xf0, 0x0, 0x0,
    0x0, 0x8, 0xc0, 0x77, 0x1f, 0xf0, 0x9a, 0x0,
    0x0, 0x0, 0x0, 0xef, 0xf, 0xf0, 0xcf, 0x40,
    0x7, 0x20, 0x2, 0xfc, 0xf, 0xf0, 0x3f, 0xc0,
    0x5f, 0xfa, 0x17, 0xf8, 0xf, 0xf0, 0xd, 0xf2,
    0x5, 0xdf, 0x2c, 0xf3, 0xf, 0xf0, 0x7, 0xd3,
    0x0, 0x3, 0x4f, 0xd0, 0xf, 0xf0, 0x5e, 0x50,
    0x0, 0x4, 0x48, 0x50, 0xf, 0xf0, 0xdf, 0x30,
    0x0, 0xc, 0xf1, 0x0, 0xf, 0xf8, 0xfb, 0x0,
    0x0, 0x5f, 0xb0, 0x0, 0x0, 0x8f, 0xe2, 0x0,
    0x0, 0xef, 0x30, 0x0, 0x3b, 0xff, 0x30, 0x0,
    0x8, 0xfa, 0x2, 0x6b, 0xff, 0xd3, 0x0, 0x0,
    0xa, 0xf2, 0x4f, 0xff, 0xe6, 0x0, 0x0, 0x0,
    0x0, 0x30, 0x9, 0x83, 0x0, 0x0, 0x0, 0x0,

    /* U+6CA1 "没" */
    0x0, 0x10, 0x0, 0x0, 0x0, 0x0, 0x0, 0x0,
    0x4, 0xfa, 0x20, 0xf, 0xff, 0xff, 0xf0, 0x0,
    0x3, 0xcf, 0xf1, 0xf, 0xfc, 0xcf, 0xf0, 0x0,
    0x0, 0x6, 0x60, 0x1f, 0xc0, 0xe, 0xf0, 0x0,
    0x0, 0x0, 0x0, 0x9f, 0x80, 0xd, 0xf4, 0x42,
    0x1d, 0x81, 0x1b, 0xfe, 0x10, 0xa, 0xff, 0xf6,
    0x3d, 0xff, 0x39, 0xc2, 0x0, 0x1, 0x68, 0x73,
    0x0, 0x7b, 0x5, 0xbb, 0xbb, 0xbb, 0xbb, 0x30,
    0x0, 0x0, 0x6, 0xff, 0xff, 0xff, 0xff, 0x30,
    0x0, 0x8, 0x90, 0xaf, 0x50, 0x8, 0xfb, 0x0,
    0x0, 0x1f, 0xe0, 0x2f, 0xe3, 0x5f, 0xf3, 0x0,
    0x0, 0x9f, 0x70, 0x5, 0xff, 0xff, 0x60, 0x0,
    0x3, 0xfe, 0x0, 0x5, 0xef, 0xfe, 0x60, 0x0,
    0xc, 0xf6, 0x3b, 0xef, 0xfc, 0xcf, 0xff, 0xc4,
    0x4, 0xc0, 0x1f, 0xfa, 0x40, 0x4, 0xbf, 0xd0,
    0x0, 0x0, 0x2, 0x0, 0x0, 0x0, 0x0, 0x10,

    /* U+6CB3 "河" */
    0x1, 0x71, 0x0, 0x0, 0x0, 0x0, 0x0, 0x0,
    0xa, 0xfe, 0x6e, 0xff, 0xff, 0xff, 0xff, 0xf7,
    0x0, 0x9f, 0xbc, 0xdd, 0xdd, 0xdd, 0xff, 0xe6,
    0x0, 0x4, 0x10, 0x0, 0x0, 0x0, 0x9f, 0x40,
    0x0, 0x0, 0x0, 0x0, 0x0, 0x0, 0x9f, 0x40,
    0xc, 0x60, 0x3, 0xff, 0xff, 0xf0, 0x9f, 0x40,
    0x5f, 0xfe, 0x23, 0xfc, 0xae, 0xf0, 0x9f, 0x40,
    0x1, 0xac, 0x3, 0xf7, 0xb, 0xf0, 0x9f, 0x40,
    0x0, 0x0, 0x3, 0xf7, 0xb, 0xf0, 0x9f, 0x40,
    0x0, 0x9, 0x94, 0xff, 0xff, 0xf0, 0x9f, 0x40,
    0x0, 0x3f, 0xe4, 0xfd, 0xbb, 0xb0, 0x9f, 0x40,
    0x0, 0xcf, 0x53, 0xe6, 0x0, 0x0, 0x9f, 0x40,
    0x7, 0xfc, 0x0, 0x0, 0x0, 0x0, 0xaf, 0x40,
    0xe, 0xf3, 0x0, 0x0, 0xf, 0xfe, 0xff, 0x20,
    0x2, 0x70, 0x0, 0x0, 0xa, 0xff, 0xd7, 0x0,

    /* U+6CB9 "油" */
    0x0, 0x66, 0x0, 0x0, 0xa, 0xf2, 0x0, 0x0,
    0x1, 0xff, 0xc2, 0x0, 0xa, 0xf2, 0x0, 0x0,
    0x0, 0x6f, 0xfb, 0x0, 0xa, 0xf2, 0x0, 0x0,
    0x0, 0x2, 0xc3, 0x0, 0xa, 0xf3, 0x0, 0x0,
    0x0, 0x0, 0x1, 0xff, 0xff, 0xff, 0xff, 0xf1,
    0x5, 0x71, 0x1, 0xfe, 0xce, 0xfc, 0xcf, 0xf1,
    0xd, 0xff, 0x71, 0xfb, 0xa, 0xf2, 0xc, 0xf1,
    0x0, 0x6e, 0x61, 0xfb, 0xa, 0xf2, 0xc, 0xf1,
    0x0, 0x1, 0x1, 0xff, 0xdf, 0xfe, 0xdf, 0xf1,
    0x0, 0x1, 0x21, 0xff, 0xff, 0xff, 0xff, 0xf1,
    0x0, 0xa, 0xf4, 0xfb, 0xa, 0xf2, 0xc, 0xf1,
    0x0, 0x3f, 0xd1, 0xfb, 0xa, 0xf2, 0xc, 0xf1,
    0x0, 0xdf, 0x51, 0xfe, 0xae, 0xfb, 0xae, 0xf1,
    0x6, 0xfd, 0x1, 0xff, 0xff, 0xff, 0xff, 0xf1,
    0x0, 0x84, 0x1, 0xfb, 0x22, 0x22, 0x2b, 0xe1,

    /* U+6CBC "沼" */
    0x0, 0x40, 0x0, 0x0, 0x0, 0x0, 0x0, 0x0,
    0x5, 0xfe, 0x62, 0xff, 0xff, 0xff, 0xff, 0xf0,
    0x0, 0x8f, 0xe3, 0xcc, 0xef, 0xdc, 0xcf, 0xf0,
    0x0, 0x3, 0x40, 0x0, 0xef, 0x20, 0xd, 0xf0,
    0x0, 0x0, 0x0, 0x3, 0xfe, 0x0, 0xe, 0xe0,
    0xb, 0x80, 0x0, 0xc, 0xf8, 0x0, 0xf, 0xd0,
    0x3f, 0xfe, 0x42, 0xbf, 0xe1, 0x68, 0xbf, 0xa0,
    0x1, 0xaf, 0x2e, 0xfe, 0x20, 0x6f, 0xff, 0x40,
    0x0, 0x1, 0x4, 0x91, 0x0, 0x14, 0x41, 0x0,
    0x0, 0x2, 0x70, 0xcf, 0xff, 0xff, 0xff, 0xb0,
    0x0, 0xb, 0xf4, 0xcf, 0xba, 0xaa, 0xbf, 0xb0,
    0x0, 0x4f, 0xc0, 0xcf, 0x10, 0x0, 0x3f, 0xb0,
    0x0, 0xef, 0x30, 0xcf, 0x10, 0x0, 0x3f, 0xb0,
    0x9, 0xfa, 0x0, 0xcf, 0xff, 0xff, 0xff, 0xb0,
    0x4, 0xe1, 0x0, 0xcf, 0xbb, 0xbb, 0xce, 0xa0,
    0x0, 0x0, 0x0, 0x0, 0x0, 0x0, 0x0, 0x0,

    /* U+6CBD "沽" */
    0x0, 0x91, 0x0, 0x0, 0xf, 0xf0, 0x0, 0x0,
    0x8, 0xfe, 0x40, 0x0, 0xf, 0xf0, 0x0, 0x0,
    0x1, 0xbf, 0xf2, 0x0, 0xf, 0xf0, 0x0, 0x0,
    0x0, 0x9, 0xa0, 0x0, 0xf, 0xf1, 0x0, 0x0,
    0x0, 0x0, 0xe, 0xff, 0xff, 0xff, 0xff, 0xf4,
    0x9, 0x40, 0xb, 0xcc, 0xcf, 0xfc, 0xcc, 0xc3,
    0x4f, 0xfc, 0x20, 0x0, 0xf, 0xf0, 0x0, 0x0,
    0x1, 0xac, 0x0, 0x0, 0xf, 0xf0, 0x0, 0x0,
    0x0, 0x0, 0x0, 0xbb, 0xbf, 0xfc, 0xbb, 0x50,
    0x0, 0x6, 0xa1, 0xff, 0xff, 0xff, 0xff, 0x60,
    0x0, 0xe, 0xf3, 0xfc, 0x0, 0x0, 0x9f, 0x60,
    0x0, 0x8f, 0x91, 0xfc, 0x0, 0x0, 0x8f, 0x60,
    0x2, 0xff, 0x11, 0xfc, 0x0, 0x0, 0x9f, 0x60,
    0xc, 0xf8, 0x1, 0xff, 0xff, 0xff, 0xff, 0x60,
    0x6, 0xe0, 0x1, 0xff, 0xbb, 0xbb, 0xde, 0x60,
    0x0, 0x0, 0x0, 0x0, 0x0, 0x0, 0x0, 0x0,

    /* U+6CC9 "泉" */
    0x0, 0x0, 0x0, 0x3a, 0x70, 0x0, 0x0, 0x0,
    0x0, 0x34, 0x44, 0xcf, 0xb4, 0x44, 0x40, 0x0,
    0x0, 0xcf, 0xff, 0xff, 0xff, 0xff, 0xf3, 0x0,
    0x0, 0xcf, 0x32, 0x22, 0x22, 0x2c, 0xf3, 0x0,
    0x0, 0xcf, 0xff, 0xff, 0xff, 0xff, 0xf3, 0x0,
    0x0, 0xcf, 0x76, 0x66, 0x66, 0x6d, 0xf3, 0x0,
    0x0, 0xcf, 0x87, 0x77, 0x77, 0x7d, 0xf3, 0x0,
    0x0, 0xbf, 0xff, 0xff, 0xff, 0xff, 0xf3, 0x0,
    0x0, 0x0, 0x0, 0x1f, 0xe0, 0x3, 0xe7, 0x0,
    0x2f, 0xff, 0xff, 0x5f, 0xf7, 0x4f, 0xfa, 0x0,
    0x19, 0x9b, 0xfe, 0x1f, 0xff, 0xfe, 0x40, 0x0,
    0x0, 0x2e, 0xf5, 0x1f, 0xec, 0xf7, 0x0, 0x0,
    0x18, 0xff, 0x70, 0x1f, 0xc0, 0xbf, 0xe9, 0x40,
    0x7f, 0xe5, 0x4b, 0xbf, 0xc0, 0x6, 0xdf, 0xb0,
    0x5, 0x0, 0x1f, 0xfd, 0x40, 0x0, 0x4, 0x10,

    /* U+6CE1 "泡" */
    0x0, 0x61, 0x0, 0x8, 0x50, 0x0, 0x0, 0x0,
    0x6, 0xff, 0x70, 0x4f, 0xd0, 0x0, 0x0, 0x0,
    0x0, 0x7f, 0xc0, 0xbf, 0xeb, 0xbb, 0xbb, 0x90,
    0x0, 0x2, 0x14, 0xff, 0xff, 0xff, 0xff, 0xc0,
    0x1, 0x0, 0x2e, 0xf5, 0x0, 0x0, 0x2f, 0xc0,
    0x1e, 0xd4, 0x8f, 0xf9, 0x99, 0x97, 0x2f, 0xc0,
    0x2c, 0xff, 0x15, 0xff, 0xff, 0xfb, 0x2f, 0xb0,
    0x0, 0x56, 0x0, 0xfd, 0x1, 0xfb, 0x3f, 0xa0,
    0x0, 0x0, 0x0, 0xfe, 0x34, 0xfb, 0x4f, 0xa0,
    0x0, 0xa, 0x40, 0xff, 0xff, 0xfc, 0x8f, 0x80,
    0x0, 0x4f, 0xc0, 0xfe, 0x77, 0x7b, 0xff, 0x50,
    0x0, 0xcf, 0x40, 0xfd, 0x0, 0x3, 0x98, 0x30,
    0x5, 0xfc, 0x0, 0xfe, 0x0, 0x0, 0x6, 0xf6,
    0xe, 0xf4, 0x0, 0xdf, 0xcc, 0xbb, 0xcf, 0xf3,
    0x3, 0xa0, 0x0, 0x4d, 0xff, 0xff, 0xfe, 0x80,

    /* U+6CE2 "波" */
    0x1, 0xa3, 0x0, 0x0, 0xe, 0xf0, 0x0, 0x0,
    0x8, 0xff, 0x90, 0x0, 0xe, 0xf0, 0x0, 0x0,
    0x0, 0x7f, 0x96, 0xaa, 0xaf, 0xfa, 0xab, 0x91,
    0x0, 0x2, 0x9, 0xff, 0xff, 0xff, 0xff, 0xf0,
    0x2, 0x0, 0x9, 0xf4, 0x1f, 0xf1, 0x5f, 0xa0,
    0x4f, 0xc3, 0x9, 0xf3, 0xe, 0xf0, 0x6e, 0x30,
    0x3c, 0xfe, 0x9, 0xfb, 0x9f, 0xf9, 0xa8, 0x0,
    0x0, 0x64, 0xa, 0xff, 0xff, 0xff, 0xff, 0x10,
    0x0, 0x0, 0xc, 0xfd, 0xf3, 0x5, 0xfb, 0x0,
    0x0, 0x2d, 0x3d, 0xf3, 0xfc, 0xd, 0xf5, 0x0,
    0x0, 0xaf, 0x6e, 0xe0, 0x9f, 0xbf, 0xb0, 0x0,
    0x1, 0xfe, 0x3f, 0xb0, 0x1e, 0xff, 0x20, 0x0,
    0xa, 0xf7, 0x7f, 0x60, 0x8f, 0xff, 0xa1, 0x0,
    0x3f, 0xf1, 0xef, 0x9e, 0xfe, 0x7d, 0xff, 0xb1,
    0x8, 0x81, 0xb9, 0x5f, 0xa1, 0x0, 0x8e, 0x90,
    0x0, 0x0, 0x0, 0x1, 0x0, 0x0, 0x0, 0x0,

    /* U+6CE5 "泥" */
    0x0, 0x72, 0x0, 0x0, 0x0, 0x0, 0x0, 0x0,
    0x6, 0xff, 0x90, 0xef, 0xff, 0xff, 0xff, 0xc0,
    0x0, 0x5e, 0xe1, 0xef, 0xbb, 0xbb, 0xcf, 0xc0,
    0x0, 0x1, 0x30, 0xee, 0x0, 0x0, 0x1f, 0xc0,
    0x1, 0x0, 0x0, 0xef, 0xaa, 0xaa, 0xaf, 0xc0,
    0x1e, 0xc4, 0x0, 0xef, 0xff, 0xff, 0xff, 0xc0,
    0x2b, 0xff, 0x30, 0xee, 0x48, 0x51, 0x11, 0x10,
    0x0, 0x48, 0x0, 0xfe, 0x5f, 0x70, 0x19, 0x10,
    0x0, 0x2, 0x0, 0xfd, 0x5f, 0x86, 0xef, 0xa0,
    0x0, 0xe, 0xa2, 0xfb, 0x5f, 0xff, 0xe6, 0x0,
    0x0, 0x6f, 0xa4, 0xf9, 0x5f, 0xd5, 0x0, 0x0,
    0x0, 0xef, 0x38, 0xf5, 0x5f, 0x70, 0x1, 0xb3,
    0x7, 0xfb, 0xd, 0xf1, 0x5f, 0x80, 0x3, 0xf6,
    0xe, 0xf3, 0x6f, 0xb0, 0x4f, 0xea, 0xad, 0xf3,
    0x2, 0x80, 0x5e, 0x20, 0xa, 0xff, 0xff, 0x90,
    0x0, 0x0, 0x0, 0x0, 0x0, 0x0, 0x0, 0x0,

    /* U+6CF0 "泰" */
    0x0, 0x0, 0x0, 0x5, 0x40, 0x0, 0x0, 0x0,
    0x0, 0x0, 0x0, 0x1f, 0xf0, 0x0, 0x0, 0x0,
    0x2, 0xff, 0xff, 0xff, 0xff, 0xff, 0xff, 0x90,
    0x1, 0x77, 0x77, 0xcf, 0xa7, 0x77, 0x77, 0x40,
    0x0, 0x4c, 0xcc, 0xff, 0xdc, 0xcc, 0xcc, 0x0,
    0x0, 0x39, 0x9d, 0xfc, 0x99, 0x99, 0x99, 0x0,
    0x9, 0x99, 0x9e, 0xfb, 0x99, 0x99, 0x99, 0x94,
    0x1f, 0xff, 0xff, 0xff, 0xff, 0xff, 0xff, 0xf6,
    0x0, 0x2c, 0xfa, 0xb, 0xf1, 0x5f, 0xd5, 0x0,
    0x18, 0xff, 0xd2, 0xb, 0xf1, 0x2b, 0xff, 0xe6,
    0xa, 0xd6, 0xff, 0x3b, 0xf7, 0xdf, 0x58, 0xe2,
    0x0, 0x0, 0x5f, 0xdf, 0xff, 0xfb, 0x0, 0x0,
    0x0, 0x7c, 0xff, 0xde, 0xf8, 0xef, 0xe7, 0x0,
    0x0, 0xcf, 0xa7, 0x7e, 0xf1, 0x7, 0xfd, 0x0,
    0x0, 0x20, 0x2, 0xfe, 0x90, 0x0, 0x11, 0x0,

    /* U+6CF8 "泸" */
    0x0, 0x71, 0x0, 0x0, 0xc, 0xf1, 0x0, 0x0,
    0x6, 0xff, 0x80, 0x0, 0xc, 0xf9, 0x88, 0x80,
    0x1, 0x9f, 0xf3, 0x0, 0xc, 0xff, 0xff, 0xf0,
    0x0, 0x4, 0x60, 0x0, 0xc, 0xf2, 0x0, 0x0,
    0x1, 0x0, 0x0, 0xcc, 0xcf, 0xfc, 0xcc, 0x90,
    0x2e, 0xb2, 0x0, 0xff, 0xff, 0xff, 0xff, 0xc0,
    0x2b, 0xff, 0x40, 0xfe, 0x0, 0x0, 0x1f, 0xc0,
    0x0, 0x7d, 0x0, 0xfe, 0x0, 0x0, 0x1f, 0xc0,
    0x0, 0x0, 0x0, 0xff, 0xdd, 0xdd, 0xdf, 0xc0,
    0x0, 0xa, 0x32, 0xff, 0xff, 0xff, 0xff, 0xc0,
    0x0, 0x4f, 0xc4, 0xf9, 0x0, 0x0, 0x7, 0x50,
    0x0, 0xdf, 0x48, 0xf6, 0x0, 0x0, 0x0, 0x0,
    0x7, 0xfc, 0xc, 0xf3, 0x0, 0x0, 0x0, 0x0,
    0xf, 0xf3, 0x4f, 0xd0, 0x0, 0x0, 0x0, 0x0,
    0x3, 0x90, 0x5e, 0x50, 0x0, 0x0, 0x0, 0x0,
    0x0, 0x0, 0x1, 0x0, 0x0, 0x0, 0x0, 0x0,

    /* U+6D1E "洞" */
    0x0, 0x20, 0x0, 0x0, 0x0, 0x0, 0x0, 0x0,
    0x6f, 0xb2, 0xef, 0xff, 0xff, 0xff, 0xfe, 0x4,
    0xdf, 0xce, 0xfb, 0xbb, 0xbb, 0xbf, 0xe0, 0x0,
    0x83, 0xed, 0x0, 0x0, 0x0, 0xde, 0x0, 0x0,
    0xe, 0xd7, 0xff, 0xff, 0x7d, 0xe0, 0xc7, 0x10,
    0xed, 0x38, 0x88, 0x83, 0xde, 0x3e, 0xfe, 0x2e,
    0xd2, 0x88, 0x88, 0x1d, 0xe0, 0x7, 0xa0, 0xed,
    0x3f, 0xff, 0xf2, 0xde, 0x0, 0x0, 0xe, 0xd3,
    0xf3, 0x5f, 0x2d, 0xe0, 0x0, 0xa3, 0xed, 0x3f,
    0x34, 0xf2, 0xde, 0x0, 0x5f, 0xde, 0xd3, 0xfb,
    0xcf, 0x2d, 0xe0, 0xd, 0xf5, 0xed, 0x3f, 0xff,
    0xf2, 0xde, 0x8, 0xfc, 0xe, 0xd2, 0xc2, 0x0,
    0xe, 0xe0, 0xef, 0x30, 0xed, 0x0, 0x0, 0xbe,
    0xfd, 0x1, 0x70, 0xe, 0xd0, 0x0, 0x8, 0xfd,
    0x50, 0x0, 0x0, 0x0, 0x0, 0x0, 0x0, 0x0,

    /* U+6D4E "济" */
    0x0, 0x10, 0x0, 0x0, 0x28, 0x30, 0x0, 0x0,
    0x4, 0xf9, 0x0, 0x0, 0x3f, 0xb0, 0x0, 0x0,
    0x2, 0xdf, 0xbf, 0xff, 0xff, 0xff, 0xff, 0xf4,
    0x0, 0x9, 0x2b, 0xdf, 0xdb, 0xbd, 0xfe, 0xb3,
    0x1, 0x0, 0x0, 0x1f, 0xe2, 0x2e, 0xf3, 0x0,
    0x2e, 0xc2, 0x0, 0x5, 0xfe, 0xdf, 0x80, 0x0,
    0xa, 0xfe, 0x0, 0x4, 0xdf, 0xff, 0x84, 0x10,
    0x0, 0x74, 0x3c, 0xff, 0xfb, 0xaf, 0xff, 0xf6,
    0x0, 0x0, 0xe, 0xdd, 0x60, 0x4, 0xb9, 0x90,
    0x0, 0x1e, 0x40, 0x2f, 0xb0, 0x9, 0xf4, 0x0,
    0x0, 0x8f, 0x70, 0x2f, 0xb0, 0x9, 0xf4, 0x0,
    0x1, 0xff, 0x10, 0x5f, 0x90, 0x9, 0xf4, 0x0,
    0x8, 0xf9, 0x0, 0xcf, 0x40, 0x9, 0xf4, 0x0,
    0xf, 0xf2, 0x5d, 0xfa, 0x0, 0x9, 0xf4, 0x0,
    0x3, 0x80, 0x5e, 0x70, 0x0, 0x9, 0xf4, 0x0,
    0x0, 0x0, 0x0, 0x0, 0x0, 0x0, 0x0, 0x0,

    /* U+6D53 "浓" */
    0x0, 0x0, 0x0, 0x0, 0x2, 0x0, 0x0, 0x0,
    0x3, 0xd5, 0x0, 0x0, 0xf, 0xe0, 0x0, 0x0,
    0x5, 0xff, 0x90, 0x0, 0x3f, 0xb0, 0x0, 0x0,
    0x0, 0x2d, 0x5f, 0xff, 0xff, 0xff, 0xff, 0xf1,
    0x0, 0x0, 0x1f, 0xd9, 0xff, 0xfa, 0x9e, 0xf1,
    0x8, 0x30, 0x1f, 0x95, 0xff, 0xf5, 0xb, 0xf1,
    0x4f, 0xf9, 0x0, 0xe, 0xf7, 0xf8, 0x0, 0x0,
    0x3, 0xea, 0x0, 0x9f, 0xb0, 0xfc, 0x1c, 0x70,
    0x0, 0x10, 0xa, 0xff, 0x70, 0xcf, 0xef, 0x90,
    0x0, 0x33, 0xcf, 0xff, 0x70, 0x7f, 0xd3, 0x0,
    0x0, 0xcf, 0x8d, 0x7f, 0x70, 0x1f, 0xd0, 0x0,
    0x2, 0xfc, 0x0, 0x4f, 0x70, 0xa, 0xf8, 0x0,
    0x9, 0xf6, 0x0, 0x5f, 0x87, 0xa1, 0xff, 0x60,
    0x1f, 0xf1, 0x0, 0xaf, 0xff, 0xe0, 0x6f, 0xf5,
    0x29, 0x90, 0x0, 0xef, 0xb5, 0x0, 0x6, 0xc0,
    0x0, 0x0, 0x0, 0x41, 0x0, 0x0, 0x0, 0x0,

    /* U+6D66 "浦" */
    0x0, 0x0, 0x0, 0x0, 0x0, 0x0, 0x0, 0x0,
    0x1, 0xa2, 0x0, 0x0, 0xc, 0xf1, 0xc7, 0x0,
    0x9, 0xff, 0x80, 0x0, 0xc, 0xf2, 0xdf, 0x80,
    0x0, 0x8f, 0xca, 0xaa, 0xae, 0xfa, 0xbf, 0xb3,
    0x0, 0x3, 0x2f, 0xff, 0xff, 0xff, 0xff, 0xf5,
    0x0, 0x0, 0x0, 0x0, 0xc, 0xf1, 0x0, 0x0,
    0xd, 0x92, 0x4, 0xbb, 0xbf, 0xfb, 0xbb, 0x80,
    0x3e, 0xff, 0x36, 0xff, 0xff, 0xff, 0xff, 0xc0,
    0x0, 0x8b, 0x6, 0xf6, 0xc, 0xf1, 0x1f, 0xc0,
    0x0, 0x0, 0x6, 0xff, 0xff, 0xff, 0xff, 0xc0,
    0x0, 0xa, 0x56, 0xfb, 0x8e, 0xf8, 0x9f, 0xc0,
    0x0, 0x4f, 0xd6, 0xfb, 0x8e, 0xf8, 0x9f, 0xc0,
    0x0, 0xcf, 0x46, 0xff, 0xff, 0xff, 0xff, 0xc0,
    0x6, 0xfc, 0x6, 0xf6, 0xc, 0xf1, 0x1f, 0xc0,
    0xe, 0xf3, 0x6, 0xf6, 0xc, 0xf5, 0xbf, 0xb0,
    0x2, 0x80, 0x6, 0xf6, 0xc, 0xf3, 0xfe, 0x40,
    0x0, 0x0, 0x0, 0x0, 0x0, 0x0, 0x0, 0x0,

    /* U+6D6A "浪" */
    0x0, 0x0, 0x0, 0x0, 0x4a, 0x20, 0x0, 0x0,
    0x4, 0xe5, 0x0, 0x0, 0x5f, 0x90, 0x0, 0x0,
    0x4, 0xff, 0x6c, 0xff, 0xff, 0xff, 0xff, 0x10,
    0x0, 0x3d, 0x3d, 0xfb, 0xbb, 0xbb, 0xef, 0x10,
    0x0, 0x0, 0xd, 0xf4, 0x33, 0x33, 0xdf, 0x10,
    0x2e, 0x80, 0xd, 0xff, 0xff, 0xff, 0xff, 0x10,
    0x3c, 0xfd, 0xd, 0xf5, 0x44, 0x44, 0xdf, 0x10,
    0x0, 0x96, 0xd, 0xfa, 0x99, 0x99, 0xef, 0x10,
    0x0, 0x2, 0xd, 0xff, 0xff, 0xff, 0xff, 0x10,
    0x0, 0x5f, 0x4d, 0xf1, 0xe, 0xe1, 0x2a, 0x10,
    0x0, 0xcf, 0x4d, 0xf1, 0x8, 0xfa, 0xef, 0x60,
    0x3, 0xfd, 0xd, 0xf1, 0x1, 0xef, 0xe3, 0x0,
    0xb, 0xf6, 0xe, 0xf7, 0xbc, 0x5f, 0xf7, 0x0,
    0x1f, 0xf0, 0x4f, 0xff, 0xfb, 0x6, 0xff, 0xe2,
    0x2, 0x60, 0x2f, 0xc6, 0x10, 0x0, 0x3b, 0x90,
    0x0, 0x0, 0x1, 0x0, 0x0, 0x0, 0x0, 0x0,

    /* U+6D77 "海" */
    0x0, 0x10, 0x0, 0x7, 0x30, 0x0, 0x0, 0x0,
    0x0, 0xde, 0x50, 0x5f, 0xb0, 0x0, 0x0, 0x0,
    0x0, 0x6f, 0xf5, 0xbf, 0xff, 0xff, 0xff, 0xf4,
    0x0, 0x2, 0x83, 0xfe, 0xbb, 0xbb, 0xbb, 0xb3,
    0x0, 0x0, 0xd, 0xf6, 0x0, 0x0, 0x0, 0x0,
    0x3, 0x40, 0x2e, 0xff, 0xff, 0xff, 0xff, 0xb0,
    0xd, 0xfb, 0x10, 0x7f, 0xcc, 0xe9, 0x9f, 0xa0,
    0x1, 0xae, 0x20, 0x7f, 0x53, 0xe7, 0x2f, 0xa0,
    0x0, 0x1, 0x2f, 0xff, 0xff, 0xff, 0xff, 0xfb,
    0x0, 0xa, 0x6a, 0xef, 0xbf, 0xca, 0xcf, 0xd8,
    0x0, 0x2f, 0xb0, 0xde, 0xb, 0xe2, 0x4f, 0x60,
    0x0, 0x9f, 0x40, 0xfe, 0x9a, 0xfc, 0xcf, 0xc3,
    0x1, 0xfe, 0x3, 0xff, 0xff, 0xff, 0xff, 0xf5,
    0x8, 0xf7, 0x0, 0x0, 0x0, 0x88, 0xef, 0x0,
    0x1, 0x91, 0x0, 0x0, 0x0, 0xcf, 0xe6, 0x0,
    0x0, 0x0, 0x0, 0x0, 0x0, 0x0, 0x0, 0x0,

    /* U+6D82 "涂" */
    0x0, 0x0, 0x0, 0x0, 0x7, 0x50, 0x0, 0x0,
    0x3, 0xea, 0x10, 0x0, 0x4f, 0xf1, 0x0, 0x0,
    0x3, 0xcf, 0xf3, 0x4, 0xff, 0xfd, 0x20, 0x0,
    0x0, 0x7, 0xa1, 0x8f, 0xe2, 0x5f, 0xf6, 0x0,
    0x0, 0x0, 0x4e, 0xfd, 0x10, 0x4, 0xef, 0xd4,
    0xb, 0x71, 0x8f, 0xeb, 0xaa, 0xaa, 0xce, 0xe1,
    0x3e, 0xfe, 0x43, 0x7f, 0xff, 0xff, 0xf7, 0x10,
    0x0, 0x8e, 0x10, 0x0, 0xd, 0xf0, 0x0, 0x0,
    0x0, 0x0, 0xa, 0xcc, 0xcf, 0xfc, 0xcc, 0xc0,
    0x0, 0x8, 0x3d, 0xff, 0xff, 0xff, 0xff, 0xf0,
    0x0, 0x3f, 0xe0, 0x63, 0xd, 0xf0, 0x33, 0x0,
    0x0, 0xcf, 0x64, 0xfc, 0xd, 0xf1, 0xef, 0x20,
    0x7, 0xfc, 0x2e, 0xf2, 0xd, 0xf0, 0x3f, 0xd0,
    0xe, 0xf3, 0x3d, 0x57, 0xbf, 0xf0, 0x9, 0xb1,
    0x1, 0x70, 0x0, 0x5, 0xfe, 0x70, 0x0, 0x0,
    0x0, 0x0, 0x0, 0x0, 0x0, 0x0, 0x0, 0x0,

    /* U+6D8C "涌" */
    0x0, 0x10, 0x0, 0x0, 0x0, 0x0, 0x0, 0x0,
    0x7f, 0x91, 0x6f, 0xff, 0xff, 0xff, 0xe3, 0x5,
    0xef, 0xe4, 0x99, 0x99, 0xaf, 0xfc, 0x10, 0x0,
    0x87, 0x0, 0x8c, 0x8d, 0xfb, 0x10, 0x0, 0x0,
    0x0, 0x6, 0xdf, 0xfe, 0x30, 0x2, 0xe8, 0x10,
    0x7b, 0xbb, 0xef, 0xfe, 0xb8, 0x5e, 0xff, 0x3a,
    0xff, 0xff, 0xff, 0xff, 0xc0, 0x8, 0xa0, 0xaf,
    0x31, 0xfd, 0x12, 0xfc, 0x0, 0x0, 0xa, 0xff,
    0xff, 0xff, 0xff, 0xc0, 0x0, 0xe6, 0xaf, 0x86,
    0xfe, 0x67, 0xfc, 0x0, 0x8f, 0x8a, 0xf9, 0x8f,
    0xe8, 0x9f, 0xc0, 0x1f, 0xe0, 0xaf, 0xff, 0xff,
    0xff, 0xfc, 0xb, 0xf6, 0xa, 0xf3, 0x1f, 0xd1,
    0x2f, 0xc3, 0xfd, 0x0, 0xaf, 0x20, 0xfd, 0x4b,
    0xfb, 0x3, 0x40, 0xa, 0xf2, 0xe, 0xc2, 0xfe,
    0x50,

    /* U+6D9B "涛" */
    0x0, 0x0, 0x0, 0x0, 0x0, 0x0, 0x0, 0x0,
    0x0, 0x82, 0x0, 0x0, 0x3f, 0x90, 0x0, 0x0,
    0x3, 0xff, 0x60, 0x0, 0x4f, 0x90, 0x0, 0x0,
    0x3, 0xdf, 0xe8, 0xff, 0xff, 0xff, 0xff, 0xf0,
    0x0, 0x7, 0x53, 0x77, 0xbf, 0xa7, 0x77, 0x70,
    0x0, 0x0, 0x1, 0xdd, 0xef, 0xed, 0xdd, 0x80,
    0xa, 0x70, 0x0, 0x99, 0xff, 0x99, 0x99, 0x60,
    0x2d, 0xfe, 0x29, 0x99, 0xff, 0x99, 0x99, 0x94,
    0x0, 0x69, 0xe, 0xff, 0xff, 0xff, 0xff, 0xf6,
    0x0, 0x0, 0x0, 0xb, 0xf4, 0x0, 0xef, 0x0,
    0x0, 0x6, 0x80, 0x3f, 0xff, 0xff, 0xff, 0xf5,
    0x0, 0xe, 0xf1, 0xaf, 0xcc, 0xaa, 0xff, 0xa4,
    0x0, 0x8f, 0x77, 0xfe, 0x7f, 0x80, 0xef, 0x0,
    0x3, 0xfe, 0x5f, 0xf4, 0xd, 0xd1, 0xef, 0x0,
    0xa, 0xf5, 0x1c, 0x60, 0x1, 0x9b, 0xfe, 0x0,
    0x1, 0x80, 0x0, 0x0, 0x0, 0x8f, 0xe7, 0x0,

    /* U+6DCB "淋" */
    0x0, 0x60, 0x0, 0xde, 0x0, 0xb, 0xf1, 0x0,
    0x8, 0xf7, 0x0, 0xde, 0x0, 0xb, 0xf1, 0x0,
    0x1, 0xdf, 0x40, 0xde, 0x0, 0xb, 0xf1, 0x0,
    0x0, 0x3d, 0x20, 0xde, 0x0, 0xb, 0xf1, 0x0,
    0x0, 0x0, 0xcf, 0xff, 0xfc, 0xff, 0xff, 0xf3,
    0x2c, 0x40, 0x9c, 0xff, 0xc9, 0xcf, 0xfd, 0xc2,
    0x2e, 0xf4, 0x3, 0xff, 0x30, 0x2f, 0xf8, 0x0,
    0x2, 0xd5, 0x9, 0xff, 0xf4, 0x8f, 0xfd, 0x0,
    0x0, 0x0, 0xe, 0xff, 0xeb, 0xdf, 0xff, 0x20,
    0x0, 0xc7, 0x5f, 0xfe, 0x46, 0xff, 0xff, 0x90,
    0x1, 0xf9, 0xdd, 0xde, 0xd, 0xeb, 0xfa, 0xf2,
    0x6, 0xfb, 0xf6, 0xde, 0x7f, 0x6b, 0xf4, 0xf5,
    0xb, 0xf0, 0x70, 0xde, 0x19, 0xb, 0xf1, 0x30,
    0x1f, 0xb0, 0x0, 0xde, 0x0, 0xb, 0xf1, 0x0,
    0x3, 0x40, 0x0, 0xde, 0x0, 0xb, 0xf1, 0x0,

    /* U+6DF9 "淹" */
    0x0, 0x0, 0x0, 0x0, 0x45, 0x10, 0x0, 0x0,
    0x2, 0xe8, 0x0, 0x0, 0xdf, 0x10, 0x0, 0x0,
    0x2, 0xdf, 0xcb, 0xbb, 0xff, 0xbb, 0xbb, 0xb6,
    0x0, 0xb, 0x8f, 0xff, 0xff, 0xff, 0xff, 0xf9,
    0x0, 0x0, 0x0, 0x3f, 0xd0, 0xb, 0xf4, 0x0,
    0xc, 0x90, 0x1, 0xdf, 0x5d, 0xf3, 0xfe, 0x10,
    0x2e, 0xfc, 0x3d, 0xff, 0x8e, 0xf8, 0xef, 0xd2,
    0x1, 0xcf, 0xaf, 0xff, 0xff, 0xff, 0xff, 0xf9,
    0x0, 0x3, 0x7, 0xed, 0x3e, 0xf3, 0xbf, 0x80,
    0x0, 0x8, 0x60, 0xef, 0xff, 0xff, 0xff, 0x10,
    0x0, 0x2f, 0xf1, 0xed, 0x1d, 0xf1, 0xaf, 0x10,
    0x0, 0xaf, 0x90, 0xef, 0xff, 0xff, 0xff, 0x10,
    0x4, 0xff, 0x10, 0xee, 0x7e, 0xf7, 0x77, 0xa2,
    0xc, 0xf7, 0x0, 0x22, 0xc, 0xf9, 0x8a, 0xf8,
    0x1, 0xa0, 0x0, 0x0, 0x5, 0xef, 0xff, 0xd2,

    /* U+6E05 "清" */
    0x1, 0x50, 0x0, 0x0, 0x4f, 0x90, 0x0, 0x0,
    0xb, 0xfa, 0x1b, 0xbb, 0xcf, 0xdb, 0xbb, 0x50,
    0x5, 0xff, 0x8e, 0xee, 0xef, 0xfe, 0xee, 0x60,
    0x0, 0x2b, 0x3, 0x55, 0x8f, 0xb5, 0x55, 0x0,
    0x0, 0x0, 0x9, 0xff, 0xff, 0xff, 0xff, 0x0,
    0x2d, 0x50, 0x35, 0x55, 0x9f, 0xb5, 0x55, 0x50,
    0x5f, 0xfb, 0xaf, 0xff, 0xff, 0xff, 0xff, 0xf1,
    0x1, 0xc6, 0x3, 0x66, 0x66, 0x66, 0x66, 0x0,
    0x0, 0x0, 0x7, 0xff, 0xff, 0xff, 0xfd, 0x0,
    0x0, 0x2b, 0x17, 0xf8, 0x55, 0x55, 0xfd, 0x0,
    0x0, 0xaf, 0x67, 0xff, 0xee, 0xee, 0xfd, 0x0,
    0x2, 0xfe, 0x7, 0xf8, 0x44, 0x44, 0xfd, 0x0,
    0xa, 0xf7, 0x7, 0xff, 0xff, 0xff, 0xfd, 0x0,
    0x1e, 0xf1, 0x7, 0xf4, 0x0, 0x7a, 0xfd, 0x0,
    0x1, 0x50, 0x7, 0xf4, 0x0, 0x7f, 0xd5, 0x0,

    /* U+6E14 "渔" */
    0x0, 0x20, 0x0, 0x3, 0x10, 0x0, 0x0, 0x0,
    0x6, 0xfb, 0x20, 0x1e, 0xf2, 0x1, 0x0, 0x0,
    0x3, 0xcf, 0xe0, 0xaf, 0xff, 0xff, 0xa0, 0x0,
    0x0, 0x7, 0x45, 0xfe, 0x88, 0xdf, 0x90, 0x0,
    0x0, 0x0, 0x5f, 0xf4, 0x3, 0xfe, 0x10, 0x0,
    0x2e, 0x83, 0xff, 0xff, 0xff, 0xff, 0xff, 0x50,
    0x5e, 0xfe, 0x7e, 0xf8, 0x7f, 0xd7, 0xaf, 0x50,
    0x0, 0x87, 0x8, 0xf8, 0x7f, 0xd6, 0xaf, 0x50,
    0x0, 0x0, 0x8, 0xff, 0xff, 0xff, 0xff, 0x50,
    0x0, 0x1e, 0x48, 0xf1, 0xf, 0xb0, 0x6f, 0x50,
    0x0, 0x8f, 0x78, 0xff, 0xff, 0xff, 0xff, 0x50,
    0x0, 0xff, 0x4, 0x88, 0x88, 0x88, 0x88, 0x30,
    0x7, 0xf8, 0x0, 0x0, 0x0, 0x0, 0x0, 0x0,
    0x1f, 0xf2, 0x9f, 0xff, 0xff, 0xff, 0xff, 0xf1,
    0x1a, 0xa0, 0x7b, 0xbb, 0xbb, 0xbb, 0xbb, 0xb0,
    0x0, 0x0, 0x0, 0x0, 0x0, 0x0, 0x0, 0x0,

    /* U+6E29 "温" */
    0x0, 0x40, 0x0, 0x0, 0x0, 0x0, 0x0, 0x0,
    0x6, 0xfd, 0x42, 0xff, 0xff, 0xff, 0xfd, 0x0,
    0x1, 0x9f, 0xf3, 0xfd, 0x88, 0x89, 0xfd, 0x0,
    0x0, 0x4, 0x52, 0xfc, 0x66, 0x67, 0xfd, 0x0,
    0x0, 0x0, 0x2, 0xff, 0xff, 0xff, 0xfd, 0x0,
    0x2d, 0x70, 0x2, 0xfa, 0x11, 0x12, 0xfd, 0x0,
    0x5e, 0xfe, 0x12, 0xff, 0xff, 0xff, 0xfd, 0x0,
    0x0, 0x9a, 0x1, 0x77, 0x77, 0x77, 0x76, 0x0,
    0x0, 0x0, 0x5, 0x88, 0x88, 0x88, 0x88, 0x30,
    0x0, 0x1c, 0x2a, 0xff, 0xff, 0xff, 0xff, 0x50,
    0x0, 0x8f, 0x7a, 0xf2, 0xf5, 0xca, 0x7f, 0x50,
    0x1, 0xfe, 0xa, 0xf1, 0xf5, 0xba, 0x6f, 0x50,
    0x9, 0xf7, 0xa, 0xf1, 0xf5, 0xba, 0x6f, 0x50,
    0x2f, 0xf1, 0x9e, 0xfb, 0xfc, 0xee, 0xdf, 0xc2,
    0x9, 0x80, 0xcf, 0xff, 0xff, 0xff, 0xff, 0xf4,
    0x0, 0x0, 0x0, 0x0, 0x0, 0x0, 0x0, 0x0,

    /* U+6E38 "游" */
    0x0, 0x0, 0x0, 0x32, 0x0, 0x13, 0x0, 0x0,
    0x6, 0xe6, 0x4, 0xfd, 0x0, 0x8f, 0x60, 0x0,
    0x6, 0xff, 0x70, 0xce, 0x30, 0xcf, 0x97, 0x73,
    0x0, 0x29, 0xdf, 0xff, 0xfd, 0xff, 0xff, 0xf7,
    0x0, 0x0, 0xae, 0xfc, 0xbe, 0xfa, 0x55, 0x52,
    0xb, 0x81, 0xb, 0xf0, 0xa, 0xfa, 0x88, 0x80,
    0x2c, 0xfd, 0xd, 0xfb, 0xb7, 0x8f, 0xff, 0xf3,
    0x0, 0x63, 0xe, 0xff, 0xf9, 0x0, 0xcf, 0x40,
    0x0, 0x0, 0xf, 0xc2, 0xf9, 0x1, 0xfa, 0x0,
    0x0, 0x87, 0xf, 0x92, 0xfa, 0xff, 0xff, 0xf7,
    0x0, 0xee, 0x4f, 0x63, 0xf9, 0xbc, 0xfe, 0xb5,
    0x4, 0xf9, 0x8f, 0x34, 0xf6, 0x1, 0xf9, 0x0,
    0xb, 0xf5, 0xee, 0x7, 0xf5, 0x1, 0xf9, 0x0,
    0x2f, 0xe9, 0xf8, 0xbe, 0xf2, 0x8a, 0xf9, 0x0,
    0x7, 0x73, 0xc0, 0xde, 0x90, 0xaf, 0xe3, 0x0,
    0x0, 0x0, 0x0, 0x0, 0x0, 0x1, 0x0, 0x0,

    /* U+6E56 "湖" */
    0x0, 0x20, 0x0, 0x0, 0x0, 0x0, 0x0, 0x0,
    0x8, 0xf9, 0x0, 0xdd, 0x0, 0xcf, 0xff, 0xf0,
    0x4, 0xdf, 0x60, 0xdd, 0x0, 0xcf, 0xbe, 0xf0,
    0x0, 0x7, 0x55, 0xee, 0x53, 0xcd, 0xa, 0xf0,
    0x0, 0x0, 0xef, 0xff, 0xfb, 0xcd, 0xa, 0xf0,
    0xb, 0x70, 0x77, 0xee, 0x75, 0xcf, 0xff, 0xf0,
    0x3e, 0xfc, 0x0, 0xdd, 0x0, 0xcf, 0xae, 0xf0,
    0x0, 0xa4, 0x0, 0xde, 0x0, 0xdd, 0xa, 0xf0,
    0x0, 0x0, 0x7f, 0xff, 0xf6, 0xde, 0x5c, 0xf0,
    0x0, 0x45, 0x7f, 0x78, 0xf6, 0xef, 0xff, 0xf0,
    0x0, 0xbf, 0x9f, 0x23, 0xf7, 0xfb, 0x3b, 0xf0,
    0x1, 0xfd, 0x7f, 0x9a, 0xfb, 0xf6, 0xa, 0xf0,
    0x7, 0xf8, 0x7f, 0xff, 0xff, 0xf3, 0xa, 0xf0,
    0xe, 0xf2, 0x7f, 0x20, 0x1f, 0xc1, 0x9e, 0xf0,
    0x1d, 0xc0, 0x38, 0x10, 0x5f, 0x30, 0xee, 0x70,
    0x0, 0x20, 0x0, 0x0, 0x1, 0x0, 0x0, 0x0,

    /* U+6E7E "湾" */
    0x1, 0x50, 0x0, 0x0, 0xb, 0xc0, 0x0, 0x0,
    0xd, 0xf4, 0x7, 0x77, 0x7e, 0xf9, 0x77, 0x71,
    0x3, 0xfe, 0x1e, 0xff, 0xff, 0xff, 0xff, 0xf3,
    0x0, 0x99, 0x3, 0x98, 0xf6, 0x9f, 0x59, 0x10,
    0x0, 0x0, 0x1d, 0xf7, 0xf5, 0x8f, 0x6f, 0xc0,
    0x4e, 0x60, 0xaf, 0x55, 0xf5, 0x8f, 0x27, 0xf4,
    0x1f, 0xf1, 0x4, 0x3, 0xa3, 0x59, 0x10, 0x30,
    0x7, 0xf7, 0xa, 0xff, 0xff, 0xff, 0xff, 0x30,
    0x0, 0x40, 0x4, 0x66, 0x66, 0x66, 0xbf, 0x30,
    0x0, 0x8a, 0x0, 0xcc, 0xcc, 0xcc, 0xef, 0x30,
    0x0, 0xef, 0x13, 0xfe, 0xcc, 0xcc, 0xcc, 0x30,
    0x5, 0xfb, 0x7, 0xfb, 0x77, 0x77, 0x77, 0x60,
    0xc, 0xf4, 0xa, 0xff, 0xff, 0xff, 0xff, 0xb0,
    0x1e, 0xe0, 0x0, 0x0, 0x0, 0x78, 0xcf, 0x60,
    0x0, 0x30, 0x0, 0x0, 0x0, 0xaf, 0xe9, 0x0,
    0x0, 0x0, 0x0, 0x0, 0x0, 0x0, 0x0, 0x0,

    /* U+6E7F "湿" */
    0x0, 0x40, 0x0, 0x0, 0x0, 0x0, 0x0, 0x0,
    0x7, 0xfd, 0x46, 0xff, 0xff, 0xff, 0xff, 0x30,
    0x1, 0xaf, 0xc6, 0xfb, 0x88, 0x88, 0xdf, 0x30,
    0x0, 0x5, 0x26, 0xfa, 0x66, 0x66, 0xdf, 0x30,
    0x2, 0x0, 0x6, 0xff, 0xff, 0xff, 0xff, 0x30,
    0x4f, 0xc2, 0x6, 0xf6, 0x0, 0x0, 0xaf, 0x30,
    0x3b, 0xff, 0x16, 0xff, 0xff, 0xff, 0xff, 0x30,
    0x0, 0x66, 0x3, 0x99, 0x99, 0x99, 0x99, 0x10,
    0x0, 0x0, 0x1, 0x15, 0xf6, 0xaf, 0x13, 0x10,
    0x0, 0x5a, 0x2f, 0xa5, 0xf6, 0xaf, 0x1e, 0xf0,
    0x0, 0xbf, 0x3b, 0xf7, 0xf6, 0xaf, 0x4f, 0x90,
    0x2, 0xfc, 0x5, 0xfb, 0xf6, 0xaf, 0xbf, 0x20,
    0xa, 0xf6, 0x1, 0xb9, 0xf6, 0xaf, 0x98, 0x0,
    0x2f, 0xe0, 0x9a, 0xac, 0xfc, 0xef, 0xba, 0xa2,
    0x8, 0x80, 0xdf, 0xff, 0xff, 0xff, 0xff, 0xf3,
    0x0, 0x0, 0x0, 0x0, 0x0, 0x0, 0x0, 0x0,

    /* U+6E90 "源" */
    0x0, 0x81, 0x0, 0x0, 0x0, 0x0, 0x0, 0x0,
    0x7, 0xfe, 0x6b, 0xff, 0xff, 0xff, 0xff, 0xf4,
    0x0, 0x8f, 0x9a, 0xfb, 0xbb, 0xec, 0xbb, 0xb3,
    0x0, 0x4, 0xa, 0xf2, 0x0, 0xef, 0x30, 0x0,
    0x0, 0x0, 0xa, 0xf4, 0x67, 0xff, 0x66, 0x50,
    0xa, 0x60, 0xb, 0xf6, 0xff, 0xee, 0xef, 0xd0,
    0x3e, 0xfd, 0xb, 0xf6, 0xf8, 0x33, 0x3f, 0xd0,
    0x0, 0x96, 0xc, 0xf5, 0xff, 0xee, 0xef, 0xd0,
    0x0, 0x0, 0xd, 0xf4, 0xf8, 0x33, 0x3f, 0xd0,
    0x0, 0x49, 0xf, 0xd4, 0xff, 0xff, 0xff, 0xd0,
    0x0, 0xbf, 0x7f, 0xb1, 0x52, 0xcf, 0x25, 0x30,
    0x2, 0xfd, 0x7f, 0x77, 0xf6, 0xcf, 0x5f, 0xb0,
    0xa, 0xf7, 0xdf, 0x5f, 0xe0, 0xcf, 0xc, 0xf4,
    0x2f, 0xf6, 0xfb, 0x4e, 0x79, 0xef, 0x5, 0xc4,
    0x4, 0x72, 0xb3, 0x0, 0x1f, 0xe8, 0x0, 0x0,
    0x0, 0x0, 0x0, 0x0, 0x0, 0x0, 0x0, 0x0,

    /* U+6E9C "溜" */
    0x0, 0x20, 0x0, 0x6, 0x60, 0x0, 0x0, 0x0,
    0x6f, 0x70, 0xbf, 0xfe, 0xaf, 0xff, 0xfc, 0x1,
    0xcf, 0x7f, 0xc3, 0x4, 0xbf, 0x8f, 0xc0, 0x1,
    0xc3, 0xf9, 0x6b, 0x8, 0xf0, 0xeb, 0x0, 0x0,
    0xf, 0x96, 0xf2, 0x9d, 0xf, 0xa1, 0xd6, 0x1,
    0xfd, 0xef, 0x8d, 0xa1, 0xf9, 0x2d, 0xf7, 0x6f,
    0xfc, 0xbb, 0xfc, 0xbf, 0x70, 0x1e, 0x94, 0xd4,
    0x0, 0x8e, 0x5f, 0xc1, 0x0, 0x10, 0x3, 0x88,
    0x88, 0x98, 0x88, 0x0, 0x0, 0x90, 0x5f, 0xff,
    0xff, 0xff, 0xf1, 0x0, 0x6f, 0x85, 0xf5, 0xe,
    0xc0, 0xaf, 0x10, 0xd, 0xf2, 0x5f, 0xff, 0xff,
    0xff, 0xf1, 0x6, 0xfa, 0x5, 0xf9, 0x5f, 0xd5,
    0xcf, 0x10, 0xef, 0x20, 0x5f, 0xb8, 0xfe, 0x8d,
    0xf1, 0x6, 0xa0, 0x5, 0xff, 0xff, 0xff, 0xfe,
    0x10, 0x0, 0x0, 0x0, 0x0, 0x0, 0x0, 0x0,

    /* U+6EAA "溪" */
    0x0, 0x10, 0x0, 0x0, 0x0, 0x1, 0x45, 0x0,
    0x4, 0xfa, 0x14, 0x8a, 0xbd, 0xff, 0xff, 0x30,
    0x3, 0xdf, 0xc7, 0xfe, 0xdd, 0xc8, 0x86, 0x0,
    0x0, 0x9, 0x32, 0xb6, 0x1f, 0xb0, 0x9f, 0x20,
    0x1, 0x0, 0x0, 0xed, 0x3b, 0xc1, 0xfa, 0x0,
    0x2e, 0xb2, 0x0, 0x36, 0xfd, 0x18, 0x31, 0x0,
    0x2b, 0xff, 0x21, 0xaf, 0xf8, 0xdf, 0x50, 0x0,
    0x0, 0x68, 0x0, 0xff, 0xff, 0xc4, 0xd6, 0x0,
    0x0, 0x0, 0x0, 0x7e, 0xfb, 0x56, 0xef, 0x40,
    0x0, 0x2d, 0x28, 0xff, 0xff, 0xfe, 0xde, 0xd0,
    0x0, 0x8f, 0x63, 0x75, 0x5f, 0xc0, 0x4, 0x20,
    0x0, 0xfe, 0x3f, 0xff, 0xff, 0xff, 0xff, 0xf4,
    0x7, 0xf8, 0x17, 0x7b, 0xff, 0xef, 0xb7, 0x72,
    0xf, 0xf1, 0x14, 0xaf, 0xf7, 0x2e, 0xfa, 0x62,
    0x5, 0x90, 0x5f, 0xfc, 0x40, 0x2, 0xbf, 0xf2,
    0x0, 0x0, 0x5, 0x10, 0x0, 0x0, 0x1, 0x30,

    /* U+6ED1 "滑" */
    0x0, 0x20, 0x0, 0x0, 0x0, 0x0, 0x0, 0x0,
    0x5, 0xf9, 0x1, 0xff, 0xff, 0xff, 0xfa, 0x0,
    0x2, 0xcf, 0xd2, 0xfc, 0x66, 0x68, 0xfa, 0x0,
    0x0, 0x9, 0x41, 0xff, 0xff, 0x91, 0xfa, 0x0,
    0x0, 0x0, 0x1, 0xfa, 0x3f, 0x91, 0xfa, 0x0,
    0xc, 0x60, 0x8d, 0xfe, 0xdf, 0xed, 0xff, 0xd3,
    0x5f, 0xfb, 0xaf, 0xbb, 0xbb, 0xbb, 0xbd, 0xf3,
    0x2, 0xd9, 0x9f, 0x87, 0x77, 0x77, 0x7c, 0xf3,
    0x0, 0x0, 0x26, 0xff, 0xff, 0xff, 0xfc, 0x41,
    0x0, 0x9, 0x23, 0xfa, 0x55, 0x56, 0xfb, 0x0,
    0x0, 0x5f, 0xc3, 0xff, 0xee, 0xef, 0xfb, 0x0,
    0x0, 0xdf, 0x43, 0xfa, 0x44, 0x45, 0xfb, 0x0,
    0x7, 0xfc, 0x3, 0xff, 0xff, 0xff, 0xfb, 0x0,
    0xd, 0xf3, 0x3, 0xf8, 0x0, 0x78, 0xfb, 0x0,
    0x0, 0x60, 0x3, 0xf8, 0x0, 0xcf, 0xd4, 0x0,
    0x0, 0x0, 0x0, 0x0, 0x0, 0x0, 0x0, 0x0,

    /* U+6EDA "滚" */
    0x0, 0x0, 0x0, 0x0, 0x4, 0x30, 0x0, 0x0,
    0x4, 0xa1, 0x0, 0x0, 0x7f, 0xb0, 0x0, 0x0,
    0x8, 0xfd, 0x8f, 0xff, 0xff, 0xff, 0xff, 0xf1,
    0x0, 0x6f, 0x89, 0xbf, 0xb9, 0x9d, 0xe9, 0x90,
    0x0, 0x2, 0x5, 0xee, 0x51, 0xd, 0xfa, 0x0,
    0x8, 0x10, 0xcf, 0xe4, 0xef, 0x21, 0xaf, 0xd1,
    0x4f, 0xe3, 0x8a, 0x2d, 0xf6, 0x7e, 0x28, 0xc0,
    0x5, 0xfb, 0x5, 0xef, 0xa7, 0xbf, 0xe1, 0x0,
    0x0, 0x40, 0xe, 0xff, 0xff, 0xfb, 0xfa, 0x0,
    0x0, 0x25, 0x6, 0x6d, 0xff, 0xf3, 0x44, 0x0,
    0x0, 0x9f, 0x32, 0xcf, 0xb3, 0xfb, 0x8f, 0xb0,
    0x0, 0xef, 0xbf, 0xff, 0x30, 0xbf, 0xfa, 0x10,
    0x6, 0xf9, 0xcc, 0xbf, 0x30, 0x3e, 0xf7, 0x0,
    0xd, 0xf2, 0x0, 0xbf, 0xdf, 0x93, 0xff, 0xc2,
    0x1c, 0xb0, 0x2, 0xff, 0xea, 0x40, 0x3c, 0xe1,
    0x0, 0x10, 0x0, 0x52, 0x0, 0x0, 0x0, 0x10,

    /* U+6EE1 "满" */
    0x0, 0x60, 0x0, 0xd, 0xd0, 0xd, 0xe0, 0x0,
    0x6, 0xfe, 0x6d, 0xdf, 0xfd, 0xdf, 0xfd, 0xd2,
    0x0, 0x8f, 0xbb, 0xbf, 0xfb, 0xbf, 0xfb, 0xb1,
    0x0, 0x3, 0x0, 0xa, 0xa0, 0xa, 0xa0, 0x0,
    0x0, 0x0, 0x4d, 0xdd, 0xdd, 0xdd, 0xdd, 0xd4,
    0x1e, 0xa1, 0x5e, 0xee, 0xff, 0xff, 0xfe, 0xe5,
    0x3e, 0xfd, 0x0, 0x0, 0xf7, 0x2f, 0x40, 0x0,
    0x0, 0xb6, 0xf, 0xff, 0xff, 0xff, 0xff, 0xf0,
    0x0, 0x0, 0xf, 0xeb, 0xfc, 0xcf, 0xbe, 0xf0,
    0x0, 0xd, 0x6f, 0xc3, 0xf7, 0x6f, 0x3a, 0xf0,
    0x0, 0x7f, 0xaf, 0xc7, 0xff, 0xdf, 0xcb, 0xf0,
    0x0, 0xef, 0x2f, 0xde, 0xb8, 0xfc, 0xff, 0xf0,
    0x9, 0xf9, 0xf, 0xdb, 0x26, 0xf1, 0x4b, 0xf0,
    0xe, 0xf2, 0xf, 0xc0, 0x0, 0x10, 0x3c, 0xf0,
    0x1, 0x60, 0xf, 0xc0, 0x0, 0x0, 0xdf, 0xa0,

    /* U+6EE9 "滩" */
    0x2, 0x20, 0x0, 0x0, 0x0, 0x75, 0x0, 0x0,
    0xd, 0xf7, 0x0, 0x0, 0x1, 0xfb, 0xca, 0x0,
    0x3, 0xdf, 0x87, 0x77, 0x28, 0xf3, 0x8f, 0x30,
    0x0, 0x13, 0xdf, 0xff, 0x8f, 0xf9, 0xae, 0x92,
    0x1, 0x0, 0x23, 0x7f, 0xef, 0xff, 0xff, 0xf4,
    0x2f, 0xa0, 0x11, 0x8f, 0xff, 0xb0, 0xcc, 0x0,
    0x3d, 0xfc, 0xe9, 0xaf, 0xae, 0xc0, 0xcc, 0x0,
    0x0, 0xa4, 0x8f, 0xed, 0xd, 0xff, 0xff, 0xf0,
    0x0, 0x0, 0xe, 0xfa, 0xd, 0xe8, 0xee, 0x80,
    0x0, 0x53, 0x7, 0xf7, 0xd, 0xb0, 0xcc, 0x0,
    0x0, 0xde, 0xc, 0xfd, 0xd, 0xff, 0xff, 0xf1,
    0x3, 0xf8, 0x4f, 0xef, 0x5d, 0xe8, 0xee, 0x80,
    0xa, 0xf4, 0xef, 0x3e, 0x8d, 0xb0, 0xcc, 0x0,
    0x1f, 0xb4, 0xf7, 0x1, 0xd, 0xff, 0xff, 0xf6,
    0x19, 0x50, 0x30, 0x0, 0xd, 0xe9, 0x99, 0x94,

    /* U+6F02 "漂" */
    0x0, 0x10, 0x0, 0x0, 0x0, 0x0, 0x0, 0x0,
    0x6, 0xf8, 0xe, 0xff, 0xff, 0xff, 0xff, 0xf3,
    0x4, 0xdf, 0x97, 0x88, 0xfd, 0xbf, 0x98, 0x81,
    0x0, 0x7, 0x16, 0xff, 0xff, 0xff, 0xff, 0xc0,
    0x0, 0x0, 0x6, 0xf8, 0xfc, 0xaf, 0x7e, 0xd0,
    0x2e, 0x80, 0x6, 0xf2, 0xea, 0x6f, 0x1e, 0xd0,
    0x4e, 0xfc, 0x6, 0xff, 0xff, 0xff, 0xff, 0xd0,
    0x1, 0xa8, 0x2, 0x66, 0x66, 0x66, 0x66, 0x50,
    0x0, 0x0, 0x0, 0xff, 0xff, 0xff, 0xff, 0x60,
    0x0, 0xb, 0x10, 0x55, 0x55, 0x55, 0x55, 0x20,
    0x0, 0x6f, 0x6e, 0xff, 0xff, 0xff, 0xff, 0xf5,
    0x0, 0xee, 0x7, 0xa8, 0x8d, 0xf9, 0x89, 0x82,
    0x8, 0xf7, 0x3, 0xfd, 0xb, 0xf3, 0xde, 0x20,
    0xf, 0xe0, 0x5f, 0xe6, 0x9e, 0xf1, 0x3f, 0xe1,
    0x4, 0x50, 0x1a, 0x21, 0xff, 0xa0, 0x4, 0x50,

    /* U+6F06 "漆" */
    0x1, 0xc6, 0x0, 0x0, 0xf, 0xd0, 0x0, 0x0,
    0x5, 0xff, 0xca, 0xcc, 0xcf, 0xfc, 0xcc, 0xc0,
    0x0, 0x2c, 0x69, 0xcd, 0xff, 0xff, 0xdc, 0xc0,
    0x0, 0x0, 0x0, 0x4e, 0xff, 0xff, 0xe5, 0x0,
    0x6, 0x30, 0x4c, 0xfe, 0x3f, 0xd2, 0xbf, 0xa0,
    0x4f, 0xfa, 0x2e, 0x91, 0x1e, 0xa0, 0x8, 0x90,
    0x4, 0xeb, 0x0, 0x3, 0xdf, 0xfa, 0x10, 0x0,
    0x0, 0x1, 0x5, 0xcf, 0xc2, 0x5e, 0xf9, 0x40,
    0x0, 0x3, 0x3f, 0xe7, 0xc, 0xc1, 0x9f, 0xf3,
    0x0, 0x1f, 0x93, 0x9c, 0xd, 0xd0, 0xaa, 0x30,
    0x0, 0x8f, 0x80, 0x4f, 0x5e, 0xfb, 0xf5, 0x0,
    0x1, 0xef, 0x10, 0x1b, 0xff, 0xff, 0xa0, 0x0,
    0x8, 0xf9, 0xa, 0xff, 0x8e, 0xe9, 0xfc, 0x20,
    0xe, 0xf2, 0xa, 0x82, 0x6e, 0xd0, 0x4f, 0x60,
    0x2, 0x70, 0x0, 0x0, 0xfe, 0x70, 0x1, 0x0,

    /* U+6F0F "漏" */
    0x0, 0x40, 0x0, 0x0, 0x0, 0x0, 0x0, 0x0,
    0x9, 0xfb, 0x2f, 0xff, 0xff, 0xff, 0xff, 0xc0,
    0x3, 0xdf, 0x7f, 0xe8, 0x88, 0x88, 0x8f, 0xc0,
    0x0, 0x6, 0xf, 0xe7, 0x77, 0x77, 0x7f, 0xc0,
    0x0, 0x0, 0xf, 0xff, 0xff, 0xff, 0xff, 0xc0,
    0xd, 0xa2, 0xf, 0xd3, 0x33, 0x33, 0x33, 0x30,
    0x2b, 0xff, 0x2f, 0xff, 0xff, 0xff, 0xff, 0xf3,
    0x0, 0x56, 0x1f, 0xc3, 0x34, 0xf9, 0x33, 0x30,
    0x0, 0x0, 0x2f, 0xff, 0xff, 0xff, 0xff, 0xf1,
    0x0, 0x89, 0x4f, 0xff, 0x87, 0xfb, 0x8b, 0xf1,
    0x0, 0xef, 0x7f, 0xef, 0xcb, 0xfc, 0xeb, 0xf1,
    0x5, 0xf9, 0xaf, 0xbf, 0x25, 0xf8, 0x68, 0xf1,
    0xc, 0xf4, 0xee, 0x8f, 0xda, 0xfd, 0xea, 0xf1,
    0x3f, 0xd6, 0xf8, 0x8f, 0x26, 0xf7, 0x69, 0xf1,
    0x6, 0x61, 0xa1, 0x8f, 0x0, 0xf7, 0x7f, 0xb0,
    0x0, 0x0, 0x0, 0x0, 0x0, 0x0, 0x0, 0x0,

    /* U+6F13 "漓" */
    0x0, 0x20, 0x0, 0x0, 0xa, 0xc0, 0x0, 0x0,
    0x5, 0xfa, 0x7, 0x88, 0x8e, 0xfa, 0x88, 0x83,
    0x2, 0xdf, 0xbe, 0xff, 0xff, 0xff, 0xff, 0xf5,
    0x0, 0x1d, 0x51, 0x42, 0x51, 0x27, 0x24, 0x20,
    0x0, 0x0, 0x2, 0xf8, 0xee, 0xde, 0x6f, 0x70,
    0x1d, 0x91, 0x2, 0xf8, 0xaf, 0xfd, 0x6f, 0x70,
    0x2c, 0xfe, 0x22, 0xfa, 0xe7, 0x3c, 0x7f, 0x70,
    0x0, 0x7b, 0x2, 0xff, 0xff, 0xff, 0xff, 0x70,
    0x0, 0x2, 0x0, 0x55, 0x5e, 0xf5, 0x55, 0x20,
    0x0, 0x1f, 0x7a, 0xff, 0xff, 0xff, 0xff, 0xf1,
    0x0, 0x8f, 0x8b, 0xf8, 0xdf, 0x8e, 0x7d, 0xf1,
    0x1, 0xff, 0x1b, 0xf5, 0xfc, 0x8f, 0x6b, 0xf1,
    0x9, 0xf8, 0xb, 0xf6, 0xff, 0xdd, 0xdb, 0xf1,
    0xe, 0xf1, 0xb, 0xf1, 0x10, 0x4, 0x7d, 0xf1,
    0x1, 0x50, 0xb, 0xf1, 0x0, 0x3, 0xed, 0x80,

    /* U+6F20 "漠" */
    0x0, 0x60, 0x0, 0xc, 0xf0, 0xf, 0xd0, 0x0,
    0x9, 0xfd, 0x2d, 0xef, 0xfe, 0xef, 0xfe, 0xe2,
    0x0, 0xaf, 0x99, 0xae, 0xfa, 0xaf, 0xfa, 0xa1,
    0x0, 0x6, 0x0, 0x29, 0xb2, 0x2b, 0xa2, 0x0,
    0x4, 0x0, 0x3, 0xff, 0xff, 0xff, 0xff, 0x50,
    0x4f, 0xe3, 0x3, 0xfa, 0x44, 0x44, 0xaf, 0x50,
    0x1a, 0xfe, 0x3, 0xff, 0xee, 0xee, 0xff, 0x50,
    0x0, 0x74, 0x3, 0xfa, 0x44, 0x44, 0xaf, 0x50,
    0x0, 0x2, 0x3, 0xff, 0xee, 0xee, 0xff, 0x50,
    0x0, 0x5f, 0x41, 0x77, 0x9f, 0xd7, 0x77, 0x20,
    0x0, 0xbf, 0x48, 0x88, 0x9f, 0xd8, 0x88, 0x81,
    0x2, 0xfc, 0x2f, 0xff, 0xff, 0xff, 0xff, 0xf2,
    0xa, 0xf6, 0x0, 0x8, 0xfe, 0xcf, 0x80, 0x0,
    0x1f, 0xf0, 0x26, 0xcf, 0xf4, 0xc, 0xfd, 0x82,
    0x5, 0x80, 0x5f, 0xfa, 0x20, 0x1, 0x8f, 0xe1,
    0x0, 0x0, 0x4, 0x0, 0x0, 0x0, 0x0, 0x20,

    /* U+6F6D "潭" */
    0x0, 0x30, 0x0, 0x0, 0x0, 0x0, 0x0, 0x0,
    0x9, 0xfb, 0x7f, 0xff, 0xff, 0xff, 0xff, 0xf0,
    0x2, 0xcf, 0x86, 0x69, 0xf8, 0xde, 0x66, 0x60,
    0x0, 0x5, 0xe, 0xff, 0xff, 0xff, 0xff, 0xa0,
    0x0, 0x0, 0xe, 0xd7, 0xf7, 0xdd, 0x5f, 0xa0,
    0x1c, 0x50, 0xe, 0xd7, 0xf7, 0xdd, 0x5f, 0xa0,
    0x7f, 0xfb, 0xe, 0xff, 0xff, 0xff, 0xff, 0xa0,
    0x3, 0xda, 0x4, 0x99, 0x99, 0x99, 0x99, 0x20,
    0x0, 0x1, 0x7, 0xf9, 0x77, 0x77, 0xcf, 0x30,
    0x0, 0x1d, 0x27, 0xff, 0xff, 0xff, 0xff, 0x30,
    0x0, 0x9f, 0x87, 0xf9, 0x77, 0x77, 0xcf, 0x30,
    0x1, 0xff, 0x13, 0x88, 0x9f, 0xd8, 0x88, 0x20,
    0x9, 0xf8, 0x9e, 0xee, 0xef, 0xfe, 0xee, 0xe2,
    0x1f, 0xf1, 0x47, 0x77, 0x8f, 0xd7, 0x77, 0x71,
    0x2, 0x60, 0x0, 0x0, 0x2f, 0xa0, 0x0, 0x0,

    /* U+6F6E "潮" */
    0x3, 0x60, 0x0, 0xaf, 0x0, 0x0, 0x0, 0x0,
    0xd, 0xf7, 0x0, 0xaf, 0x0, 0x9f, 0xff, 0xf0,
    0x1, 0xdf, 0xbe, 0xff, 0xed, 0x9f, 0xbe, 0xf0,
    0x0, 0x25, 0x59, 0xdf, 0xa9, 0x9f, 0x9, 0xf0,
    0x4, 0x0, 0x38, 0xdf, 0x96, 0x9f, 0x9d, 0xf0,
    0x5f, 0xc2, 0x6f, 0xbb, 0xfb, 0x9f, 0xff, 0xf0,
    0x9, 0xfc, 0x6f, 0x76, 0xeb, 0x9f, 0x2a, 0xf0,
    0x0, 0x72, 0x6f, 0xee, 0xfb, 0x9f, 0x9, 0xf0,
    0x0, 0x0, 0x6f, 0x43, 0xdb, 0x9f, 0xad, 0xf0,
    0x0, 0x98, 0x7f, 0xff, 0xfb, 0xaf, 0xff, 0xf0,
    0x0, 0xed, 0x0, 0xbf, 0x10, 0xce, 0xa, 0xf0,
    0x4, 0xf8, 0xdf, 0xff, 0xff, 0xeb, 0x9, 0xf0,
    0xb, 0xf2, 0x9b, 0xef, 0xbc, 0xf8, 0xa, 0xf0,
    0x2f, 0xd0, 0x0, 0xaf, 0xa, 0xf3, 0xef, 0xf0,
    0x6, 0x60, 0x0, 0xaf, 0x5, 0xa0, 0xbd, 0x60,
    0x0, 0x0, 0x0, 0x0, 0x0, 0x0, 0x0, 0x0,

    /* U+706B "火" */
    0x0, 0x0, 0x0, 0x1f, 0xf0, 0x0, 0x0, 0x0,
    0x0, 0x0, 0x0, 0x2f, 0xf0, 0x0, 0x0, 0x0,
    0x0, 0x0, 0x0, 0x2f, 0xf0, 0x0, 0x0, 0x0,
    0x0, 0x1d, 0x70, 0x2f, 0xf0, 0x0, 0x6a, 0x40,
    0x0, 0x6f, 0xa0, 0x4f, 0xd0, 0x0, 0xbf, 0x80,
    0x0, 0xcf, 0x50, 0x6f, 0xc0, 0x1, 0xff, 0x10,
    0x4, 0xfe, 0x10, 0x9f, 0xe0, 0x8, 0xf9, 0x0,
    0x7, 0xf7, 0x0, 0xcf, 0xf4, 0xb, 0xf1, 0x0,
    0x0, 0x10, 0x2, 0xff, 0xfa, 0x0, 0x10, 0x0,
    0x0, 0x0, 0x9, 0xfb, 0xdf, 0x40, 0x0, 0x0,
    0x0, 0x0, 0x5f, 0xf3, 0x5f, 0xe2, 0x0, 0x0,
    0x0, 0x6, 0xff, 0x80, 0xa, 0xff, 0x50, 0x0,
    0x3, 0xbf, 0xf9, 0x0, 0x0, 0xbf, 0xfd, 0x71,
    0x1e, 0xff, 0x60, 0x0, 0x0, 0x7, 0xff, 0xe2,
    0x4, 0x91, 0x0, 0x0, 0x0, 0x0, 0x6, 0x50,

    /* U+706F "灯" */
    0x0, 0xd, 0xe0, 0x0, 0x0, 0x0, 0x0, 0x0,
    0x0, 0xd, 0xe0, 0x2, 0x33, 0x33, 0x33, 0x31,
    0x0, 0xd, 0xe0, 0xe, 0xff, 0xff, 0xff, 0xf5,
    0x0, 0xd, 0xe1, 0x19, 0xaa, 0xbf, 0xfa, 0xa3,
    0xc, 0x8d, 0xe7, 0xf2, 0x0, 0x2f, 0xe0, 0x0,
    0xe, 0x8d, 0xec, 0xc0, 0x0, 0x2f, 0xe0, 0x0,
    0x1f, 0x6e, 0xff, 0x40, 0x0, 0x2f, 0xe0, 0x0,
    0x4f, 0x3f, 0xd1, 0x0, 0x0, 0x2f, 0xe0, 0x0,
    0x2, 0x1f, 0xc0, 0x0, 0x0, 0x2f, 0xe0, 0x0,
    0x0, 0x4f, 0xe3, 0x0, 0x0, 0x2f, 0xe0, 0x0,
    0x0, 0x9f, 0xff, 0x40, 0x0, 0x2f, 0xe0, 0x0,
    0x0, 0xef, 0x5f, 0xf2, 0x0, 0x2f, 0xe0, 0x0,
    0x9, 0xfb, 0x4, 0xa0, 0x0, 0x3f, 0xe0, 0x0,
    0x3f, 0xf3, 0x0, 0x0, 0xdf, 0xff, 0xc0, 0x0,
    0x8, 0x50, 0x0, 0x0, 0x7f, 0xfb, 0x20, 0x0,
    0x0, 0x0, 0x0, 0x0, 0x0, 0x0, 0x0, 0x0,

    /* U+7070 "灰" */
    0x0, 0x0, 0x0, 0x0, 0x0, 0x0, 0x0, 0x0,
    0x0, 0x0, 0x8f, 0x70, 0x0, 0x0, 0x0, 0x0,
    0x0, 0x0, 0x9f, 0x70, 0x0, 0x0, 0x0, 0x0,
    0xd, 0xdd, 0xef, 0xed, 0xdd, 0xdd, 0xdd, 0xc0,
    0xf, 0xff, 0xff, 0xff, 0xff, 0xff, 0xff, 0xf0,
    0x0, 0x0, 0xef, 0x10, 0x4, 0x50, 0x0, 0x0,
    0x0, 0x1, 0xfe, 0x0, 0xf, 0xf0, 0x0, 0x0,
    0x0, 0x4, 0xfb, 0x36, 0x1f, 0xe0, 0x39, 0x10,
    0x0, 0x9, 0xf7, 0x9f, 0x2f, 0xd0, 0xaf, 0x30,
    0x0, 0xe, 0xf2, 0xee, 0x3f, 0xc2, 0xfb, 0x0,
    0x0, 0x5f, 0xd2, 0xe8, 0x6f, 0xf4, 0xa2, 0x0,
    0x0, 0xdf, 0x60, 0x0, 0xaf, 0xfa, 0x0, 0x0,
    0x9, 0xfd, 0x0, 0x3, 0xff, 0xbf, 0x60, 0x0,
    0x4f, 0xf4, 0x0, 0x3e, 0xf7, 0x1e, 0xf6, 0x0,
    0x7, 0x70, 0x18, 0xff, 0xa0, 0x3, 0xff, 0xa1,
    0x0, 0x0, 0x2e, 0xf7, 0x0, 0x0, 0x2d, 0xb0,
    0x0, 0x0, 0x3, 0x10, 0x0, 0x0, 0x0, 0x0,

    /* U+7092 "炒" */
    0x0, 0x1d, 0x90, 0x0, 0x0, 0xfc, 0x0, 0x0,
    0x0, 0x1f, 0xb0, 0x0, 0x0, 0xfc, 0x0, 0x0,
    0x0, 0x1f, 0xb2, 0x1, 0x11, 0xfc, 0x27, 0x0,
    0x9, 0x5f, 0xba, 0xe8, 0xf5, 0xfc, 0x8f, 0x50,
    0xf, 0x7f, 0xbe, 0x9a, 0xf2, 0xfc, 0x2f, 0xc0,
    0x2f, 0x6f, 0xef, 0x2e, 0xe0, 0xfc, 0xc, 0xf1,
    0x5f, 0x3f, 0xb4, 0x3f, 0xa0, 0xfc, 0x8, 0xf4,
    0x3a, 0x2f, 0xa0, 0x2b, 0x50, 0xfc, 0x2, 0x10,
    0x0, 0x4f, 0xa0, 0x0, 0x0, 0xfc, 0x2f, 0xa0,
    0x0, 0x6f, 0xf5, 0x0, 0x0, 0xda, 0xbf, 0x60,
    0x0, 0xaf, 0xff, 0x40, 0x0, 0x8, 0xfd, 0x0,
    0x1, 0xfe, 0x3f, 0xb0, 0x1, 0xaf, 0xe2, 0x0,
    0x9, 0xf9, 0x5, 0x25, 0x9f, 0xfe, 0x30, 0x0,
    0x2f, 0xe1, 0x1, 0xff, 0xff, 0x70, 0x0, 0x0,
    0x7, 0x50, 0x0, 0x79, 0x50, 0x0, 0x0, 0x0,

    /* U+70B9 "点" */
    0x0, 0x0, 0x0, 0x3f, 0x90, 0x0, 0x0, 0x0,
    0x0, 0x0, 0x0, 0x3f, 0xa0, 0x0, 0x0, 0x0,
    0x0, 0x0, 0x0, 0x3f, 0xff, 0xff, 0xff, 0x90,
    0x0, 0x0, 0x0, 0x3f, 0xeb, 0xbb, 0xbb, 0x70,
    0x0, 0x0, 0x0, 0x3f, 0x90, 0x0, 0x0, 0x0,
    0x0, 0x9c, 0xcc, 0xdf, 0xec, 0xcc, 0xc1, 0x0,
    0x0, 0xbf, 0xff, 0xff, 0xff, 0xff, 0xf2, 0x0,
    0x0, 0xbf, 0x10, 0x0, 0x0, 0xc, 0xf2, 0x0,
    0x0, 0xbf, 0x10, 0x0, 0x0, 0xc, 0xf2, 0x0,
    0x0, 0xbf, 0xff, 0xff, 0xff, 0xff, 0xf2, 0x0,
    0x0, 0x8b, 0xbb, 0xbb, 0xbb, 0xbb, 0xb1, 0x0,
    0x0, 0x75, 0x1, 0x20, 0x24, 0x3, 0x92, 0x0,
    0x4, 0xfc, 0xf, 0xd0, 0xbf, 0x26, 0xfe, 0x10,
    0xd, 0xf5, 0xe, 0xf0, 0x5f, 0x80, 0xbf, 0xb0,
    0x5f, 0xa0, 0xc, 0xf1, 0xf, 0xb0, 0x3f, 0xe2,
    0x1, 0x0, 0x3, 0x20, 0x1, 0x0, 0x2, 0x0,

    /* U+70DF "烟" */
    0x0, 0x2f, 0x80, 0x0, 0x0, 0x0, 0x0, 0x0,
    0x2, 0xf8, 0x9, 0xff, 0xff, 0xff, 0xfe, 0x0,
    0x2f, 0x80, 0x9f, 0xba, 0xaa, 0xaf, 0xe0, 0x23,
    0xf8, 0xbd, 0xf1, 0x1c, 0x40, 0xde, 0xf, 0x9f,
    0xaf, 0xff, 0x12, 0xf5, 0xd, 0xe1, 0xf7, 0xfe,
    0xfb, 0xf6, 0x9f, 0xa6, 0xde, 0x3f, 0x6f, 0xd9,
    0x9f, 0xaf, 0xff, 0xcd, 0xe6, 0xf3, 0xf8, 0x9,
    0xf1, 0x5f, 0x40, 0xde, 0x2, 0x4f, 0x70, 0x9f,
    0x18, 0xfb, 0xd, 0xe0, 0x7, 0xf9, 0x9, 0xf1,
    0xdf, 0xf4, 0xde, 0x0, 0xaf, 0xf3, 0x9f, 0x8f,
    0x6d, 0xdd, 0xe0, 0xe, 0xff, 0xda, 0xfe, 0xd0,
    0x5f, 0xfe, 0x5, 0xf9, 0x8f, 0xff, 0x43, 0x1,
    0x3d, 0xe0, 0xef, 0x21, 0xba, 0xff, 0xff, 0xff,
    0xfe, 0x1b, 0x50, 0x0, 0x9f, 0xba, 0xaa, 0xad,
    0xd0, 0x0, 0x0, 0x0, 0x0, 0x0, 0x0, 0x0,

    /* U+70E4 "烤" */
    0x0, 0x3d, 0x60, 0x0, 0x3f, 0xa0, 0x1, 0x0,
    0x0, 0x3f, 0x70, 0x0, 0x3f, 0xa0, 0xb, 0xe2,
    0x0, 0x3f, 0x70, 0x6f, 0xff, 0xff, 0xcf, 0xb0,
    0x3, 0x4f, 0x7b, 0x9a, 0xbf, 0xea, 0xff, 0x20,
    0xf, 0x8f, 0x9f, 0x51, 0x4f, 0xa9, 0xf9, 0x10,
    0x1f, 0x7f, 0xde, 0xef, 0xff, 0xff, 0xff, 0xf7,
    0x4f, 0x5f, 0xc7, 0x89, 0xaf, 0xfd, 0x99, 0x94,
    0x6e, 0x4f, 0x60, 0x2, 0xcf, 0xf9, 0x77, 0x70,
    0x0, 0x6f, 0x50, 0x7f, 0xff, 0xff, 0xff, 0xf1,
    0x0, 0x9f, 0x9c, 0xff, 0xfd, 0x0, 0x0, 0x0,
    0x0, 0xdf, 0xf8, 0xa4, 0xfe, 0x99, 0x99, 0x50,
    0x3, 0xfd, 0xee, 0x16, 0xff, 0xff, 0xff, 0x70,
    0xc, 0xf6, 0x5f, 0x40, 0x0, 0x0, 0x7f, 0x50,
    0x4f, 0xd0, 0x2, 0x0, 0x9, 0x99, 0xff, 0x10,
    0x8, 0x20, 0x0, 0x0, 0xa, 0xff, 0xe6, 0x0,
    0x0, 0x0, 0x0, 0x0, 0x0, 0x0, 0x0, 0x0,

    /* U+70EB "烫" */
    0x0, 0x41, 0x0, 0x0, 0x0, 0x0, 0x10, 0x0,
    0x2, 0xff, 0x95, 0xff, 0xff, 0xff, 0xf6, 0x0,
    0x0, 0x2a, 0xb1, 0x66, 0x7e, 0xff, 0x70, 0x0,
    0x8, 0x71, 0x0, 0x4a, 0xff, 0xa3, 0x22, 0x20,
    0xb, 0xff, 0x10, 0xff, 0xff, 0xff, 0xff, 0xf1,
    0x0, 0x26, 0x70, 0x47, 0xfa, 0xaf, 0x6d, 0xf0,
    0x0, 0xb, 0xf1, 0x3e, 0xd2, 0xfc, 0xd, 0xe0,
    0x1, 0xcf, 0x51, 0xfd, 0x3c, 0xf4, 0x2f, 0xb0,
    0xa, 0xf6, 0x0, 0x30, 0x8f, 0x6a, 0xff, 0x60,
    0x2, 0x60, 0x40, 0xc, 0xe4, 0x3, 0x94, 0x0,
    0x0, 0xa, 0xf4, 0x1f, 0xe0, 0x6, 0xf9, 0x0,
    0x0, 0x9f, 0x90, 0x8f, 0xf7, 0x4f, 0xc1, 0x0,
    0x0, 0x16, 0x7, 0xfd, 0xdf, 0x86, 0x10, 0x0,
    0x4, 0x6a, 0xef, 0xc2, 0x1d, 0xff, 0xa7, 0x61,
    0xe, 0xff, 0xb5, 0x0, 0x0, 0x7d, 0xff, 0xe1,
    0x2, 0x20, 0x0, 0x0, 0x0, 0x0, 0x14, 0x30,

    /* U+70ED "热" */
    0x0, 0xe, 0xc0, 0x0, 0x2f, 0xa0, 0x0, 0x0,
    0x0, 0xe, 0xc0, 0x0, 0x2f, 0xa0, 0x0, 0x0,
    0x9, 0x9f, 0xe9, 0x78, 0x9f, 0xd8, 0x85, 0x0,
    0xf, 0xff, 0xff, 0xbf, 0xff, 0xff, 0xf9, 0x0,
    0x1, 0x1f, 0xd1, 0x10, 0x5f, 0x83, 0xf8, 0x0,
    0x0, 0xf, 0xeb, 0x63, 0x7f, 0x52, 0xf7, 0x0,
    0x3c, 0xff, 0xff, 0xbf, 0xff, 0x32, 0xf7, 0x0,
    0x3f, 0xef, 0xd1, 0x8, 0xff, 0xb3, 0xf7, 0x0,
    0x2, 0xe, 0xc0, 0x9, 0xfe, 0xfc, 0xf8, 0xc5,
    0x5, 0x8f, 0xc0, 0x9f, 0xe1, 0x74, 0xde, 0xf7,
    0x7, 0xff, 0x60, 0xbe, 0x30, 0x0, 0x5f, 0xe2,
    0x0, 0x75, 0x0, 0x11, 0x0, 0x10, 0x46, 0x0,
    0x1, 0xff, 0x1a, 0xf2, 0x2f, 0xb0, 0xef, 0x30,
    0xa, 0xf8, 0x9, 0xf5, 0xd, 0xf0, 0x5f, 0xd0,
    0x2f, 0xe0, 0x8, 0xf6, 0x9, 0xe2, 0xc, 0xe3,
    0x0, 0x20, 0x1, 0x10, 0x0, 0x0, 0x2, 0x0,

    /* U+714C "煌" */
    0x0, 0x0, 0x0, 0x0, 0x1, 0x0, 0x0, 0x0,
    0x0, 0x4f, 0x30, 0x0, 0xf, 0xe1, 0x0, 0x0,
    0x0, 0x4f, 0x30, 0x56, 0x8f, 0xd6, 0x66, 0x20,
    0x0, 0x4f, 0x30, 0xcf, 0xff, 0xff, 0xff, 0x40,
    0x5, 0x6f, 0x6b, 0xef, 0x22, 0x22, 0x9f, 0x40,
    0xe, 0xaf, 0xaf, 0xef, 0xff, 0xff, 0xff, 0x40,
    0xf, 0x9f, 0xdc, 0xcf, 0x55, 0x55, 0xaf, 0x40,
    0x2f, 0x7f, 0xf7, 0xcf, 0x66, 0x66, 0xbf, 0x40,
    0x6f, 0x5f, 0x51, 0xbf, 0xff, 0xff, 0xff, 0x40,
    0x3, 0x7f, 0x21, 0x66, 0x66, 0x66, 0x66, 0x50,
    0x0, 0x9f, 0x34, 0xff, 0xff, 0xff, 0xff, 0xc0,
    0x0, 0xcf, 0xd0, 0x12, 0x2b, 0xf5, 0x22, 0x0,
    0x2, 0xfd, 0xfa, 0xaf, 0xff, 0xff, 0xff, 0x30,
    0x9, 0xf4, 0xb8, 0x46, 0x6d, 0xf8, 0x66, 0x10,
    0x3f, 0xe0, 0x18, 0xaa, 0xae, 0xfb, 0xaa, 0xa1,
    0x2e, 0x40, 0xd, 0xff, 0xff, 0xff, 0xff, 0xf1,
    0x1, 0x0, 0x0, 0x0, 0x0, 0x0, 0x0, 0x0,

    /* U+7167 "照" */
    0xa, 0xff, 0xff, 0x9e, 0xff, 0xff, 0xff, 0xf4,
    0xb, 0xfb, 0xbf, 0x99, 0xae, 0xfb, 0xad, 0xf3,
    0xb, 0xf1, 0x2f, 0x90, 0x2f, 0xe0, 0xb, 0xf1,
    0xb, 0xf3, 0x4f, 0x94, 0xdf, 0x77, 0xaf, 0xf0,
    0xb, 0xff, 0xff, 0xcf, 0xf8, 0x6, 0xed, 0x50,
    0xb, 0xfa, 0xaf, 0x99, 0xb9, 0x99, 0x99, 0x70,
    0xb, 0xf1, 0x2f, 0x97, 0xff, 0xff, 0xff, 0xc0,
    0xb, 0xf3, 0x4f, 0x97, 0xf5, 0x0, 0x1f, 0xc0,
    0xb, 0xff, 0xff, 0x97, 0xfa, 0x77, 0x8f, 0xc0,
    0xb, 0xf8, 0x77, 0x47, 0xff, 0xff, 0xff, 0xc0,
    0x2, 0x96, 0x10, 0x20, 0x3, 0x40, 0x49, 0x10,
    0x1, 0xff, 0x38, 0xf4, 0x1f, 0xd0, 0x9f, 0x80,
    0x9, 0xfb, 0x6, 0xf6, 0xc, 0xf2, 0x1f, 0xf1,
    0x2f, 0xf2, 0x5, 0xf8, 0x8, 0xf6, 0x9, 0xf6,
    0x1, 0x30, 0x1, 0x30, 0x1, 0x10, 0x1, 0x10,

    /* U+722A "爪" */
    0x0, 0x0, 0x0, 0x0, 0x0, 0x0, 0x20, 0x0,
    0x0, 0x0, 0x0, 0x1, 0x47, 0xae, 0xf9, 0x0,
    0x0, 0x9, 0xbd, 0xff, 0xff, 0xff, 0xf7, 0x10,
    0x0, 0x1f, 0xfd, 0xbe, 0xf4, 0x19, 0xf2, 0x0,
    0x0, 0x1f, 0xa0, 0xc, 0xf1, 0x8, 0xf3, 0x0,
    0x0, 0x2f, 0xa0, 0xc, 0xf1, 0x7, 0xf4, 0x0,
    0x0, 0x2f, 0xa0, 0xc, 0xf1, 0x6, 0xf6, 0x0,
    0x0, 0x2f, 0x90, 0xc, 0xf1, 0x4, 0xf8, 0x0,
    0x0, 0x4f, 0x80, 0xc, 0xf1, 0x2, 0xfb, 0x0,
    0x0, 0x6f, 0x60, 0xc, 0xf1, 0x0, 0xfe, 0x0,
    0x0, 0x9f, 0x30, 0xc, 0xf1, 0x0, 0xcf, 0x30,
    0x0, 0xef, 0x0, 0xc, 0xf1, 0x0, 0x7f, 0x80,
    0x4, 0xfa, 0x0, 0xc, 0xf1, 0x0, 0x2f, 0xf2,
    0xd, 0xf4, 0x0, 0xc, 0xf1, 0x0, 0xb, 0xfb,
    0x1c, 0xb0, 0x0, 0xc, 0xf1, 0x0, 0x1, 0xe3,
    0x0, 0x10, 0x0, 0x0, 0x0, 0x0, 0x0, 0x10,

    /* U+722C "爬" */
    0x0, 0x0, 0x0, 0x12, 0x0, 0x0, 0x0, 0x0,
    0x0, 0x1, 0x5a, 0xff, 0x70, 0x0, 0x0, 0x0,
    0x5, 0xdf, 0xff, 0xfd, 0x3f, 0xff, 0xff, 0xe0,
    0x8, 0xfa, 0xf8, 0xcb, 0x1f, 0xcd, 0xcd, 0xe0,
    0x8, 0xf4, 0xf8, 0xdb, 0x1f, 0x8a, 0x8a, 0xe0,
    0x8, 0xf4, 0xf8, 0xdb, 0x1f, 0x8a, 0x8a, 0xe0,
    0x8, 0xf4, 0xf8, 0xdb, 0x1f, 0xff, 0xff, 0xe0,
    0x8, 0xf4, 0xf8, 0xcc, 0x1f, 0xc8, 0x88, 0x70,
    0x9, 0xf3, 0xf8, 0xae, 0x1f, 0x80, 0x1, 0x70,
    0x9, 0xf2, 0xf8, 0x8f, 0x2f, 0xa0, 0x5, 0xf4,
    0xa, 0xf2, 0xf8, 0x4f, 0x8e, 0xff, 0xff, 0xf1,
    0xc, 0xd2, 0xf8, 0xd, 0xf6, 0x78, 0x88, 0x30,
    0xf, 0xa2, 0xf8, 0x3, 0xff, 0x81, 0x0, 0x0,
    0x5f, 0x62, 0xf8, 0x0, 0x3d, 0xff, 0xda, 0x84,
    0x3e, 0x12, 0xf8, 0x0, 0x0, 0x49, 0xdf, 0xf2,
    0x0, 0x0, 0x0, 0x0, 0x0, 0x0, 0x0, 0x10,

    /* U+7247 "片" */
    0x0, 0x0, 0x0, 0x0, 0x2f, 0xe0, 0x0, 0x0,
    0x2, 0xfd, 0x0, 0x2, 0xfe, 0x0, 0x0, 0x0,
    0x2f, 0xd0, 0x0, 0x2f, 0xe0, 0x0, 0x0, 0x2,
    0xfd, 0x0, 0x2, 0xfe, 0x0, 0x0, 0x0, 0x2f,
    0xfc, 0xcc, 0xdf, 0xfc, 0xcc, 0x70, 0x2, 0xff,
    0xff, 0xff, 0xff, 0xff, 0xf9, 0x0, 0x2f, 0xd2,
    0x22, 0x22, 0x22, 0x22, 0x10, 0x3, 0xfc, 0x0,
    0x0, 0x0, 0x0, 0x0, 0x0, 0x4f, 0xfc, 0xcc,
    0xcc, 0xcc, 0x90, 0x0, 0x7, 0xff, 0xff, 0xff,
    0xff, 0xfb, 0x0, 0x0, 0xbf, 0x83, 0x33, 0x33,
    0x7f, 0xb0, 0x0, 0x1f, 0xf2, 0x0, 0x0, 0x4,
    0xfb, 0x0, 0x9, 0xfc, 0x0, 0x0, 0x0, 0x4f,
    0xb0, 0x2, 0xff, 0x30, 0x0, 0x0, 0x4, 0xfb,
    0x0, 0x6, 0x80, 0x0, 0x0, 0x0, 0x4f, 0xb0,
    0x0, 0x0, 0x0, 0x0, 0x0, 0x0, 0x0, 0x0,

    /* U+724C "牌" */
    0x0, 0x0, 0x0, 0x0, 0x0, 0x0, 0x0, 0x0,
    0x0, 0x0, 0xeb, 0x0, 0x1, 0xd7, 0x0, 0x0,
    0x9, 0xf0, 0xeb, 0x0, 0x6, 0xfc, 0x10, 0x0,
    0x9, 0xf0, 0xeb, 0xf, 0xff, 0xff, 0xff, 0xf0,
    0x9, 0xf0, 0xeb, 0xf, 0xd5, 0xed, 0x5d, 0xf0,
    0x9, 0xf3, 0xfc, 0x2f, 0xd5, 0xed, 0x5d, 0xf0,
    0x9, 0xff, 0xff, 0xbf, 0xff, 0xff, 0xff, 0xf0,
    0x9, 0xf6, 0x55, 0x4f, 0xc2, 0xfc, 0x2c, 0xf0,
    0x9, 0xf0, 0x0, 0xf, 0xff, 0xff, 0xff, 0xf0,
    0x9, 0xfe, 0xee, 0x4, 0x7f, 0xeb, 0xf8, 0x40,
    0xa, 0xf6, 0xcf, 0x19, 0xfe, 0x38, 0xf4, 0x0,
    0xc, 0xd0, 0x9f, 0x5b, 0xf9, 0x8c, 0xfa, 0x83,
    0xe, 0xb0, 0x9f, 0x8f, 0xff, 0xff, 0xff, 0xf5,
    0xf, 0x90, 0x9f, 0x10, 0x0, 0x8, 0xf4, 0x0,
    0x4f, 0x50, 0x9f, 0x0, 0x0, 0x8, 0xf4, 0x0,
    0x4d, 0x10, 0x9f, 0x0, 0x0, 0x8, 0xf4, 0x0,
    0x0, 0x0, 0x0, 0x0, 0x0, 0x0, 0x0, 0x0,

    /* U+7259 "牙" */
    0x1, 0xff, 0xff, 0xff, 0xff, 0xff, 0xff, 0x50,
    0x1, 0xdd, 0xdd, 0xdd, 0xdd, 0xff, 0xdd, 0x40,
    0x0, 0x8, 0x80, 0x0, 0x2, 0xfc, 0x0, 0x0,
    0x0, 0xf, 0xe0, 0x0, 0x2, 0xfc, 0x0, 0x0,
    0x0, 0x4f, 0xa0, 0x0, 0x2, 0xfc, 0x0, 0x0,
    0x0, 0x7f, 0x81, 0x11, 0x14, 0xfd, 0x11, 0x10,
    0x0, 0xcf, 0xff, 0xff, 0xff, 0xff, 0xff, 0xf1,
    0x0, 0xbb, 0xbb, 0xbd, 0xff, 0xff, 0xbb, 0xb0,
    0x0, 0x0, 0x0, 0x5f, 0xf8, 0xfc, 0x0, 0x0,
    0x0, 0x0, 0x1a, 0xff, 0x42, 0xfc, 0x0, 0x0,
    0x0, 0x3a, 0xff, 0xc2, 0x2, 0xfc, 0x0, 0x0,
    0x2d, 0xff, 0xe6, 0x0, 0x2, 0xfc, 0x0, 0x0,
    0xb, 0xe7, 0x10, 0x8, 0xef, 0xfb, 0x0, 0x0,
    0x0, 0x0, 0x0, 0x4, 0xff, 0xc3, 0x0, 0x0,
    0x0, 0x0, 0x0, 0x0, 0x0, 0x0, 0x0, 0x0,

    /* U+725B "牛" */
    0x0, 0x6, 0x51, 0x9, 0xf6, 0x0, 0x0, 0x0,
    0x0, 0xe, 0xf3, 0x9, 0xf6, 0x0, 0x0, 0x0,
    0x0, 0x4f, 0xe0, 0x9, 0xf6, 0x0, 0x0, 0x0,
    0x0, 0x9f, 0xfd, 0xdf, 0xfe, 0xdd, 0xdd, 0x70,
    0x1, 0xff, 0xff, 0xff, 0xff, 0xff, 0xff, 0x80,
    0xa, 0xfb, 0x0, 0x9, 0xf6, 0x0, 0x0, 0x0,
    0x1d, 0xf1, 0x0, 0x9, 0xf6, 0x0, 0x0, 0x0,
    0x0, 0x20, 0x0, 0x9, 0xf6, 0x0, 0x0, 0x0,
    0x1d, 0xdd, 0xdd, 0xdf, 0xfe, 0xdd, 0xdd, 0xd6,
    0x1f, 0xff, 0xff, 0xff, 0xff, 0xff, 0xff, 0xf7,
    0x0, 0x0, 0x0, 0xa, 0xf6, 0x0, 0x0, 0x0,
    0x0, 0x0, 0x0, 0x9, 0xf6, 0x0, 0x0, 0x0,
    0x0, 0x0, 0x0, 0x9, 0xf6, 0x0, 0x0, 0x0,
    0x0, 0x0, 0x0, 0x9, 0xf6, 0x0, 0x0, 0x0,
    0x0, 0x0, 0x0, 0x9, 0xf6, 0x0, 0x0, 0x0,

    /* U+7266 "牦" */
    0x0, 0xd, 0xe0, 0x0, 0x0, 0x5, 0xd6, 0x0,
    0xe, 0x9d, 0xe0, 0x2, 0x6a, 0xff, 0xfd, 0x20,
    0xf, 0x8d, 0xe0, 0x8f, 0xff, 0xf9, 0x30, 0x0,
    0x1f, 0xdf, 0xfb, 0x8a, 0x6e, 0xf0, 0x0, 0x0,
    0x4f, 0xff, 0xff, 0x60, 0xd, 0xf7, 0xad, 0x70,
    0x7f, 0x2d, 0xe1, 0x49, 0xdf, 0xff, 0xff, 0x70,
    0x4b, 0xd, 0xe0, 0x7f, 0xff, 0xf6, 0x20, 0x0,
    0x0, 0xd, 0xfb, 0x73, 0xd, 0xf0, 0x3, 0x62,
    0x4, 0xaf, 0xff, 0x60, 0x2e, 0xfc, 0xff, 0xf6,
    0x6f, 0xff, 0xf1, 0x9f, 0xff, 0xff, 0xc9, 0x61,
    0x1a, 0x4d, 0xe0, 0xad, 0xae, 0xf1, 0x0, 0x0,
    0x0, 0xd, 0xe0, 0x0, 0xd, 0xf0, 0x2, 0xc3,
    0x0, 0xd, 0xe0, 0x0, 0xd, 0xf1, 0x4, 0xf7,
    0x0, 0xd, 0xe0, 0x0, 0xb, 0xfd, 0xce, 0xf3,
    0x0, 0xd, 0xe0, 0x0, 0x4, 0xef, 0xff, 0xa0,

    /* U+7269 "物" */
    0x0, 0x0, 0x0, 0x0, 0x0, 0x0, 0x0, 0x0,
    0x0, 0xa, 0xf1, 0x0, 0xdb, 0x0, 0x0, 0x0,
    0xc, 0xaa, 0xf1, 0x2, 0xfa, 0x0, 0x0, 0x0,
    0xf, 0xaa, 0xf1, 0x7, 0xfa, 0x55, 0x55, 0x52,
    0xf, 0xde, 0xfb, 0x4c, 0xff, 0xff, 0xff, 0xf6,
    0x3f, 0xff, 0xff, 0xaf, 0xcc, 0xf9, 0xfe, 0xf5,
    0x7f, 0x3b, 0xf3, 0xdf, 0x3e, 0xb6, 0xfb, 0xf4,
    0x5c, 0xa, 0xf3, 0xda, 0x5f, 0x5a, 0xf9, 0xf3,
    0x0, 0xa, 0xf7, 0x70, 0xce, 0x1f, 0xb9, 0xf2,
    0x15, 0x9e, 0xff, 0xb5, 0xf8, 0x6f, 0x5a, 0xf1,
    0x6f, 0xff, 0xf6, 0x4f, 0xe1, 0xde, 0xc, 0xf0,
    0x18, 0x4b, 0xf1, 0xaf, 0x46, 0xf8, 0xd, 0xf0,
    0x0, 0xa, 0xf1, 0x3, 0x1e, 0xe0, 0xf, 0xd0,
    0x0, 0xa, 0xf1, 0x1, 0xcf, 0x60, 0x4f, 0xb0,
    0x0, 0xa, 0xf1, 0xc, 0xf9, 0x3d, 0xff, 0x60,
    0x0, 0xa, 0xf1, 0x2, 0x80, 0xf, 0xfa, 0x0,
    0x0, 0x0, 0x0, 0x0, 0x0, 0x0, 0x0, 0x0,

    /* U+7279 "特" */
    0x0, 0x0, 0x0, 0x0, 0x0, 0x0, 0x0, 0x0,
    0x0, 0xc, 0xf0, 0x0, 0x1, 0xfb, 0x0, 0x0,
    0x2, 0xc, 0xf0, 0x0, 0x2, 0xfb, 0x0, 0x0,
    0xd, 0xac, 0xf0, 0xd, 0xff, 0xff, 0xff, 0x80,
    0xf, 0xbd, 0xf5, 0x19, 0xab, 0xfe, 0xaa, 0x50,
    0xf, 0xff, 0xff, 0x40, 0x2, 0xfb, 0x0, 0x0,
    0x3f, 0x8d, 0xf6, 0xef, 0xff, 0xff, 0xff, 0xf3,
    0x7f, 0x1c, 0xf0, 0x9b, 0xbb, 0xbc, 0xfd, 0xb2,
    0x17, 0xc, 0xf0, 0x0, 0x0, 0x4, 0xf8, 0x0,
    0x0, 0xd, 0xfd, 0x7c, 0xcc, 0xcd, 0xfe, 0xc0,
    0x2c, 0xff, 0xff, 0x9f, 0xff, 0xff, 0xff, 0xf0,
    0x1f, 0xde, 0xf0, 0x7, 0xd1, 0x4, 0xf8, 0x0,
    0x1, 0xc, 0xf0, 0x4, 0xfd, 0x4, 0xf8, 0x0,
    0x0, 0xc, 0xf0, 0x0, 0x78, 0x5, 0xf8, 0x0,
    0x0, 0xc, 0xf0, 0x0, 0x5, 0xde, 0xf7, 0x0,
    0x0, 0xc, 0xf0, 0x0, 0x1, 0xff, 0xb1, 0x0,
    0x0, 0x0, 0x0, 0x0, 0x0, 0x0, 0x0, 0x0,

    /* U+72D0 "狐" */
    0x0, 0x30, 0x10, 0x0, 0x0, 0x2, 0x6a, 0x70,
    0xc, 0xf4, 0xce, 0x18, 0xbd, 0xff, 0xff, 0xe2,
    0x4, 0xff, 0xf9, 0xf, 0xfd, 0xfc, 0x9f, 0x30,
    0x0, 0xbf, 0xd0, 0xf, 0xa0, 0xf8, 0x4f, 0x50,
    0x1c, 0xff, 0xf0, 0xf, 0xa0, 0xf8, 0x3f, 0x60,
    0x2f, 0xdb, 0xf4, 0xf, 0xa0, 0xf8, 0x2f, 0x70,
    0x4, 0x7, 0xf7, 0xf, 0x91, 0xf8, 0x1f, 0x80,
    0x0, 0x1e, 0xf8, 0x2f, 0x82, 0xf7, 0xf, 0x90,
    0x0, 0xcf, 0xfa, 0x3f, 0x63, 0xf5, 0xe, 0xb0,
    0x2d, 0xfc, 0xf9, 0x6f, 0x46, 0xf3, 0xc, 0xd0,
    0x2f, 0xa4, 0xf9, 0xaf, 0x1a, 0xf9, 0x8a, 0xf0,
    0x3, 0x5, 0xf8, 0xed, 0xe, 0xb8, 0xd7, 0xf3,
    0x0, 0x9, 0xfa, 0xf9, 0x6f, 0xbb, 0xf6, 0xf9,
    0xb, 0xef, 0xfe, 0xf3, 0xbf, 0xfe, 0xf6, 0xec,
    0x7, 0xed, 0x55, 0xb0, 0x19, 0x40, 0xa4, 0x82,
    0x0, 0x0, 0x0, 0x0, 0x0, 0x0, 0x0, 0x0,

    /* U+72F8 "狸" */
    0x3, 0x0, 0x40, 0x0, 0x0, 0x0, 0x0, 0x0,
    0x2f, 0xc5, 0xfa, 0xcf, 0xff, 0xff, 0xff, 0xb0,
    0x9, 0xff, 0xf3, 0xcf, 0x9d, 0xfa, 0xaf, 0xb0,
    0x0, 0xef, 0x80, 0xce, 0xa, 0xf1, 0x1f, 0xb0,
    0xa, 0xff, 0x80, 0xcf, 0xff, 0xff, 0xff, 0xb0,
    0x5f, 0xcf, 0xd0, 0xcf, 0x8d, 0xf9, 0x9f, 0xb0,
    0x6, 0x1c, 0xf1, 0xce, 0xa, 0xf1, 0x1f, 0xb0,
    0x0, 0x1e, 0xf2, 0xcf, 0xff, 0xff, 0xff, 0xb0,
    0x0, 0xcf, 0xf3, 0x8a, 0xae, 0xfb, 0xaa, 0x70,
    0xa, 0xff, 0xf3, 0x0, 0xd, 0xf4, 0x0, 0x0,
    0x5f, 0xba, 0xf2, 0xff, 0xff, 0xff, 0xff, 0xd0,
    0x7, 0xa, 0xf1, 0xaa, 0xae, 0xfb, 0xaa, 0x90,
    0x0, 0xd, 0xf0, 0x0, 0xc, 0xf4, 0x0, 0x0,
    0xc, 0xef, 0xba, 0xcc, 0xcf, 0xfd, 0xcc, 0xc6,
    0xa, 0xeb, 0x2d, 0xff, 0xff, 0xff, 0xff, 0xf8,
    0x0, 0x0, 0x0, 0x0, 0x0, 0x0, 0x0, 0x0,

    /* U+730E "猎" */
    0x0, 0x50, 0x20, 0x0, 0xfe, 0x2, 0xfa, 0x0,
    0xb, 0xf4, 0xeb, 0x0, 0xfe, 0x2, 0xfa, 0x0,
    0x4, 0xff, 0xf5, 0x5b, 0xff, 0xbc, 0xfe, 0xb3,
    0x0, 0xcf, 0xc0, 0x8f, 0xff, 0xff, 0xff, 0xf5,
    0x1c, 0xff, 0xd0, 0x0, 0xfe, 0x2, 0xfa, 0x0,
    0x2f, 0xca, 0xf2, 0x9a, 0xff, 0xab, 0xfe, 0xa7,
    0x4, 0x7, 0xf6, 0xef, 0xff, 0xff, 0xff, 0xfb,
    0x0, 0x1e, 0xf7, 0x1, 0x11, 0x11, 0x11, 0x10,
    0x0, 0xbf, 0xf8, 0xc, 0xff, 0xff, 0xff, 0xd0,
    0xb, 0xfd, 0xf9, 0xc, 0xf7, 0x77, 0x8f, 0xd0,
    0x1e, 0xc5, 0xf8, 0xc, 0xf7, 0x77, 0x7f, 0xd0,
    0x3, 0x5, 0xf7, 0xc, 0xff, 0xff, 0xff, 0xd0,
    0x0, 0x8, 0xf5, 0xc, 0xf0, 0x0, 0x1f, 0xd0,
    0x7, 0xcf, 0xf1, 0xc, 0xf8, 0x88, 0x9f, 0xd0,
    0x6, 0xed, 0x50, 0xc, 0xff, 0xff, 0xff, 0xd0,
    0x0, 0x0, 0x0, 0x2, 0x20, 0x0, 0x2, 0x20,

    /* U+732A "猪" */
    0x0, 0x0, 0x0, 0x0, 0x0, 0x0, 0x0, 0x0,
    0x5, 0x80, 0x70, 0x0, 0x7f, 0x50, 0x0, 0x0,
    0xe, 0xf9, 0xf7, 0x0, 0x7f, 0x50, 0x1e, 0xb0,
    0x3, 0xff, 0xe0, 0xcf, 0xff, 0xff, 0xdf, 0x60,
    0x2, 0xef, 0x70, 0x9b, 0xdf, 0xcd, 0xfc, 0x0,
    0x3e, 0xff, 0xa0, 0x0, 0x7f, 0x7e, 0xf3, 0x0,
    0x2f, 0x8d, 0xe7, 0xff, 0xff, 0xff, 0xff, 0xf0,
    0x3, 0xb, 0xf7, 0xbb, 0xdf, 0xfc, 0xbb, 0xb0,
    0x0, 0x2f, 0xf3, 0x4, 0xef, 0xa0, 0x0, 0x0,
    0x0, 0xdf, 0xf5, 0x9f, 0xff, 0xff, 0xff, 0x30,
    0x1c, 0xfe, 0xfe, 0xff, 0xf8, 0x77, 0xcf, 0x30,
    0x3f, 0xa8, 0xf5, 0x7c, 0xf7, 0x66, 0xcf, 0x30,
    0x5, 0x9, 0xf2, 0xb, 0xff, 0xff, 0xff, 0x30,
    0x0, 0xc, 0xf1, 0xb, 0xf1, 0x0, 0xaf, 0x30,
    0xa, 0xdf, 0xc0, 0xb, 0xf9, 0x99, 0xdf, 0x30,
    0x8, 0xec, 0x30, 0xb, 0xff, 0xff, 0xff, 0x30,
    0x0, 0x0, 0x0, 0x1, 0x10, 0x0, 0x1, 0x0,

    /* U+732B "猫" */
    0x4, 0x50, 0x61, 0x2, 0xfa, 0x2, 0xfa, 0x0,
    0xd, 0xfa, 0xfb, 0x2, 0xfa, 0x2, 0xfa, 0x0,
    0x2, 0xef, 0xf6, 0xee, 0xff, 0xee, 0xff, 0xe8,
    0x6, 0xff, 0xb2, 0xcd, 0xfe, 0xcd, 0xfe, 0xc7,
    0x6f, 0xfe, 0xf0, 0x2, 0xfa, 0x2, 0xfa, 0x0,
    0xc, 0x39, 0xf4, 0x1, 0x96, 0x1, 0x96, 0x0,
    0x0, 0x8, 0xf6, 0x59, 0x99, 0x99, 0x99, 0x90,
    0x0, 0x1f, 0xf7, 0x9f, 0xff, 0xff, 0xff, 0xf1,
    0x0, 0xbf, 0xf8, 0x9f, 0x42, 0xf9, 0xb, 0xf1,
    0xb, 0xfe, 0xf8, 0x9f, 0x42, 0xf9, 0xb, 0xf1,
    0x5f, 0xc5, 0xf7, 0x9f, 0xff, 0xff, 0xff, 0xf1,
    0x7, 0x15, 0xf6, 0x9f, 0xa9, 0xfd, 0x8d, 0xf1,
    0x0, 0x8, 0xf4, 0x9f, 0x42, 0xf9, 0xb, 0xf1,
    0x9, 0xdf, 0xf0, 0x9f, 0xff, 0xff, 0xff, 0xf1,
    0x7, 0xed, 0x40, 0x9f, 0xb9, 0x99, 0x9e, 0xf1,
    0x0, 0x0, 0x0, 0x11, 0x0, 0x0, 0x0, 0x0,

    /* U+7334 "猴" */
    0x2, 0x0, 0x10, 0x8, 0x40, 0x0, 0x0, 0x0,
    0x1f, 0xa8, 0xe1, 0x3f, 0xab, 0xff, 0xff, 0x10,
    0x9, 0xff, 0xa0, 0x9f, 0x56, 0x88, 0xef, 0x0,
    0x2, 0xff, 0x21, 0xef, 0x0, 0x0, 0xde, 0x0,
    0x3e, 0xff, 0x49, 0xfd, 0x9f, 0xff, 0xff, 0xf6,
    0x5f, 0x8f, 0xcf, 0xfd, 0x5e, 0xc9, 0x99, 0x93,
    0x5, 0xe, 0xff, 0xfd, 0xf, 0xb0, 0x0, 0x0,
    0x0, 0x4f, 0xc4, 0xed, 0x5f, 0xff, 0xff, 0xe0,
    0x1, 0xef, 0xd0, 0xed, 0xdd, 0x9f, 0xd8, 0x80,
    0x1d, 0xfe, 0xd0, 0xed, 0x64, 0x3f, 0xa0, 0x0,
    0x4f, 0x6c, 0xc0, 0xed, 0xcf, 0xff, 0xff, 0xf5,
    0x4, 0xd, 0xc0, 0xed, 0x68, 0xcf, 0xf9, 0x83,
    0x0, 0xf, 0xa0, 0xed, 0x1, 0xef, 0xfa, 0x0,
    0xa, 0xcf, 0x60, 0xed, 0x2c, 0xf4, 0x9f, 0xc2,
    0xd, 0xea, 0x0, 0xed, 0x8f, 0x50, 0x9, 0xe1,
    0x0, 0x0, 0x0, 0x33, 0x1, 0x0, 0x0, 0x0,

    /* U+739B "玛" */
    0x0, 0x0, 0x0, 0x1, 0x11, 0x11, 0x11, 0x0,
    0x5f, 0xff, 0xfe, 0x5f, 0xff, 0xff, 0xff, 0x0,
    0x4c, 0xef, 0xdb, 0x39, 0x99, 0x99, 0xfd, 0x0,
    0x0, 0x9f, 0x30, 0x3, 0x50, 0x0, 0xfc, 0x0,
    0x0, 0x9f, 0x30, 0xa, 0xf1, 0x2, 0xfa, 0x0,
    0x0, 0x9f, 0x30, 0xc, 0xf0, 0x3, 0xf9, 0x0,
    0x3f, 0xff, 0xfa, 0xd, 0xe0, 0x5, 0xf7, 0x0,
    0x2a, 0xdf, 0xc7, 0xf, 0xfa, 0xac, 0xfc, 0xa1,
    0x0, 0x9f, 0x30, 0x1f, 0xff, 0xff, 0xff, 0xf1,
    0x0, 0x9f, 0x30, 0x0, 0x0, 0x0, 0xd, 0xf0,
    0x0, 0x9f, 0x88, 0x6a, 0xaa, 0xaa, 0x4f, 0xd0,
    0x17, 0xdf, 0xff, 0xbf, 0xff, 0xff, 0x7f, 0xb0,
    0x6f, 0xfd, 0x83, 0x0, 0x0, 0x0, 0x5f, 0x90,
    0x16, 0x10, 0x0, 0x0, 0x0, 0x7a, 0xef, 0x40,
    0x0, 0x0, 0x0, 0x0, 0x0, 0x7f, 0xf9, 0x0,
    0x0, 0x0, 0x0, 0x0, 0x0, 0x0, 0x0, 0x0,

    /* U+73A9 "玩" */
    0x39, 0x99, 0x99, 0x2a, 0xaa, 0xaa, 0xaa, 0x50,
    0x5f, 0xff, 0xff, 0x3f, 0xff, 0xff, 0xff, 0x90,
    0x2, 0x8f, 0x72, 0x2, 0x22, 0x22, 0x22, 0x10,
    0x0, 0x7f, 0x50, 0x0, 0x0, 0x0, 0x0, 0x0,
    0x0, 0x7f, 0x50, 0x0, 0x0, 0x0, 0x0, 0x0,
    0x2c, 0xef, 0xdb, 0xbe, 0xee, 0xee, 0xee, 0xe5,
    0x3f, 0xff, 0xfe, 0xae, 0xff, 0xef, 0xfe, 0xe5,
    0x0, 0x7f, 0x50, 0x0, 0xfd, 0xf, 0xd0, 0x0,
    0x0, 0x7f, 0x50, 0x1, 0xfb, 0xf, 0xd0, 0x0,
    0x0, 0x7f, 0x99, 0x34, 0xf9, 0xf, 0xd0, 0x0,
    0x5b, 0xef, 0xff, 0x6b, 0xf4, 0xf, 0xd0, 0x92,
    0x7f, 0xd9, 0x51, 0x8f, 0xd0, 0xf, 0xe0, 0xfa,
    0x11, 0x0, 0x3e, 0xfe, 0x10, 0xf, 0xfd, 0xf7,
    0x0, 0x0, 0xd, 0xa1, 0x0, 0x8, 0xff, 0xd1,
    0x0, 0x0, 0x0, 0x0, 0x0, 0x0, 0x0, 0x0,

    /* U+73B0 "现" */
    0x1f, 0xff, 0xff, 0x8e, 0xff, 0xff, 0xff, 0xc0,
    0xc, 0xcf, 0xec, 0x6e, 0xf9, 0x99, 0xaf, 0xc0,
    0x0, 0x1f, 0xb0, 0xe, 0xd0, 0x43, 0x1f, 0xc0,
    0x0, 0x1f, 0xb0, 0xe, 0xd0, 0xfb, 0x1f, 0xc0,
    0x0, 0x2f, 0xb0, 0xe, 0xd0, 0xfb, 0x1f, 0xc0,
    0xd, 0xff, 0xff, 0x3e, 0xd0, 0xfb, 0x1f, 0xc0,
    0x9, 0xbf, 0xeb, 0x2e, 0xd1, 0xf9, 0x1f, 0xc0,
    0x0, 0x1f, 0xb0, 0xe, 0xd3, 0xf7, 0x1f, 0xc0,
    0x0, 0x1f, 0xb0, 0x7, 0x68, 0xfa, 0x37, 0x60,
    0x0, 0x1f, 0xc5, 0x40, 0xd, 0xff, 0x60, 0x0,
    0x5, 0x9f, 0xff, 0xa0, 0x9f, 0xdf, 0x60, 0xa5,
    0x3f, 0xff, 0xb7, 0x26, 0xfc, 0x5f, 0x60, 0xda,
    0x9, 0x40, 0x1, 0x9f, 0xe2, 0x4f, 0xa6, 0xf7,
    0x0, 0x0, 0x2, 0xec, 0x20, 0x1d, 0xff, 0xd1,
    0x0, 0x0, 0x0, 0x20, 0x0, 0x0, 0x0, 0x0,

    /* U+73BB "玻" */
    0x0, 0x0, 0x0, 0x0, 0x1, 0xfb, 0x0, 0x0,
    0x3f, 0xff, 0xfe, 0x0, 0x1, 0xfb, 0x0, 0x0,
    0x2c, 0xef, 0xdb, 0x69, 0x9a, 0xfe, 0x9a, 0x94,
    0x0, 0x7f, 0x40, 0x9f, 0xff, 0xff, 0xff, 0xf5,
    0x0, 0x7f, 0x40, 0x9f, 0x43, 0xfc, 0x2c, 0xf1,
    0x3, 0x9f, 0x72, 0x9f, 0x21, 0xfb, 0xd, 0xb0,
    0xf, 0xff, 0xf9, 0xaf, 0xaa, 0xfe, 0x99, 0x70,
    0x7, 0xbf, 0xa4, 0xaf, 0xff, 0xff, 0xff, 0xc0,
    0x0, 0x7f, 0x40, 0xbf, 0xfe, 0x10, 0x7f, 0x70,
    0x0, 0x7f, 0x40, 0xdf, 0x8f, 0x81, 0xef, 0x10,
    0x0, 0x7f, 0xb9, 0xfc, 0x1e, 0xfb, 0xf8, 0x0,
    0x17, 0xdf, 0xfe, 0xf9, 0x5, 0xff, 0xe0, 0x0,
    0x3f, 0xfa, 0x4a, 0xf5, 0x9, 0xff, 0xf8, 0x10,
    0x6, 0x10, 0x3f, 0xe8, 0xef, 0xc7, 0xef, 0xf6,
    0x0, 0x0, 0x9, 0x66, 0xe5, 0x0, 0x18, 0xd1,
    0x0, 0x0, 0x0, 0x0, 0x0, 0x0, 0x0, 0x0,

    /* U+73CD "珍" */
    0x0, 0x0, 0x0, 0x0, 0x3, 0xd6, 0x0, 0x0,
    0x5f, 0xff, 0xff, 0x10, 0xc, 0xfc, 0x0, 0x0,
    0x4c, 0xef, 0xdc, 0x0, 0x8f, 0xef, 0xb0, 0x0,
    0x0, 0x8f, 0x30, 0x7, 0xfd, 0x1b, 0xfb, 0x10,
    0x0, 0x8f, 0x31, 0x9f, 0xe2, 0x0, 0xcf, 0xf5,
    0x0, 0x8f, 0x4a, 0xfd, 0x24, 0xe7, 0xa, 0xf6,
    0x4f, 0xff, 0xfb, 0x81, 0x7f, 0xd1, 0x0, 0x50,
    0x2b, 0xdf, 0xc7, 0xd, 0xfb, 0x18, 0xd2, 0x0,
    0x0, 0x8f, 0x30, 0x5, 0x60, 0x8f, 0xa0, 0x0,
    0x0, 0x8f, 0x30, 0x0, 0x4c, 0xfa, 0x9, 0x50,
    0x0, 0x8f, 0x44, 0x1b, 0xff, 0x80, 0x9f, 0xa0,
    0x3, 0xbf, 0xff, 0x38, 0xb2, 0xa, 0xfd, 0x0,
    0x5f, 0xff, 0xc8, 0x10, 0x6, 0xef, 0xc1, 0x0,
    0x2a, 0x51, 0x0, 0x5a, 0xef, 0xf8, 0x0, 0x0,
    0x0, 0x0, 0x0, 0x6f, 0xe9, 0x10, 0x0, 0x0,
    0x0, 0x0, 0x0, 0x4, 0x0, 0x0, 0x0, 0x0,

    /* U+73ED "班" */
    0x0, 0x0, 0x0, 0x0, 0xec, 0x0, 0x0, 0x0,
    0x4a, 0xaa, 0xa2, 0x0, 0xec, 0xab, 0xbb, 0xb2,
    0x5f, 0xff, 0xf3, 0x0, 0xec, 0xef, 0xff, 0xf3,
    0x0, 0xed, 0x1, 0x51, 0xec, 0x5, 0xf7, 0x0,
    0x0, 0xed, 0x4, 0xf3, 0xec, 0x4, 0xf7, 0x0,
    0x0, 0xed, 0x4, 0xf3, 0xec, 0x4, 0xf7, 0x0,
    0x16, 0xfe, 0x66, 0xf2, 0xec, 0x4, 0xf7, 0x0,
    0x3f, 0xff, 0xf9, 0xf1, 0xfb, 0xaf, 0xff, 0xf0,
    0x4, 0xee, 0x4c, 0xe0, 0xfb, 0x8d, 0xfd, 0xb0,
    0x0, 0xed, 0x6, 0x81, 0xfa, 0x4, 0xf7, 0x0,
    0x0, 0xed, 0x0, 0x4, 0xf7, 0x4, 0xf7, 0x0,
    0x0, 0xee, 0x62, 0x9, 0xf4, 0x4, 0xf7, 0x0,
    0x5c, 0xff, 0xf6, 0x2f, 0xd0, 0x4, 0xf7, 0x0,
    0x7f, 0xd9, 0x54, 0xef, 0x5a, 0xcd, 0xfe, 0xc5,
    0x11, 0x0, 0x7, 0xf6, 0xc, 0xff, 0xff, 0xf6,
    0x0, 0x0, 0x0, 0x30, 0x0, 0x0, 0x0, 0x0,

    /* U+7403 "球" */
    0x0, 0x0, 0x0, 0x0, 0x1, 0xfb, 0x2a, 0x0,
    0x2f, 0xff, 0xfe, 0x0, 0x1, 0xfb, 0x7f, 0xb0,
    0x1c, 0xef, 0xdb, 0x0, 0x1, 0xfb, 0x9, 0xb0,
    0x0, 0x7f, 0x40, 0xcf, 0xff, 0xff, 0xff, 0xfa,
    0x0, 0x7f, 0x40, 0x9c, 0xcc, 0xff, 0xcc, 0xc8,
    0x0, 0x8f, 0x50, 0x5, 0x1, 0xfc, 0x2, 0x40,
    0x1f, 0xff, 0xfa, 0x6f, 0x71, 0xff, 0xc, 0xf4,
    0xb, 0xdf, 0xc7, 0xd, 0xe2, 0xff, 0xbf, 0x80,
    0x0, 0x7f, 0x40, 0x6, 0x95, 0xff, 0xfa, 0x0,
    0x0, 0x7f, 0x40, 0x0, 0x6f, 0xff, 0xf2, 0x0,
    0x0, 0x7f, 0x78, 0x1a, 0xfd, 0xfe, 0xfd, 0x0,
    0x17, 0xdf, 0xff, 0xef, 0xa1, 0xfb, 0x8f, 0xc1,
    0x3f, 0xfb, 0x63, 0xe8, 0x1, 0xfb, 0xa, 0xfa,
    0x5, 0x0, 0x0, 0x10, 0xde, 0xfa, 0x0, 0x70,
    0x0, 0x0, 0x0, 0x0, 0xbf, 0xc2, 0x0, 0x0,

    /* U+7406 "理" */
    0x5f, 0xff, 0xfe, 0x7f, 0xff, 0xff, 0xff, 0xd0,
    0x4c, 0xef, 0xdb, 0x7f, 0xba, 0xfc, 0x9f, 0xd0,
    0x0, 0x9f, 0x30, 0x7f, 0x41, 0xf8, 0xe, 0xd0,
    0x0, 0x9f, 0x30, 0x7f, 0xff, 0xff, 0xff, 0xd0,
    0x1, 0xaf, 0x40, 0x7f, 0xa9, 0xfc, 0x8f, 0xd0,
    0x3f, 0xff, 0xfa, 0x7f, 0x41, 0xf8, 0xe, 0xd0,
    0x2b, 0xef, 0xc7, 0x7f, 0xff, 0xff, 0xff, 0xd0,
    0x0, 0x9f, 0x30, 0x49, 0x9a, 0xfd, 0x99, 0x80,
    0x0, 0x9f, 0x30, 0x0, 0x4, 0xfb, 0x0, 0x0,
    0x0, 0x9f, 0x56, 0x9f, 0xff, 0xff, 0xff, 0xf0,
    0x4, 0xcf, 0xff, 0x6a, 0xab, 0xfe, 0xaa, 0xa0,
    0x7f, 0xff, 0xc6, 0x0, 0x3, 0xfa, 0x0, 0x0,
    0x3c, 0x71, 0x8, 0xcc, 0xcd, 0xfe, 0xcc, 0xc7,
    0x0, 0x0, 0xa, 0xff, 0xff, 0xff, 0xff, 0xf9,

    /* U+7483 "璃" */
    0x0, 0x0, 0x0, 0x0, 0x4, 0xb2, 0x0, 0x0,
    0x18, 0x88, 0x86, 0x67, 0x7a, 0xfc, 0x77, 0x73,
    0x2f, 0xff, 0xfb, 0xdf, 0xff, 0xff, 0xff, 0xf7,
    0x1, 0x8f, 0x51, 0x25, 0x46, 0x28, 0x65, 0x51,
    0x0, 0x7f, 0x30, 0x1f, 0x9c, 0xdf, 0x4e, 0xc0,
    0x0, 0x7f, 0x30, 0x1f, 0x9a, 0xff, 0x6e, 0xc0,
    0x9, 0xcf, 0xb5, 0x1f, 0xbd, 0x46, 0x7e, 0xc0,
    0xf, 0xff, 0xf9, 0x1f, 0xff, 0xff, 0xff, 0xc0,
    0x0, 0x8f, 0x40, 0x3, 0x34, 0xfb, 0x33, 0x30,
    0x0, 0x7f, 0x30, 0x9f, 0xff, 0xff, 0xff, 0xf5,
    0x0, 0x7f, 0x54, 0x9f, 0xbe, 0xea, 0xbc, 0xf5,
    0x29, 0xdf, 0xff, 0xaf, 0x5f, 0x79, 0xc6, 0xf5,
    0x3f, 0xda, 0x73, 0xaf, 0xaf, 0xfe, 0xfa, 0xf5,
    0x0, 0x0, 0x0, 0x9f, 0x33, 0x1, 0x9b, 0xf4,
    0x0, 0x0, 0x0, 0x9f, 0x20, 0x0, 0xee, 0xb1,

    /* U+74E3 "瓣" */
    0x0, 0x41, 0x0, 0x0, 0x25, 0x1, 0x50, 0x0,
    0x2, 0xf8, 0x2, 0x7b, 0xff, 0x54, 0xf6, 0x0,
    0x28, 0xff, 0x8a, 0xff, 0xbe, 0x59, 0xfd, 0x80,
    0x5f, 0xff, 0xfb, 0xae, 0x8e, 0x8f, 0xff, 0xf1,
    0xb, 0x47, 0xc8, 0xae, 0x7f, 0x2e, 0xa, 0xa0,
    0xd, 0x7a, 0xb8, 0x9e, 0x7f, 0x1f, 0x3c, 0x90,
    0xb, 0x8d, 0x78, 0x9e, 0x5f, 0x1d, 0x5f, 0x60,
    0x6f, 0xff, 0xfd, 0x8f, 0x4f, 0xcf, 0xff, 0xf4,
    0x37, 0xee, 0x7c, 0x7f, 0x2f, 0x88, 0xfd, 0x82,
    0x15, 0xee, 0x5b, 0x8f, 0xd, 0x52, 0xfa, 0x0,
    0x3f, 0xff, 0xfe, 0x8d, 0xb, 0xcf, 0xff, 0xf1,
    0x2, 0xfc, 0x2f, 0x8b, 0xdb, 0xc8, 0xfc, 0x70,
    0x3, 0xf7, 0x3f, 0xba, 0xcb, 0xe1, 0xf9, 0x0,
    0x1d, 0xf2, 0x7b, 0xef, 0xfa, 0xf5, 0xf9, 0x0,
    0xb, 0x50, 0x46, 0x45, 0x45, 0x92, 0xf9, 0x0,
    0x0, 0x0, 0x0, 0x0, 0x0, 0x0, 0x0, 0x0,

    /* U+74F6 "瓶" */
    0x2, 0x91, 0x6, 0x71, 0x0, 0x0, 0x0, 0x0,
    0x3, 0xf8, 0xd, 0xfa, 0xff, 0xff, 0xff, 0xf3,
    0x0, 0xdc, 0x2f, 0x96, 0xcf, 0xcb, 0xbb, 0xb2,
    0x7, 0xa7, 0xaf, 0x93, 0x5f, 0x50, 0x0, 0x0,
    0xf, 0xff, 0xff, 0xf8, 0x6f, 0x40, 0x0, 0x0,
    0x9, 0xee, 0xaf, 0xc5, 0x7f, 0xff, 0xfe, 0x0,
    0x0, 0xdc, 0x2f, 0x70, 0x7f, 0xa9, 0xee, 0x0,
    0x0, 0xdc, 0x2f, 0x70, 0x8f, 0x41, 0xbe, 0x0,
    0x2f, 0xff, 0xff, 0xfe, 0x9f, 0xe8, 0xbe, 0x0,
    0x1b, 0xfe, 0xcf, 0xda, 0xaf, 0x9d, 0xbe, 0x0,
    0x1, 0xf8, 0x2f, 0x70, 0xbf, 0x4f, 0xde, 0x0,
    0x4, 0xf5, 0x2f, 0x70, 0xce, 0x3, 0xbe, 0x53,
    0x9, 0xf1, 0x2f, 0x70, 0xed, 0x46, 0xbe, 0x97,
    0x1f, 0xa0, 0x2f, 0x78, 0xff, 0xff, 0xaf, 0xe5,
    0xb, 0x20, 0x2f, 0x74, 0xe9, 0x51, 0x3b, 0xa0,
    0x0, 0x0, 0x0, 0x0, 0x0, 0x0, 0x0, 0x0,

    /* U+751C "甜" */
    0x0, 0x0, 0x0, 0x0, 0x0, 0x0, 0x0, 0x0,
    0x0, 0x26, 0xbe, 0x21, 0xfc, 0x0, 0xdf, 0x10,
    0x8e, 0xff, 0xff, 0x81, 0xfc, 0x0, 0xdf, 0x10,
    0x6e, 0xcf, 0xb0, 0x1, 0xfc, 0x0, 0xdf, 0x10,
    0x0, 0x2f, 0xa0, 0x4e, 0xff, 0xdd, 0xff, 0xe1,
    0x0, 0x2f, 0xb0, 0x5f, 0xff, 0xff, 0xff, 0xf1,
    0xaf, 0xff, 0xff, 0xf4, 0xfd, 0x22, 0xef, 0x30,
    0x8b, 0xcf, 0xeb, 0xb2, 0xfc, 0x0, 0xdf, 0x10,
    0x0, 0x2f, 0xa0, 0x1, 0xfc, 0x0, 0xdf, 0x10,
    0x0, 0x3f, 0xb0, 0x1, 0xff, 0xdd, 0xff, 0x10,
    0x2f, 0xff, 0xff, 0xc1, 0xff, 0xff, 0xff, 0x10,
    0x2f, 0xda, 0xaf, 0xc1, 0xfd, 0x0, 0xdf, 0x10,
    0x2f, 0x80, 0xf, 0xc1, 0xfc, 0x0, 0xdf, 0x10,
    0x2f, 0x92, 0x2f, 0xc1, 0xfd, 0x0, 0xdf, 0x10,
    0x2f, 0xff, 0xff, 0xc1, 0xff, 0xff, 0xff, 0x10,
    0x2f, 0xc8, 0x8f, 0xc1, 0xff, 0xbb, 0xff, 0x10,
    0x0, 0x0, 0x0, 0x0, 0x22, 0x0, 0x11, 0x0,

    /* U+751F "生" */
    0x0, 0x9, 0x81, 0xf, 0xf0, 0x0, 0x0, 0x0,
    0x0, 0x1f, 0xf1, 0xf, 0xf0, 0x0, 0x0, 0x0,
    0x0, 0x7f, 0xc0, 0xf, 0xf0, 0x0, 0x0, 0x0,
    0x0, 0xcf, 0xec, 0xcf, 0xfd, 0xcc, 0xcc, 0x50,
    0x4, 0xff, 0xff, 0xff, 0xff, 0xff, 0xff, 0x60,
    0xd, 0xf7, 0x0, 0xf, 0xf1, 0x0, 0x0, 0x0,
    0x3e, 0xc0, 0x0, 0xf, 0xf0, 0x0, 0x0, 0x0,
    0x1, 0x20, 0x0, 0xf, 0xf0, 0x0, 0x0, 0x0,
    0x0, 0x4f, 0xff, 0xff, 0xff, 0xff, 0xfc, 0x0,
    0x0, 0x4d, 0xdd, 0xdf, 0xfd, 0xdd, 0xdb, 0x0,
    0x0, 0x0, 0x0, 0xf, 0xf0, 0x0, 0x0, 0x0,
    0x0, 0x0, 0x0, 0xf, 0xf0, 0x0, 0x0, 0x0,
    0x0, 0x0, 0x0, 0xf, 0xf0, 0x0, 0x0, 0x0,
    0x2f, 0xff, 0xff, 0xff, 0xff, 0xff, 0xff, 0xf3,
    0x2e, 0xee, 0xee, 0xee, 0xee, 0xee, 0xee, 0xe3,

    /* U+7528 "用" */
    0x0, 0x8b, 0xbb, 0xbb, 0xbb, 0xbb, 0xbb, 0x10,
    0xc, 0xff, 0xff, 0xff, 0xff, 0xff, 0xf1, 0x0,
    0xcf, 0x31, 0x1e, 0xf2, 0x11, 0xdf, 0x10, 0xc,
    0xf1, 0x0, 0xdf, 0x0, 0xc, 0xf1, 0x0, 0xcf,
    0xdc, 0xcf, 0xfd, 0xcc, 0xff, 0x10, 0xc, 0xff,
    0xff, 0xff, 0xff, 0xff, 0xf1, 0x0, 0xdf, 0x10,
    0xd, 0xf0, 0x0, 0xcf, 0x10, 0xe, 0xf1, 0x0,
    0xef, 0x10, 0xc, 0xf1, 0x0, 0xff, 0xff, 0xff,
    0xff, 0xff, 0xff, 0x10, 0x1f, 0xfb, 0xbb, 0xff,
    0xcb, 0xbf, 0xf1, 0x5, 0xfa, 0x0, 0xd, 0xf0,
    0x0, 0xcf, 0x10, 0xbf, 0x50, 0x0, 0xdf, 0x0,
    0xc, 0xf1, 0x4f, 0xe1, 0x0, 0xd, 0xf2, 0xbb,
    0xff, 0x3, 0xd5, 0x0, 0x0, 0xdf, 0xe, 0xff,
    0x70, 0x1, 0x0, 0x0, 0x0, 0x0, 0x11, 0x0,
    0x0,

    /* U+7530 "田" */
    0x9b, 0xbb, 0xbb, 0xbb, 0xbb, 0xbb, 0xb8, 0xdf,
    0xff, 0xff, 0xff, 0xff, 0xff, 0xfb, 0xdf, 0x31,
    0x13, 0xfe, 0x11, 0x15, 0xfb, 0xdf, 0x10, 0x1,
    0xfd, 0x0, 0x3, 0xfb, 0xdf, 0x10, 0x1, 0xfd,
    0x0, 0x3, 0xfb, 0xdf, 0x10, 0x1, 0xfd, 0x0,
    0x4, 0xfb, 0xdf, 0xff, 0xff, 0xff, 0xff, 0xff,
    0xfb, 0xdf, 0xdd, 0xdd, 0xff, 0xdd, 0xde, 0xfb,
    0xdf, 0x10, 0x1, 0xfd, 0x0, 0x3, 0xfb, 0xdf,
    0x10, 0x1, 0xfd, 0x0, 0x3, 0xfb, 0xdf, 0x10,
    0x1, 0xfd, 0x0, 0x3, 0xfb, 0xdf, 0xed, 0xde,
    0xff, 0xdd, 0xde, 0xfb, 0xdf, 0xff, 0xff, 0xff,
    0xff, 0xff, 0xfb, 0xdf, 0x10, 0x0, 0x0, 0x0,
    0x4, 0xfb,

    /* U+7535 "电" */
    0x0, 0x0, 0x0, 0xff, 0x0, 0x0, 0x0, 0x0,
    0x0, 0x0, 0xf, 0xf0, 0x0, 0x0, 0x0, 0x0,
    0x0, 0x0, 0xff, 0x10, 0x0, 0x0, 0x1, 0xff,
    0xff, 0xff, 0xff, 0xff, 0xff, 0x0, 0x1f, 0xfc,
    0xcd, 0xff, 0xdc, 0xcf, 0xf0, 0x1, 0xfe, 0x0,
    0xf, 0xf0, 0x0, 0xff, 0x0, 0x1f, 0xfc, 0xcc,
    0xff, 0xcc, 0xcf, 0xf0, 0x1, 0xff, 0xff, 0xff,
    0xff, 0xff, 0xff, 0x0, 0x1f, 0xe0, 0x0, 0xff,
    0x0, 0xf, 0xf0, 0x1, 0xff, 0xcc, 0xdf, 0xfd,
    0xcc, 0xff, 0x0, 0x1f, 0xff, 0xff, 0xff, 0xff,
    0xff, 0xf0, 0x1, 0xfe, 0x0, 0xf, 0xf1, 0x0,
    0x7, 0xc2, 0x6, 0x50, 0x0, 0xff, 0x10, 0x0,
    0xaf, 0x60, 0x0, 0x0, 0xd, 0xff, 0xee, 0xff,
    0xf2, 0x0, 0x0, 0x0, 0x3d, 0xff, 0xff, 0xe7,
    0x0,

    /* U+7538 "甸" */
    0x0, 0x0, 0xa7, 0x0, 0x0, 0x0, 0x0, 0x0,
    0x0, 0x5, 0xfd, 0x0, 0x0, 0x0, 0x0, 0x0,
    0x0, 0xc, 0xfd, 0xbb, 0xbb, 0xbb, 0xbb, 0xb0,
    0x0, 0x3f, 0xff, 0xff, 0xff, 0xff, 0xff, 0xf0,
    0x0, 0xdf, 0x82, 0x22, 0x22, 0x22, 0x3f, 0xf0,
    0x9, 0xff, 0x88, 0x88, 0x88, 0x80, 0xf, 0xe0,
    0x6f, 0xff, 0xff, 0xff, 0xff, 0xf1, 0x1f, 0xd0,
    0xb, 0x8f, 0xa0, 0xeb, 0xb, 0xf1, 0x2f, 0xd0,
    0x0, 0x1f, 0xd7, 0xfd, 0x7d, 0xf1, 0x3f, 0xc0,
    0x0, 0x1f, 0xff, 0xff, 0xff, 0xf1, 0x4f, 0xb0,
    0x0, 0x1f, 0xa0, 0xeb, 0xb, 0xf1, 0x5f, 0xa0,
    0x0, 0x1f, 0xff, 0xff, 0xff, 0xf1, 0x8f, 0x80,
    0x0, 0x1f, 0xd9, 0x99, 0x99, 0x91, 0xdf, 0x60,
    0x0, 0x8, 0x50, 0x0, 0x1e, 0xff, 0xff, 0x10,
    0x0, 0x0, 0x0, 0x0, 0xa, 0xff, 0xd5, 0x0,
    0x0, 0x0, 0x0, 0x0, 0x0, 0x0, 0x0, 0x0,

    /* U+753B "画" */
    0xff, 0xff, 0xff, 0xff, 0xff, 0xff, 0xff, 0xbc,
    0xcc, 0xcc, 0xcc, 0xcc, 0xcc, 0xcc, 0x0, 0x0,
    0x0, 0x0, 0x0, 0x0, 0x0, 0x0, 0x6, 0x88,
    0x88, 0x88, 0x60, 0x0, 0xad, 0x2c, 0xff, 0xff,
    0xff, 0xc2, 0xeb, 0xcf, 0x3c, 0xc0, 0xdc, 0xd,
    0xc2, 0xfc, 0xcf, 0x3c, 0xd7, 0xee, 0x7e, 0xc2,
    0xfc, 0xcf, 0x3c, 0xff, 0xff, 0xff, 0xc2, 0xfc,
    0xcf, 0x3c, 0xb0, 0xdc, 0xd, 0xc2, 0xfc, 0xcf,
    0x3c, 0xff, 0xff, 0xff, 0xc2, 0xfc, 0xcf, 0x37,
    0x99, 0x99, 0x99, 0x72, 0xfc, 0xcf, 0x30, 0x0,
    0x0, 0x0, 0x2, 0xfc, 0xcf, 0xff, 0xff, 0xff,
    0xff, 0xff, 0xfc, 0x9b, 0xbb, 0xbb, 0xbb, 0xbb,
    0xbc, 0xfc,

    /* U+7559 "留" */
    0x0, 0x3, 0x88, 0x0, 0x0, 0x0, 0x0, 0x0,
    0xae, 0xff, 0xd2, 0xff, 0xff, 0xff, 0xf1, 0x1f,
    0xe6, 0x10, 0x9, 0xcf, 0xc9, 0xef, 0x1, 0xfc,
    0x1b, 0x70, 0x9, 0xf5, 0xc, 0xf0, 0x1f, 0xc0,
    0xee, 0x0, 0xdf, 0x10, 0xde, 0x3, 0xfe, 0xae,
    0xf5, 0x6f, 0xb0, 0xf, 0xd0, 0x9f, 0xff, 0xef,
    0xef, 0xf2, 0xbd, 0xfa, 0x2, 0xc7, 0x20, 0x46,
    0xd3, 0xa, 0xdb, 0x20, 0x2, 0x88, 0x88, 0x89,
    0x88, 0x88, 0x80, 0x0, 0x4f, 0xfe, 0xef, 0xff,
    0xef, 0xfe, 0x0, 0x4, 0xfa, 0x11, 0xbf, 0x21,
    0x3f, 0xe0, 0x0, 0x4f, 0xff, 0xff, 0xff, 0xff,
    0xfe, 0x0, 0x4, 0xfb, 0x44, 0xcf, 0x54, 0x6f,
    0xe0, 0x0, 0x4f, 0xd8, 0x8d, 0xf9, 0x89, 0xfe,
    0x0, 0x4, 0xff, 0xff, 0xff, 0xff, 0xfe, 0xd0,
    0x0,

    /* U+7626 "瘦" */
    0x0, 0x0, 0x0, 0x0, 0x25, 0x0, 0x0, 0x0,
    0x0, 0x1, 0x11, 0x11, 0xef, 0x41, 0x11, 0x10,
    0x0, 0x1f, 0xff, 0xff, 0xff, 0xff, 0xff, 0xf7,
    0x29, 0x3f, 0xd8, 0x8a, 0x8e, 0xc8, 0x88, 0x84,
    0x2f, 0xcf, 0xa9, 0xef, 0x6f, 0xba, 0xdd, 0x80,
    0xb, 0xff, 0xac, 0xb0, 0xf, 0xb3, 0x4f, 0x90,
    0x3, 0x5f, 0xac, 0xff, 0x6f, 0xbb, 0xff, 0x90,
    0x0, 0x1f, 0x9c, 0xb2, 0xf, 0xb2, 0x3f, 0x90,
    0x4, 0xdf, 0x9c, 0xff, 0xff, 0xff, 0xff, 0x90,
    0x6f, 0xff, 0x72, 0x33, 0x3f, 0xc3, 0x33, 0x20,
    0x2b, 0x8f, 0x5e, 0xff, 0xff, 0xff, 0xff, 0x80,
    0x0, 0xaf, 0x27, 0xfe, 0x66, 0x6a, 0xff, 0x20,
    0x1, 0xed, 0x0, 0x5f, 0xd7, 0xaf, 0xe3, 0x0,
    0x8, 0xf8, 0x14, 0x6c, 0xff, 0xff, 0xa6, 0x41,
    0x9, 0xe0, 0x8f, 0xff, 0xc7, 0x8b, 0xff, 0xf2,
    0x0, 0x10, 0x15, 0x20, 0x0, 0x0, 0x2, 0x30,

    /* U+7638 "瘸" */
    0x0, 0x0, 0x0, 0x0, 0x35, 0x0, 0x0, 0x0,
    0x0, 0x0, 0x0, 0x2, 0xff, 0x10, 0x0, 0x0,
    0x0, 0xaf, 0xff, 0xff, 0xff, 0xff, 0xff, 0xf5,
    0x25, 0xaf, 0xa9, 0xba, 0x99, 0x99, 0x99, 0x93,
    0x9f, 0xcf, 0x47, 0xfa, 0x65, 0x8b, 0xbb, 0x80,
    0x2f, 0xff, 0x8f, 0xff, 0xfd, 0xbe, 0x9e, 0xc0,
    0x8, 0xdf, 0x1a, 0xe1, 0xec, 0xbd, 0x3d, 0xc0,
    0x0, 0xaf, 0x9f, 0x6f, 0xf5, 0xbe, 0xee, 0xb0,
    0x5, 0xef, 0x37, 0x34, 0x4f, 0x73, 0x33, 0x20,
    0xaf, 0xff, 0x5f, 0xff, 0xff, 0xff, 0xff, 0x90,
    0x68, 0xfc, 0x5f, 0x64, 0xef, 0xe7, 0x3f, 0x90,
    0x3, 0xf9, 0x5f, 0xaf, 0xcc, 0x9e, 0x7f, 0x90,
    0x9, 0xf4, 0x5f, 0x53, 0xcf, 0xc4, 0x1f, 0x90,
    0x3f, 0xd0, 0x5f, 0x8f, 0xd4, 0x8f, 0xaf, 0x90,
    0x1b, 0x40, 0x5f, 0x52, 0x0, 0x2, 0xec, 0x30,
    0x0, 0x0, 0x0, 0x0, 0x0, 0x0, 0x0, 0x0,

    /* U+767D "白" */
    0x0, 0x0, 0x25, 0x30, 0x0, 0x0, 0x0, 0x0,
    0x9, 0xfd, 0x0, 0x0, 0x0, 0x0, 0x0, 0xdf,
    0x70, 0x0, 0x0, 0xf, 0xff, 0xff, 0xff, 0xff,
    0xff, 0xf0, 0xff, 0xee, 0xee, 0xee, 0xee, 0xff,
    0xf, 0xe0, 0x0, 0x0, 0x0, 0xf, 0xf0, 0xfe,
    0x0, 0x0, 0x0, 0x0, 0xff, 0xf, 0xfa, 0xaa,
    0xaa, 0xaa, 0xaf, 0xf0, 0xff, 0xff, 0xff, 0xff,
    0xff, 0xff, 0xf, 0xf3, 0x33, 0x33, 0x33, 0x3f,
    0xf0, 0xfe, 0x0, 0x0, 0x0, 0x0, 0xff, 0xf,
    0xe0, 0x0, 0x0, 0x0, 0xf, 0xf0, 0xff, 0xcc,
    0xcc, 0xcc, 0xcc, 0xff, 0xf, 0xff, 0xff, 0xff,
    0xff, 0xff, 0xf0, 0xff, 0x11, 0x11, 0x11, 0x11,
    0xff, 0x0,

    /* U+7684 "的" */
    0x0, 0x46, 0x10, 0x0, 0x54, 0x0, 0x0, 0x0,
    0xb, 0xf2, 0x0, 0x1f, 0xe0, 0x0, 0x0, 0x0,
    0xec, 0x0, 0x6, 0xfb, 0x11, 0x11, 0xc, 0xff,
    0xff, 0xf1, 0xcf, 0xff, 0xff, 0xf1, 0xcf, 0xaa,
    0xef, 0x6f, 0xea, 0xaa, 0xef, 0xc, 0xe0, 0xa,
    0xfe, 0xf4, 0x0, 0xc, 0xf0, 0xce, 0x0, 0xaf,
    0xab, 0x10, 0x0, 0xcf, 0xc, 0xfa, 0xae, 0xf1,
    0x4f, 0x90, 0xd, 0xe0, 0xcf, 0xff, 0xff, 0x10,
    0xdf, 0x40, 0xee, 0xc, 0xe0, 0xa, 0xf1, 0x3,
    0xfe, 0xf, 0xd0, 0xce, 0x0, 0xaf, 0x10, 0xa,
    0xb2, 0xfc, 0xc, 0xe0, 0xa, 0xf1, 0x0, 0x0,
    0x2f, 0xa0, 0xcf, 0xff, 0xff, 0x10, 0x0, 0x6,
    0xf8, 0xc, 0xfb, 0xbb, 0xb0, 0x7, 0xdd, 0xff,
    0x30, 0x8a, 0x0, 0x0, 0x0, 0x3f, 0xfe, 0x70,
    0x0, 0x0, 0x0, 0x0, 0x0, 0x0, 0x0, 0x0,

    /* U+7686 "皆" */
    0xb, 0xf3, 0x0, 0xc, 0xf1, 0x0, 0x0, 0xb,
    0xf4, 0x0, 0xc, 0xf1, 0x8, 0x30, 0xb, 0xff,
    0xff, 0x9c, 0xf8, 0xef, 0xe0, 0xb, 0xfa, 0x88,
    0x5c, 0xff, 0xd8, 0x20, 0xc, 0xf3, 0x1, 0x2c,
    0xf3, 0x0, 0x51, 0x1e, 0xfd, 0xef, 0xbc, 0xf4,
    0x23, 0xee, 0x4f, 0xff, 0xdb, 0x59, 0xff, 0xff,
    0xf9, 0x7, 0x30, 0xb, 0xf4, 0x68, 0x88, 0x60,
    0x5, 0x99, 0x9f, 0xf9, 0x99, 0x99, 0x0, 0x8,
    0xff, 0xff, 0xff, 0xff, 0xff, 0x10, 0x8, 0xf7,
    0x11, 0x11, 0x11, 0xef, 0x10, 0x8, 0xff, 0xff,
    0xff, 0xff, 0xff, 0x10, 0x8, 0xf8, 0x44, 0x44,
    0x44, 0xff, 0x10, 0x8, 0xfb, 0x99, 0x99, 0x99,
    0xff, 0x10, 0x8, 0xff, 0xff, 0xff, 0xff, 0xff,
    0x10,

    /* U+76CF "盏" */
    0x0, 0x0, 0x0, 0x0, 0x0, 0x0, 0x0, 0x0,
    0x0, 0x0, 0x0, 0xfc, 0x9, 0xe3, 0x0, 0x0,
    0x0, 0x0, 0x0, 0xfe, 0x58, 0xfc, 0xac, 0x60,
    0x6, 0xcd, 0xff, 0xff, 0xff, 0xff, 0xdc, 0x60,
    0x6, 0xdb, 0xa8, 0xbf, 0x82, 0x12, 0x45, 0x60,
    0x2, 0x46, 0x79, 0xcf, 0xff, 0xff, 0xff, 0xe0,
    0xa, 0xff, 0xff, 0xde, 0xfc, 0x77, 0xdb, 0x10,
    0x3, 0x43, 0x10, 0x3, 0xfe, 0xaf, 0xfa, 0x30,
    0x0, 0x3, 0x58, 0xad, 0xff, 0xfe, 0x36, 0xf3,
    0x7, 0xff, 0xff, 0xfc, 0x98, 0xff, 0xff, 0xf0,
    0x0, 0xb9, 0x63, 0x0, 0x0, 0x28, 0xbc, 0x50,
    0x0, 0x5f, 0xff, 0xff, 0xff, 0xff, 0xfa, 0x0,
    0x0, 0x5f, 0xb9, 0xfb, 0x9f, 0xb9, 0xfb, 0x0,
    0x0, 0x5f, 0x62, 0xf6, 0x2f, 0x62, 0xfb, 0x0,
    0xa, 0xcf, 0xcb, 0xfc, 0xbf, 0xcb, 0xfe, 0xa4,
    0x1f, 0xff, 0xff, 0xff, 0xff, 0xff, 0xff, 0xf6,

    /* U+76D6 "盖" */
    0x0, 0x1, 0x63, 0x0, 0x0, 0x75, 0x0, 0x0,
    0x0, 0x3, 0xfd, 0x0, 0x3, 0xfc, 0x0, 0x0,
    0x3, 0x77, 0xef, 0x87, 0x7c, 0xfa, 0x77, 0x0,
    0x7, 0xff, 0xff, 0xff, 0xff, 0xff, 0xfe, 0x0,
    0x0, 0x12, 0x22, 0x5f, 0xc2, 0x22, 0x20, 0x0,
    0x0, 0x9f, 0xff, 0xff, 0xff, 0xff, 0xf2, 0x0,
    0x0, 0x23, 0x33, 0x6f, 0xc3, 0x33, 0x30, 0x0,
    0x1c, 0xcc, 0xcc, 0xdf, 0xfc, 0xcc, 0xcc, 0x90,
    0x1a, 0xaa, 0xaa, 0xaa, 0xaa, 0xaa, 0xaa, 0x80,
    0x0, 0x68, 0x88, 0x88, 0x88, 0x88, 0x84, 0x0,
    0x0, 0xcf, 0xff, 0xff, 0xff, 0xff, 0xf7, 0x0,
    0x0, 0xcf, 0xa, 0xf1, 0x8f, 0x46, 0xf7, 0x0,
    0x0, 0xcf, 0xa, 0xf1, 0x8f, 0x35, 0xf7, 0x0,
    0x5a, 0xff, 0xae, 0xfb, 0xdf, 0xbc, 0xfd, 0xa0,
    0x7f, 0xff, 0xff, 0xff, 0xff, 0xff, 0xff, 0xf1,

    /* U+76EF "盯" */
    0xff, 0xff, 0xf4, 0xaa, 0xaa, 0xaa, 0xaa, 0x5f,
    0xea, 0xef, 0x5f, 0xff, 0xff, 0xff, 0xf8, 0xfb,
    0xc, 0xf1, 0x33, 0x34, 0xff, 0x33, 0x2f, 0xe8,
    0xef, 0x0, 0x0, 0x1f, 0xe0, 0x0, 0xff, 0xff,
    0xf0, 0x0, 0x1, 0xfe, 0x0, 0xf, 0xc0, 0xcf,
    0x0, 0x0, 0x1f, 0xe0, 0x0, 0xfc, 0xc, 0xf0,
    0x0, 0x1, 0xfe, 0x0, 0xf, 0xff, 0xff, 0x0,
    0x0, 0x1f, 0xe0, 0x0, 0xfe, 0x8e, 0xf0, 0x0,
    0x1, 0xfe, 0x0, 0xf, 0xb0, 0xcf, 0x0, 0x0,
    0x1f, 0xe0, 0x0, 0xfe, 0xbe, 0xf0, 0x0, 0x1,
    0xfe, 0x0, 0xf, 0xff, 0xff, 0x0, 0x0, 0x2f,
    0xe0, 0x0, 0xc9, 0x0, 0x0, 0xe, 0xff, 0xfc,
    0x0, 0x0, 0x0, 0x0, 0x0, 0x9f, 0xfc, 0x30,
    0x0, 0x0, 0x0, 0x0, 0x0, 0x0, 0x0, 0x0,
    0x0,

    /* U+76F4 "直" */
    0x0, 0x0, 0x0, 0x8, 0x71, 0x0, 0x0, 0x0,
    0x4, 0x77, 0x77, 0x7f, 0xf8, 0x77, 0x77, 0x70,
    0xa, 0xff, 0xff, 0xff, 0xff, 0xff, 0xff, 0xf1,
    0x2, 0x33, 0x33, 0x6f, 0xc3, 0x33, 0x33, 0x30,
    0x0, 0xf, 0xff, 0xff, 0xff, 0xff, 0xf7, 0x0,
    0x0, 0xf, 0xf9, 0x99, 0x99, 0x9c, 0xf7, 0x0,
    0x0, 0xf, 0xe8, 0x88, 0x88, 0x8b, 0xf7, 0x0,
    0x0, 0xf, 0xfd, 0xdd, 0xdd, 0xde, 0xf7, 0x0,
    0x0, 0xf, 0xe4, 0x44, 0x44, 0x49, 0xf7, 0x0,
    0x0, 0xf, 0xff, 0xff, 0xff, 0xff, 0xf7, 0x0,
    0x0, 0xf, 0xd2, 0x22, 0x22, 0x28, 0xf7, 0x0,
    0x0, 0xf, 0xff, 0xff, 0xff, 0xff, 0xf7, 0x0,
    0x0, 0xf, 0xe5, 0x55, 0x55, 0x5a, 0xf7, 0x0,
    0xb, 0xbf, 0xfb, 0xbb, 0xbb, 0xbd, 0xfd, 0xb6,
    0x1f, 0xff, 0xff, 0xff, 0xff, 0xff, 0xff, 0xf8,

    /* U+76F9 "盹" */
    0x0, 0x0, 0x0, 0x0, 0x2f, 0xb0, 0x0, 0xf,
    0xff, 0xfa, 0x0, 0x2, 0xfb, 0x0, 0x0, 0xfe,
    0xaf, 0xae, 0xff, 0xff, 0xff, 0xff, 0x5f, 0xb0,
    0xfa, 0xde, 0xee, 0xff, 0xee, 0xe5, 0xfd, 0x8f,
    0xa0, 0x0, 0x2f, 0xb0, 0x0, 0xf, 0xff, 0xfa,
    0x8f, 0x52, 0xfb, 0x1f, 0xb0, 0xfb, 0xf, 0xa8,
    0xf5, 0x2f, 0xb1, 0xfb, 0xf, 0xb0, 0xfa, 0x8f,
    0x52, 0xfb, 0x1f, 0xb0, 0xff, 0xff, 0xa8, 0xf5,
    0x2f, 0xb1, 0xfb, 0xf, 0xd8, 0xfa, 0x8f, 0xa9,
    0xfd, 0x9f, 0xb0, 0xfb, 0xf, 0xa8, 0xff, 0xff,
    0xff, 0xfb, 0xf, 0xeb, 0xfa, 0x24, 0x46, 0xfc,
    0x4d, 0x90, 0xff, 0xff, 0xa0, 0x0, 0x2f, 0xb0,
    0x3c, 0x3c, 0x80, 0x0, 0x0, 0x2, 0xff, 0xce,
    0xf6, 0x0, 0x0, 0x0, 0x0, 0x9, 0xef, 0xfc,
    0x10,

    /* U+770B "看" */
    0x0, 0x0, 0x0, 0x0, 0x12, 0x35, 0x72, 0x0,
    0x0, 0xef, 0xff, 0xff, 0xff, 0xff, 0xfc, 0x0,
    0x0, 0x78, 0x77, 0xff, 0x74, 0x32, 0x0, 0x0,
    0x0, 0xcc, 0xcc, 0xff, 0xcc, 0xcc, 0xcc, 0x30,
    0x0, 0xbb, 0xbe, 0xfd, 0xbb, 0xbb, 0xbb, 0x20,
    0x8, 0x88, 0x8e, 0xfa, 0x88, 0x88, 0x88, 0x80,
    0x1f, 0xff, 0xff, 0xff, 0xff, 0xff, 0xff, 0xf1,
    0x0, 0x2, 0xff, 0x96, 0x66, 0x66, 0x63, 0x0,
    0x0, 0x1d, 0xff, 0xff, 0xff, 0xff, 0xf9, 0x0,
    0x2, 0xdf, 0xfe, 0x44, 0x44, 0x48, 0xf9, 0x0,
    0x4f, 0xfb, 0xff, 0xff, 0xff, 0xff, 0xf9, 0x0,
    0x1e, 0x80, 0xee, 0x55, 0x55, 0x58, 0xf9, 0x0,
    0x0, 0x0, 0xef, 0xcc, 0xcc, 0xcd, 0xf9, 0x0,
    0x0, 0x0, 0xef, 0x77, 0x77, 0x7a, 0xf9, 0x0,
    0x0, 0x0, 0xef, 0xff, 0xff, 0xff, 0xf9, 0x0,

    /* U+771F "真" */
    0x0, 0x0, 0x0, 0x6, 0x71, 0x0, 0x0, 0x0,
    0x5, 0x77, 0x77, 0x7d, 0xf9, 0x77, 0x77, 0x50,
    0xa, 0xff, 0xff, 0xff, 0xff, 0xff, 0xff, 0xb0,
    0x1, 0x14, 0x44, 0x5f, 0xd4, 0x44, 0x42, 0x10,
    0x0, 0xf, 0xff, 0xff, 0xff, 0xff, 0xf0, 0x0,
    0x0, 0xf, 0xe5, 0x55, 0x55, 0x5e, 0xf0, 0x0,
    0x0, 0xf, 0xf9, 0x99, 0x99, 0x9f, 0xf0, 0x0,
    0x0, 0xf, 0xfd, 0xdd, 0xdd, 0xdf, 0xf0, 0x0,
    0x0, 0xf, 0xe4, 0x44, 0x44, 0x4e, 0xf0, 0x0,
    0x0, 0xf, 0xff, 0xff, 0xff, 0xff, 0xf0, 0x0,
    0x0, 0xf, 0xe2, 0x22, 0x22, 0x2e, 0xf1, 0x0,
    0x1f, 0xff, 0xff, 0xff, 0xff, 0xff, 0xff, 0xf1,
    0x8, 0x88, 0xae, 0x88, 0x89, 0xfc, 0x88, 0x81,
    0x0, 0x4a, 0xff, 0x80, 0x7, 0xff, 0xe9, 0x20,
    0xc, 0xff, 0xb4, 0x0, 0x0, 0x17, 0xef, 0xc0,
    0x1, 0x51, 0x0, 0x0, 0x0, 0x0, 0x5, 0x0,

    /* U+773C "眼" */
    0xff, 0xff, 0xe1, 0xff, 0xff, 0xff, 0xfc, 0xf,
    0xea, 0xee, 0x1f, 0xe9, 0x99, 0xaf, 0xc0, 0xfa,
    0x9, 0xe1, 0xfd, 0x55, 0x56, 0xfc, 0xf, 0xd8,
    0xde, 0x1f, 0xff, 0xff, 0xff, 0xc0, 0xff, 0xff,
    0xe1, 0xfd, 0x44, 0x45, 0xfc, 0xf, 0xa0, 0xae,
    0x1f, 0xd5, 0x55, 0x6f, 0xc0, 0xfa, 0xa, 0xe1,
    0xff, 0xff, 0xff, 0xfc, 0xf, 0xff, 0xfe, 0x1f,
    0xe7, 0xef, 0x77, 0x80, 0xfd, 0x8d, 0xe1, 0xfc,
    0x9, 0xf3, 0x9f, 0x4f, 0xa0, 0x9e, 0x1f, 0xc0,
    0x4f, 0xff, 0xc2, 0xfe, 0xbe, 0xe1, 0xfc, 0x0,
    0xcf, 0xb0, 0xf, 0xff, 0xfe, 0x2f, 0xc2, 0x63,
    0xff, 0x50, 0xc8, 0x0, 0x8, 0xff, 0xfe, 0x15,
    0xff, 0x80, 0x0, 0x0, 0x4d, 0x73, 0x0, 0x3,
    0xb1, 0x0, 0x0, 0x0, 0x0, 0x0, 0x0, 0x0,
    0x0,

    /* U+7740 "着" */
    0x0, 0x1, 0x68, 0x0, 0x0, 0x66, 0x20, 0x0,
    0x0, 0x0, 0xef, 0x40, 0x2, 0xff, 0x20, 0x0,
    0x5, 0xff, 0xff, 0xff, 0xff, 0xff, 0xff, 0x60,
    0x2, 0x88, 0x88, 0xcf, 0xc8, 0x88, 0x88, 0x30,
    0x0, 0x6c, 0xcc, 0xef, 0xdc, 0xcc, 0xc7, 0x0,
    0x0, 0x6b, 0xbd, 0xfe, 0xbb, 0xbb, 0xb7, 0x0,
    0x8, 0x88, 0x8c, 0xfc, 0x88, 0x88, 0x88, 0x80,
    0xf, 0xff, 0xff, 0xff, 0xff, 0xff, 0xff, 0xf0,
    0x0, 0x3, 0xff, 0xb8, 0x88, 0x88, 0x86, 0x0,
    0x0, 0x3f, 0xff, 0xa9, 0x99, 0x9b, 0xfb, 0x0,
    0x8, 0xff, 0xff, 0xee, 0xee, 0xee, 0xfb, 0x0,
    0x5f, 0xf4, 0xcf, 0x65, 0x55, 0x58, 0xfb, 0x0,
    0x6, 0x30, 0xcf, 0xff, 0xff, 0xff, 0xfb, 0x0,
    0x0, 0x0, 0xcf, 0x76, 0x66, 0x69, 0xfb, 0x0,
    0x0, 0x0, 0xcf, 0xff, 0xff, 0xff, 0xfb, 0x0,

    /* U+775B "睛" */
    0x0, 0x0, 0x0, 0x0, 0x4f, 0x70, 0x0, 0xf,
    0xff, 0xfa, 0x5b, 0xbd, 0xfd, 0xbb, 0xb0, 0xfe,
    0xaf, 0xa4, 0x99, 0xbf, 0xc9, 0x99, 0xf, 0xa0,
    0xfa, 0xa, 0xab, 0xfd, 0xaa, 0x60, 0xfd, 0x8f,
    0xa0, 0xcc, 0xdf, 0xec, 0xc8, 0xf, 0xff, 0xfa,
    0x66, 0x69, 0xfb, 0x66, 0x62, 0xfc, 0x3f, 0xae,
    0xff, 0xff, 0xff, 0xff, 0x5f, 0xb0, 0xfa, 0x5,
    0x55, 0x55, 0x55, 0x20, 0xff, 0xff, 0xa0, 0xff,
    0xff, 0xff, 0xf6, 0xf, 0xd8, 0xfa, 0xf, 0xc3,
    0x33, 0x7f, 0x60, 0xfa, 0xf, 0xa0, 0xff, 0xff,
    0xff, 0xf6, 0xf, 0xec, 0xfa, 0xf, 0xc3, 0x33,
    0x8f, 0x60, 0xff, 0xdd, 0x80, 0xff, 0xff, 0xff,
    0xf6, 0xc, 0x80, 0x0, 0xf, 0xb0, 0x7, 0xbf,
    0x60, 0x0, 0x0, 0x0, 0xfb, 0x0, 0xbf, 0xc1,
    0x0,

    /* U+7761 "睡" */
    0x0, 0x0, 0x0, 0x1, 0x34, 0x68, 0xa1, 0xe,
    0xff, 0xf4, 0x5f, 0xff, 0xff, 0xff, 0x60, 0xed,
    0xbf, 0x40, 0x87, 0x7f, 0xc2, 0x0, 0xe, 0x83,
    0xf4, 0x33, 0x35, 0xfc, 0x33, 0x30, 0xec, 0xaf,
    0x4d, 0xff, 0xff, 0xff, 0xff, 0x3e, 0xff, 0xf4,
    0x7e, 0xea, 0xfe, 0xbf, 0xb2, 0xe9, 0x3f, 0x40,
    0xcc, 0x1f, 0xb4, 0xf4, 0xe, 0x93, 0xf6, 0xef,
    0xfe, 0xff, 0xef, 0xe8, 0xef, 0xff, 0x7f, 0xff,
    0xff, 0xff, 0xff, 0x8e, 0xca, 0xf4, 0xc, 0xc2,
    0xfb, 0x4f, 0x50, 0xe8, 0x3f, 0x49, 0xee, 0xbf,
    0xec, 0xfc, 0x3e, 0xdc, 0xf4, 0xef, 0xff, 0xff,
    0xff, 0xf4, 0xef, 0xff, 0x42, 0x22, 0x3f, 0xb2,
    0x22, 0xb, 0x70, 0x0, 0x3b, 0xbc, 0xfe, 0xbb,
    0x90, 0x0, 0x0, 0x5, 0xff, 0xff, 0xff, 0xfc,
    0x0,

    /* U+77ED "短" */
    0x2, 0x83, 0x0, 0x0, 0x0, 0x0, 0x0, 0x0,
    0x5, 0xf6, 0x0, 0xb, 0xff, 0xff, 0xff, 0xf4,
    0x8, 0xfb, 0x99, 0x78, 0xbb, 0xbb, 0xbb, 0xb3,
    0xc, 0xff, 0xff, 0xc0, 0x0, 0x0, 0x0, 0x0,
    0x2f, 0xbb, 0xf3, 0x24, 0xff, 0xff, 0xff, 0xd0,
    0x2e, 0x5a, 0xf0, 0x4, 0xfd, 0xbb, 0xbf, 0xd0,
    0x15, 0x4c, 0xf4, 0x34, 0xf7, 0x0, 0xf, 0xd0,
    0x5f, 0xff, 0xff, 0xe4, 0xf7, 0x0, 0xf, 0xd0,
    0x27, 0x7e, 0xf7, 0x74, 0xff, 0xff, 0xff, 0xd0,
    0x0, 0x1f, 0xf1, 0x2, 0x9a, 0x99, 0xbb, 0x80,
    0x0, 0x5f, 0xfc, 0x0, 0xbe, 0x0, 0xaf, 0x40,
    0x0, 0xaf, 0xaf, 0xa0, 0x8f, 0x40, 0xfe, 0x0,
    0x3, 0xfc, 0xd, 0xa0, 0x4f, 0x64, 0xf8, 0x0,
    0x1e, 0xf4, 0x2, 0x5c, 0xcd, 0xce, 0xfd, 0xc6,
    0xb, 0x70, 0x0, 0x5f, 0xff, 0xff, 0xff, 0xf8,
    0x0, 0x0, 0x0, 0x0, 0x0, 0x0, 0x0, 0x0,

    /* U+77F3 "石" */
    0xa, 0xaa, 0xaa, 0xaa, 0xaa, 0xaa, 0xaa, 0xa0,
    0xf, 0xff, 0xff, 0xff, 0xff, 0xff, 0xff, 0xf0,
    0x2, 0x22, 0x3f, 0xf5, 0x22, 0x22, 0x22, 0x20,
    0x0, 0x0, 0x6f, 0xc0, 0x0, 0x0, 0x0, 0x0,
    0x0, 0x0, 0xdf, 0x50, 0x0, 0x0, 0x0, 0x0,
    0x0, 0x6, 0xfe, 0x10, 0x0, 0x0, 0x0, 0x0,
    0x0, 0x1e, 0xff, 0xff, 0xff, 0xff, 0xff, 0x20,
    0x0, 0xcf, 0xfe, 0xcc, 0xcc, 0xcc, 0xff, 0x20,
    0x1c, 0xff, 0xfa, 0x0, 0x0, 0x0, 0xef, 0x20,
    0x7f, 0xd6, 0xfa, 0x0, 0x0, 0x0, 0xef, 0x20,
    0x9, 0x13, 0xfa, 0x0, 0x0, 0x0, 0xef, 0x20,
    0x0, 0x3, 0xfb, 0x22, 0x22, 0x22, 0xef, 0x20,
    0x0, 0x3, 0xff, 0xff, 0xff, 0xff, 0xff, 0x20,
    0x0, 0x3, 0xfe, 0xaa, 0xaa, 0xaa, 0xee, 0x20,

    /* U+7802 "砂" */
    0x0, 0x0, 0x0, 0x0, 0x0, 0xee, 0x0, 0x0,
    0x1f, 0xff, 0xff, 0xd0, 0x0, 0xee, 0x0, 0x0,
    0xb, 0xdf, 0xdb, 0x90, 0x0, 0xee, 0x2, 0x0,
    0x0, 0x8f, 0x30, 0x5, 0xc4, 0xee, 0x7f, 0x50,
    0x0, 0xde, 0x0, 0x8, 0xf4, 0xee, 0x2f, 0xc0,
    0x3, 0xfa, 0x0, 0xa, 0xf1, 0xee, 0xc, 0xf2,
    0xb, 0xff, 0xff, 0x8f, 0xd0, 0xee, 0x7, 0xf7,
    0x5f, 0xfe, 0xcf, 0xbf, 0x80, 0xee, 0x2, 0x82,
    0x6f, 0xf9, 0x2f, 0x81, 0x10, 0xee, 0xb, 0x90,
    0x1a, 0xf9, 0x2f, 0x80, 0x0, 0xdc, 0x5f, 0xb0,
    0x1, 0xf9, 0x2f, 0x80, 0x0, 0x1, 0xdf, 0x30,
    0x0, 0xf9, 0x2f, 0x80, 0x0, 0xc, 0xf9, 0x0,
    0x0, 0xff, 0xff, 0x80, 0x6, 0xef, 0xa0, 0x0,
    0x0, 0xfd, 0x99, 0x89, 0xef, 0xf6, 0x0, 0x0,
    0x0, 0x95, 0x0, 0x3f, 0xd8, 0x10, 0x0, 0x0,
    0x0, 0x0, 0x0, 0x1, 0x0, 0x0, 0x0, 0x0,

    /* U+7816 "砖" */
    0x0, 0x0, 0x0, 0x0, 0x0, 0xa7, 0x0, 0x0,
    0x1f, 0xff, 0xff, 0xc0, 0x4, 0xfb, 0x0, 0x0,
    0xb, 0xdf, 0xcb, 0x9a, 0xce, 0xfe, 0xcc, 0xc1,
    0x0, 0x9f, 0x20, 0xd, 0xff, 0xff, 0xff, 0xf2,
    0x0, 0xde, 0x0, 0x0, 0x1f, 0xe0, 0x0, 0x0,
    0x2, 0xfa, 0x0, 0x5c, 0xdf, 0xfc, 0xcc, 0xc7,
    0x8, 0xff, 0xee, 0xcf, 0xff, 0xff, 0xff, 0xf9,
    0x1f, 0xfe, 0xdf, 0x50, 0xff, 0x0, 0x0, 0x0,
    0x5f, 0xf6, 0x3f, 0x54, 0xff, 0xdd, 0xdd, 0x80,
    0x1f, 0xf6, 0x3f, 0x59, 0xff, 0xff, 0xff, 0xa0,
    0x5, 0xf6, 0x3f, 0x50, 0x0, 0x9, 0xfc, 0x0,
    0x2, 0xf7, 0x4f, 0x50, 0xb9, 0x7f, 0xd1, 0x0,
    0x2, 0xff, 0xff, 0x52, 0xcf, 0xff, 0x20, 0x0,
    0x2, 0xfc, 0x99, 0x30, 0x5, 0xef, 0xd4, 0x0,
    0x0, 0x62, 0x0, 0x0, 0x0, 0x8, 0xf6, 0x0,
    0x0, 0x0, 0x0, 0x0, 0x0, 0x0, 0x20, 0x0,

    /* U+7834 "破" */
    0x0, 0x0, 0x0, 0x0, 0x0, 0xbf, 0x0, 0x0,
    0x1f, 0xff, 0xff, 0x70, 0x0, 0xbf, 0x0, 0x0,
    0xb, 0xdf, 0xdb, 0x50, 0x0, 0xbf, 0x0, 0x11,
    0x0, 0x9f, 0x40, 0xd, 0xff, 0xff, 0xff, 0xf3,
    0x0, 0xef, 0x0, 0xd, 0xe9, 0xef, 0x9d, 0xf0,
    0x2, 0xfb, 0x0, 0xd, 0xc0, 0xbf, 0xc, 0xc0,
    0xa, 0xff, 0xff, 0x3d, 0xe9, 0xef, 0x9a, 0x80,
    0x3f, 0xfc, 0xcf, 0x3d, 0xff, 0xff, 0xff, 0xd0,
    0x5f, 0xf7, 0x6f, 0x3e, 0xff, 0x30, 0x4f, 0x80,
    0xf, 0xf7, 0x6f, 0x3f, 0xdf, 0xb0, 0xbf, 0x40,
    0x5, 0xf7, 0x6f, 0x4f, 0x89, 0xf6, 0xfc, 0x0,
    0x2, 0xf7, 0x7f, 0x8f, 0x51, 0xff, 0xf3, 0x0,
    0x2, 0xff, 0xff, 0xbf, 0x21, 0xdf, 0xe3, 0x0,
    0x2, 0xfc, 0x99, 0xfc, 0x7f, 0xfc, 0xff, 0xb2,
    0x1, 0x73, 0x1, 0xd5, 0xcd, 0x40, 0x2b, 0xe2,
    0x0, 0x0, 0x0, 0x0, 0x0, 0x0, 0x0, 0x0,

    /* U+786C "硬" */
    0x0, 0x0, 0x0, 0x0, 0x0, 0x0, 0x0, 0x0,
    0x9f, 0xff, 0xff, 0xaf, 0xff, 0xff, 0xff, 0xf1,
    0x6b, 0xff, 0xbb, 0x6a, 0xaa, 0xfe, 0xaa, 0xa1,
    0x0, 0xfd, 0x0, 0x2, 0x23, 0xfc, 0x22, 0x10,
    0x3, 0xf9, 0x0, 0x4f, 0xff, 0xff, 0xff, 0xc0,
    0x8, 0xf5, 0x0, 0x4f, 0x95, 0xfc, 0x4f, 0xc0,
    0xe, 0xfe, 0xee, 0x5f, 0xdc, 0xfe, 0xbf, 0xc0,
    0x7f, 0xfc, 0xef, 0x5f, 0xca, 0xfe, 0x9f, 0xc0,
    0xbf, 0xf0, 0x7f, 0x5f, 0xa7, 0xfd, 0x6f, 0xc0,
    0x6f, 0xf0, 0x7f, 0x5f, 0xff, 0xff, 0xff, 0xc0,
    0x29, 0xf0, 0x7f, 0x37, 0x45, 0xf8, 0x0, 0x0,
    0x8, 0xf1, 0x8f, 0x2e, 0xeb, 0xf4, 0x0, 0x0,
    0x8, 0xff, 0xff, 0x14, 0xff, 0xe0, 0x0, 0x0,
    0x8, 0xfa, 0x9a, 0x59, 0xff, 0xfe, 0x96, 0x40,
    0x4, 0x70, 0x0, 0xcf, 0x92, 0x5b, 0xff, 0xd0,
    0x0, 0x0, 0x0, 0x10, 0x0, 0x0, 0x2, 0x10,

    /* U+786E "确" */
    0x0, 0x0, 0x0, 0x0, 0x67, 0x10, 0x0, 0x0,
    0x1f, 0xff, 0xff, 0x80, 0xef, 0x10, 0x0, 0x0,
    0xb, 0xdf, 0xdb, 0x67, 0xff, 0xff, 0xfa, 0x0,
    0x0, 0x9f, 0x20, 0x4f, 0xf7, 0x7d, 0xf4, 0x0,
    0x0, 0xde, 0x2, 0xff, 0xc8, 0x9f, 0xe8, 0x80,
    0x1, 0xfa, 0x1, 0xef, 0xff, 0xff, 0xff, 0xf1,
    0x7, 0xff, 0xff, 0x3d, 0xe0, 0xce, 0xb, 0xf1,
    0xe, 0xff, 0xff, 0x2d, 0xf7, 0xdf, 0x7d, 0xf1,
    0x5f, 0xf7, 0x6f, 0x2d, 0xff, 0xff, 0xff, 0xf1,
    0x1f, 0xf7, 0x6f, 0x2e, 0xe0, 0xbe, 0xb, 0xf1,
    0x5, 0xf7, 0x6f, 0x2f, 0xfc, 0xff, 0xcf, 0xf1,
    0x1, 0xf7, 0x7f, 0x4f, 0xec, 0xff, 0xcf, 0xf1,
    0x1, 0xff, 0xff, 0x9f, 0x70, 0xbe, 0xb, 0xf1,
    0x1, 0xfc, 0x9a, 0xff, 0x20, 0xbe, 0x8e, 0xf0,
    0x0, 0x83, 0x2, 0xc8, 0x0, 0x68, 0xaf, 0x90,
    0x0, 0x0, 0x0, 0x0, 0x0, 0x0, 0x0, 0x0,

    /* U+788E "碎" */
    0x0, 0x0, 0x0, 0x0, 0x1, 0x86, 0x0, 0x0,
    0x4f, 0xff, 0xff, 0x30, 0x0, 0xfd, 0x0, 0x0,
    0x3b, 0xef, 0xcb, 0x7f, 0xff, 0xff, 0xff, 0xf0,
    0x0, 0xcf, 0x0, 0x3b, 0xbb, 0xbb, 0xbb, 0xb0,
    0x0, 0xfc, 0x0, 0x1, 0xf7, 0x0, 0xe8, 0x0,
    0x4, 0xf7, 0x0, 0x5, 0xf6, 0x4, 0xf7, 0x0,
    0xb, 0xff, 0xfe, 0xa, 0xfe, 0x3a, 0xfe, 0x20,
    0x3f, 0xfc, 0xef, 0x3f, 0xae, 0xbf, 0xcf, 0xe1,
    0x8f, 0xf4, 0x9f, 0x7f, 0x11, 0x7f, 0x25, 0x90,
    0x3f, 0xf4, 0x9f, 0x3, 0x1, 0xfd, 0x0, 0x0,
    0x7, 0xf4, 0x9f, 0x7f, 0xff, 0xff, 0xff, 0xf7,
    0x4, 0xf5, 0xaf, 0x5a, 0xaa, 0xff, 0xaa, 0xa4,
    0x4, 0xff, 0xff, 0x0, 0x0, 0xfc, 0x0, 0x0,
    0x4, 0xf8, 0x66, 0x0, 0x0, 0xfc, 0x0, 0x0,
    0x2, 0x72, 0x0, 0x0, 0x0, 0xfc, 0x0, 0x0,

    /* U+7891 "碑" */
    0x0, 0x0, 0x0, 0x0, 0x0, 0x99, 0x10, 0x0,
    0x2f, 0xff, 0xff, 0xe0, 0x1, 0xff, 0x0, 0x0,
    0x1b, 0xdf, 0xcb, 0xab, 0xff, 0xff, 0xff, 0xf1,
    0x0, 0xaf, 0x20, 0xb, 0xf7, 0xcf, 0x7d, 0xf1,
    0x0, 0xdf, 0x0, 0xb, 0xf7, 0xcf, 0x7d, 0xf1,
    0x0, 0xfc, 0x0, 0xb, 0xff, 0xff, 0xff, 0xf1,
    0x4, 0xff, 0xcc, 0x5b, 0xf0, 0xbe, 0xa, 0xf1,
    0x9, 0xfe, 0xef, 0x6b, 0xff, 0xff, 0xff, 0xf1,
    0x2f, 0xf7, 0x3f, 0x65, 0x7d, 0xfe, 0xfb, 0x70,
    0x5f, 0xf7, 0x3f, 0x60, 0xaf, 0xc6, 0xf4, 0x0,
    0xd, 0xf7, 0x3f, 0x73, 0xcd, 0x48, 0xf7, 0x31,
    0x3, 0xf8, 0x4f, 0xaf, 0xff, 0xff, 0xff, 0xf8,
    0x1, 0xff, 0xff, 0x9a, 0xaa, 0xac, 0xfc, 0xa6,
    0x1, 0xfc, 0x88, 0x30, 0x0, 0x6, 0xf4, 0x0,
    0x0, 0x63, 0x0, 0x0, 0x0, 0x6, 0xf4, 0x0,

    /* U+7897 "碗" */
    0x0, 0x0, 0x0, 0x0, 0x6, 0xc1, 0x0, 0x0,
    0x7f, 0xff, 0xff, 0x0, 0x9, 0xf8, 0x0, 0x0,
    0x5b, 0xef, 0xbb, 0xff, 0xff, 0xff, 0xff, 0xf3,
    0x0, 0xed, 0x1, 0xfd, 0x88, 0x88, 0x8d, 0xf3,
    0x2, 0xf9, 0x1, 0xfb, 0x10, 0x0, 0x8, 0xe2,
    0x7, 0xf5, 0x0, 0x2f, 0xa6, 0x39, 0x99, 0x70,
    0xd, 0xff, 0xf9, 0x6f, 0xff, 0x8f, 0xde, 0xc0,
    0x5f, 0xfb, 0xf9, 0xbc, 0x3f, 0x6f, 0x7a, 0xc0,
    0xaf, 0xf1, 0xfd, 0xf7, 0x5f, 0x4f, 0x7a, 0xc0,
    0x5f, 0xf1, 0xff, 0xec, 0xef, 0x2f, 0x7a, 0xc0,
    0x19, 0xf1, 0xf9, 0x3b, 0xfb, 0x1f, 0xcf, 0xb0,
    0x7, 0xf1, 0xf9, 0x3, 0xf7, 0x1f, 0xa9, 0x30,
    0x7, 0xff, 0xf9, 0xd, 0xe0, 0x1f, 0x70, 0xa2,
    0x7, 0xfa, 0x97, 0xcf, 0x60, 0xf, 0xb7, 0xf5,
    0x3, 0x60, 0x3, 0xe7, 0x0, 0x9, 0xff, 0xc1,
    0x0, 0x0, 0x0, 0x10, 0x0, 0x0, 0x0, 0x0,

    /* U+78A7 "碧" */
    0x0, 0x0, 0x0, 0x0, 0x0, 0x59, 0x40, 0x0,
    0xe, 0xff, 0xff, 0xf4, 0xaa, 0xdf, 0xca, 0x70,
    0x6, 0x6c, 0xf7, 0x62, 0xff, 0xcc, 0xdf, 0xa0,
    0x4, 0x6c, 0xf7, 0x60, 0xfc, 0x11, 0x4f, 0xa0,
    0xb, 0xff, 0xff, 0xf0, 0xff, 0xff, 0xff, 0xa0,
    0x0, 0xa, 0xf3, 0x21, 0xfc, 0x22, 0x5f, 0xa0,
    0x2d, 0xef, 0xff, 0xf7, 0xff, 0xff, 0xff, 0xa0,
    0x1a, 0x87, 0x65, 0x41, 0x77, 0x77, 0x77, 0x40,
    0x1b, 0xbb, 0xbb, 0xbb, 0xbb, 0xbb, 0xbb, 0xb1,
    0x1d, 0xdd, 0xff, 0xed, 0xdd, 0xdd, 0xdd, 0xd1,
    0x0, 0x7, 0xff, 0x31, 0x11, 0x11, 0x11, 0x0,
    0x1, 0xaf, 0xff, 0xff, 0xff, 0xff, 0xfd, 0x0,
    0x5f, 0xff, 0xfa, 0x44, 0x44, 0x46, 0xfd, 0x0,
    0xd, 0x78, 0xfb, 0x77, 0x77, 0x78, 0xfd, 0x0,
    0x0, 0x7, 0xff, 0xff, 0xff, 0xff, 0xec, 0x0,

    /* U+78B0 "碰" */
    0x0, 0x0, 0x0, 0x5, 0x70, 0x0, 0x95, 0x0,
    0x5f, 0xff, 0xfe, 0xc, 0xf3, 0x6, 0xf9, 0x0,
    0x3a, 0xff, 0xa9, 0x5, 0xf7, 0xc, 0xf1, 0x0,
    0x0, 0xfb, 0x2, 0xbc, 0xeb, 0xcf, 0xfb, 0xb1,
    0x2, 0xf8, 0x2, 0xff, 0xff, 0xff, 0xff, 0xf1,
    0x5, 0xf5, 0x0, 0x0, 0x9f, 0x1f, 0x80, 0x0,
    0x9, 0xff, 0xf8, 0x94, 0x9e, 0xf, 0x75, 0x81,
    0x1f, 0xf9, 0xe8, 0xf9, 0x9e, 0xf, 0x7a, 0xf0,
    0x7f, 0xf2, 0xd7, 0xbe, 0x9e, 0xf, 0x7d, 0xc0,
    0x7f, 0xf2, 0xd7, 0x7f, 0xbe, 0xf, 0xaf, 0x70,
    0x1a, 0xf2, 0xd7, 0x4f, 0xfe, 0xf, 0xef, 0x20,
    0x4, 0xf5, 0xe7, 0x19, 0xce, 0xf, 0xc9, 0x0,
    0x4, 0xff, 0xf7, 0x0, 0x9e, 0xf, 0x70, 0x0,
    0x4, 0xf4, 0x26, 0xee, 0xff, 0xff, 0xfe, 0xe5,
    0x2, 0x60, 0x3, 0xaa, 0xaa, 0xaa, 0xaa, 0xa3,

    /* U+78D5 "磕" */
    0x0, 0x0, 0x0, 0x0, 0x1, 0xfd, 0x0, 0x0,
    0x1f, 0xff, 0xff, 0x85, 0x78, 0xfe, 0x77, 0x50,
    0xb, 0xdf, 0xdb, 0x6a, 0xff, 0xff, 0xff, 0xb0,
    0x0, 0x9f, 0x20, 0x1, 0x13, 0xfd, 0x11, 0x10,
    0x0, 0xde, 0x0, 0x6f, 0xff, 0xff, 0xff, 0xf7,
    0x1, 0xfa, 0x0, 0x4a, 0xdf, 0xda, 0xed, 0xa5,
    0x8, 0xff, 0xff, 0x0, 0xcf, 0x21, 0xef, 0x20,
    0x1f, 0xfe, 0xef, 0x3d, 0xfc, 0x78, 0xbf, 0xd0,
    0x5f, 0xf6, 0x7f, 0x2f, 0xff, 0xfe, 0xed, 0xf5,
    0x1f, 0xf6, 0x7f, 0x7, 0x54, 0x44, 0x44, 0x80,
    0x5, 0xf6, 0x7f, 0xf, 0xff, 0xff, 0xff, 0xe0,
    0x1, 0xf7, 0x8f, 0xf, 0x8e, 0x7d, 0x9b, 0xe0,
    0x1, 0xff, 0xff, 0xf, 0x6d, 0x5d, 0x7a, 0xe0,
    0x1, 0xfc, 0x99, 0x9f, 0xcf, 0xcf, 0xde, 0xf6,
    0x0, 0x73, 0x0, 0xdf, 0xff, 0xff, 0xff, 0xf9,

    /* U+793C "礼" */
    0x0, 0x1, 0x0, 0x0, 0x0, 0x0, 0x0, 0x0,
    0x0, 0x4e, 0x80, 0x0, 0xbf, 0x20, 0x0, 0x0,
    0x0, 0x1f, 0xf2, 0x0, 0xbf, 0x20, 0x0, 0x0,
    0x0, 0x8, 0xf4, 0x0, 0xbf, 0x20, 0x0, 0x0,
    0x5f, 0xff, 0xff, 0xa0, 0xbf, 0x20, 0x0, 0x0,
    0x4b, 0xbb, 0xdf, 0x90, 0xbf, 0x20, 0x0, 0x0,
    0x0, 0x0, 0xdf, 0x10, 0xbf, 0x20, 0x0, 0x0,
    0x0, 0xb, 0xf8, 0x0, 0xbf, 0x20, 0x0, 0x0,
    0x0, 0xaf, 0xfa, 0x0, 0xbf, 0x20, 0x0, 0x0,
    0x3d, 0xff, 0xff, 0xa0, 0xbf, 0x20, 0x0, 0x0,
    0xbf, 0xde, 0xfc, 0xf4, 0xbf, 0x20, 0x0, 0x0,
    0x58, 0xc, 0xf2, 0xa0, 0xbf, 0x20, 0x4, 0x40,
    0x0, 0xc, 0xf1, 0x0, 0xbf, 0x20, 0x7, 0xf4,
    0x0, 0xc, 0xf1, 0x0, 0xbf, 0x20, 0x9, 0xf2,
    0x0, 0xc, 0xf1, 0x0, 0x9f, 0xeb, 0xcf, 0xe0,
    0x0, 0xc, 0xf1, 0x0, 0x2c, 0xef, 0xfd, 0x40,

    /* U+7968 "票" */
    0xf, 0xff, 0xff, 0xff, 0xff, 0xff, 0xff, 0xe0,
    0x7, 0x77, 0x7d, 0xf8, 0xaf, 0xc7, 0x77, 0x70,
    0x0, 0x77, 0x7d, 0xf7, 0x9f, 0xb7, 0x77, 0x0,
    0x0, 0xff, 0xef, 0xfe, 0xef, 0xfe, 0xff, 0x10,
    0x0, 0xfc, 0x1b, 0xf3, 0x5f, 0x91, 0xdf, 0x10,
    0x0, 0xff, 0xff, 0xff, 0xff, 0xff, 0xff, 0x10,
    0x0, 0x45, 0x55, 0x55, 0x55, 0x55, 0x54, 0x0,
    0x0, 0x4f, 0xff, 0xff, 0xff, 0xff, 0xf4, 0x0,
    0x0, 0x15, 0x55, 0x55, 0x55, 0x55, 0x51, 0x0,
    0x3f, 0xff, 0xff, 0xff, 0xff, 0xff, 0xff, 0xf3,
    0x17, 0x7a, 0xc8, 0x7f, 0xf7, 0x8b, 0x87, 0x71,
    0x0, 0x5f, 0xf4, 0xf, 0xf0, 0x8f, 0xd4, 0x0,
    0x1c, 0xfe, 0x37, 0xaf, 0xe0, 0x5, 0xef, 0xa0,
    0x6, 0xa1, 0x6, 0xfe, 0x70, 0x0, 0x18, 0x20,

    /* U+79BB "离" */
    0x0, 0x0, 0x0, 0x4, 0x20, 0x0, 0x0, 0x0,
    0x0, 0x0, 0x0, 0x5f, 0xa0, 0x0, 0x0, 0x0,
    0xf, 0xff, 0xff, 0xff, 0xff, 0xff, 0xff, 0xf1,
    0x9, 0xac, 0xab, 0xc9, 0x9c, 0xda, 0xcb, 0x91,
    0x0, 0x5f, 0x65, 0xdd, 0xce, 0x45, 0xf8, 0x0,
    0x0, 0x5f, 0x77, 0xde, 0xdf, 0x85, 0xf8, 0x0,
    0x0, 0x5f, 0x8b, 0xa4, 0x37, 0xc7, 0xf8, 0x0,
    0x0, 0x5f, 0xff, 0xff, 0xff, 0xff, 0xf8, 0x0,
    0x0, 0x13, 0x33, 0x6f, 0xe3, 0x33, 0x32, 0x0,
    0x6, 0xff, 0xff, 0xff, 0xff, 0xff, 0xff, 0x80,
    0x6, 0xfc, 0xad, 0xfd, 0xad, 0xda, 0xcf, 0x80,
    0x6, 0xf6, 0x3e, 0xe4, 0x4e, 0xf3, 0x4f, 0x80,
    0x6, 0xf6, 0x9f, 0xff, 0xfe, 0xed, 0x5f, 0x80,
    0x6, 0xf6, 0x26, 0x31, 0x0, 0x67, 0x9f, 0x80,
    0x6, 0xf6, 0x0, 0x0, 0x0, 0x6f, 0xfd, 0x20,
    0x0, 0x0, 0x0, 0x0, 0x0, 0x0, 0x0, 0x0,

    /* U+79CB "秋" */
    0x0, 0x1, 0x7c, 0x40, 0x0, 0xcf, 0x0, 0x0,
    0x2a, 0xef, 0xff, 0xd0, 0x0, 0xcf, 0x0, 0x0,
    0xf, 0xef, 0xf4, 0x0, 0x0, 0xcf, 0x0, 0x0,
    0x1, 0xc, 0xf0, 0x0, 0x0, 0xcf, 0x0, 0x0,
    0x0, 0xc, 0xf1, 0x4, 0xf5, 0xde, 0xa, 0xe3,
    0x5f, 0xff, 0xff, 0xf7, 0xf4, 0xed, 0xe, 0xe0,
    0x3b, 0xcf, 0xfb, 0xba, 0xf2, 0xfd, 0x4f, 0x90,
    0x0, 0x9f, 0xf9, 0xf, 0xd1, 0xff, 0xbf, 0x20,
    0x1, 0xff, 0xff, 0x95, 0x54, 0xff, 0x86, 0x0,
    0xb, 0xfe, 0xf9, 0xc0, 0x8, 0xff, 0xa0, 0x0,
    0x7f, 0x9c, 0xf1, 0x10, 0xe, 0xfe, 0xf1, 0x0,
    0x5e, 0x1c, 0xf0, 0x0, 0x8f, 0x85, 0xfa, 0x0,
    0x4, 0xc, 0xf0, 0x5, 0xff, 0x10, 0xdf, 0x60,
    0x0, 0xc, 0xf0, 0x7f, 0xf4, 0x0, 0x2e, 0xf6,
    0x0, 0xc, 0xf0, 0x2c, 0x40, 0x0, 0x2, 0xa0,
    0x0, 0x0, 0x0, 0x0, 0x0, 0x0, 0x0, 0x0,

    /* U+79D2 "秒" */
    0x0, 0x1, 0x6b, 0x10, 0x0, 0xfc, 0x0, 0x0,
    0x19, 0xdf, 0xff, 0xa0, 0x0, 0xfc, 0x0, 0x0,
    0x1f, 0xff, 0xe4, 0x0, 0x0, 0xfc, 0x3, 0x0,
    0x2, 0x1f, 0xc0, 0x6, 0xc4, 0xfc, 0x9f, 0x30,
    0x0, 0x1f, 0xd0, 0xa, 0xf3, 0xfc, 0x4f, 0xa0,
    0x6f, 0xff, 0xff, 0xcc, 0xf1, 0xfc, 0xe, 0xf0,
    0x4b, 0xdf, 0xfb, 0xaf, 0xb0, 0xfc, 0x9, 0xf5,
    0x0, 0xaf, 0xf6, 0x4f, 0x60, 0xfc, 0x3, 0x61,
    0x2, 0xff, 0xff, 0x61, 0x10, 0xfc, 0x1d, 0x80,
    0xd, 0xef, 0xdb, 0x50, 0x0, 0xda, 0x9f, 0x80,
    0x7f, 0x6f, 0xc0, 0x0, 0x0, 0x6, 0xfe, 0x0,
    0x2c, 0xf, 0xc0, 0x0, 0x0, 0x8f, 0xf4, 0x0,
    0x1, 0xf, 0xc0, 0x3, 0x8f, 0xff, 0x40, 0x0,
    0x0, 0xf, 0xc1, 0xff, 0xff, 0x91, 0x0, 0x0,
    0x0, 0xf, 0xc0, 0x8b, 0x61, 0x0, 0x0, 0x0,

    /* U+7A1E "稞" */
    0x0, 0x0, 0x47, 0x0, 0x0, 0x0, 0x0, 0x0,
    0x17, 0xbe, 0xff, 0x8f, 0xff, 0xff, 0xff, 0xc0,
    0xf, 0xff, 0xd5, 0x2f, 0xd9, 0xfd, 0x8f, 0xc0,
    0x1, 0x1f, 0xb0, 0x1f, 0xc7, 0xfd, 0x6f, 0xc0,
    0x2, 0x3f, 0xb2, 0x2f, 0xff, 0xff, 0xff, 0xc0,
    0x2f, 0xff, 0xff, 0x9f, 0x91, 0xfa, 0xf, 0xc0,
    0x1a, 0xcf, 0xea, 0x6f, 0xff, 0xff, 0xff, 0xc0,
    0x0, 0xbf, 0xf3, 0x9, 0x9a, 0xfd, 0x99, 0x70,
    0x2, 0xff, 0xfd, 0x11, 0x12, 0xfb, 0x11, 0x10,
    0xa, 0xff, 0xdf, 0xff, 0xff, 0xff, 0xff, 0xf4,
    0x4f, 0xbf, 0xb5, 0x69, 0xbf, 0xff, 0xe9, 0x92,
    0x7f, 0x3f, 0xb0, 0x2, 0xef, 0xff, 0xf7, 0x0,
    0x5, 0x1f, 0xb0, 0x5e, 0xf4, 0xfa, 0xaf, 0xa0,
    0x0, 0x1f, 0xb4, 0xfe, 0x31, 0xfa, 0xa, 0xf4,
    0x0, 0x1f, 0xb0, 0x41, 0x1, 0xfa, 0x0, 0x20,

    /* U+7A33 "稳" */
    0x0, 0x0, 0x33, 0x0, 0x67, 0x10, 0x0, 0x0,
    0x5, 0x9d, 0xfe, 0x13, 0xff, 0x77, 0x72, 0x0,
    0xd, 0xff, 0xd5, 0x2d, 0xff, 0xff, 0xfc, 0x0,
    0x2, 0x2f, 0xa3, 0xef, 0x60, 0xb, 0xf2, 0x0,
    0x0, 0x1f, 0xb3, 0xff, 0xff, 0xff, 0xff, 0x90,
    0x1f, 0xff, 0xff, 0x58, 0x88, 0x88, 0x9f, 0x90,
    0x1b, 0xdf, 0xeb, 0x29, 0x99, 0x99, 0xaf, 0x90,
    0x0, 0xbf, 0xf3, 0xb, 0xbb, 0xbb, 0xcf, 0x90,
    0x2, 0xff, 0xfe, 0x47, 0x77, 0x77, 0x8f, 0x90,
    0xa, 0xff, 0xdf, 0x9f, 0xff, 0xff, 0xff, 0x90,
    0x4f, 0xaf, 0xa3, 0x10, 0x23, 0xd7, 0x1, 0x20,
    0x3f, 0x3f, 0xa1, 0xf9, 0xfa, 0xaf, 0x2c, 0xd0,
    0x5, 0x1f, 0xa7, 0xf6, 0xf9, 0x4, 0x9c, 0xf4,
    0x0, 0x1f, 0xbe, 0xe1, 0xfd, 0x78, 0xfb, 0xf9,
    0x0, 0x1f, 0xa2, 0x40, 0x9f, 0xff, 0xe3, 0x10,

    /* U+7A3B "稻" */
    0x0, 0x0, 0x33, 0x0, 0x0, 0x0, 0x4, 0x10,
    0x5, 0x9d, 0xfe, 0x46, 0x89, 0xbe, 0xff, 0xc0,
    0xe, 0xff, 0xd5, 0x8f, 0xfe, 0xdb, 0x97, 0x30,
    0x2, 0x3f, 0xa0, 0x15, 0x4, 0xb1, 0xb, 0xd1,
    0x0, 0x3f, 0xa0, 0x5f, 0x55, 0xf7, 0x1f, 0xd0,
    0x1f, 0xff, 0xff, 0x8e, 0xc0, 0xf9, 0x7f, 0x50,
    0xb, 0xdf, 0xeb, 0x54, 0xa9, 0x10, 0x39, 0x0,
    0x0, 0xaf, 0xe2, 0x4e, 0xfb, 0x3f, 0xff, 0xf0,
    0x1, 0xff, 0xfe, 0x8f, 0x60, 0x9, 0x9e, 0xf0,
    0x9, 0xff, 0xcc, 0x7f, 0x50, 0x0, 0xc, 0xf0,
    0x2f, 0xdf, 0xa0, 0x6f, 0xff, 0x5f, 0xff, 0xf0,
    0x3f, 0x5f, 0xa0, 0x6f, 0xb8, 0x38, 0x8e, 0xf0,
    0x5, 0x2f, 0xa0, 0x6f, 0x50, 0x0, 0xc, 0xf0,
    0x0, 0x2f, 0xa0, 0x6f, 0xff, 0xff, 0xff, 0xf0,
    0x0, 0x2f, 0xa0, 0x6f, 0xcb, 0xbb, 0xbd, 0xd0,

    /* U+7A79 "穹" */
    0x0, 0x0, 0x0, 0x25, 0x0, 0x0, 0x0, 0x0,
    0x0, 0x3, 0xff, 0x30, 0x0, 0x0, 0xef, 0xff,
    0xff, 0xff, 0xff, 0xff, 0xfd, 0xef, 0x77, 0xb9,
    0x77, 0xaa, 0x78, 0xfd, 0xae, 0x7d, 0xfc, 0x0,
    0xef, 0xd8, 0xa7, 0x6f, 0xfa, 0x40, 0x0, 0x16,
    0xbf, 0xf5, 0x4, 0xff, 0xff, 0xff, 0xff, 0xff,
    0x80, 0x0, 0x88, 0x88, 0x88, 0x88, 0xef, 0x10,
    0x0, 0x88, 0x88, 0x88, 0x88, 0xef, 0x10, 0x3,
    0xff, 0xff, 0xff, 0xff, 0xff, 0x10, 0x6, 0xf9,
    0x0, 0x0, 0x0, 0x0, 0x0, 0xa, 0xff, 0xff,
    0xff, 0xff, 0xff, 0xf2, 0x5, 0x77, 0x77, 0x77,
    0x77, 0x9f, 0xe0, 0x0, 0x0, 0x1, 0x99, 0x89,
    0xdf, 0x80, 0x0, 0x0, 0x0, 0xdf, 0xff, 0xfa,
    0x0, 0x0, 0x0, 0x0, 0x0, 0x0, 0x0, 0x0,

    /* U+7A7A "空" */
    0x0, 0x0, 0x1, 0x66, 0x0, 0x0, 0x0, 0x0,
    0x0, 0x5, 0xff, 0x0, 0x0, 0x0, 0xbb, 0xbb,
    0xbc, 0xff, 0xdb, 0xbb, 0xbb, 0xff, 0xff, 0xff,
    0xff, 0xff, 0xff, 0xff, 0xfe, 0x0, 0x11, 0x0,
    0x22, 0x0, 0xff, 0xfe, 0x7, 0xfe, 0x11, 0xdf,
    0xa3, 0xdd, 0x4a, 0xef, 0xf5, 0x0, 0x5d, 0xff,
    0xb3, 0x9f, 0xf9, 0x10, 0x0, 0x0, 0x5d, 0xf8,
    0x19, 0xcb, 0xbb, 0xbb, 0xbb, 0xbb, 0x50, 0x0,
    0xef, 0xff, 0xff, 0xff, 0xff, 0x0, 0x0, 0x0,
    0x1, 0xff, 0x0, 0x0, 0x0, 0x0, 0x0, 0x1,
    0xff, 0x0, 0x0, 0x0, 0x0, 0x0, 0x1, 0xff,
    0x0, 0x0, 0x0, 0xac, 0xcc, 0xcc, 0xff, 0xcc,
    0xcc, 0xcb, 0xcf, 0xff, 0xff, 0xff, 0xff, 0xff,
    0xfe,

    /* U+7A7F "穿" */
    0x0, 0x0, 0x0, 0x16, 0x70, 0x0, 0x0, 0x0,
    0x0, 0x0, 0x3, 0xff, 0x30, 0x0, 0x0, 0xd,
    0xff, 0xff, 0xff, 0xff, 0xff, 0xff, 0xe0, 0xdf,
    0x88, 0x99, 0x88, 0x98, 0x89, 0xfe, 0xb, 0xd1,
    0x7e, 0xc1, 0x9, 0xe9, 0x4d, 0xb0, 0x4b, 0xff,
    0x92, 0x0, 0x39, 0xff, 0xc3, 0x2, 0xff, 0xa8,
    0x88, 0x88, 0x89, 0xef, 0x40, 0x8, 0xff, 0xff,
    0xff, 0xff, 0xff, 0xf7, 0x0, 0x2a, 0x60, 0x0,
    0x3, 0xfb, 0x0, 0x0, 0x6, 0xf9, 0x0, 0x0,
    0x3f, 0xb0, 0x0, 0x0, 0xaf, 0xff, 0xff, 0xff,
    0xff, 0xff, 0xe0, 0x7, 0x88, 0x9d, 0xff, 0xcf,
    0xe8, 0x88, 0x1, 0x47, 0xaf, 0xfc, 0x42, 0xfb,
    0x0, 0x1, 0xef, 0xfc, 0x83, 0x3b, 0xcf, 0xa0,
    0x0, 0x3, 0x51, 0x0, 0x0, 0xef, 0xc3, 0x0,
    0x0, 0x0, 0x0, 0x0, 0x0, 0x0, 0x0, 0x0,

    /* U+7A84 "窄" */
    0x0, 0x0, 0x0, 0x4b, 0x60, 0x0, 0x0, 0x0,
    0x67, 0x77, 0x7a, 0xfe, 0x77, 0x77, 0x76, 0xe,
    0xff, 0xff, 0xff, 0xff, 0xff, 0xff, 0xf0, 0xef,
    0x2, 0x82, 0x0, 0x75, 0x11, 0xff, 0x6, 0x98,
    0xff, 0x80, 0x1e, 0xff, 0x97, 0x40, 0x7f, 0xfb,
    0xc5, 0x0, 0x4, 0xbf, 0xf3, 0x1, 0xa3, 0x7f,
    0xd0, 0x0, 0x0, 0x27, 0x0, 0x0, 0x3f, 0xff,
    0xff, 0xff, 0xff, 0xff, 0x0, 0x3e, 0xfa, 0xef,
    0xa9, 0x99, 0x99, 0x90, 0x5f, 0xf8, 0xc, 0xf8,
    0x66, 0x66, 0x40, 0xa, 0xf8, 0x0, 0xcf, 0xff,
    0xff, 0xfb, 0x0, 0x4, 0x0, 0xc, 0xf3, 0x0,
    0x0, 0x0, 0x0, 0x0, 0x0, 0xcf, 0xff, 0xff,
    0xff, 0x0, 0x0, 0x0, 0xc, 0xfa, 0x99, 0x99,
    0x90, 0x0, 0x0, 0x0, 0xcf, 0x20, 0x0, 0x0,
    0x0,

    /* U+7A97 "窗" */
    0x0, 0x0, 0x0, 0x16, 0x70, 0x0, 0x0, 0x0,
    0x5, 0x55, 0x55, 0x8f, 0xf6, 0x55, 0x55, 0x50,
    0xe, 0xff, 0xff, 0xff, 0xff, 0xff, 0xff, 0xf1,
    0xe, 0xf1, 0x3a, 0x92, 0x16, 0xd7, 0x2e, 0xf1,
    0x7, 0xb9, 0xff, 0xa1, 0x6, 0xdf, 0xed, 0x60,
    0xc, 0xff, 0xb3, 0x9e, 0x70, 0x4, 0xcf, 0xe1,
    0x3, 0xb8, 0x67, 0xff, 0x76, 0x66, 0x6b, 0x40,
    0x0, 0xaf, 0xfe, 0xee, 0xee, 0xef, 0xfe, 0x0,
    0x0, 0xaf, 0x40, 0xc8, 0x22, 0x11, 0xfe, 0x0,
    0x0, 0xaf, 0x6b, 0xff, 0xff, 0xf4, 0xfe, 0x0,
    0x0, 0xaf, 0x8c, 0xa9, 0x6f, 0x81, 0xfe, 0x0,
    0x0, 0xaf, 0x40, 0x8f, 0xff, 0x41, 0xfe, 0x0,
    0x0, 0xaf, 0x8e, 0xfc, 0x5a, 0xf5, 0xfe, 0x0,
    0x0, 0xaf, 0x9d, 0x96, 0x66, 0x87, 0xfe, 0x0,
    0x0, 0xaf, 0xff, 0xff, 0xff, 0xff, 0xed, 0x0,

    /* U+7A9F "窟" */
    0x0, 0x0, 0x0, 0x17, 0x70, 0x0, 0x0, 0x0,
    0x6, 0x66, 0x66, 0x7f, 0xf7, 0x66, 0x66, 0x60,
    0xe, 0xff, 0xff, 0xff, 0xff, 0xff, 0xff, 0xf0,
    0xe, 0xf0, 0x28, 0x70, 0xc, 0xb7, 0x3f, 0xf0,
    0x8, 0xde, 0xff, 0xa2, 0x8, 0xdf, 0xfd, 0x70,
    0x5, 0xff, 0xc6, 0x55, 0x55, 0x68, 0xdf, 0xa0,
    0x0, 0xcf, 0xee, 0xee, 0xee, 0xef, 0xfd, 0x0,
    0x0, 0xcf, 0x11, 0x11, 0x11, 0x12, 0xfd, 0x0,
    0x0, 0xdf, 0xff, 0xff, 0xff, 0xff, 0xfd, 0x0,
    0x0, 0xfe, 0x56, 0x43, 0xac, 0x43, 0x65, 0x0,
    0x1, 0xfa, 0xaf, 0x43, 0xdf, 0x33, 0xfc, 0x0,
    0x5, 0xf7, 0xaf, 0xff, 0xff, 0xff, 0xfc, 0x0,
    0xc, 0xf5, 0xe9, 0x11, 0xdf, 0x11, 0x9f, 0x30,
    0x4f, 0xc2, 0xfe, 0xcc, 0xff, 0xdc, 0xef, 0x30,
    0x6, 0x21, 0x88, 0x88, 0x88, 0x88, 0xcf, 0x30,

    /* U+7ACB "立" */
    0x0, 0x0, 0x0, 0x1a, 0xa0, 0x0, 0x0, 0x0,
    0x0, 0x0, 0x0, 0xf, 0xf1, 0x0, 0x0, 0x0,
    0x0, 0x0, 0x0, 0xb, 0xe3, 0x0, 0x0, 0x0,
    0x5, 0xdd, 0xdd, 0xde, 0xed, 0xdd, 0xdd, 0xa0,
    0x5, 0xff, 0xff, 0xff, 0xff, 0xff, 0xff, 0xc0,
    0x0, 0x0, 0x34, 0x0, 0x0, 0x25, 0x20, 0x0,
    0x0, 0x4, 0xfc, 0x0, 0x0, 0x6f, 0xd0, 0x0,
    0x0, 0x0, 0xff, 0x0, 0x0, 0x9f, 0x80, 0x0,
    0x0, 0x0, 0xcf, 0x40, 0x0, 0xdf, 0x40, 0x0,
    0x0, 0x0, 0x8f, 0x80, 0x1, 0xff, 0x0, 0x0,
    0x0, 0x0, 0x6f, 0xb0, 0x6, 0xfa, 0x0, 0x0,
    0x0, 0x0, 0x3f, 0xe0, 0xb, 0xf5, 0x0, 0x0,
    0x0, 0x0, 0x17, 0x30, 0x1f, 0xf1, 0x0, 0x0,
    0x1f, 0xff, 0xff, 0xff, 0xff, 0xff, 0xff, 0xf6,
    0x1e, 0xee, 0xee, 0xee, 0xee, 0xee, 0xee, 0xe6,

    /* U+7AD9 "站" */
    0x0, 0x2a, 0x50, 0x0, 0x1, 0xfd, 0x0, 0x0,
    0x0, 0x1f, 0xc0, 0x0, 0x1, 0xfd, 0x0, 0x0,
    0x0, 0xb, 0xf1, 0x0, 0x1, 0xfd, 0x0, 0x0,
    0x2b, 0xbe, 0xdb, 0xb2, 0x1, 0xff, 0x99, 0x95,
    0x2f, 0xff, 0xff, 0xf3, 0x1, 0xff, 0xff, 0xf9,
    0x2, 0x40, 0x17, 0x30, 0x1, 0xfe, 0x33, 0x31,
    0x8, 0xf0, 0x3f, 0x70, 0x1, 0xfd, 0x0, 0x0,
    0x6, 0xf1, 0x5f, 0x40, 0x1, 0xfe, 0x0, 0x0,
    0x4, 0xf4, 0x7f, 0x1a, 0xff, 0xff, 0xff, 0xe0,
    0x2, 0xf5, 0xae, 0xa, 0xfc, 0xbb, 0xbf, 0xe0,
    0x1, 0xf7, 0xda, 0x1a, 0xf4, 0x0, 0xf, 0xe0,
    0x0, 0x46, 0xff, 0xea, 0xf4, 0x0, 0xf, 0xe0,
    0x3f, 0xff, 0xff, 0xcb, 0xf4, 0x0, 0x1f, 0xe0,
    0xe, 0xb8, 0x40, 0xa, 0xff, 0xff, 0xff, 0xe0,
    0x0, 0x0, 0x0, 0xa, 0xfc, 0xbb, 0xbe, 0xd0,

    /* U+7AF9 "竹" */
    0x0, 0x9, 0x81, 0x0, 0x5, 0x93, 0x0, 0x0,
    0x0, 0x1f, 0xf0, 0x0, 0xc, 0xf5, 0x0, 0x0,
    0x0, 0x6f, 0xb0, 0x0, 0x2f, 0xf0, 0x0, 0x0,
    0x0, 0xbf, 0xda, 0xaa, 0x9f, 0xfa, 0xaa, 0xa9,
    0x2, 0xff, 0xff, 0xff, 0xff, 0xff, 0xff, 0xfe,
    0xa, 0xfb, 0xfd, 0x38, 0xfd, 0x35, 0xfe, 0x33,
    0x4f, 0xf3, 0xfd, 0xe, 0xf5, 0x1, 0xfd, 0x0,
    0x6, 0x71, 0xfd, 0x2, 0x80, 0x1, 0xfd, 0x0,
    0x0, 0x1, 0xfd, 0x0, 0x0, 0x1, 0xfd, 0x0,
    0x0, 0x1, 0xfd, 0x0, 0x0, 0x1, 0xfd, 0x0,
    0x0, 0x1, 0xfd, 0x0, 0x0, 0x1, 0xfd, 0x0,
    0x0, 0x1, 0xfd, 0x0, 0x0, 0x1, 0xfd, 0x0,
    0x0, 0x1, 0xfd, 0x0, 0x0, 0x2, 0xfd, 0x0,
    0x0, 0x1, 0xfd, 0x0, 0x7, 0xff, 0xfb, 0x0,
    0x0, 0x1, 0xfd, 0x0, 0x2, 0xfe, 0xb2, 0x0,

    /* U+7AFF "竿" */
    0x0, 0x15, 0x10, 0x0, 0x4, 0x30, 0x0, 0x0,
    0x0, 0x8f, 0x80, 0x0, 0x1f, 0xf1, 0x0, 0x0,
    0x0, 0xef, 0xff, 0xfc, 0x8f, 0xff, 0xff, 0xf3,
    0x9, 0xfe, 0xfe, 0x9c, 0xff, 0xcf, 0xe9, 0x92,
    0x5f, 0xd1, 0xdf, 0x3e, 0xf5, 0xd, 0xf3, 0x0,
    0x8, 0x40, 0x56, 0x13, 0x70, 0x4, 0x61, 0x0,
    0x0, 0xbf, 0xff, 0xff, 0xff, 0xff, 0xfd, 0x0,
    0x0, 0x8c, 0xcc, 0xcf, 0xfc, 0xcc, 0xca, 0x0,
    0x0, 0x0, 0x0, 0xf, 0xf0, 0x0, 0x0, 0x0,
    0x2, 0x22, 0x22, 0x2f, 0xf2, 0x22, 0x22, 0x20,
    0x3f, 0xff, 0xff, 0xff, 0xff, 0xff, 0xff, 0xf3,
    0x2a, 0xaa, 0xaa, 0xaf, 0xfa, 0xaa, 0xaa, 0xa2,
    0x0, 0x0, 0x0, 0xf, 0xf0, 0x0, 0x0, 0x0,
    0x0, 0x0, 0x0, 0xf, 0xf0, 0x0, 0x0, 0x0,
    0x0, 0x0, 0x0, 0xf, 0xf0, 0x0, 0x0, 0x0,

    /* U+7B0B "笋" */
    0x0, 0x24, 0x0, 0x0, 0x5, 0x20, 0x0, 0x0,
    0x0, 0xaf, 0x70, 0x0, 0x3f, 0xe1, 0x0, 0x0,
    0x2, 0xff, 0xff, 0xfc, 0xdf, 0xff, 0xff, 0xf3,
    0x1d, 0xfa, 0xff, 0x8e, 0xfc, 0x9f, 0xf9, 0x82,
    0x3e, 0x92, 0xab, 0x38, 0xd3, 0x1a, 0xb3, 0x0,
    0x0, 0x3f, 0xff, 0xff, 0xff, 0xff, 0xfd, 0x0,
    0x0, 0x5, 0x55, 0x7f, 0xc5, 0x56, 0xfd, 0x0,
    0xa, 0xaa, 0xaa, 0xbf, 0xea, 0xab, 0xff, 0xa2,
    0x1f, 0xff, 0xff, 0xff, 0xff, 0xff, 0xff, 0xf3,
    0x0, 0x0, 0x0, 0x3f, 0xa0, 0x1, 0xfd, 0x0,
    0x0, 0x3a, 0xaa, 0xcf, 0xda, 0xab, 0xfd, 0x0,
    0x0, 0x5f, 0xff, 0xff, 0xff, 0xff, 0xfd, 0x0,
    0x0, 0x0, 0x3c, 0xfb, 0x0, 0x1, 0xdb, 0x0,
    0x3, 0x7c, 0xff, 0xb1, 0x0, 0x0, 0x0, 0x0,
    0x5, 0xff, 0xc5, 0x0, 0x0, 0x0, 0x0, 0x0,
    0x0, 0x41, 0x0, 0x0, 0x0, 0x0, 0x0, 0x0,

    /* U+7B11 "笑" */
    0x0, 0x27, 0x30, 0x0, 0x8, 0x50, 0x0, 0x0,
    0x0, 0x9f, 0x60, 0x0, 0x5f, 0xc0, 0x0, 0x0,
    0x1, 0xff, 0xff, 0xfd, 0xcf, 0xff, 0xff, 0xf2,
    0xb, 0xfd, 0xfe, 0x9e, 0xfd, 0xcf, 0xea, 0xa1,
    0x4f, 0xd0, 0xef, 0x2e, 0xf2, 0x1f, 0xf0, 0x0,
    0x3, 0x20, 0x66, 0x2, 0x63, 0x5c, 0xc4, 0x0,
    0x0, 0xbd, 0xde, 0xff, 0xff, 0xff, 0xfc, 0x0,
    0x0, 0xad, 0xcc, 0xbf, 0xf7, 0x53, 0x10, 0x0,
    0x0, 0x0, 0x0, 0x3f, 0xf0, 0x0, 0x0, 0x0,
    0x2f, 0xff, 0xff, 0xff, 0xff, 0xff, 0xff, 0xf3,
    0x1b, 0xbb, 0xbb, 0xff, 0xff, 0xbb, 0xbb, 0xb2,
    0x0, 0x0, 0x9, 0xfd, 0xcf, 0x90, 0x0, 0x0,
    0x0, 0x2, 0xbf, 0xf3, 0x1d, 0xfc, 0x40, 0x0,
    0x7, 0xbf, 0xfd, 0x30, 0x1, 0xcf, 0xfe, 0x91,
    0xb, 0xfc, 0x60, 0x0, 0x0, 0x5, 0xdf, 0xc0,
    0x1, 0x10, 0x0, 0x0, 0x0, 0x0, 0x2, 0x10,

    /* U+7B2C "第" */
    0x0, 0x8, 0x50, 0x0, 0x5, 0x72, 0x0, 0x0,
    0x0, 0x6f, 0xc4, 0x44, 0x1d, 0xf8, 0x55, 0x52,
    0x1, 0xef, 0xff, 0xff, 0x9f, 0xff, 0xff, 0xf6,
    0xc, 0xf6, 0x9f, 0x63, 0xff, 0x39, 0xf7, 0x0,
    0x19, 0xb1, 0x3d, 0x63, 0xb9, 0x12, 0xd7, 0x0,
    0x0, 0xef, 0xff, 0xff, 0xff, 0xff, 0xfd, 0x0,
    0x0, 0x67, 0x77, 0x8f, 0xe7, 0x77, 0xfd, 0x0,
    0x0, 0x39, 0x99, 0xaf, 0xe9, 0x99, 0xfd, 0x0,
    0x0, 0x7f, 0xff, 0xff, 0xff, 0xff, 0xfd, 0x0,
    0x0, 0x9f, 0x40, 0x1f, 0xc0, 0x0, 0x0, 0x0,
    0x0, 0xcf, 0xff, 0xff, 0xff, 0xff, 0xff, 0x90,
    0x0, 0x78, 0x8e, 0xff, 0xe8, 0x88, 0xbf, 0x80,
    0x0, 0x3, 0xdf, 0xaf, 0xc0, 0x0, 0x9f, 0x60,
    0x6, 0xcf, 0xe4, 0x1f, 0xc0, 0xbe, 0xff, 0x20,
    0x7, 0xc5, 0x0, 0x1f, 0xc0, 0x5b, 0xb6, 0x0,

    /* U+7B3C "笼" */
    0x0, 0x4, 0x0, 0x0, 0x3, 0x20, 0x0, 0x0,
    0x0, 0x7f, 0xa0, 0x0, 0xe, 0xf3, 0x0, 0x0,
    0x0, 0xef, 0xff, 0xff, 0x4f, 0xff, 0xff, 0xf0,
    0xa, 0xfc, 0xdf, 0xba, 0xef, 0xad, 0xfc, 0x90,
    0x2f, 0xd0, 0x5f, 0x54, 0xfa, 0x13, 0xe7, 0x0,
    0x1, 0x20, 0xa, 0xd3, 0x18, 0xf9, 0x10, 0x0,
    0x0, 0x0, 0xc, 0xf3, 0x0, 0x7f, 0x50, 0x0,
    0x3f, 0xff, 0xff, 0xff, 0xff, 0xff, 0xff, 0xf3,
    0x2a, 0xaa, 0xcf, 0xea, 0xff, 0xba, 0xca, 0xa2,
    0x0, 0x0, 0x7f, 0x80, 0xdf, 0x4, 0xf8, 0x0,
    0x0, 0x0, 0xdf, 0x30, 0xdf, 0x8f, 0xf6, 0x0,
    0x0, 0x8, 0xfb, 0x0, 0xdf, 0xfd, 0x32, 0x60,
    0x0, 0x7f, 0xf4, 0x7d, 0xff, 0x70, 0x6, 0xf6,
    0x3c, 0xff, 0x4c, 0xfd, 0xdf, 0xff, 0xff, 0xf2,
    0x1e, 0xd4, 0x3, 0x40, 0x1a, 0xbb, 0xbb, 0x60,
    0x2, 0x0, 0x0, 0x0, 0x0, 0x0, 0x0, 0x0,

    /* U+7B49 "等" */
    0x0, 0x1a, 0x50, 0x0, 0x8, 0x81, 0x0, 0x0,
    0x0, 0xaf, 0xd8, 0x88, 0x4f, 0xf8, 0x88, 0x83,
    0x4, 0xff, 0xff, 0xff, 0xdf, 0xff, 0xff, 0xf6,
    0x2f, 0xf5, 0xfd, 0x8, 0xfc, 0x1f, 0xf1, 0x0,
    0x9, 0x70, 0x86, 0xa, 0xf3, 0x6, 0x81, 0x0,
    0x0, 0x7f, 0xff, 0xff, 0xff, 0xff, 0xff, 0x0,
    0x0, 0x49, 0x99, 0x9e, 0xfa, 0x99, 0x99, 0x0,
    0x7, 0x77, 0x77, 0x7e, 0xf9, 0x77, 0x77, 0x73,
    0x1f, 0xff, 0xff, 0xff, 0xff, 0xff, 0xff, 0xf7,
    0x1, 0x11, 0x11, 0x11, 0x11, 0xbf, 0x51, 0x10,
    0x7, 0xff, 0xff, 0xff, 0xff, 0xff, 0xff, 0xf0,
    0x4, 0xaa, 0xef, 0xaa, 0xaa, 0xef, 0xca, 0xa0,
    0x0, 0x1, 0xdf, 0xb0, 0x0, 0xaf, 0x40, 0x0,
    0x0, 0x0, 0xb, 0xe2, 0xac, 0xff, 0x30, 0x0,
    0x0, 0x0, 0x0, 0x10, 0x8f, 0xea, 0x0, 0x0,

    /* U+7B4F "筏" */
    0x0, 0x3a, 0x40, 0x0, 0x9, 0x91, 0x0, 0x0,
    0x0, 0xbf, 0xc8, 0x88, 0x4f, 0xf9, 0x88, 0x82,
    0x4, 0xff, 0xff, 0xff, 0xdf, 0xff, 0xff, 0xf4,
    0x2e, 0xf5, 0xfd, 0x1a, 0xfb, 0x2f, 0xf2, 0x0,
    0x1a, 0x70, 0xba, 0x12, 0xd3, 0x8, 0xa1, 0x0,
    0x0, 0x8, 0xfa, 0x0, 0xfe, 0xe, 0xf9, 0x10,
    0x0, 0x2f, 0xf2, 0x0, 0xef, 0x2, 0xbe, 0x50,
    0x1, 0xdf, 0xc5, 0x9b, 0xff, 0xff, 0xff, 0xf0,
    0x1d, 0xff, 0xc8, 0xff, 0xff, 0xda, 0xaa, 0x50,
    0x2f, 0xcf, 0xc1, 0x10, 0x4f, 0xb1, 0xdf, 0x60,
    0x5, 0x1f, 0xc0, 0x0, 0xe, 0xfd, 0xfa, 0x0,
    0x0, 0x1f, 0xc0, 0x0, 0x1c, 0xff, 0x81, 0x91,
    0x0, 0x1f, 0xc0, 0x5b, 0xff, 0xff, 0x64, 0xf6,
    0x0, 0x1f, 0xc6, 0xff, 0xd6, 0x4f, 0xff, 0xf3,
    0x0, 0x1f, 0xc0, 0x84, 0x0, 0x4, 0xbd, 0x80,

    /* U+7B52 "筒" */
    0x0, 0x4a, 0x40, 0x0, 0xa, 0x80, 0x0, 0x0,
    0x0, 0xbf, 0xc8, 0x87, 0x6f, 0xf8, 0x88, 0x80,
    0x4, 0xff, 0xff, 0xfe, 0xef, 0xff, 0xff, 0xf0,
    0x2e, 0xf6, 0xfe, 0x1b, 0xfa, 0x2f, 0xd1, 0x0,
    0x2b, 0xd6, 0xcc, 0x69, 0xf7, 0x6c, 0xc6, 0x0,
    0x1, 0xff, 0xff, 0xff, 0xff, 0xff, 0xff, 0x10,
    0x1, 0xfd, 0x33, 0x33, 0x33, 0x33, 0xdf, 0x10,
    0x1, 0xfc, 0x7f, 0xff, 0xff, 0xf7, 0xcf, 0x10,
    0x1, 0xfc, 0x36, 0x66, 0x66, 0x63, 0xcf, 0x10,
    0x1, 0xfc, 0x6, 0x66, 0x66, 0x60, 0xcf, 0x10,
    0x1, 0xfc, 0xe, 0xfe, 0xef, 0xf0, 0xcf, 0x10,
    0x1, 0xfc, 0xe, 0xc0, 0xb, 0xf0, 0xcf, 0x10,
    0x1, 0xfc, 0xe, 0xff, 0xff, 0xf0, 0xcf, 0x10,
    0x1, 0xfc, 0xe, 0xd6, 0x66, 0xec, 0xff, 0x0,
    0x1, 0xfc, 0x8, 0x60, 0x0, 0x4e, 0xd6, 0x0,

    /* U+7B5B "筛" */
    0x0, 0x17, 0x20, 0x0, 0x7, 0x40, 0x0, 0x0,
    0x0, 0x9f, 0xa5, 0x54, 0x2f, 0xf5, 0x55, 0x50,
    0x3, 0xff, 0xff, 0xfd, 0xbf, 0xff, 0xff, 0xf1,
    0x2f, 0xf3, 0x9f, 0x47, 0xfc, 0xc, 0xf4, 0x0,
    0x8, 0x50, 0x39, 0x21, 0xa2, 0x2, 0x81, 0x0,
    0x2, 0x21, 0xf7, 0xcd, 0xdd, 0xdd, 0xdd, 0xd1,
    0xb, 0xe1, 0xf7, 0xbb, 0xbd, 0xfd, 0xbb, 0xb0,
    0xb, 0xe1, 0xf7, 0x24, 0x49, 0xf8, 0x44, 0x20,
    0xb, 0xe2, 0xf7, 0x8f, 0xff, 0xff, 0xff, 0x90,
    0xb, 0xe3, 0xf6, 0x8f, 0x69, 0xf8, 0x7f, 0x90,
    0xa, 0xd5, 0xf4, 0x8f, 0x26, 0xf5, 0x3f, 0x90,
    0x0, 0xa, 0xf1, 0x8f, 0x26, 0xf5, 0x3f, 0x90,
    0x0, 0x3f, 0xa0, 0x8f, 0x26, 0xf7, 0xaf, 0x80,
    0x2, 0xef, 0x20, 0x8f, 0x26, 0xf5, 0xfe, 0x30,
    0x4, 0xd3, 0x0, 0x0, 0x6, 0xf5, 0x0, 0x0,
    0x0, 0x0, 0x0, 0x0, 0x0, 0x0, 0x0, 0x0,

    /* U+7B7E "签" */
    0x0, 0x4b, 0x40, 0x0, 0xb, 0x80, 0x0, 0x0,
    0x0, 0xcf, 0xa7, 0x75, 0x5f, 0xe7, 0x77, 0x70,
    0x3, 0xff, 0xff, 0xfd, 0xff, 0xff, 0xff, 0xf0,
    0x1e, 0xf5, 0xfc, 0x6, 0xf6, 0x2f, 0xe1, 0x0,
    0x3e, 0x90, 0xac, 0x5f, 0xf3, 0x8, 0xe4, 0x0,
    0x1, 0x0, 0x8, 0xfe, 0xee, 0x50, 0x0, 0x0,
    0x0, 0x18, 0xef, 0xb1, 0x1c, 0xfc, 0x61, 0x0,
    0x2b, 0xff, 0xff, 0x99, 0x9a, 0xff, 0xff, 0xb2,
    0x1e, 0xd6, 0x6f, 0xff, 0xff, 0xf3, 0x6c, 0xc0,
    0x1, 0x4, 0x30, 0x19, 0x40, 0x4, 0x82, 0x0,
    0x0, 0x2f, 0xd0, 0x1f, 0xc0, 0xc, 0xf1, 0x0,
    0x0, 0x8, 0xf7, 0x9, 0xf3, 0x3f, 0xa0, 0x0,
    0x0, 0x1, 0xa3, 0x2, 0x71, 0xcf, 0x30, 0x0,
    0xa, 0xaa, 0xaa, 0xaa, 0xab, 0xff, 0xaa, 0xa0,
    0xe, 0xff, 0xff, 0xff, 0xff, 0xff, 0xff, 0xf0,

    /* U+7BDD "篝" */
    0x0, 0x24, 0x0, 0x0, 0x5, 0x20, 0x0, 0x0,
    0x0, 0xcf, 0x94, 0x43, 0x6f, 0xe4, 0x44, 0x41,
    0x9, 0xff, 0xff, 0xfd, 0xff, 0xff, 0xff, 0xf5,
    0x3e, 0xc3, 0xfc, 0x3b, 0xf7, 0x5f, 0xd1, 0x0,
    0x1, 0x87, 0x9f, 0xd7, 0x9d, 0xf9, 0x77, 0x20,
    0x0, 0x88, 0xaf, 0xd8, 0x8d, 0xfa, 0x88, 0x30,
    0x0, 0x8f, 0xff, 0xff, 0xff, 0xff, 0xfc, 0x0,
    0x7, 0x78, 0x9f, 0xd8, 0x8d, 0xfa, 0x88, 0x70,
    0x9, 0x99, 0x99, 0x9f, 0xf9, 0x99, 0x99, 0x91,
    0x0, 0x2f, 0xff, 0xff, 0xff, 0xff, 0xf3, 0x0,
    0x0, 0x2f, 0xd7, 0x7f, 0xf7, 0x7d, 0xf3, 0x0,
    0x0, 0x2f, 0xd8, 0x8f, 0xf8, 0x8d, 0xf3, 0x0,
    0x1f, 0xff, 0xff, 0xff, 0xff, 0xff, 0xff, 0xf1,
    0x4, 0x6f, 0xc4, 0x44, 0x49, 0x9e, 0xf6, 0x40,
    0x0, 0x2f, 0xb0, 0x0, 0x9, 0xff, 0xb0, 0x0,
    0x0, 0x0, 0x0, 0x0, 0x0, 0x0, 0x0, 0x0,

    /* U+7BEE "篮" */
    0x0, 0x47, 0x20, 0x0, 0x7, 0x60, 0x0, 0x0,
    0x1, 0xef, 0x96, 0x64, 0x2f, 0xf6, 0x66, 0x60,
    0x1c, 0xff, 0xff, 0xfb, 0xdf, 0xff, 0xff, 0xf1,
    0x6f, 0x90, 0xef, 0x8, 0xf8, 0xb, 0xf4, 0x0,
    0x3, 0x42, 0x5c, 0x70, 0x3c, 0x91, 0x20, 0x0,
    0x2, 0xf9, 0x3f, 0xa0, 0x5f, 0xea, 0xaa, 0x50,
    0x2, 0xf9, 0x3f, 0xa0, 0xcf, 0xee, 0xdd, 0x70,
    0x2, 0xf9, 0x3f, 0xa7, 0xfc, 0x4f, 0x50, 0x0,
    0x2, 0xf9, 0x3f, 0xa8, 0xf3, 0xd, 0xf1, 0x0,
    0x0, 0x42, 0x29, 0x60, 0x10, 0x5, 0xa1, 0x0,
    0x0, 0xaf, 0xff, 0xff, 0xff, 0xff, 0xfb, 0x0,
    0x0, 0xaf, 0x9b, 0xfa, 0xaf, 0xb9, 0xfb, 0x0,
    0x0, 0xaf, 0x16, 0xf3, 0x3f, 0x51, 0xfb, 0x0,
    0x4a, 0xef, 0xbc, 0xfc, 0xcf, 0xcb, 0xfe, 0xa1,
    0x6f, 0xff, 0xff, 0xff, 0xff, 0xff, 0xff, 0xf2,

    /* U+7BF7 "篷" */
    0x0, 0x18, 0x30, 0x0, 0x7, 0x60, 0x0, 0x0,
    0x0, 0xaf, 0xc7, 0x75, 0x3f, 0xf7, 0x77, 0x71,
    0x6, 0xff, 0xff, 0xfd, 0xef, 0xff, 0xff, 0xf3,
    0x1e, 0xe3, 0xfc, 0xc, 0xf8, 0xe, 0xf1, 0x0,
    0x2, 0x70, 0x78, 0x3, 0xff, 0x67, 0x92, 0x0,
    0x3, 0xfc, 0x3, 0x9f, 0xfb, 0xbe, 0xfa, 0x0,
    0x0, 0x8f, 0x92, 0xb7, 0xed, 0xbf, 0x80, 0x0,
    0x0, 0x6, 0x1a, 0xcf, 0xfd, 0xcf, 0xfe, 0xd4,
    0xc, 0xee, 0x98, 0xa7, 0x49, 0xf5, 0x7a, 0x90,
    0xa, 0xbf, 0xa0, 0xcd, 0xde, 0xfd, 0xdd, 0x20,
    0x0, 0x1f, 0xa0, 0x7b, 0xbe, 0xfb, 0xba, 0x0,
    0x0, 0x1f, 0xa1, 0x68, 0x8c, 0xf9, 0x88, 0x30,
    0x0, 0x5f, 0xe9, 0xcb, 0xbe, 0xfc, 0xbb, 0x80,
    0x1a, 0xfd, 0xcf, 0xea, 0x8c, 0xf8, 0x88, 0x94,
    0xc, 0xa0, 0x3, 0x9d, 0xff, 0xff, 0xff, 0xf3,
    0x1, 0x0, 0x0, 0x0, 0x0, 0x10, 0x0, 0x0,

    /* U+7C89 "粉" */
    0x0, 0x1f, 0xb0, 0x0, 0x38, 0x25, 0xa0, 0x0,
    0x2c, 0x2f, 0xb9, 0xc0, 0x9f, 0x37, 0xf4, 0x0,
    0x1f, 0x6f, 0xbd, 0xc0, 0xdf, 0x3, 0xf9, 0x0,
    0xe, 0xaf, 0xcf, 0x63, 0xfb, 0x0, 0xef, 0x10,
    0xb, 0xbf, 0xef, 0x2e, 0xf4, 0x0, 0x8f, 0xb0,
    0x16, 0x6f, 0xd6, 0xbf, 0xb0, 0x0, 0xe, 0xf6,
    0x5f, 0xff, 0xff, 0xdf, 0xca, 0xaa, 0xae, 0xe1,
    0x26, 0xcf, 0xd6, 0x4a, 0xff, 0xff, 0xff, 0x50,
    0x0, 0xef, 0xf6, 0x0, 0x4f, 0x91, 0x9f, 0x30,
    0x6, 0xff, 0xff, 0x50, 0x5f, 0x60, 0xaf, 0x30,
    0x1e, 0xef, 0xce, 0x90, 0xaf, 0x30, 0xbf, 0x20,
    0x7f, 0x7f, 0xb3, 0x1, 0xfd, 0x0, 0xcf, 0x0,
    0x1c, 0x1f, 0xb0, 0xa, 0xf6, 0x0, 0xff, 0x0,
    0x1, 0x1f, 0xb0, 0xbf, 0xb0, 0x9c, 0xfc, 0x0,
    0x0, 0x1f, 0xb0, 0x4a, 0x0, 0x9f, 0xd3, 0x0,
    0x0, 0x0, 0x0, 0x0, 0x0, 0x0, 0x0, 0x0,

    /* U+7CD5 "糕" */
    0x0, 0x5f, 0x60, 0x4, 0xb4, 0x0, 0xca, 0x10,
    0x3b, 0x5f, 0x6d, 0x55, 0xfb, 0x2, 0xfd, 0x0,
    0x2f, 0x8f, 0x8f, 0x31, 0xfd, 0x17, 0xf7, 0x0,
    0xf, 0xbf, 0xce, 0x8f, 0xff, 0xff, 0xff, 0xe0,
    0xd, 0xdf, 0xfa, 0x5b, 0xbd, 0xfd, 0xbb, 0xa0,
    0x17, 0x9f, 0x96, 0x10, 0x6, 0xf9, 0x0, 0x0,
    0x5f, 0xff, 0xff, 0x6f, 0xff, 0xff, 0xff, 0x70,
    0x27, 0xef, 0xb7, 0x3a, 0xac, 0xfd, 0xaa, 0x40,
    0x2, 0xff, 0xe2, 0x0, 0x6, 0xf9, 0x0, 0x0,
    0x9, 0xff, 0xfd, 0xdf, 0xff, 0xff, 0xff, 0xf1,
    0x2f, 0xcf, 0x8c, 0x9b, 0xbb, 0xbb, 0xbb, 0xb0,
    0xaf, 0x6f, 0x60, 0x78, 0x34, 0x37, 0x3a, 0x30,
    0x47, 0x5f, 0x60, 0xed, 0x9f, 0x5f, 0x5f, 0xa0,
    0x0, 0x5f, 0x63, 0xf8, 0x7f, 0x3f, 0x7b, 0xf1,
    0x0, 0x5f, 0x66, 0xe1, 0x5d, 0x2b, 0x66, 0xb2,
    0x0, 0x0, 0x0, 0x0, 0x0, 0x0, 0x0, 0x0,

    /* U+7CFB "系" */
    0x0, 0x0, 0x0, 0x0, 0x13, 0x58, 0x90, 0x0,
    0x3, 0x9a, 0xbd, 0xef, 0xff, 0xff, 0xf8, 0x0,
    0x3, 0xff, 0xff, 0xff, 0xc9, 0x75, 0x10, 0x0,
    0x0, 0x10, 0x2d, 0xf6, 0x0, 0x87, 0x0, 0x0,
    0x0, 0x5, 0xef, 0x40, 0x1b, 0xfe, 0x10, 0x0,
    0x0, 0x6f, 0xff, 0xff, 0xff, 0x91, 0x0, 0x0,
    0x0, 0x2b, 0xab, 0xff, 0xc4, 0x3a, 0x10, 0x0,
    0x0, 0x3, 0xaf, 0xe7, 0x34, 0x8f, 0xe2, 0x0,
    0x2, 0xdf, 0xff, 0xff, 0xff, 0xff, 0xfe, 0x10,
    0x0, 0xdb, 0xa8, 0x7e, 0xf3, 0x20, 0x4f, 0x80,
    0x0, 0x6, 0x93, 0xe, 0xf0, 0x4b, 0x23, 0x0,
    0x0, 0x6f, 0xf4, 0xe, 0xf0, 0x9f, 0xf5, 0x0,
    0xa, 0xff, 0x50, 0xe, 0xf0, 0x6, 0xff, 0x60,
    0x9, 0xe4, 0x2d, 0xdf, 0xf0, 0x0, 0x5f, 0x70,
    0x0, 0x0, 0xc, 0xfd, 0x60, 0x0, 0x0, 0x0,

    /* U+7D2B "紫" */
    0x0, 0x0, 0xee, 0x0, 0xaf, 0x30, 0x0, 0x0,
    0x4, 0x60, 0xee, 0x0, 0xaf, 0x30, 0x7b, 0x0,
    0x9, 0xf1, 0xef, 0xfc, 0xaf, 0xbf, 0xff, 0x60,
    0x9, 0xf1, 0xef, 0x75, 0xaf, 0xfb, 0x73, 0x0,
    0x9, 0xf1, 0xfe, 0x56, 0xaf, 0x50, 0x9, 0xe1,
    0x6e, 0xff, 0xff, 0xfe, 0x7f, 0xff, 0xff, 0xe0,
    0x6c, 0xa8, 0x7a, 0xee, 0x26, 0xb8, 0x87, 0x20,
    0x0, 0x59, 0xef, 0xfc, 0xbe, 0xf5, 0x0, 0x0,
    0x0, 0x9f, 0xee, 0xff, 0xfa, 0x59, 0x20, 0x0,
    0x0, 0x13, 0x9f, 0xfb, 0x42, 0x7f, 0xe3, 0x0,
    0x4, 0xdf, 0xff, 0xff, 0xff, 0xff, 0xff, 0x30,
    0x2, 0xdc, 0xa8, 0x7f, 0xe3, 0x33, 0x4f, 0xb0,
    0x0, 0x5e, 0xf3, 0xf, 0xd1, 0xdf, 0xa4, 0x0,
    0x2d, 0xfe, 0x59, 0xaf, 0xd0, 0x8, 0xff, 0x50,
    0x5, 0x60, 0xc, 0xfd, 0x50, 0x0, 0x26, 0x0,

    /* U+7D2F "累" */
    0x0, 0xdf, 0xff, 0xff, 0xff, 0xff, 0xff, 0x0,
    0xd, 0xf7, 0x77, 0xfe, 0x77, 0x7e, 0xf0, 0x0,
    0xdf, 0xbb, 0xbf, 0xfb, 0xbb, 0xff, 0x0, 0xd,
    0xfa, 0xaa, 0xff, 0xaa, 0xaf, 0xf0, 0x0, 0xdf,
    0x77, 0x7f, 0xe7, 0x77, 0xef, 0x0, 0xd, 0xff,
    0xff, 0xff, 0xff, 0xff, 0xf0, 0x0, 0x38, 0xef,
    0xc7, 0x7c, 0xf6, 0x0, 0x0, 0x9, 0xff, 0xff,
    0xff, 0xc5, 0x82, 0x0, 0x0, 0x25, 0xae, 0xfc,
    0x40, 0x4f, 0xe4, 0x0, 0x4c, 0xff, 0xff, 0xee,
    0xff, 0xff, 0xf4, 0x2, 0xec, 0xca, 0x9f, 0xf7,
    0x66, 0x6e, 0x60, 0x5, 0xdf, 0x50, 0xef, 0xa,
    0xe8, 0x10, 0x2e, 0xfe, 0x58, 0xaf, 0xf0, 0x2a,
    0xff, 0x60, 0x57, 0x0, 0x7f, 0xe7, 0x0, 0x3,
    0xa1,

    /* U+7EA2 "红" */
    0x0, 0x4, 0x0, 0x0, 0x0, 0x0, 0x0, 0x0,
    0x0, 0x3f, 0xd0, 0x0, 0x0, 0x0, 0x0, 0x0,
    0x0, 0xaf, 0x60, 0x3f, 0xff, 0xff, 0xff, 0xf0,
    0x2, 0xfc, 0x1, 0x3d, 0xde, 0xff, 0xdd, 0xd0,
    0xc, 0xf3, 0x6e, 0x60, 0x1, 0xff, 0x0, 0x0,
    0x9f, 0xe9, 0xef, 0x50, 0x1, 0xff, 0x0, 0x0,
    0x8f, 0xff, 0xf8, 0x0, 0x1, 0xff, 0x0, 0x0,
    0x13, 0x9f, 0xa0, 0x0, 0x1, 0xff, 0x0, 0x0,
    0x7, 0xfe, 0x56, 0x10, 0x1, 0xff, 0x0, 0x0,
    0x8f, 0xff, 0xff, 0x40, 0x1, 0xff, 0x0, 0x0,
    0x4e, 0xb8, 0x53, 0x0, 0x1, 0xff, 0x0, 0x0,
    0x0, 0x0, 0x36, 0x0, 0x1, 0xff, 0x0, 0x0,
    0x5a, 0xdf, 0xff, 0x8a, 0xab, 0xff, 0xaa, 0xa1,
    0x9f, 0xfd, 0x96, 0xbf, 0xff, 0xff, 0xff, 0xf2,
    0x35, 0x10, 0x0, 0x23, 0x33, 0x33, 0x33, 0x30,

    /* U+7EA7 "级" */
    0x0, 0x8, 0x40, 0x0, 0x0, 0x0, 0x0, 0x0,
    0x0, 0x2f, 0xd0, 0x6b, 0xbb, 0xbb, 0xb8, 0x0,
    0x0, 0x9f, 0x50, 0x8f, 0xff, 0xff, 0xf7, 0x0,
    0x1, 0xfd, 0x13, 0x1, 0xfd, 0xa, 0xf3, 0x0,
    0xa, 0xf3, 0x8f, 0x42, 0xfb, 0xe, 0xf0, 0x0,
    0x6f, 0xeb, 0xfd, 0x3, 0xfa, 0x2f, 0xe9, 0x70,
    0x4f, 0xff, 0xf3, 0x5, 0xfa, 0x7f, 0xff, 0xe0,
    0x1, 0x6f, 0x80, 0x6, 0xff, 0x10, 0x3f, 0xa0,
    0x3, 0xff, 0xad, 0x29, 0xff, 0x70, 0x9f, 0x50,
    0x4e, 0xff, 0xfc, 0x1c, 0xfe, 0xf2, 0xfe, 0x0,
    0x3f, 0xb6, 0x11, 0x2f, 0xd5, 0xfe, 0xf7, 0x0,
    0x1, 0x5, 0xbf, 0xbf, 0x80, 0xbf, 0xf0, 0x0,
    0x1a, 0xff, 0xfb, 0xff, 0x36, 0xff, 0xfa, 0x0,
    0x2f, 0xe8, 0x28, 0xfc, 0xaf, 0xf7, 0xcf, 0xe4,
    0x5, 0x0, 0x7, 0xf2, 0x8e, 0x50, 0x9, 0xe1,
    0x0, 0x0, 0x0, 0x10, 0x1, 0x0, 0x0, 0x0,

    /* U+7EAA "纪" */
    0x0, 0x8, 0x81, 0x0, 0x0, 0x0, 0x0, 0x0,
    0x0, 0x1f, 0xf2, 0xe, 0xff, 0xff, 0xff, 0x30,
    0x0, 0x9f, 0x80, 0xd, 0xee, 0xee, 0xff, 0x30,
    0x2, 0xfe, 0x4, 0x0, 0x0, 0x0, 0xbf, 0x30,
    0xd, 0xf3, 0x3f, 0xc0, 0x0, 0x0, 0xbf, 0x30,
    0xaf, 0xff, 0xff, 0x60, 0x0, 0x0, 0xbf, 0x30,
    0x6f, 0xef, 0xf8, 0x8, 0xbb, 0xbb, 0xef, 0x30,
    0x0, 0x8f, 0xa0, 0xb, 0xff, 0xff, 0xff, 0x30,
    0x9, 0xff, 0x89, 0x4b, 0xf5, 0x0, 0x8b, 0x20,
    0x8f, 0xff, 0xff, 0x7b, 0xf4, 0x0, 0x0, 0x0,
    0x4e, 0xa7, 0x42, 0xb, 0xf4, 0x0, 0x3, 0x0,
    0x0, 0x0, 0x1, 0x2b, 0xf4, 0x0, 0xb, 0xe1,
    0x36, 0x9c, 0xef, 0x9a, 0xf5, 0x0, 0xd, 0xf0,
    0x8f, 0xff, 0xeb, 0x58, 0xff, 0xdc, 0xdf, 0xb0,
    0x48, 0x51, 0x0, 0x1, 0xbe, 0xff, 0xfc, 0x20,

    /* U+7EB3 "纳" */
    0x0, 0x0, 0x0, 0x0, 0x0, 0x0, 0x0, 0x0,
    0x2, 0xd4, 0x0, 0x0, 0xf, 0xb0, 0x0, 0x0,
    0x7f, 0x70, 0x0, 0x0, 0xfb, 0x0, 0x0, 0xd,
    0xf1, 0x0, 0x0, 0x1f, 0xb0, 0x0, 0x4, 0xf9,
    0x0, 0x0, 0x1, 0xfc, 0x0, 0x0, 0xdf, 0x19,
    0xbb, 0xff, 0xff, 0xff, 0xfa, 0x8f, 0xc8, 0xfb,
    0xaf, 0xac, 0xfd, 0xaf, 0xa7, 0xff, 0xff, 0x1a,
    0xf1, 0x7f, 0x70, 0xfa, 0x13, 0x8f, 0x50, 0xaf,
    0x1b, 0xf9, 0xf, 0xa0, 0x5f, 0xa4, 0x5a, 0xf4,
    0xff, 0xf4, 0xfa, 0x5f, 0xff, 0xfb, 0xaf, 0xcf,
    0xbf, 0xdf, 0xa4, 0xd9, 0x52, 0xa, 0xff, 0xe1,
    0x9f, 0xfa, 0x0, 0x0, 0x45, 0xaf, 0x84, 0x1,
    0x4f, 0xa4, 0xad, 0xff, 0xda, 0xf1, 0x0, 0x1,
    0xfa, 0x7f, 0xd9, 0x51, 0xaf, 0x10, 0xc, 0xef,
    0x91, 0x10, 0x0, 0xa, 0xf1, 0x0, 0x9d, 0xb2,

    /* U+7EB9 "纹" */
    0x0, 0xa, 0x30, 0x0, 0x5, 0x90, 0x0, 0x0,
    0x0, 0x6f, 0xa0, 0x0, 0xb, 0xf6, 0x0, 0x0,
    0x0, 0xcf, 0x30, 0x0, 0x2, 0xfe, 0x0, 0x0,
    0x3, 0xfb, 0x10, 0xbc, 0xcc, 0xfe, 0xcc, 0xc4,
    0xc, 0xf2, 0xbc, 0xff, 0xff, 0xff, 0xff, 0xf5,
    0x7f, 0xeb, 0xfa, 0xc, 0xf1, 0x0, 0xbf, 0x40,
    0x4f, 0xef, 0xe1, 0x7, 0xf5, 0x0, 0xff, 0x0,
    0x1, 0x8f, 0x40, 0x3, 0xfa, 0x3, 0xfb, 0x0,
    0x4, 0xfd, 0x78, 0x0, 0xdf, 0x2a, 0xf6, 0x0,
    0x4f, 0xff, 0xfd, 0x0, 0x6f, 0xcf, 0xe0, 0x0,
    0x2e, 0xa6, 0x30, 0x0, 0xd, 0xff, 0x60, 0x0,
    0x0, 0x2, 0x7a, 0x0, 0x1c, 0xff, 0x60, 0x0,
    0x2a, 0xef, 0xfe, 0x5, 0xef, 0xef, 0xfa, 0x20,
    0x2f, 0xd8, 0x34, 0xef, 0xf9, 0x5, 0xff, 0xf5,
    0x3, 0x0, 0x0, 0xdb, 0x30, 0x0, 0x19, 0xb0,
    0x0, 0x0, 0x0, 0x0, 0x0, 0x0, 0x0, 0x0,

    /* U+7EBF "线" */
    0x0, 0x8, 0x70, 0x0, 0xd, 0xf2, 0x92, 0x0,
    0x0, 0xf, 0xf1, 0x0, 0xd, 0xf5, 0xff, 0x20,
    0x0, 0x6f, 0x90, 0x0, 0xc, 0xf1, 0x4a, 0x30,
    0x0, 0xee, 0x17, 0x15, 0x8e, 0xff, 0xff, 0xa0,
    0x9, 0xf5, 0x6f, 0x8f, 0xff, 0xfc, 0x97, 0x30,
    0x3f, 0xff, 0xfe, 0x5, 0x3a, 0xf3, 0x1, 0x40,
    0xd, 0xbf, 0xf3, 0x0, 0x2a, 0xfd, 0xef, 0xf1,
    0x0, 0x6f, 0x80, 0x4f, 0xff, 0xff, 0xda, 0x71,
    0x4, 0xff, 0x9b, 0x7b, 0x98, 0xfa, 0xa, 0xa1,
    0x1f, 0xff, 0xfd, 0x30, 0x0, 0xfd, 0x8f, 0xb0,
    0xa, 0x84, 0x10, 0x0, 0x0, 0xcf, 0xfd, 0x10,
    0x0, 0x4, 0x9e, 0x50, 0x4, 0xdf, 0xd1, 0x30,
    0x1b, 0xff, 0xfc, 0x45, 0xbf, 0xff, 0xe1, 0xe5,
    0xf, 0xd7, 0x10, 0xbf, 0xfa, 0x39, 0xff, 0xf4,
    0x1, 0x0, 0x0, 0x19, 0x20, 0x0, 0xbf, 0xb0,

    /* U+7EC6 "细" */
    0x0, 0x4, 0x81, 0x0, 0x0, 0x0, 0x0, 0x0,
    0x0, 0xc, 0xf6, 0x1f, 0xff, 0xff, 0xff, 0xf1,
    0x0, 0x3f, 0xd0, 0x1f, 0xfe, 0xff, 0xef, 0xf1,
    0x0, 0xcf, 0x40, 0x1f, 0xa0, 0xed, 0xb, 0xf1,
    0x6, 0xfa, 0xb, 0x6f, 0xa0, 0xed, 0xb, 0xf1,
    0x3f, 0xfb, 0xcf, 0xcf, 0xa0, 0xed, 0xb, 0xf1,
    0x1f, 0xff, 0xfd, 0x2f, 0xa0, 0xed, 0xb, 0xf1,
    0x4, 0x3d, 0xf2, 0x1f, 0xff, 0xff, 0xff, 0xf1,
    0x1, 0xcf, 0x74, 0x4f, 0xeb, 0xff, 0xbe, 0xf1,
    0x2d, 0xff, 0xff, 0x9f, 0xa0, 0xed, 0xb, 0xf1,
    0xe, 0xda, 0x74, 0x2f, 0xa0, 0xed, 0xb, 0xf1,
    0x0, 0x0, 0x1, 0x2f, 0xa0, 0xed, 0xb, 0xf1,
    0x17, 0x9c, 0xef, 0xaf, 0xeb, 0xff, 0xbe, 0xf1,
    0x3f, 0xff, 0xda, 0x6f, 0xff, 0xff, 0xff, 0xf1,
    0x6, 0x30, 0x0, 0x1f, 0xa0, 0x0, 0xa, 0xd1,

    /* U+7ECF "经" */
    0x0, 0x9, 0x40, 0x0, 0x0, 0x0, 0x0, 0x0,
    0x0, 0x3f, 0xd0, 0x3f, 0xff, 0xff, 0xff, 0x50,
    0x0, 0xaf, 0x50, 0x2b, 0xbb, 0xbd, 0xff, 0x30,
    0x2, 0xfc, 0x5, 0x0, 0x0, 0x1d, 0xf9, 0x0,
    0xb, 0xf2, 0x6f, 0x90, 0x4, 0xef, 0xb0, 0x0,
    0x7f, 0xfe, 0xff, 0x23, 0xbf, 0xff, 0xe6, 0x0,
    0x4f, 0xdf, 0xf6, 0xcf, 0xfe, 0x68, 0xff, 0xe4,
    0x0, 0x8f, 0x90, 0xae, 0x70, 0x0, 0x19, 0xe2,
    0x6, 0xff, 0x9b, 0x3a, 0x99, 0x99, 0x99, 0x70,
    0x6f, 0xff, 0xff, 0x3f, 0xff, 0xff, 0xff, 0xa0,
    0x2e, 0xa6, 0x30, 0x1, 0x14, 0xfb, 0x11, 0x10,
    0x0, 0x0, 0x37, 0x0, 0x3, 0xfb, 0x0, 0x0,
    0x28, 0xbf, 0xff, 0x10, 0x3, 0xfb, 0x0, 0x0,
    0x5f, 0xfe, 0x95, 0xcc, 0xcd, 0xfe, 0xcc, 0xc5,
    0x17, 0x20, 0x0, 0xff, 0xff, 0xff, 0xff, 0xf7,

    /* U+7ED5 "绕" */
    0x0, 0x0, 0x0, 0x0, 0x0, 0x0, 0x0, 0x0,
    0x0, 0x4e, 0x50, 0x0, 0xbf, 0x0, 0x0, 0x0,
    0x0, 0x9f, 0x60, 0x0, 0xaf, 0x67, 0x8a, 0x80,
    0x0, 0xef, 0x0, 0x8f, 0xff, 0xff, 0xff, 0xc0,
    0x5, 0xf8, 0x51, 0x5a, 0xaf, 0xc4, 0x6e, 0x60,
    0xd, 0xf1, 0xee, 0x0, 0xd, 0xf7, 0xff, 0x30,
    0x7f, 0xfe, 0xf7, 0x0, 0xa, 0xff, 0xe4, 0x20,
    0x3f, 0xef, 0xd0, 0x5a, 0xff, 0xff, 0x97, 0xf1,
    0x1, 0x9f, 0x40, 0x7f, 0xe8, 0x4d, 0xff, 0xe0,
    0x4, 0xfc, 0x55, 0x5, 0x0, 0x1, 0x79, 0x30,
    0x3f, 0xff, 0xfa, 0xff, 0xff, 0xff, 0xff, 0xe0,
    0x1f, 0xc8, 0x41, 0x89, 0xfe, 0xaf, 0xd8, 0x80,
    0x1, 0x2, 0x77, 0x4, 0xfa, 0x2f, 0xb0, 0x0,
    0x18, 0xcf, 0xfb, 0x1c, 0xf6, 0x2f, 0xb2, 0x91,
    0x3f, 0xfa, 0x36, 0xef, 0xc0, 0x2f, 0xda, 0xf4,
    0x6, 0x0, 0x3, 0xfa, 0x10, 0xb, 0xff, 0xc0,
    0x0, 0x0, 0x0, 0x10, 0x0, 0x0, 0x0, 0x0,

    /* U+7ED9 "给" */
    0x0, 0x9, 0x30, 0x0, 0x3, 0xa3, 0x0, 0x0,
    0x0, 0x3f, 0xe0, 0x0, 0xa, 0xfa, 0x0, 0x0,
    0x0, 0xaf, 0x60, 0x0, 0x3f, 0xff, 0x50, 0x0,
    0x2, 0xfd, 0x24, 0x0, 0xdf, 0x7f, 0xf2, 0x0,
    0xb, 0xf3, 0xaf, 0x5b, 0xfa, 0x5, 0xfe, 0x40,
    0x7f, 0xfd, 0xfe, 0xcf, 0xfb, 0x9a, 0xff, 0xf4,
    0x3f, 0xdf, 0xf4, 0xcd, 0xff, 0xff, 0xfb, 0xc0,
    0x0, 0x9f, 0x70, 0x10, 0x11, 0x11, 0x10, 0x0,
    0x6, 0xfe, 0x79, 0x28, 0x99, 0x99, 0x99, 0x0,
    0x5f, 0xff, 0xff, 0x3e, 0xff, 0xff, 0xff, 0x0,
    0x1e, 0xa7, 0x30, 0xe, 0xe1, 0x11, 0xff, 0x0,
    0x0, 0x0, 0x3, 0xe, 0xe0, 0x0, 0xff, 0x0,
    0x15, 0x8c, 0xff, 0x3e, 0xe0, 0x0, 0xff, 0x0,
    0x5f, 0xff, 0xd9, 0x1e, 0xff, 0xff, 0xff, 0x0,
    0x19, 0x51, 0x0, 0xe, 0xfa, 0xaa, 0xff, 0x0,

    /* U+7EE7 "继" */
    0x0, 0x0, 0x0, 0x0, 0x0, 0x0, 0x0, 0x0,
    0x0, 0x2e, 0x30, 0x0, 0x0, 0xf, 0x80, 0x0,
    0x0, 0x7f, 0xb0, 0xaf, 0x23, 0xf, 0x82, 0x30,
    0x0, 0xdf, 0x40, 0xaf, 0x6f, 0x1f, 0x88, 0xe0,
    0x3, 0xfc, 0x0, 0xaf, 0x2f, 0x5f, 0x8d, 0x80,
    0xb, 0xf3, 0x8c, 0xcf, 0x1a, 0x5f, 0x9c, 0x10,
    0x6f, 0xd7, 0xfc, 0xaf, 0x79, 0xaf, 0xd9, 0x92,
    0x5f, 0xff, 0xf2, 0xaf, 0xaf, 0xff, 0xff, 0xf4,
    0x4, 0x8f, 0x60, 0xaf, 0x10, 0xdf, 0xf4, 0x0,
    0x4, 0xfd, 0x56, 0xaf, 0x17, 0xff, 0xef, 0x30,
    0x4f, 0xff, 0xfc, 0xaf, 0x6f, 0x8f, 0x8b, 0xe1,
    0x1b, 0x74, 0x10, 0xaf, 0x6b, 0x1f, 0x82, 0x90,
    0x0, 0x15, 0x8a, 0xaf, 0x10, 0xf, 0x80, 0x0,
    0x5f, 0xff, 0xff, 0xaf, 0x10, 0x2, 0x10, 0x0,
    0x4f, 0xfc, 0x83, 0xaf, 0xff, 0xff, 0xff, 0xf6,
    0x14, 0x0, 0x0, 0x7a, 0xaa, 0xaa, 0xaa, 0xa4,

    /* U+7EED "续" */
    0x0, 0x0, 0x0, 0x0, 0x0, 0x0, 0x0, 0x0,
    0x0, 0xb, 0x50, 0x0, 0x4, 0xf8, 0x0, 0x0,
    0x0, 0x3f, 0xb0, 0x8, 0x8a, 0xfc, 0x88, 0x20,
    0x0, 0xaf, 0x40, 0xf, 0xff, 0xff, 0xff, 0x40,
    0x1, 0xfc, 0x10, 0x0, 0x5, 0xf9, 0x0, 0x0,
    0xa, 0xf4, 0x9c, 0x6a, 0xac, 0xfd, 0xaa, 0x91,
    0x5f, 0xe7, 0xfa, 0x8f, 0xff, 0xff, 0xff, 0xe0,
    0x3f, 0xef, 0xe1, 0x4, 0xc5, 0xec, 0xf, 0x90,
    0x0, 0x8f, 0x40, 0x38, 0x7b, 0xfc, 0x17, 0x30,
    0x4, 0xfe, 0xba, 0x5e, 0xc0, 0xfc, 0x0, 0x0,
    0x3f, 0xff, 0xe7, 0x8b, 0xd9, 0xfd, 0x99, 0x90,
    0x1d, 0x72, 0x1, 0xef, 0xff, 0xff, 0xff, 0xf0,
    0x0, 0x27, 0xdc, 0x11, 0x4f, 0xe5, 0x71, 0x10,
    0x3c, 0xff, 0xd6, 0x3, 0xef, 0x6a, 0xfa, 0x0,
    0x3f, 0xa4, 0x1, 0x9f, 0xf7, 0x0, 0x8f, 0xc1,
    0x1, 0x0, 0x0, 0xbd, 0x40, 0x0, 0x7, 0xd1,
    0x0, 0x0, 0x0, 0x0, 0x0, 0x0, 0x0, 0x0,

    /* U+7EFF "绿" */
    0x0, 0x4, 0x0, 0x0, 0x0, 0x0, 0x0, 0x0,
    0x0, 0x2f, 0xc0, 0xf, 0xff, 0xff, 0xff, 0xa0,
    0x0, 0x8f, 0x80, 0x9, 0x99, 0x99, 0xbf, 0xa0,
    0x0, 0xef, 0x10, 0x5, 0x77, 0x77, 0x9f, 0x90,
    0x6, 0xf7, 0x7c, 0x1a, 0xff, 0xff, 0xff, 0x80,
    0x2e, 0xf8, 0xee, 0x10, 0x0, 0x0, 0x6f, 0x80,
    0x1f, 0xff, 0xf4, 0x3f, 0xff, 0xff, 0xff, 0xfb,
    0x4, 0x6f, 0x90, 0x29, 0x99, 0xfe, 0x99, 0x96,
    0x1, 0xee, 0x35, 0xc, 0x70, 0xfd, 0x8, 0xc3,
    0x1d, 0xff, 0xff, 0x9, 0xf4, 0xff, 0xaf, 0x90,
    0xd, 0xb8, 0x52, 0x0, 0x7c, 0xff, 0xf6, 0x0,
    0x0, 0x2, 0x7b, 0x8, 0xfd, 0xfe, 0xfe, 0x40,
    0x9, 0xef, 0xfc, 0xbf, 0x90, 0xfd, 0x3f, 0xf9,
    0xf, 0xe9, 0x20, 0x24, 0x49, 0xfc, 0x1, 0x92,
    0x3, 0x0, 0x0, 0x0, 0x3f, 0xe5, 0x0, 0x0,
    0x0, 0x0, 0x0, 0x0, 0x0, 0x0, 0x0, 0x0,

    /* U+7F15 "缕" */
    0x0, 0x0, 0x0, 0x0, 0x0, 0x0, 0x0, 0x0,
    0x0, 0x3d, 0x40, 0x7, 0x40, 0xfa, 0xa, 0x50,
    0x0, 0x9f, 0x70, 0xf, 0xc0, 0xfa, 0x3f, 0x90,
    0x0, 0xef, 0x10, 0x9, 0xe2, 0xfa, 0x7f, 0x10,
    0x5, 0xf9, 0x20, 0xbf, 0xff, 0xff, 0xff, 0xf1,
    0xd, 0xe1, 0xdd, 0x78, 0xdf, 0xff, 0xe9, 0x80,
    0x8f, 0xfe, 0xf8, 0x19, 0xfa, 0xfd, 0xfc, 0x40,
    0x2b, 0xbf, 0xd1, 0xef, 0x71, 0xfa, 0x3d, 0xe2,
    0x0, 0xbf, 0x30, 0x42, 0xa, 0xe3, 0x0, 0x20,
    0x5, 0xfc, 0x66, 0x0, 0x1f, 0xe0, 0x0, 0x0,
    0x3f, 0xff, 0xfa, 0xdf, 0xff, 0xff, 0xff, 0xf1,
    0x3f, 0xda, 0x62, 0x68, 0xfe, 0x78, 0xfe, 0x70,
    0x2, 0x0, 0x2, 0xa, 0xfb, 0x17, 0xf8, 0x0,
    0x14, 0x8c, 0xfd, 0x6, 0xcf, 0xff, 0xe1, 0x0,
    0x5f, 0xff, 0xb6, 0x13, 0x7e, 0xff, 0xfc, 0x40,
    0x29, 0x40, 0x0, 0x8f, 0xfd, 0x62, 0xaf, 0xb0,
    0x0, 0x0, 0x0, 0x14, 0x10, 0x0, 0x2, 0x0,

    /* U+7F16 "编" */
    0x0, 0x16, 0x10, 0x0, 0x2, 0x83, 0x0, 0x0,
    0x7, 0xf6, 0x0, 0x0, 0x6f, 0xb0, 0x0, 0x0,
    0xde, 0x0, 0x9f, 0xff, 0xff, 0xff, 0xa0, 0x3f,
    0x62, 0xa, 0xf9, 0x99, 0x99, 0xfb, 0xb, 0xe1,
    0xea, 0xaf, 0x65, 0x55, 0x5f, 0xb6, 0xfd, 0xcf,
    0x4a, 0xff, 0xff, 0xff, 0xfb, 0x5f, 0xef, 0xa0,
    0xaf, 0x32, 0x22, 0x22, 0x10, 0xa, 0xf1, 0xb,
    0xff, 0xff, 0xff, 0xfe, 0x5, 0xfb, 0x83, 0xcf,
    0xfa, 0xfb, 0xfc, 0xf4, 0xff, 0xff, 0x5e, 0xff,
    0x3f, 0x5e, 0x7f, 0x3f, 0xc7, 0x32, 0xff, 0xf9,
    0xfa, 0xfb, 0xf0, 0x10, 0x5b, 0x8f, 0xbf, 0xff,
    0xff, 0xff, 0x39, 0xef, 0xdd, 0xf7, 0xf3, 0xf5,
    0xe7, 0xf6, 0xfb, 0x42, 0xfc, 0x4f, 0x3f, 0x5e,
    0xaf, 0x11, 0x0, 0x7, 0x54, 0xf3, 0xb3, 0xad,
    0x90, 0x0, 0x0, 0x0, 0x0, 0x0, 0x0, 0x0,

    /* U+7F1D "缝" */
    0x0, 0x23, 0x0, 0x0, 0x0, 0x34, 0x0, 0x0,
    0x0, 0x9f, 0x54, 0xc1, 0x1, 0xef, 0x55, 0x20,
    0x0, 0xdf, 0x13, 0xf6, 0x3d, 0xff, 0xff, 0xa0,
    0x3, 0xf9, 0x10, 0xec, 0xdf, 0xe4, 0xcf, 0x20,
    0xa, 0xf2, 0xe8, 0x87, 0x22, 0xdf, 0xf6, 0x0,
    0x4f, 0xda, 0xf8, 0x12, 0x9e, 0xfd, 0xff, 0xc3,
    0x4f, 0xff, 0xdc, 0xfe, 0x9a, 0x59, 0x67, 0xb0,
    0x3, 0x9f, 0x35, 0xce, 0x7e, 0xef, 0xfe, 0xb0,
    0x4, 0xfa, 0x33, 0xae, 0x37, 0x8f, 0xc7, 0x50,
    0x2e, 0xff, 0xf8, 0xae, 0x3f, 0xff, 0xff, 0x50,
    0x1f, 0xb8, 0x51, 0xae, 0x46, 0x7f, 0xb6, 0x50,
    0x0, 0x2, 0x75, 0xae, 0xae, 0xff, 0xfe, 0xe0,
    0x18, 0xdf, 0xf9, 0xdf, 0x50, 0x2f, 0x80, 0x0,
    0x3f, 0xe8, 0x3e, 0xec, 0xfe, 0xaa, 0xaa, 0xb4,
    0x5, 0x0, 0xb, 0x40, 0x5b, 0xef, 0xff, 0xf2,
    0x0, 0x0, 0x0, 0x0, 0x0, 0x0, 0x0, 0x0,

    /* U+7F29 "缩" */
    0x0, 0x5, 0x0, 0x0, 0x2, 0x70, 0x0, 0x0,
    0x0, 0x4f, 0x90, 0x0, 0x7, 0xf8, 0x0, 0x0,
    0x0, 0xaf, 0x21, 0xff, 0xff, 0xff, 0xff, 0xf5,
    0x1, 0xfa, 0x1, 0xfd, 0x88, 0x88, 0x8b, 0xf5,
    0x9, 0xf2, 0xc8, 0xdd, 0x70, 0x0, 0x5, 0xa3,
    0x5f, 0xd9, 0xf7, 0xe, 0xbf, 0xff, 0xff, 0xf2,
    0x3f, 0xef, 0xd0, 0x5f, 0x57, 0x8f, 0xd7, 0x71,
    0x0, 0x8f, 0x40, 0xdf, 0x4a, 0xdf, 0xb6, 0x60,
    0x2, 0xfb, 0x58, 0xff, 0x4c, 0xff, 0xff, 0xe0,
    0x2d, 0xff, 0xfe, 0xff, 0x4c, 0xc0, 0xb, 0xe0,
    0x2f, 0xd8, 0x42, 0x7f, 0x4c, 0xe7, 0x7d, 0xe0,
    0x2, 0x1, 0x66, 0x5f, 0x4c, 0xff, 0xff, 0xe0,
    0x17, 0xcf, 0xfa, 0x5f, 0x4c, 0xc0, 0xb, 0xe0,
    0x3f, 0xe9, 0x20, 0x5f, 0x4c, 0xff, 0xff, 0xe0,
    0x6, 0x0, 0x0, 0x5f, 0x4c, 0xe8, 0x8c, 0xd0,

    /* U+7F50 "罐" */
    0x0, 0x0, 0x0, 0x0, 0x0, 0x0, 0x0, 0x0,
    0x5, 0xd2, 0x0, 0x0, 0x8f, 0x10, 0xea, 0x0,
    0x8, 0xf1, 0x0, 0x5c, 0xef, 0xcc, 0xfe, 0xc4,
    0xb, 0xff, 0xff, 0x79, 0xdf, 0xa9, 0xfe, 0x93,
    0x1f, 0xcf, 0xd9, 0x13, 0x57, 0x32, 0x76, 0x40,
    0x6f, 0x3f, 0x90, 0xe, 0xff, 0xca, 0xff, 0xf0,
    0x5, 0xf, 0x90, 0xe, 0x59, 0xca, 0xa4, 0xf0,
    0x1f, 0xff, 0xff, 0xbe, 0xff, 0xca, 0xff, 0xf0,
    0x1a, 0xaf, 0xda, 0x73, 0xfb, 0x4e, 0x72, 0x20,
    0x6, 0x3f, 0x95, 0x3b, 0xfe, 0xef, 0xfd, 0xd2,
    0xd, 0x6f, 0x9c, 0xdf, 0xf7, 0x6e, 0xd6, 0x61,
    0xd, 0x6f, 0x9c, 0xff, 0xff, 0xff, 0xff, 0xa0,
    0xd, 0x6f, 0x9c, 0x88, 0xf6, 0x5e, 0xc5, 0x30,
    0xd, 0xbf, 0xdf, 0x77, 0xff, 0xff, 0xff, 0xa0,
    0xd, 0xff, 0xcf, 0x77, 0xf7, 0x6e, 0xc6, 0x63,
    0x3, 0x10, 0x5, 0x27, 0xff, 0xff, 0xff, 0xf7,

    /* U+7F51 "网" */
    0xdf, 0xff, 0xff, 0xff, 0xff, 0xff, 0xfd, 0xdf,
    0xdc, 0xcc, 0xcc, 0xcc, 0xcd, 0xfd, 0xdf, 0x10,
    0x7, 0x40, 0x4, 0x51, 0xfd, 0xdf, 0x21, 0x2f,
    0x92, 0xb, 0xf1, 0xfd, 0xdf, 0xdd, 0x5f, 0x9f,
    0x7d, 0xd1, 0xfd, 0xdf, 0x7f, 0xff, 0x3c, 0xff,
    0xa1, 0xfd, 0xdf, 0x17, 0xff, 0x1, 0xef, 0x71,
    0xfd, 0xdf, 0x11, 0xff, 0x60, 0xaf, 0xc1, 0xfd,
    0xdf, 0x17, 0xff, 0xf4, 0xff, 0xf8, 0xfd, 0xdf,
    0x2e, 0xe3, 0xa9, 0xf6, 0xea, 0xfd, 0xdf, 0xcf,
    0x60, 0x5f, 0xd0, 0x21, 0xfd, 0xdf, 0xbb, 0x0,
    0x8f, 0x20, 0x1, 0xfd, 0xdf, 0x10, 0x0, 0x1,
    0xd, 0xee, 0xfb, 0xdf, 0x10, 0x0, 0x0, 0x8,
    0xfe, 0xb2,

    /* U+7F6E "置" */
    0x4, 0xff, 0xff, 0xff, 0xff, 0xff, 0xff, 0x60,
    0x4, 0xfa, 0x3c, 0xf4, 0x5f, 0xb3, 0xaf, 0x60,
    0x4, 0xff, 0xff, 0xff, 0xff, 0xff, 0xff, 0x60,
    0x1, 0x55, 0x55, 0x6f, 0xe5, 0x55, 0x55, 0x20,
    0xe, 0xff, 0xff, 0xff, 0xff, 0xff, 0xff, 0xb0,
    0x6, 0x66, 0x66, 0x9f, 0xb6, 0x66, 0x66, 0x40,
    0x0, 0x4f, 0xff, 0xff, 0xff, 0xff, 0xf4, 0x0,
    0x0, 0x4f, 0xb6, 0x66, 0x66, 0x6c, 0xf4, 0x0,
    0x0, 0x4f, 0xda, 0xaa, 0xaa, 0xae, 0xf4, 0x0,
    0x0, 0x4f, 0xdb, 0xbb, 0xbb, 0xbe, 0xf4, 0x0,
    0x0, 0x4f, 0xa4, 0x44, 0x44, 0x4b, 0xf4, 0x0,
    0x0, 0x4f, 0xff, 0xff, 0xff, 0xff, 0xf4, 0x0,
    0x6, 0x9f, 0xb6, 0x66, 0x66, 0x6c, 0xf8, 0x61,
    0x2f, 0xff, 0xff, 0xff, 0xff, 0xff, 0xff, 0xf3,

    /* U+7F8A "羊" */
    0x0, 0x0, 0x42, 0x0, 0x0, 0x26, 0x20, 0x0,
    0x0, 0x5, 0xfc, 0x0, 0x0, 0x8f, 0xa0, 0x0,
    0x0, 0x0, 0xcf, 0x40, 0x0, 0xef, 0x10, 0x0,
    0x5, 0xdd, 0xef, 0xdd, 0xde, 0xff, 0xdd, 0x70,
    0x5, 0xff, 0xff, 0xff, 0xff, 0xff, 0xff, 0x70,
    0x0, 0x0, 0x0, 0xf, 0xf0, 0x0, 0x0, 0x0,
    0x0, 0x6a, 0xaa, 0xaf, 0xfa, 0xaa, 0xa6, 0x0,
    0x0, 0xaf, 0xff, 0xff, 0xff, 0xff, 0xf9, 0x0,
    0x0, 0x12, 0x22, 0x3f, 0xf2, 0x22, 0x21, 0x0,
    0x0, 0x0, 0x0, 0xf, 0xf0, 0x0, 0x0, 0x0,
    0x1d, 0xdd, 0xdd, 0xdf, 0xfd, 0xdd, 0xdd, 0xd2,
    0x2f, 0xff, 0xff, 0xff, 0xff, 0xff, 0xff, 0xf2,
    0x0, 0x0, 0x0, 0xf, 0xf0, 0x0, 0x0, 0x0,
    0x0, 0x0, 0x0, 0xf, 0xf0, 0x0, 0x0, 0x0,
    0x0, 0x0, 0x0, 0xf, 0xf0, 0x0, 0x0, 0x0,

    /* U+7F8E "美" */
    0x0, 0x0, 0x53, 0x0, 0x0, 0x56, 0x10, 0x0,
    0x0, 0x3, 0xfe, 0x0, 0x1, 0xff, 0x30, 0x0,
    0x4, 0x88, 0xef, 0xa8, 0x8b, 0xfd, 0x88, 0x40,
    0x7, 0xff, 0xff, 0xff, 0xff, 0xff, 0xff, 0x70,
    0x1, 0x22, 0x22, 0x3f, 0xf2, 0x22, 0x22, 0x10,
    0x0, 0xbf, 0xff, 0xff, 0xff, 0xff, 0xfd, 0x0,
    0x0, 0x68, 0x88, 0x9f, 0xf8, 0x88, 0x87, 0x0,
    0x19, 0x99, 0x99, 0x9f, 0xf9, 0x99, 0x99, 0x93,
    0x2f, 0xff, 0xff, 0xff, 0xff, 0xff, 0xff, 0xf5,
    0x2, 0x22, 0x22, 0x7f, 0xb2, 0x22, 0x22, 0x20,
    0xa, 0xff, 0xff, 0xff, 0xff, 0xff, 0xff, 0xf0,
    0x7, 0xaa, 0xac, 0xff, 0xff, 0xba, 0xaa, 0xa0,
    0x0, 0x0, 0x4d, 0xfa, 0x9f, 0xd3, 0x0, 0x0,
    0x16, 0x9d, 0xff, 0xb0, 0x9, 0xff, 0xd8, 0x62,
    0x1e, 0xff, 0xb4, 0x0, 0x0, 0x5c, 0xff, 0xf1,
    0x4, 0x40, 0x0, 0x0, 0x0, 0x0, 0x15, 0x40,

    /* U+7F9A "羚" */
    0x3, 0x60, 0x7, 0x50, 0x0, 0x68, 0x10, 0x0,
    0xb, 0xf1, 0x1f, 0xd0, 0x0, 0xef, 0x10, 0x0,
    0x4, 0xf7, 0x6f, 0x60, 0x7, 0xff, 0x90, 0x0,
    0x1a, 0xea, 0xdf, 0xa0, 0x2f, 0xeb, 0xf4, 0x0,
    0x2f, 0xff, 0xff, 0xf1, 0xdf, 0x41, 0xef, 0x30,
    0x0, 0xe, 0xf0, 0x2c, 0xfc, 0xe4, 0x5f, 0xf3,
    0x6, 0x9f, 0xf9, 0x6e, 0xa0, 0xdf, 0x17, 0xe1,
    0xb, 0xff, 0xff, 0x71, 0x33, 0x6a, 0x32, 0x10,
    0x0, 0xe, 0xf0, 0x0, 0xef, 0xff, 0xff, 0x40,
    0x2a, 0xaf, 0xfa, 0xa1, 0x56, 0x67, 0xfe, 0x0,
    0x3f, 0xff, 0xff, 0xf1, 0x0, 0x9, 0xf7, 0x0,
    0x0, 0x6f, 0x80, 0x0, 0x6f, 0x8f, 0xd0, 0x0,
    0x0, 0xdf, 0x20, 0x0, 0x2d, 0xff, 0x30, 0x0,
    0x1d, 0xfa, 0x0, 0x0, 0x1, 0xcf, 0xa0, 0x0,
    0xb, 0xb0, 0x0, 0x0, 0x0, 0xb, 0xc1, 0x0,
    0x0, 0x0, 0x0, 0x0, 0x0, 0x0, 0x0, 0x0,

    /* U+7FA4 "群" */
    0x0, 0x0, 0x0, 0x0, 0x27, 0x0, 0x1a, 0x50,
    0x8, 0xff, 0xff, 0xf4, 0x8f, 0x50, 0x6f, 0x70,
    0x5, 0xaf, 0xdc, 0xf4, 0x2f, 0xb0, 0xcf, 0x10,
    0x0, 0x3f, 0x96, 0xf5, 0x5e, 0xa6, 0xbd, 0x60,
    0x9f, 0xff, 0xff, 0xff, 0xcf, 0xff, 0xff, 0xf0,
    0x58, 0xbf, 0xbb, 0xfa, 0x45, 0x9f, 0xa5, 0x50,
    0x4, 0xaf, 0x9a, 0xf4, 0x1, 0x7f, 0x71, 0x10,
    0xa, 0xff, 0xff, 0xf4, 0x8f, 0xff, 0xff, 0xb0,
    0x3, 0xfd, 0x33, 0x31, 0x5a, 0xcf, 0xca, 0x70,
    0x8, 0xfd, 0xaa, 0xa6, 0x0, 0x6f, 0x60, 0x0,
    0x5f, 0xff, 0xcd, 0xfa, 0xff, 0xff, 0xff, 0xf5,
    0x4f, 0xfd, 0x3, 0xfa, 0xdd, 0xef, 0xed, 0xd4,
    0x2, 0xdd, 0x3, 0xf9, 0x0, 0x6f, 0x60, 0x0,
    0x0, 0xdf, 0xff, 0xf9, 0x0, 0x6f, 0x60, 0x0,
    0x0, 0xdf, 0x99, 0x95, 0x0, 0x6f, 0x60, 0x0,

    /* U+7FC1 "翁" */
    0x0, 0x0, 0x27, 0x20, 0x0, 0x52, 0x0, 0x0,
    0x0, 0x1, 0xdf, 0x40, 0x2, 0xee, 0x40, 0x0,
    0x0, 0x6e, 0xf6, 0x2d, 0x60, 0x2e, 0xfa, 0x20,
    0xd, 0xfe, 0x63, 0xef, 0x54, 0x72, 0xbf, 0xf5,
    0x5, 0xa1, 0x6f, 0xe4, 0x1b, 0xfb, 0x5, 0xa0,
    0x0, 0x9, 0xff, 0xff, 0xff, 0xff, 0xc1, 0x0,
    0x0, 0x4, 0xb9, 0x76, 0x54, 0x26, 0xe4, 0x0,
    0x4, 0x99, 0x99, 0x95, 0x59, 0x99, 0x99, 0x70,
    0x6, 0xff, 0xff, 0xf9, 0x9f, 0xff, 0xff, 0xc0,
    0x0, 0xbb, 0x23, 0xf9, 0x1c, 0x91, 0xf, 0xc0,
    0x0, 0x4e, 0xa2, 0xf9, 0x6, 0xf9, 0xf, 0xc0,
    0x0, 0x6, 0x9e, 0xf9, 0x0, 0x7a, 0xef, 0xc0,
    0xa, 0xff, 0xe9, 0xfa, 0xaf, 0xfd, 0x7f, 0xc0,
    0x7, 0x94, 0x79, 0xf9, 0x89, 0x38, 0x9f, 0xc0,
    0x0, 0x0, 0xbf, 0xd3, 0x0, 0xa, 0xfd, 0x50,

    /* U+7FFB "翻" */
    0x0, 0x12, 0x46, 0x82, 0x0, 0x0, 0x0, 0x0,
    0xe, 0xff, 0xff, 0xd8, 0xcf, 0xf9, 0xdf, 0xf7,
    0x6, 0xc5, 0xf6, 0xa6, 0x78, 0xf9, 0x8a, 0xf7,
    0x3, 0xf4, 0xf8, 0xf4, 0x0, 0xe9, 0x11, 0xf7,
    0x1f, 0xff, 0xff, 0xfd, 0xd6, 0xea, 0xf6, 0xf7,
    0x6, 0x9f, 0xff, 0x96, 0x8b, 0xe9, 0xbb, 0xf7,
    0x1, 0xdf, 0xff, 0xf6, 0x4f, 0xf9, 0x7e, 0xf7,
    0x2e, 0xf5, 0xf7, 0xcb, 0x2, 0xe9, 0x12, 0xf7,
    0xf, 0x52, 0xb5, 0x12, 0x5, 0xf9, 0xb, 0xf7,
    0xa, 0xff, 0xff, 0xfc, 0x4f, 0xfa, 0xcf, 0xf7,
    0xa, 0xd6, 0xf8, 0xcd, 0xea, 0xec, 0xf6, 0xf7,
    0xa, 0xfe, 0xfe, 0xfc, 0x40, 0xe9, 0x11, 0xf7,
    0xa, 0xc4, 0xf6, 0xbc, 0x0, 0xe9, 0x1, 0xf7,
    0xa, 0xff, 0xff, 0xfc, 0x3a, 0xf8, 0x7b, 0xf6,
    0xa, 0xd7, 0x77, 0xaa, 0x2e, 0xc2, 0x7e, 0xb1,

    /* U+8001 "老" */
    0x0, 0x0, 0x0, 0xff, 0x0, 0x0, 0x1, 0x0,
    0x0, 0x0, 0x0, 0xff, 0x0, 0x0, 0x6e, 0x60,
    0x0, 0x7a, 0xab, 0xff, 0xaa, 0xa6, 0xff, 0x50,
    0x0, 0xaf, 0xff, 0xff, 0xff, 0xff, 0xf8, 0x0,
    0x0, 0x0, 0x0, 0xff, 0x1, 0xcf, 0xc0, 0x0,
    0x1, 0x11, 0x11, 0xff, 0x1a, 0xff, 0x31, 0x10,
    0x1f, 0xff, 0xff, 0xff, 0xff, 0xff, 0xff, 0xf6,
    0xa, 0xaa, 0xaa, 0xef, 0xfd, 0xaa, 0xaa, 0xa4,
    0x0, 0x0, 0x3b, 0xff, 0x80, 0x2, 0x10, 0x0,
    0x0, 0x4b, 0xff, 0xf3, 0x26, 0xcf, 0xe3, 0x0,
    0x3e, 0xff, 0xdf, 0xfd, 0xff, 0xea, 0x50, 0x0,
    0x9, 0xb4, 0xf, 0xfa, 0x62, 0x0, 0x6, 0x10,
    0x0, 0x0, 0xf, 0xf0, 0x0, 0x0, 0x1f, 0xc0,
    0x0, 0x0, 0xe, 0xfc, 0xbb, 0xbb, 0xdf, 0x80,
    0x0, 0x0, 0x4, 0xdf, 0xff, 0xff, 0xfb, 0x10,

    /* U+805A "聚" */
    0x1f, 0xff, 0xff, 0xff, 0xb8, 0x88, 0x88, 0x60,
    0x5, 0xfd, 0x55, 0xfd, 0x6f, 0xff, 0xff, 0xd0,
    0x0, 0xef, 0xff, 0xfc, 0x8, 0x30, 0x9f, 0x60,
    0x0, 0xed, 0x55, 0xfc, 0x3f, 0xfb, 0xfc, 0x0,
    0x0, 0xef, 0xdd, 0xfc, 0x2, 0xef, 0xfa, 0x0,
    0x27, 0xfe, 0xab, 0xff, 0xcf, 0xf9, 0x9f, 0xe1,
    0x3d, 0xcb, 0x98, 0xec, 0x28, 0x33, 0x44, 0x50,
    0x2, 0x99, 0xaa, 0xbc, 0xdf, 0xff, 0xf7, 0x0,
    0x0, 0xcf, 0xed, 0xcf, 0xf8, 0x64, 0x36, 0x0,
    0x0, 0x35, 0x9c, 0x8d, 0xf7, 0x29, 0xff, 0x60,
    0x1c, 0xfe, 0xb7, 0x3d, 0xff, 0xfe, 0x60, 0x0,
    0x0, 0x35, 0xaf, 0xff, 0xf5, 0xdf, 0xc7, 0x30,
    0x1c, 0xff, 0xc7, 0x2d, 0xf0, 0x7, 0xcf, 0xf6,
    0x2, 0x72, 0x0, 0xd, 0xf0, 0x0, 0x1, 0x40,

    /* U+809A "肚" */
    0x0, 0x0, 0x0, 0x0, 0x0, 0xef, 0x0, 0x0,
    0x9, 0xff, 0xff, 0xa0, 0x0, 0xef, 0x0, 0x0,
    0x9, 0xfc, 0xcf, 0xa0, 0x0, 0xef, 0x0, 0x0,
    0x9, 0xf1, 0x1f, 0xa0, 0x0, 0xef, 0x0, 0x0,
    0x9, 0xf7, 0x7f, 0xa0, 0x0, 0xef, 0x0, 0x0,
    0x9, 0xff, 0xff, 0xa8, 0xdd, 0xff, 0xdd, 0xd1,
    0xa, 0xf6, 0x6f, 0xaa, 0xff, 0xff, 0xff, 0xf2,
    0xa, 0xf1, 0x1f, 0xa0, 0x0, 0xef, 0x10, 0x0,
    0xb, 0xfc, 0xcf, 0xa0, 0x0, 0xef, 0x0, 0x0,
    0xb, 0xff, 0xff, 0xa0, 0x0, 0xef, 0x0, 0x0,
    0xc, 0xe0, 0x2f, 0xa0, 0x0, 0xef, 0x0, 0x0,
    0xe, 0xc0, 0x1f, 0xa0, 0x0, 0xef, 0x0, 0x0,
    0xf, 0xa0, 0x1f, 0xa0, 0x0, 0xef, 0x10, 0x0,
    0x4f, 0x67, 0xdf, 0x9f, 0xff, 0xff, 0xff, 0xf7,
    0x6f, 0x24, 0xfc, 0x2d, 0xdd, 0xdd, 0xdd, 0xd6,
    0x1, 0x0, 0x0, 0x0, 0x0, 0x0, 0x0, 0x0,

    /* U+80CC "背" */
    0x0, 0x0, 0xf, 0xf0, 0x2f, 0xc0, 0x0, 0x0,
    0x4, 0x55, 0x5f, 0xf0, 0x2f, 0xc2, 0x9f, 0x50,
    0xb, 0xff, 0xff, 0xf0, 0x2f, 0xff, 0xfd, 0x80,
    0x1, 0x11, 0x1f, 0xf0, 0x2f, 0xe5, 0x10, 0x20,
    0x9, 0xac, 0xef, 0xf0, 0x1f, 0xe4, 0x48, 0xf6,
    0xb, 0xa8, 0x5f, 0xf0, 0xa, 0xff, 0xff, 0xe2,
    0x0, 0x6, 0x69, 0x96, 0x66, 0x67, 0x74, 0x0,
    0x0, 0x1f, 0xff, 0xff, 0xff, 0xff, 0xf8, 0x0,
    0x0, 0x1f, 0xe1, 0x11, 0x11, 0x17, 0xf8, 0x0,
    0x0, 0x1f, 0xff, 0xff, 0xff, 0xff, 0xf8, 0x0,
    0x0, 0x1f, 0xe5, 0x55, 0x55, 0x59, 0xf8, 0x0,
    0x0, 0x1f, 0xe5, 0x55, 0x55, 0x59, 0xf8, 0x0,
    0x0, 0x1f, 0xfe, 0xee, 0xee, 0xef, 0xf8, 0x0,
    0x0, 0x1f, 0xd0, 0x0, 0x7, 0xac, 0xf7, 0x0,
    0x0, 0x1f, 0xd0, 0x0, 0x6, 0xfe, 0xb1, 0x0,

    /* U+80E1 "胡" */
    0x0, 0x8, 0xf6, 0x0, 0x0, 0x0, 0x0, 0x0,
    0x0, 0x8f, 0x60, 0x2, 0xff, 0xff, 0xfc, 0x0,
    0x8, 0xf6, 0x0, 0x2f, 0xeb, 0xbf, 0xc6, 0xff,
    0xff, 0xff, 0xf3, 0xfb, 0x0, 0xfc, 0x6f, 0xff,
    0xff, 0xff, 0x3f, 0xb0, 0x1f, 0xc1, 0x33, 0xaf,
    0x83, 0x32, 0xff, 0xff, 0xfc, 0x0, 0x8, 0xf6,
    0x0, 0x2f, 0xe9, 0xaf, 0xc0, 0x67, 0xcf, 0xb7,
    0x32, 0xfa, 0x0, 0xfc, 0xc, 0xff, 0xff, 0xf6,
    0x3f, 0xea, 0xaf, 0xc0, 0xcf, 0x31, 0x7f, 0x65,
    0xff, 0xff, 0xfc, 0xc, 0xf1, 0x6, 0xf6, 0x8f,
    0x60, 0x1f, 0xc0, 0xcf, 0x20, 0x7f, 0x6c, 0xf1,
    0x0, 0xfc, 0xc, 0xff, 0xff, 0xf9, 0xfd, 0x0,
    0xf, 0xc0, 0xcf, 0xa9, 0x99, 0xef, 0x50, 0xbd,
    0xfb, 0x5, 0x60, 0x0, 0xb, 0xc0, 0xa, 0xfd,
    0x30, 0x0, 0x0, 0x0, 0x0, 0x0, 0x0, 0x0,

    /* U+80F3 "胳" */
    0x0, 0x0, 0x0, 0x0, 0x7, 0x70, 0x0, 0x0,
    0xa, 0xff, 0xff, 0x10, 0x1f, 0xb0, 0x0, 0x0,
    0xa, 0xfb, 0xef, 0x10, 0x8f, 0xff, 0xfd, 0x10,
    0xa, 0xf0, 0xaf, 0x12, 0xef, 0x99, 0xfd, 0x0,
    0xa, 0xf1, 0xaf, 0x2d, 0xff, 0x46, 0xf7, 0x0,
    0xa, 0xff, 0xff, 0x8f, 0xdd, 0xde, 0xe0, 0x0,
    0xa, 0xfb, 0xef, 0x13, 0x24, 0xff, 0x50, 0x0,
    0xa, 0xf0, 0xaf, 0x10, 0x2c, 0xff, 0xd4, 0x0,
    0xb, 0xf6, 0xcf, 0x4a, 0xff, 0x76, 0xff, 0xc3,
    0xb, 0xff, 0xff, 0x4f, 0xfe, 0xaa, 0xdf, 0xc0,
    0xc, 0xe4, 0xcf, 0x13, 0xff, 0xff, 0xff, 0x30,
    0xe, 0xb0, 0xaf, 0x11, 0xfa, 0x0, 0xaf, 0x30,
    0x1f, 0x90, 0xaf, 0x11, 0xfa, 0x0, 0xaf, 0x30,
    0x5f, 0x59, 0xff, 0x1, 0xff, 0xff, 0xff, 0x30,
    0x5d, 0x16, 0xf8, 0x1, 0xfe, 0xaa, 0xde, 0x20,
    0x0, 0x0, 0x0, 0x0, 0x0, 0x0, 0x0, 0x0,

    /* U+80FD "能" */
    0x0, 0x0, 0x0, 0x0, 0x0, 0x0, 0x0, 0x0,
    0x0, 0x6e, 0x50, 0x0, 0x3f, 0xa0, 0x0, 0x0,
    0x0, 0xdf, 0x5b, 0x60, 0x3f, 0xa0, 0x4b, 0x10,
    0x6, 0xfa, 0x2f, 0xf1, 0x3f, 0xdc, 0xff, 0x70,
    0x3f, 0xfb, 0xaf, 0xf9, 0x3f, 0xfd, 0x71, 0x0,
    0xf, 0xfe, 0xdb, 0xff, 0x4f, 0xb0, 0x2, 0x81,
    0x2, 0x0, 0x0, 0x51, 0x2f, 0xd3, 0x38, 0xf5,
    0xa, 0xff, 0xff, 0xf1, 0xe, 0xff, 0xff, 0xf1,
    0xa, 0xfa, 0x9e, 0xf1, 0x18, 0xb7, 0x77, 0x20,
    0xa, 0xfb, 0xae, 0xf1, 0x2f, 0xb0, 0x7, 0x0,
    0xa, 0xfe, 0xef, 0xf1, 0x2f, 0xb6, 0xef, 0xa0,
    0xa, 0xf2, 0xc, 0xf1, 0x2f, 0xff, 0xf9, 0x20,
    0xa, 0xff, 0xff, 0xf1, 0x2f, 0xe6, 0x10, 0x10,
    0xa, 0xf6, 0x5d, 0xf1, 0x2f, 0xb0, 0x1, 0xf6,
    0xa, 0xf2, 0xbf, 0xf1, 0x1f, 0xfc, 0xce, 0xf6,
    0xa, 0xf1, 0xde, 0x80, 0x7, 0xde, 0xee, 0xa0,

    /* U+810A "脊" */
    0x0, 0x10, 0x0, 0x4, 0x51, 0x0, 0x0, 0x0,
    0x2, 0xfe, 0x93, 0xd, 0xf3, 0x38, 0xcf, 0x50,
    0x0, 0x4a, 0xf9, 0x2f, 0xe0, 0x5e, 0xc8, 0x20,
    0x0, 0x36, 0xbc, 0xbf, 0xf4, 0xca, 0x73, 0x0,
    0xc, 0xff, 0xef, 0xfe, 0xff, 0xee, 0xff, 0xa0,
    0x4, 0x73, 0xaf, 0xe2, 0x3f, 0xf8, 0x27, 0x30,
    0x2, 0x7d, 0xff, 0x30, 0x4, 0xff, 0xe8, 0x30,
    0x7f, 0xff, 0xff, 0xff, 0xff, 0xff, 0xff, 0xf5,
    0xc, 0x8e, 0xf8, 0x77, 0x77, 0x9f, 0xc8, 0x90,
    0x0, 0xd, 0xfb, 0xbb, 0xbb, 0xcf, 0xb0, 0x0,
    0x0, 0xd, 0xfa, 0xaa, 0xaa, 0xbf, 0xb0, 0x0,
    0x0, 0xd, 0xf8, 0x88, 0x88, 0xaf, 0xb0, 0x0,
    0x0, 0xd, 0xff, 0xff, 0xff, 0xff, 0xb0, 0x0,
    0x0, 0xd, 0xf1, 0x0, 0x48, 0xbf, 0xa0, 0x0,
    0x0, 0xd, 0xf1, 0x0, 0x3e, 0xec, 0x30, 0x0,

    /* U+811A "脚" */
    0x0, 0x0, 0x0, 0x9, 0xe0, 0x0, 0x0, 0x0,
    0xe, 0xff, 0xf6, 0x9, 0xe0, 0x1f, 0xff, 0xf1,
    0xe, 0xdb, 0xf6, 0x9, 0xe0, 0x1f, 0xee, 0xf1,
    0xe, 0x81, 0xf6, 0xff, 0xff, 0x5f, 0x88, 0xf1,
    0xe, 0xa3, 0xf6, 0xbe, 0xfb, 0x4f, 0x88, 0xf1,
    0xe, 0xff, 0xf6, 0x9, 0xe0, 0x1f, 0x88, 0xf1,
    0xe, 0x93, 0xfa, 0xce, 0xfc, 0x7f, 0x88, 0xf1,
    0xe, 0x81, 0xfb, 0xff, 0xff, 0x9f, 0x88, 0xf1,
    0xf, 0xfe, 0xf6, 0x2f, 0x70, 0x1f, 0x88, 0xf1,
    0xf, 0xff, 0xf6, 0x5f, 0x8c, 0x1f, 0x88, 0xf1,
    0xf, 0x61, 0xf6, 0x9d, 0x4f, 0x3f, 0x89, 0xf1,
    0x2f, 0x41, 0xf6, 0xdb, 0x5f, 0x7f, 0xef, 0xf0,
    0x4f, 0x31, 0xfb, 0xff, 0xff, 0xaf, 0xa8, 0x40,
    0x7f, 0x3a, 0xf6, 0x63, 0x5, 0x4f, 0x80, 0x0,
    0x6b, 0x1f, 0xc1, 0x0, 0x0, 0x1f, 0x80, 0x0,
    0x0, 0x0, 0x0, 0x0, 0x0, 0x1, 0x10, 0x0,

    /* U+8138 "脸" */
    0x0, 0x0, 0x0, 0x0, 0x6, 0x92, 0x0, 0x0,
    0xa, 0xff, 0xfc, 0x0, 0x2f, 0xf7, 0x0, 0x0,
    0xa, 0xfb, 0xfc, 0x0, 0xcf, 0xef, 0x70, 0x0,
    0xa, 0xe0, 0xec, 0xa, 0xf9, 0x1e, 0xf8, 0x0,
    0xa, 0xf3, 0xfc, 0xbf, 0xb0, 0x2, 0xef, 0xd2,
    0xa, 0xff, 0xff, 0xff, 0xba, 0xaa, 0xce, 0xf6,
    0xa, 0xf7, 0xfd, 0xaa, 0xff, 0xff, 0xf1, 0x80,
    0xb, 0xe0, 0xec, 0x0, 0x1, 0x40, 0x3, 0x10,
    0xb, 0xfb, 0xfc, 0x4e, 0x26, 0xf2, 0x1f, 0xa0,
    0xc, 0xff, 0xfc, 0x2f, 0x63, 0xf5, 0x7f, 0x30,
    0xc, 0xc0, 0xec, 0xe, 0xa0, 0xf8, 0xdd, 0x0,
    0xe, 0xa0, 0xec, 0xc, 0xc0, 0x88, 0xf5, 0x0,
    0xf, 0x80, 0xec, 0x1, 0x0, 0xb, 0xd0, 0x0,
    0x4f, 0x5b, 0xfb, 0xdf, 0xff, 0xff, 0xff, 0xf1,
    0x5e, 0x1d, 0xe5, 0x9b, 0xbb, 0xbb, 0xbb, 0xb1,
    0x0, 0x0, 0x0, 0x0, 0x0, 0x0, 0x0, 0x0,

    /* U+818A "膊" */
    0x0, 0x0, 0x0, 0x0, 0x0, 0x0, 0x0, 0x0,
    0x0, 0x0, 0x0, 0x0, 0x0, 0xfb, 0x4d, 0x20,
    0x9, 0xff, 0xfe, 0x11, 0x11, 0xfb, 0x6f, 0xc0,
    0x9, 0xfa, 0xee, 0xaf, 0xff, 0xff, 0xff, 0xf4,
    0x9, 0xe0, 0xae, 0x37, 0x77, 0xfd, 0x77, 0x71,
    0x9, 0xf9, 0xde, 0x3f, 0xff, 0xff, 0xff, 0xf0,
    0x9, 0xff, 0xfe, 0x3f, 0xa6, 0xfd, 0x6d, 0xf0,
    0x9, 0xf0, 0xbe, 0x3f, 0xff, 0xff, 0xff, 0xf0,
    0x9, 0xe0, 0xae, 0x3f, 0x83, 0xfc, 0x3c, 0xf0,
    0xa, 0xf8, 0xde, 0x3f, 0xff, 0xef, 0xff, 0xe0,
    0xb, 0xfe, 0xfe, 0x2b, 0x40, 0x0, 0xcc, 0x0,
    0xb, 0xc0, 0xae, 0xbf, 0xff, 0xff, 0xff, 0xf7,
    0xd, 0xa0, 0xae, 0x69, 0xe9, 0x88, 0xff, 0x84,
    0xf, 0x80, 0xae, 0x4, 0xfc, 0x10, 0xed, 0x0,
    0x4f, 0x4a, 0xed, 0x0, 0x4e, 0x89, 0xfd, 0x0,
    0x3c, 0xc, 0xe6, 0x0, 0x0, 0x3f, 0xe6, 0x0,

    /* U+81EA "自" */
    0x0, 0x0, 0x4b, 0x90, 0x0, 0x0, 0x0, 0x0,
    0x8f, 0xa0, 0x0, 0x0, 0x9b, 0xbb, 0xef, 0xdb,
    0xbb, 0xba, 0xdf, 0xff, 0xff, 0xff, 0xff, 0xfe,
    0xdf, 0x31, 0x11, 0x11, 0x13, 0xfe, 0xdf, 0x10,
    0x0, 0x0, 0x1, 0xfe, 0xdf, 0xff, 0xff, 0xff,
    0xff, 0xfe, 0xdf, 0xcb, 0xbb, 0xbb, 0xbc, 0xfe,
    0xdf, 0x10, 0x0, 0x0, 0x1, 0xfe, 0xdf, 0xbb,
    0xbb, 0xbb, 0xbb, 0xfe, 0xdf, 0xff, 0xff, 0xff,
    0xff, 0xfe, 0xdf, 0x10, 0x0, 0x0, 0x2, 0xfe,
    0xdf, 0x10, 0x0, 0x0, 0x2, 0xfe, 0xdf, 0xff,
    0xff, 0xff, 0xff, 0xfe, 0xdf, 0xbb, 0xbb, 0xbb,
    0xbb, 0xfe,

    /* U+8214 "舔" */
    0x0, 0x5, 0xa2, 0x0, 0x0, 0x0, 0x0, 0x0,
    0x6c, 0xff, 0xfa, 0x2f, 0xff, 0xff, 0xff, 0x80,
    0x5c, 0xdf, 0x30, 0x1b, 0xbf, 0xfb, 0xbb, 0x60,
    0x0, 0x8f, 0x20, 0x0, 0xf, 0xb0, 0x0, 0x0,
    0x0, 0x9f, 0x30, 0x6b, 0xcf, 0xeb, 0xbb, 0xb1,
    0xaf, 0xff, 0xff, 0xbf, 0xff, 0xff, 0xff, 0xf1,
    0x68, 0xcf, 0xa8, 0x14, 0xfa, 0x4, 0xfa, 0x0,
    0x0, 0x8f, 0x20, 0x4e, 0xf8, 0x40, 0x9f, 0x90,
    0x28, 0xcf, 0x98, 0xee, 0x3f, 0xa0, 0xd, 0xf3,
    0x4f, 0xff, 0xfe, 0x3b, 0x5f, 0xb7, 0x8f, 0x60,
    0x4f, 0x40, 0xce, 0xf, 0x8f, 0xdf, 0x5f, 0xa0,
    0x4f, 0x30, 0xbe, 0x5f, 0x5f, 0xae, 0x99, 0xf1,
    0x4f, 0x97, 0xde, 0xbd, 0xf, 0xaa, 0xa4, 0xf3,
    0x4f, 0xff, 0xfe, 0x4, 0x6f, 0x90, 0x0, 0x0,
    0x4f, 0x40, 0x79, 0x0, 0xff, 0x50, 0x0, 0x0,
    0x0, 0x0, 0x0, 0x0, 0x10, 0x0, 0x0, 0x0,

    /* U+8239 "船" */
    0x0, 0x4, 0xb6, 0x0, 0x0, 0x0, 0x0, 0x0,
    0x0, 0x7, 0xf7, 0x0, 0x1f, 0xff, 0xff, 0x0,
    0x3, 0x8c, 0xfa, 0x84, 0x1f, 0xda, 0xef, 0x0,
    0x6, 0xff, 0xff, 0xf8, 0x1f, 0x90, 0xcf, 0x0,
    0x6, 0xf5, 0x81, 0xf8, 0x3f, 0x70, 0xcf, 0x0,
    0x6, 0xf6, 0xf5, 0xf8, 0x8f, 0x40, 0xcf, 0x0,
    0x6, 0xf3, 0xa5, 0xfc, 0xfc, 0x0, 0xaf, 0xd5,
    0x3e, 0xfd, 0xdd, 0xfa, 0xb1, 0x0, 0x19, 0xa4,
    0x2d, 0xfb, 0xab, 0xf8, 0x6a, 0xaa, 0xaa, 0x70,
    0x7, 0xf7, 0xc1, 0xf8, 0x9f, 0xff, 0xff, 0xa0,
    0x8, 0xf3, 0xf6, 0xf8, 0x9f, 0x20, 0x2f, 0xa0,
    0x9, 0xf0, 0x96, 0xf8, 0x9f, 0x10, 0x1f, 0xa0,
    0xc, 0xd0, 0x1, 0xf8, 0x9f, 0x10, 0x1f, 0xa0,
    0x1f, 0x90, 0x5a, 0xf8, 0x9f, 0xff, 0xff, 0xa0,
    0x3f, 0x30, 0x5f, 0xd2, 0x9f, 0xcc, 0xcf, 0xa0,
    0x1, 0x0, 0x0, 0x0, 0x11, 0x0, 0x0, 0x0,

    /* U+8272 "色" */
    0x0, 0x0, 0x4, 0x0, 0x0, 0x0, 0x0, 0x0,
    0x0, 0x0, 0x7f, 0xb1, 0x11, 0x10, 0x0, 0x0,
    0x0, 0x4, 0xff, 0xff, 0xff, 0xf6, 0x0, 0x0,
    0x0, 0x5f, 0xfa, 0x99, 0xbf, 0xf2, 0x0, 0x0,
    0x8, 0xff, 0x70, 0x2, 0xef, 0x40, 0x0, 0x0,
    0x8f, 0xff, 0xff, 0xff, 0xff, 0xff, 0xfb, 0x0,
    0x1d, 0xef, 0xbb, 0xbf, 0xfb, 0xbc, 0xfb, 0x0,
    0x0, 0xbf, 0x10, 0xe, 0xe0, 0x1, 0xfb, 0x0,
    0x0, 0xbf, 0xba, 0xaf, 0xfa, 0xab, 0xfb, 0x0,
    0x0, 0xbf, 0xff, 0xff, 0xff, 0xff, 0xfb, 0x0,
    0x0, 0xbf, 0x32, 0x22, 0x22, 0x23, 0xfb, 0x0,
    0x0, 0xbf, 0x10, 0x0, 0x0, 0x0, 0x6, 0x81,
    0x0, 0xbf, 0x20, 0x0, 0x0, 0x0, 0xc, 0xf2,
    0x0, 0x8f, 0xec, 0xbb, 0xbb, 0xbb, 0xdf, 0xd0,
    0x0, 0x9, 0xef, 0xff, 0xff, 0xff, 0xeb, 0x20,

    /* U+8282 "节" */
    0x0, 0x0, 0xbf, 0x30, 0x2, 0xfd, 0x0, 0x0,
    0x16, 0x66, 0xdf, 0x86, 0x68, 0xfe, 0x66, 0x61,
    0x2f, 0xff, 0xff, 0xff, 0xff, 0xff, 0xff, 0xf3,
    0x16, 0x66, 0xdf, 0x86, 0x67, 0xfe, 0x66, 0x61,
    0x0, 0x0, 0xbe, 0x30, 0x2, 0xec, 0x0, 0x0,
    0x0, 0x0, 0x0, 0x0, 0x0, 0x0, 0x0, 0x0,
    0x6, 0xdd, 0xdd, 0xdd, 0xdd, 0xdd, 0xdc, 0x0,
    0x7, 0xff, 0xff, 0xff, 0xff, 0xff, 0xfe, 0x0,
    0x0, 0x0, 0xa, 0xf5, 0x0, 0x1, 0xfe, 0x0,
    0x0, 0x0, 0xa, 0xf5, 0x0, 0x1, 0xfe, 0x0,
    0x0, 0x0, 0xa, 0xf5, 0x0, 0x1, 0xfe, 0x0,
    0x0, 0x0, 0xa, 0xf5, 0x9, 0xcc, 0xfd, 0x0,
    0x0, 0x0, 0xa, 0xf5, 0x7, 0xff, 0xf6, 0x0,
    0x0, 0x0, 0xa, 0xf5, 0x1, 0x32, 0x0, 0x0,
    0x0, 0x0, 0xa, 0xf5, 0x0, 0x0, 0x0, 0x0,

    /* U+82B1 "花" */
    0x0, 0x0, 0x8f, 0x50, 0x4, 0xfa, 0x0, 0x0,
    0x9, 0x99, 0xdf, 0xc9, 0x9b, 0xfe, 0x99, 0x90,
    0x1f, 0xff, 0xff, 0xff, 0xff, 0xff, 0xff, 0xf1,
    0x2, 0x22, 0xaf, 0x72, 0x26, 0xfb, 0x22, 0x20,
    0x0, 0x0, 0x46, 0x20, 0x1, 0x64, 0x0, 0x0,
    0x0, 0x0, 0xce, 0x30, 0xad, 0x20, 0x0, 0x0,
    0x0, 0x7, 0xfd, 0x0, 0xcf, 0x20, 0x6d, 0x10,
    0x0, 0x2f, 0xf5, 0x0, 0xcf, 0x5c, 0xff, 0x80,
    0x3, 0xef, 0xf3, 0x0, 0xcf, 0xff, 0xd4, 0x0,
    0x2f, 0xff, 0xf3, 0x3a, 0xff, 0xd5, 0x0, 0x0,
    0x6, 0xab, 0xf5, 0xff, 0xff, 0x20, 0x0, 0x0,
    0x0, 0xb, 0xf3, 0x52, 0xcf, 0x20, 0x4, 0xc4,
    0x0, 0xb, 0xf3, 0x0, 0xcf, 0x30, 0x6, 0xf6,
    0x0, 0xb, 0xf3, 0x0, 0xaf, 0xed, 0xdf, 0xf3,
    0x0, 0xb, 0xf3, 0x0, 0x3d, 0xff, 0xff, 0x80,

    /* U+82D4 "苔" */
    0x0, 0x0, 0xcf, 0x10, 0x2, 0xfb, 0x0, 0x0,
    0xc, 0xcc, 0xff, 0xcc, 0xcc, 0xff, 0xcc, 0xc1,
    0xf, 0xff, 0xff, 0xff, 0xff, 0xff, 0xff, 0xf1,
    0x0, 0x0, 0xad, 0x61, 0x2, 0xfb, 0x0, 0x0,
    0x0, 0x0, 0x6, 0xfe, 0x11, 0xa3, 0x0, 0x0,
    0x0, 0x0, 0x7f, 0xf5, 0x6, 0xff, 0x40, 0x0,
    0x0, 0x1a, 0xfe, 0x30, 0x0, 0x8f, 0xf4, 0x0,
    0x4, 0xff, 0xfe, 0xee, 0xff, 0xff, 0xff, 0x30,
    0x2, 0xff, 0xed, 0xcb, 0xa9, 0x87, 0xaf, 0x80,
    0x0, 0x31, 0x0, 0x0, 0x0, 0x0, 0x16, 0x0,
    0x0, 0x3f, 0xff, 0xff, 0xff, 0xff, 0xf8, 0x0,
    0x0, 0x3f, 0xda, 0xaa, 0xaa, 0xac, 0xf8, 0x0,
    0x0, 0x3f, 0x90, 0x0, 0x0, 0x6, 0xf8, 0x0,
    0x0, 0x3f, 0xff, 0xff, 0xff, 0xff, 0xf8, 0x0,
    0x0, 0x3f, 0xdb, 0xbb, 0xbb, 0xbc, 0xf7, 0x0,

    /* U+832B "茫" */
    0x0, 0x0, 0xcf, 0x10, 0x2, 0xfb, 0x0, 0x0,
    0x1e, 0xee, 0xff, 0xee, 0xee, 0xff, 0xee, 0xe1,
    0xc, 0xcc, 0xff, 0xdc, 0xcd, 0xff, 0xcc, 0xc1,
    0x0, 0x0, 0xcf, 0x10, 0x2, 0xfb, 0x0, 0x0,
    0x2, 0xe9, 0x10, 0x0, 0x7, 0xf4, 0x0, 0x0,
    0x3, 0xdf, 0xe1, 0x0, 0x5, 0xfd, 0x0, 0x0,
    0x0, 0x9, 0x95, 0x99, 0x99, 0xfe, 0x99, 0x93,
    0xa, 0x70, 0x8, 0xff, 0xff, 0xff, 0xff, 0xf5,
    0x2e, 0xfd, 0x21, 0x5f, 0xa2, 0x22, 0x22, 0x20,
    0x0, 0x8d, 0x10, 0x3f, 0x90, 0x0, 0x0, 0x0,
    0x0, 0x1, 0xc3, 0x3f, 0x90, 0x0, 0x0, 0x0,
    0x0, 0xc, 0xf7, 0x3f, 0x90, 0x0, 0x0, 0x0,
    0x1, 0xcf, 0xa0, 0x3f, 0x90, 0x0, 0x0, 0x0,
    0xd, 0xfb, 0x0, 0x3f, 0xff, 0xff, 0xff, 0x70,
    0x7, 0xc0, 0x0, 0x2b, 0xbb, 0xbb, 0xbb, 0x50,
    0x0, 0x0, 0x0, 0x0, 0x0, 0x0, 0x0, 0x0,

    /* U+8336 "茶" */
    0x0, 0x1, 0xfd, 0x0, 0x0, 0xef, 0x10, 0x0,
    0x9, 0x9a, 0xff, 0x99, 0x99, 0xff, 0xa9, 0x91,
    0x1f, 0xff, 0xff, 0xff, 0xff, 0xff, 0xff, 0xf1,
    0x2, 0x23, 0xfd, 0x2c, 0xa3, 0xef, 0x32, 0x20,
    0x0, 0x0, 0x65, 0xaf, 0xf7, 0x56, 0x0, 0x0,
    0x0, 0x0, 0x3d, 0xfd, 0xdf, 0xb2, 0x0, 0x0,
    0x0, 0x3b, 0xff, 0xc3, 0x2b, 0xff, 0xb5, 0x0,
    0x3e, 0xff, 0xf9, 0xe, 0xf1, 0x7f, 0xff, 0xf4,
    0xd, 0xfb, 0x30, 0xe, 0xf1, 0x2, 0xaf, 0xc0,
    0x2, 0x5f, 0xff, 0xff, 0xff, 0xff, 0xf4, 0x20,
    0x0, 0x2b, 0xbb, 0xbf, 0xfc, 0xbb, 0xb2, 0x0,
    0x0, 0x5, 0xe8, 0xe, 0xf1, 0x7d, 0x50, 0x0,
    0x0, 0x5f, 0xf3, 0xe, 0xf1, 0x3e, 0xf9, 0x0,
    0x5, 0xff, 0x56, 0xbf, 0xf0, 0x1, 0xdf, 0x60,
    0x0, 0x42, 0x5, 0xfe, 0x80, 0x0, 0x14, 0x0,

    /* U+8349 "草" */
    0x0, 0x0, 0xbf, 0x20, 0x2, 0xfa, 0x0, 0x0,
    0x1f, 0xff, 0xff, 0xff, 0xff, 0xff, 0xff, 0xf1,
    0x9, 0x99, 0xef, 0xa9, 0x9a, 0xfe, 0x99, 0x91,
    0x0, 0x12, 0x8b, 0x32, 0x23, 0xb8, 0x21, 0x0,
    0x0, 0x8f, 0xff, 0xff, 0xff, 0xff, 0xf8, 0x0,
    0x0, 0x8f, 0xb9, 0x99, 0x99, 0x9b, 0xf8, 0x0,
    0x0, 0x8f, 0x85, 0x55, 0x55, 0x59, 0xf8, 0x0,
    0x0, 0x8f, 0xff, 0xff, 0xff, 0xff, 0xf8, 0x0,
    0x0, 0x8f, 0x51, 0x11, 0x11, 0x16, 0xf8, 0x0,
    0x0, 0x8f, 0xff, 0xff, 0xff, 0xff, 0xf8, 0x0,
    0x0, 0x35, 0x55, 0x6f, 0xe5, 0x55, 0x53, 0x0,
    0x1a, 0xaa, 0xaa, 0xaf, 0xfa, 0xaa, 0xaa, 0xa1,
    0x1f, 0xff, 0xff, 0xff, 0xff, 0xff, 0xff, 0xf2,
    0x0, 0x0, 0x0, 0x1f, 0xe0, 0x0, 0x0, 0x0,
    0x0, 0x0, 0x0, 0xf, 0xe0, 0x0, 0x0, 0x0,

    /* U+8352 "荒" */
    0x0, 0x0, 0xcf, 0x10, 0x2, 0xfc, 0x0, 0x0,
    0x2f, 0xff, 0xff, 0xff, 0xff, 0xff, 0xff, 0xf2,
    0x1a, 0xaa, 0xef, 0xba, 0xbb, 0xfe, 0xaa, 0xa1,
    0x0, 0x0, 0x79, 0x2d, 0xd1, 0xa8, 0x0, 0x0,
    0x8, 0x99, 0x99, 0x9f, 0xfa, 0x99, 0x99, 0x90,
    0xf, 0xff, 0xff, 0xff, 0xff, 0xff, 0xff, 0xf0,
    0x2, 0x5f, 0xc2, 0x22, 0x22, 0x22, 0x22, 0x20,
    0x0, 0x3f, 0xe9, 0x99, 0x99, 0x99, 0x98, 0x0,
    0x0, 0x3f, 0xff, 0xff, 0xff, 0xff, 0xff, 0x0,
    0x0, 0x6, 0x72, 0x16, 0x50, 0x36, 0x30, 0x0,
    0x0, 0xb, 0xf3, 0xf, 0xd0, 0x6f, 0x60, 0x0,
    0x0, 0xe, 0xf1, 0xf, 0xd0, 0x6f, 0x60, 0x0,
    0x0, 0x6f, 0xd0, 0xf, 0xd0, 0x6f, 0x71, 0xc3,
    0x19, 0xff, 0x30, 0xf, 0xd0, 0x5f, 0xcb, 0xf5,
    0x2e, 0xd4, 0x0, 0xf, 0xd0, 0x1d, 0xff, 0xc0,
    0x1, 0x0, 0x0, 0x0, 0x0, 0x0, 0x0, 0x0,

    /* U+8377 "荷" */
    0x0, 0x0, 0xbf, 0x20, 0x2, 0xfb, 0x0, 0x0,
    0x1f, 0xff, 0xff, 0xff, 0xff, 0xff, 0xff, 0xf2,
    0xc, 0xcc, 0xff, 0xcc, 0xcc, 0xff, 0xcc, 0xc1,
    0x0, 0x0, 0xbe, 0x20, 0x2, 0xeb, 0x0, 0x0,
    0x0, 0x8, 0xe4, 0x0, 0x0, 0x0, 0x0, 0x0,
    0x0, 0x1f, 0xf8, 0xff, 0xff, 0xff, 0xff, 0xf3,
    0x0, 0x9f, 0xb3, 0xbb, 0xbb, 0xbb, 0xff, 0xb2,
    0x6, 0xff, 0x60, 0x0, 0x0, 0x0, 0xee, 0x0,
    0x3f, 0xff, 0x64, 0xff, 0xff, 0xf0, 0xee, 0x0,
    0x2f, 0xff, 0x64, 0xfb, 0x7d, 0xf0, 0xee, 0x0,
    0x4, 0x7f, 0x64, 0xf7, 0xb, 0xf0, 0xee, 0x0,
    0x0, 0x6f, 0x64, 0xff, 0xff, 0xf0, 0xee, 0x0,
    0x0, 0x6f, 0x64, 0xfb, 0x88, 0x80, 0xfe, 0x0,
    0x0, 0x6f, 0x62, 0x83, 0x5, 0xdd, 0xfd, 0x0,
    0x0, 0x6f, 0x60, 0x0, 0x1, 0xee, 0xb4, 0x0,

    /* U+83B7 "获" */
    0x0, 0x0, 0xaf, 0x30, 0x2, 0xfb, 0x0, 0x0,
    0x1e, 0xee, 0xff, 0xee, 0xee, 0xff, 0xee, 0xe1,
    0x1c, 0xcc, 0xef, 0xdc, 0xcd, 0xff, 0xcc, 0xc1,
    0x0, 0x10, 0x9d, 0x30, 0x1, 0xb8, 0x0, 0x0,
    0x5, 0xf7, 0x88, 0x0, 0x7, 0xf7, 0xd6, 0x0,
    0x1, 0xdf, 0xfd, 0x0, 0x7, 0xf6, 0xef, 0x30,
    0x3, 0xcf, 0xf3, 0x0, 0x7, 0xf4, 0x3e, 0x30,
    0x3f, 0xfc, 0xf7, 0xcf, 0xff, 0xff, 0xff, 0xf0,
    0x6, 0x23, 0xfd, 0x9c, 0xce, 0xfe, 0xcc, 0xc0,
    0x0, 0x3e, 0xff, 0x0, 0xc, 0xfd, 0x0, 0x0,
    0x19, 0xfd, 0xdf, 0x0, 0x3f, 0xff, 0x50, 0x0,
    0x2e, 0xa1, 0xce, 0x0, 0xbf, 0x6f, 0xd0, 0x0,
    0x1, 0x0, 0xfd, 0x9, 0xfb, 0x7, 0xfc, 0x10,
    0x2, 0x9c, 0xf8, 0xbf, 0xe2, 0x0, 0xbf, 0xe1,
    0x0, 0xee, 0xa1, 0x9c, 0x20, 0x0, 0x7, 0x80,
    0x0, 0x0, 0x0, 0x0, 0x0, 0x0, 0x0, 0x0,

    /* U+83DC "菜" */
    0x0, 0x0, 0x9f, 0x50, 0x4, 0xfa, 0x0, 0x0,
    0x1f, 0xff, 0xff, 0xff, 0xff, 0xff, 0xff, 0xf2,
    0x9, 0x99, 0xdf, 0xb9, 0x9b, 0xfd, 0x99, 0x91,
    0x0, 0x0, 0x58, 0x20, 0x4, 0xbd, 0xc3, 0x0,
    0x4, 0x89, 0x9a, 0xbd, 0xff, 0xff, 0xfe, 0x10,
    0x7, 0xff, 0xff, 0xff, 0xec, 0xa9, 0x94, 0x0,
    0x0, 0x8a, 0x10, 0x4d, 0x60, 0x1, 0xef, 0x20,
    0x0, 0x8f, 0x70, 0xf, 0xc0, 0x9, 0xf7, 0x0,
    0x0, 0xc, 0x70, 0xf, 0xd0, 0x7, 0x90, 0x0,
    0x9, 0x99, 0x99, 0x9f, 0xf9, 0x99, 0x99, 0x91,
    0x1f, 0xff, 0xff, 0xff, 0xff, 0xff, 0xff, 0xf2,
    0x0, 0x1, 0x9f, 0xff, 0xff, 0xe7, 0x10, 0x0,
    0x4, 0x9e, 0xfd, 0x3f, 0xf3, 0xdf, 0xd8, 0x30,
    0x3f, 0xfe, 0x70, 0xf, 0xf0, 0x8, 0xef, 0xf2,
    0x5, 0x50, 0x0, 0xf, 0xf0, 0x0, 0x5, 0x40,

    /* U+8404 "萄" */
    0x0, 0x0, 0xcf, 0x10, 0x2, 0xfb, 0x0, 0x0,
    0x1f, 0xff, 0xff, 0xff, 0xff, 0xff, 0xff, 0xf1,
    0x9, 0x99, 0xef, 0xa9, 0x9a, 0xfe, 0x99, 0x91,
    0x0, 0x2d, 0xd8, 0x0, 0x1, 0x85, 0x0, 0x0,
    0x0, 0xaf, 0xd8, 0x88, 0x88, 0x88, 0x88, 0x40,
    0x3, 0xff, 0xff, 0xff, 0xff, 0xff, 0xff, 0x90,
    0x1e, 0xf5, 0xd8, 0x0, 0x0, 0x0, 0x5f, 0x80,
    0x3f, 0x78, 0xff, 0xff, 0xff, 0xf2, 0x5f, 0x80,
    0x2, 0x2f, 0xa5, 0xfd, 0x55, 0x50, 0x6f, 0x70,
    0x1, 0x79, 0x87, 0xfd, 0x77, 0x76, 0x7f, 0x60,
    0x3, 0xff, 0xff, 0xff, 0xff, 0xfd, 0x7f, 0x60,
    0x0, 0x3c, 0x40, 0xec, 0x7, 0xc1, 0x9f, 0x40,
    0x0, 0x4f, 0x95, 0xfd, 0x5c, 0xf1, 0xbf, 0x30,
    0x0, 0x4f, 0xff, 0xff, 0xff, 0xf8, 0xff, 0x0,
    0x0, 0x0, 0x0, 0x0, 0x0, 0xaf, 0xe6, 0x0,
    0x0, 0x0, 0x0, 0x0, 0x0, 0x0, 0x0, 0x0,

    /* U+8424 "萤" */
    0x0, 0x0, 0x9f, 0x50, 0x4, 0xfa, 0x0, 0x0,
    0x1f, 0xff, 0xff, 0xff, 0xff, 0xff, 0xff, 0xf2,
    0x8, 0x88, 0xdf, 0xb8, 0x8a, 0xfd, 0x88, 0x81,
    0x0, 0x0, 0x36, 0x20, 0x1, 0x53, 0x0, 0x0,
    0x9, 0xaa, 0xaa, 0xaa, 0xaa, 0xaa, 0xaa, 0x80,
    0xd, 0xff, 0xff, 0xff, 0xff, 0xff, 0xff, 0xc0,
    0xd, 0xf1, 0x0, 0xc, 0xc0, 0x0, 0x4f, 0xc0,
    0x2, 0x68, 0x77, 0x7f, 0xf7, 0x77, 0x85, 0x10,
    0x0, 0x5f, 0xff, 0xff, 0xff, 0xff, 0xf5, 0x0,
    0x0, 0x5f, 0x90, 0xf, 0xf0, 0xb, 0xf5, 0x0,
    0x0, 0x5f, 0xff, 0xff, 0xff, 0xff, 0xf5, 0x0,
    0x0, 0x27, 0x77, 0x7f, 0xf7, 0x7c, 0xf3, 0x0,
    0x0, 0x0, 0x0, 0xf, 0xf0, 0xb, 0xfb, 0x0,
    0x9, 0xbc, 0xcd, 0xdf, 0xff, 0xff, 0xff, 0x70,
    0xc, 0xff, 0xff, 0xed, 0xdc, 0xba, 0x9f, 0xe0,
    0x1, 0x10, 0x0, 0x0, 0x0, 0x0, 0x4, 0x0,

    /* U+843D "落" */
    0x0, 0x0, 0xbf, 0x10, 0x3, 0xfa, 0x0, 0x0,
    0x1f, 0xff, 0xff, 0xff, 0xff, 0xff, 0xff, 0xf1,
    0x9, 0x99, 0xef, 0xa9, 0x9a, 0xfd, 0x99, 0x90,
    0x0, 0x61, 0x79, 0x14, 0xa7, 0x96, 0x0, 0x0,
    0x3, 0xff, 0x50, 0x1e, 0xf8, 0x33, 0x32, 0x0,
    0x0, 0x8f, 0xf2, 0xbf, 0xff, 0xff, 0xff, 0x40,
    0x0, 0x3, 0x6b, 0xff, 0xe5, 0x3c, 0xfb, 0x0,
    0xc, 0x80, 0x4f, 0xc7, 0xff, 0xef, 0xa0, 0x0,
    0x2d, 0xfe, 0x13, 0x27, 0xef, 0xff, 0xb6, 0x10,
    0x0, 0x8a, 0x4d, 0xff, 0xe8, 0x4a, 0xff, 0xf6,
    0x0, 0x2, 0x3e, 0xfd, 0x87, 0x77, 0x9e, 0xa0,
    0x0, 0x1e, 0xd1, 0xff, 0xff, 0xff, 0xfe, 0x0,
    0x1, 0xdf, 0x80, 0xfc, 0x0, 0x0, 0xfe, 0x0,
    0xd, 0xf9, 0x0, 0xff, 0xff, 0xff, 0xfe, 0x0,
    0x7, 0xb0, 0x0, 0xfe, 0x77, 0x77, 0xfe, 0x0,
    0x0, 0x0, 0x0, 0x0, 0x0, 0x0, 0x0, 0x0,

    /* U+8461 "葡" */
    0x0, 0x0, 0xcf, 0x10, 0x2, 0xfb, 0x0, 0x0,
    0x1f, 0xff, 0xff, 0xff, 0xff, 0xff, 0xff, 0xf1,
    0x9, 0x99, 0xef, 0xa9, 0x9a, 0xfe, 0x99, 0x91,
    0x0, 0x1d, 0xf8, 0x0, 0x1, 0x85, 0x0, 0x0,
    0x0, 0x7f, 0xfe, 0xee, 0xee, 0xee, 0xee, 0x90,
    0x1, 0xef, 0xff, 0xff, 0xff, 0xff, 0xff, 0xa0,
    0xc, 0xfb, 0x0, 0xb9, 0x3f, 0x60, 0x3f, 0x90,
    0x4f, 0xff, 0xff, 0xff, 0xff, 0xf6, 0x4f, 0x90,
    0x3, 0x37, 0x77, 0xfd, 0x77, 0x71, 0x4f, 0x80,
    0x0, 0x1f, 0xc9, 0xfe, 0x9c, 0xf1, 0x5f, 0x70,
    0x0, 0x1f, 0xec, 0xff, 0xce, 0xf1, 0x6f, 0x60,
    0x0, 0x1f, 0xa5, 0xfd, 0x5b, 0xf1, 0x7f, 0x50,
    0x0, 0x1f, 0xec, 0xff, 0xce, 0xf1, 0xaf, 0x30,
    0x0, 0x1f, 0x70, 0xeb, 0x4c, 0xfc, 0xff, 0x10,
    0x0, 0x1f, 0x70, 0xda, 0x4e, 0xdf, 0xe7, 0x0,

    /* U+8499 "蒙" */
    0x0, 0x0, 0xdf, 0x0, 0x0, 0xfd, 0x0, 0x0,
    0x3f, 0xff, 0xff, 0xff, 0xff, 0xff, 0xff, 0xf0,
    0x3, 0x33, 0xbc, 0x33, 0x34, 0xcb, 0x33, 0x30,
    0x4, 0x66, 0x66, 0x66, 0x66, 0x66, 0x66, 0x30,
    0xa, 0xff, 0xff, 0xff, 0xff, 0xff, 0xff, 0x90,
    0xa, 0xf2, 0x88, 0x88, 0x88, 0x88, 0x4f, 0x90,
    0x4, 0x62, 0x88, 0x88, 0x88, 0x88, 0x36, 0x40,
    0x0, 0xcf, 0xff, 0xff, 0xff, 0xff, 0xff, 0x0,
    0x0, 0x5a, 0xef, 0xfd, 0x66, 0x6a, 0xc6, 0x0,
    0xa, 0xff, 0xa5, 0xcf, 0xa5, 0xcf, 0xf2, 0x0,
    0x4, 0x64, 0x8e, 0xeb, 0xff, 0xfe, 0x20, 0x0,
    0x6, 0xef, 0xc6, 0x7e, 0xfe, 0x8f, 0xb0, 0x0,
    0x0, 0x76, 0x9f, 0xe7, 0xff, 0xb, 0xfc, 0x30,
    0x8, 0xff, 0xc9, 0xbc, 0xfb, 0x0, 0xbf, 0xb0,
    0x3, 0x93, 0x0, 0xff, 0xb1, 0x0, 0x6, 0x0,

    /* U+84DD "蓝" */
    0x0, 0x0, 0xcf, 0x20, 0x1, 0xfd, 0x0, 0x0,
    0x1f, 0xff, 0xff, 0xff, 0xff, 0xff, 0xff, 0xf2,
    0x7, 0x77, 0xef, 0x97, 0x78, 0xfe, 0x77, 0x71,
    0x0, 0x0, 0x4a, 0x50, 0x9, 0x94, 0x0, 0x0,
    0x0, 0xea, 0x2f, 0xb0, 0x5f, 0xc4, 0x44, 0x20,
    0x0, 0xfb, 0x2f, 0xb0, 0xaf, 0xff, 0xff, 0x80,
    0x0, 0xfb, 0x2f, 0xb2, 0xfe, 0x6d, 0x75, 0x30,
    0x0, 0xfb, 0x2f, 0xbc, 0xf7, 0x5f, 0xb0, 0x0,
    0x0, 0xfb, 0x2f, 0xb3, 0xa0, 0xa, 0xf4, 0x0,
    0x0, 0x21, 0x17, 0x50, 0x0, 0x3, 0x80, 0x0,
    0x0, 0x9f, 0xff, 0xff, 0xff, 0xff, 0xfc, 0x0,
    0x0, 0x9f, 0x8a, 0xf9, 0x9f, 0xa8, 0xfc, 0x0,
    0x0, 0x9f, 0x25, 0xf4, 0x3f, 0x61, 0xfc, 0x0,
    0x29, 0xdf, 0xbb, 0xfb, 0xbf, 0xca, 0xfe, 0x93,
    0x4f, 0xff, 0xff, 0xff, 0xff, 0xff, 0xff, 0xf4,

    /* U+8584 "薄" */
    0x0, 0x0, 0xcf, 0x10, 0x2, 0xfb, 0x0, 0x0,
    0x1f, 0xff, 0xff, 0xff, 0xff, 0xff, 0xff, 0xf2,
    0x7, 0x77, 0xef, 0x87, 0x79, 0xfd, 0xba, 0x71,
    0x1, 0x91, 0x34, 0x0, 0xd, 0xc3, 0xbf, 0x50,
    0x9, 0xff, 0x7f, 0xff, 0xff, 0xff, 0xff, 0xf0,
    0x0, 0x8f, 0x97, 0x77, 0x7f, 0xd7, 0x77, 0x70,
    0x1, 0x3, 0x9, 0xff, 0xff, 0xff, 0xff, 0x70,
    0x1e, 0xc4, 0x9, 0xf9, 0x7f, 0xd7, 0xaf, 0x70,
    0x18, 0xff, 0x29, 0xf8, 0x6f, 0xd6, 0x9f, 0x70,
    0x0, 0x36, 0x9, 0xff, 0xef, 0xfe, 0xff, 0x70,
    0x0, 0x19, 0x4, 0x71, 0x5, 0x3a, 0xe6, 0x30,
    0x0, 0x9f, 0x9f, 0xff, 0xff, 0xff, 0xff, 0xf3,
    0x3, 0xfd, 0x27, 0xdf, 0x97, 0x7d, 0xf8, 0x71,
    0xd, 0xf3, 0x0, 0x5f, 0xc2, 0x8e, 0xf0, 0x0,
    0x4, 0x80, 0x0, 0x3, 0x10, 0xff, 0x90, 0x0,

    /* U+85CF "藏" */
    0x0, 0x0, 0x9f, 0x40, 0x5, 0xf8, 0x0, 0x0,
    0x1f, 0xff, 0xff, 0xff, 0xff, 0xff, 0xff, 0xf2,
    0x8, 0x88, 0xcf, 0xa8, 0x8a, 0xfc, 0x8e, 0x81,
    0x0, 0x0, 0x24, 0x10, 0x1, 0xde, 0x4f, 0xb0,
    0x6, 0x35, 0x99, 0x99, 0x99, 0xef, 0x9e, 0xd2,
    0xd, 0x89, 0xff, 0xff, 0xff, 0xff, 0xff, 0xf4,
    0xd, 0x89, 0xf2, 0x55, 0x55, 0xbf, 0x4, 0x20,
    0xd, 0xff, 0xf7, 0xfe, 0xfe, 0xaf, 0x2f, 0xa0,
    0xd, 0xdd, 0xf7, 0xe7, 0xf4, 0x8f, 0x8f, 0x50,
    0x25, 0x5b, 0xf7, 0xfd, 0xdf, 0x8f, 0xef, 0x10,
    0x7f, 0xff, 0xe7, 0xe3, 0x5f, 0x5f, 0xfb, 0x0,
    0x1c, 0xab, 0xd7, 0xfe, 0xfd, 0x2f, 0xf4, 0x0,
    0xd, 0x8d, 0xb7, 0xe7, 0xf4, 0x5f, 0xf1, 0x94,
    0x3f, 0x7f, 0x87, 0xfe, 0xef, 0xfa, 0xfd, 0xf7,
    0x4b, 0x3c, 0x21, 0x20, 0x8, 0x90, 0x5e, 0xd1,
    0x0, 0x0, 0x0, 0x0, 0x0, 0x0, 0x0, 0x0,

    /* U+866B "虫" */
    0x0, 0x0, 0x0, 0x2f, 0xe0, 0x0, 0x0, 0x0,
    0x0, 0x0, 0x0, 0x2f, 0xe0, 0x0, 0x0, 0x0,
    0x0, 0x0, 0x0, 0x3f, 0xf0, 0x0, 0x0, 0x0,
    0x1, 0xff, 0xff, 0xff, 0xff, 0xff, 0xfd, 0x0,
    0x1, 0xff, 0xdd, 0xef, 0xfd, 0xde, 0xfd, 0x0,
    0x1, 0xfd, 0x0, 0x2f, 0xe0, 0x3, 0xfd, 0x0,
    0x1, 0xfd, 0x0, 0x2f, 0xe0, 0x3, 0xfd, 0x0,
    0x1, 0xfe, 0x0, 0x3f, 0xf0, 0x4, 0xfd, 0x0,
    0x1, 0xff, 0xff, 0xff, 0xff, 0xff, 0xfd, 0x0,
    0x1, 0xdd, 0xdd, 0xdf, 0xfd, 0xdd, 0xdb, 0x0,
    0x0, 0x0, 0x0, 0x2f, 0xe0, 0x3, 0x80, 0x0,
    0x0, 0x0, 0x0, 0x2f, 0xe0, 0xd, 0xf7, 0x0,
    0x0, 0x11, 0x23, 0x5f, 0xf6, 0x7b, 0xff, 0x30,
    0x1f, 0xff, 0xff, 0xff, 0xff, 0xff, 0xff, 0xc0,
    0xf, 0xfe, 0xdc, 0xba, 0x97, 0x65, 0x4f, 0xf4,
    0x0, 0x0, 0x0, 0x0, 0x0, 0x0, 0x6, 0x50,

    /* U+866C "虬" */
    0x0, 0x1, 0xf9, 0x0, 0x1, 0xeb, 0x0, 0x0,
    0x0, 0x1, 0xf9, 0x0, 0x1, 0xfc, 0x0, 0x0,
    0x0, 0x1, 0xf9, 0x0, 0x1, 0xfc, 0x0, 0x0,
    0x9, 0xab, 0xfe, 0xaa, 0x51, 0xfc, 0x0, 0x0,
    0xe, 0xff, 0xff, 0xff, 0x81, 0xfc, 0x0, 0x0,
    0xe, 0xb0, 0xf7, 0x1f, 0x81, 0xfc, 0x0, 0x0,
    0xe, 0xb0, 0xf7, 0x1f, 0x81, 0xfc, 0x0, 0x0,
    0xe, 0xb0, 0xf8, 0x1f, 0x81, 0xfc, 0x0, 0x0,
    0xe, 0xff, 0xff, 0xff, 0x81, 0xfc, 0x0, 0x0,
    0xe, 0xe9, 0xfd, 0x99, 0x51, 0xfc, 0x0, 0x0,
    0x0, 0x1, 0xf9, 0x7d, 0x1, 0xfc, 0x1, 0x70,
    0x0, 0x1, 0xfb, 0x8f, 0x61, 0xfc, 0x3, 0xf8,
    0x4b, 0xce, 0xff, 0xff, 0xc1, 0xfd, 0x4, 0xf7,
    0x5f, 0xfd, 0xb9, 0x6b, 0xf2, 0xff, 0xde, 0xf3,
    0x1, 0x0, 0x0, 0x3, 0x50, 0x7e, 0xfe, 0x90,

    /* U+8679 "虹" */
    0x0, 0x8, 0xf2, 0x0, 0x0, 0x0, 0x0, 0x0,
    0x0, 0x8, 0xf2, 0x2, 0x66, 0x66, 0x66, 0x60,
    0x0, 0x8, 0xf2, 0x6, 0xff, 0xff, 0xff, 0xe0,
    0x9, 0x9d, 0xfa, 0x99, 0xbb, 0xef, 0xcb, 0xa0,
    0xf, 0xff, 0xff, 0xf7, 0x0, 0xbf, 0x40, 0x0,
    0xf, 0x86, 0xf0, 0xf7, 0x0, 0xbf, 0x40, 0x0,
    0xf, 0x86, 0xf0, 0xf7, 0x0, 0xbf, 0x40, 0x0,
    0xf, 0x86, 0xf0, 0xf7, 0x0, 0xbf, 0x40, 0x0,
    0xf, 0xff, 0xff, 0xf7, 0x0, 0xbf, 0x40, 0x0,
    0xf, 0xcc, 0xf8, 0x73, 0x0, 0xbf, 0x40, 0x0,
    0x1, 0x19, 0xf2, 0xa2, 0x0, 0xbf, 0x40, 0x0,
    0x0, 0x9, 0xf2, 0xf7, 0x0, 0xbf, 0x40, 0x0,
    0x26, 0x8d, 0xff, 0xfb, 0x0, 0xbf, 0x50, 0x0,
    0x6f, 0xff, 0xfc, 0xcf, 0xff, 0xff, 0xff, 0xf3,
    0x27, 0x52, 0x0, 0x1a, 0xcc, 0xcc, 0xcc, 0xc2,

    /* U+8700 "蜀" */
    0x1, 0xff, 0xff, 0xff, 0xff, 0xff, 0xff, 0x80,
    0x1f, 0xd8, 0xdf, 0x98, 0xfe, 0x8b, 0xf8, 0x1,
    0xfd, 0x7d, 0xf8, 0x7f, 0xe7, 0xaf, 0x80, 0x1f,
    0xff, 0xff, 0xff, 0xff, 0xff, 0xf8, 0x0, 0xa,
    0xf9, 0x11, 0x11, 0x11, 0x11, 0x10, 0x9, 0xff,
    0xff, 0xff, 0xff, 0xff, 0xfd, 0xc, 0xff, 0xdd,
    0xff, 0xdd, 0xdd, 0xdf, 0xc0, 0xae, 0x85, 0x5f,
    0xf5, 0x55, 0x22, 0xfb, 0x0, 0x1f, 0xed, 0xff,
    0xde, 0xf7, 0x3f, 0xb0, 0x0, 0xfa, 0x4e, 0xf4,
    0x7f, 0x74, 0xf9, 0x0, 0xf, 0xff, 0xff, 0xff,
    0xf7, 0x5f, 0x80, 0x0, 0x64, 0x2e, 0xf4, 0xde,
    0x38, 0xf6, 0x0, 0xff, 0xff, 0xfe, 0xdb, 0xdd,
    0xef, 0x30, 0x4, 0x32, 0x10, 0x0, 0x3, 0xff,
    0x90, 0x0, 0x0, 0x0, 0x0, 0x0, 0x0, 0x0,
    0x0,

    /* U+8702 "蜂" */
    0x0, 0x0, 0x0, 0x0, 0x1, 0x0, 0x0, 0x0,
    0x0, 0x1f, 0x60, 0x0, 0x2f, 0x90, 0x0, 0x0,
    0x0, 0x1f, 0x60, 0x0, 0x9f, 0xd9, 0xa6, 0x0,
    0x0, 0x1f, 0x60, 0x3, 0xff, 0xff, 0xfd, 0x0,
    0x9, 0xaf, 0xc9, 0x6e, 0xfe, 0x39, 0xf6, 0x0,
    0xf, 0xff, 0xff, 0xdf, 0x8f, 0xdf, 0xb0, 0x0,
    0xf, 0x4f, 0x3e, 0x62, 0x5e, 0xff, 0xa4, 0x0,
    0xf, 0x4f, 0x3e, 0xdf, 0xff, 0xad, 0xff, 0xf4,
    0xf, 0x4f, 0x4e, 0xce, 0x73, 0xf9, 0x3a, 0xb0,
    0xf, 0xff, 0xff, 0x6b, 0xee, 0xff, 0xee, 0x50,
    0xf, 0xbf, 0xb8, 0x35, 0x68, 0xfc, 0x66, 0x20,
    0x2, 0x2f, 0x79, 0x37, 0xdd, 0xfe, 0xdd, 0x10,
    0x0, 0x2f, 0x6e, 0x73, 0x67, 0xfc, 0x66, 0x0,
    0x26, 0xaf, 0xff, 0xdf, 0xff, 0xff, 0xff, 0xf0,
    0x5f, 0xfd, 0xab, 0xf6, 0x68, 0xfc, 0x66, 0x60,
    0x3, 0x0, 0x1, 0x20, 0x2, 0xf9, 0x0, 0x0,

    /* U+8712 "蜒" */
    0x0, 0x6f, 0x10, 0x0, 0x10, 0x0, 0x7, 0x50,
    0x0, 0x6f, 0x10, 0xdf, 0xf9, 0x59, 0xef, 0xe0,
    0x0, 0x7f, 0x20, 0x9b, 0xf8, 0xff, 0xff, 0x81,
    0x1f, 0xff, 0xfe, 0x5, 0xf1, 0x31, 0xdc, 0x0,
    0x1f, 0xaf, 0xbe, 0xb, 0xb0, 0x73, 0xdc, 0x0,
    0x1f, 0x5e, 0x6e, 0x3f, 0xa4, 0xe6, 0xde, 0x92,
    0x1f, 0x5e, 0x6e, 0xdf, 0xfd, 0xe6, 0xdf, 0xf3,
    0x1f, 0x7e, 0x8e, 0x42, 0xab, 0xe6, 0xdc, 0x20,
    0x1f, 0xff, 0xfe, 0x47, 0xca, 0xe6, 0xdc, 0x0,
    0x1f, 0xdf, 0xa8, 0x8d, 0xe7, 0xe6, 0xdc, 0x0,
    0xa, 0x8f, 0x47, 0x3f, 0xf3, 0xec, 0xfe, 0x93,
    0x0, 0x6f, 0x8f, 0xd, 0xf1, 0xef, 0xff, 0xf5,
    0x29, 0xdf, 0xff, 0x6f, 0xfb, 0x20, 0x0, 0x0,
    0x5f, 0xfb, 0x7e, 0xfe, 0xaf, 0xfd, 0xba, 0xa5,
    0x13, 0x0, 0x3, 0xe4, 0x5, 0xbd, 0xff, 0xf4,
    0x0, 0x0, 0x0, 0x10, 0x0, 0x0, 0x0, 0x0,

    /* U+871C "蜜" */
    0x0, 0x0, 0x1, 0x76, 0x0, 0x0, 0x0, 0x7,
    0x77, 0x77, 0x8f, 0xf8, 0x77, 0x77, 0x70, 0xef,
    0xff, 0xff, 0xff, 0xff, 0xff, 0xff, 0xe, 0xc0,
    0x1, 0xcf, 0x83, 0xd8, 0xc, 0xf0, 0x2a, 0x98,
    0xf1, 0x8c, 0xfd, 0x7b, 0x53, 0x6, 0xf7, 0x8f,
    0x8e, 0xf8, 0x37, 0xdf, 0x50, 0x1b, 0x8d, 0xff,
    0xfd, 0xbd, 0xf3, 0xc9, 0xa, 0xff, 0xb7, 0x7c,
    0xc8, 0x84, 0x0, 0x0, 0x19, 0x86, 0x67, 0xff,
    0x66, 0x66, 0x50, 0x0, 0x7f, 0xff, 0xff, 0xff,
    0xff, 0xfc, 0x0, 0x7, 0xf6, 0x23, 0xfe, 0x22,
    0x5f, 0xc0, 0x0, 0x7f, 0xff, 0xff, 0xff, 0xff,
    0xfc, 0x0, 0x1, 0x22, 0x23, 0xfe, 0x24, 0xff,
    0x50, 0x8, 0xbc, 0xcd, 0xdf, 0xff, 0xff, 0xff,
    0x50, 0x9d, 0xdc, 0xcb, 0xba, 0x99, 0x88, 0xed,
    0x0, 0x0, 0x0, 0x0, 0x0, 0x0, 0x1, 0x0,

    /* U+873F "蜿" */
    0x0, 0x0, 0x0, 0x0, 0x0, 0x0, 0x0, 0x0,
    0x0, 0x4f, 0x20, 0x0, 0x0, 0xcb, 0x0, 0x0,
    0x0, 0x4f, 0x20, 0x0, 0x0, 0xdf, 0x20, 0x0,
    0x0, 0x4f, 0x20, 0x6f, 0xff, 0xff, 0xff, 0xf2,
    0x1a, 0xcf, 0xba, 0x6f, 0xb8, 0x88, 0x8d, 0xf2,
    0x1f, 0xef, 0xef, 0x6f, 0x70, 0x0, 0x9, 0xd2,
    0x1f, 0x5f, 0x5f, 0xb, 0xe6, 0x59, 0x99, 0x90,
    0x1f, 0x5f, 0x5f, 0xf, 0xff, 0xee, 0xed, 0xf0,
    0x1f, 0x5f, 0x5f, 0x5f, 0x4c, 0xce, 0x86, 0xf0,
    0x1f, 0xff, 0xff, 0xce, 0xe, 0xae, 0x86, 0xf0,
    0x1f, 0xcf, 0xb9, 0xf9, 0xef, 0x7e, 0x87, 0xf0,
    0x6, 0x6f, 0x6a, 0x32, 0xdf, 0x2e, 0xcf, 0xf0,
    0x0, 0x4f, 0x8f, 0x50, 0xcd, 0xe, 0x98, 0x30,
    0x39, 0xdf, 0xff, 0xb5, 0xf6, 0xe, 0x90, 0xb5,
    0x4f, 0xd9, 0x68, 0xcf, 0xd0, 0xe, 0xc5, 0xe8,
    0x1, 0x0, 0x0, 0x7d, 0x10, 0x7, 0xef, 0xd2,
    0x0, 0x0, 0x0, 0x0, 0x0, 0x0, 0x0, 0x0,

    /* U+8774 "蝴" */
    0x0, 0x5f, 0x30, 0x4, 0xe3, 0x0, 0x0, 0x0,
    0x0, 0x5f, 0x30, 0x4, 0xf3, 0xf, 0xff, 0xf0,
    0x0, 0x5f, 0x30, 0x4, 0xf3, 0xf, 0xcc, 0xf0,
    0xa, 0xcf, 0xc9, 0x16, 0xf5, 0x2f, 0x78, 0xf0,
    0xf, 0xff, 0xfd, 0xdf, 0xff, 0xaf, 0x79, 0xf0,
    0xf, 0x6f, 0x6d, 0x6a, 0xf9, 0x5f, 0xff, 0xf0,
    0xf, 0x6f, 0x6d, 0x4, 0xf3, 0xf, 0xbc, 0xf0,
    0xf, 0x6f, 0x6d, 0x17, 0xf5, 0x1f, 0x78, 0xf0,
    0xf, 0xff, 0xfd, 0x8f, 0xbf, 0x7f, 0xdd, 0xf0,
    0xf, 0xaf, 0x53, 0x8c, 0xf, 0x8f, 0xff, 0xf0,
    0x5, 0x5f, 0x8b, 0x8c, 0xf, 0x9f, 0x58, 0xf0,
    0x0, 0x3f, 0x7e, 0x9d, 0x4f, 0xcf, 0x18, 0xf0,
    0x4a, 0xcf, 0xff, 0xaf, 0xff, 0xfe, 0x8, 0xf0,
    0x5f, 0xda, 0x8f, 0xcc, 0x1, 0xf8, 0x5c, 0xf0,
    0x11, 0x0, 0x4, 0x10, 0x3, 0xd1, 0x6f, 0x90,
    0x0, 0x0, 0x0, 0x0, 0x0, 0x0, 0x0, 0x0,

    /* U+8776 "蝶" */
    0x0, 0x0, 0x0, 0x0, 0x0, 0x0, 0x0, 0x0,
    0x0, 0x4f, 0x10, 0x0, 0x9, 0xf1, 0xaf, 0x10,
    0x0, 0x4f, 0x10, 0x2f, 0x69, 0xf1, 0xaf, 0x10,
    0x0, 0x4f, 0x10, 0x9f, 0xbd, 0xf9, 0xdf, 0x93,
    0xb, 0xcf, 0xcb, 0xef, 0xff, 0xff, 0xff, 0xf5,
    0xf, 0xdf, 0xde, 0x2f, 0x69, 0xf2, 0xbf, 0x10,
    0xf, 0x5f, 0x5e, 0x2f, 0x69, 0xff, 0xff, 0x10,
    0xf, 0x5f, 0x5e, 0x2f, 0x62, 0x33, 0x33, 0x0,
    0xf, 0x5f, 0x5e, 0x2f, 0xff, 0xff, 0xff, 0xf0,
    0xf, 0xff, 0xfe, 0x18, 0x8b, 0xfb, 0x88, 0x80,
    0xf, 0xcf, 0xa8, 0x58, 0x8b, 0xfc, 0x88, 0x83,
    0x6, 0x5f, 0x38, 0xaf, 0xff, 0xff, 0xff, 0xf6,
    0x0, 0x3f, 0x6f, 0x21, 0xbf, 0xff, 0xb1, 0x0,
    0x3a, 0xdf, 0xff, 0x7c, 0xfc, 0xfc, 0xfd, 0x40,
    0x5e, 0xb7, 0x48, 0xff, 0x86, 0xf7, 0x6f, 0xf5,
    0x0, 0x0, 0x0, 0x55, 0x5, 0xf7, 0x3, 0x60,

    /* U+87F9 "蟹" */
    0x0, 0x36, 0x0, 0x0, 0x0, 0x0, 0x0, 0x0,
    0x1, 0xef, 0xff, 0xc0, 0xaf, 0xff, 0xff, 0xf0,
    0x1d, 0xf5, 0x8f, 0xa3, 0x28, 0xf5, 0xc, 0xe0,
    0x5f, 0xff, 0xff, 0xff, 0x9f, 0xb2, 0xef, 0xa0,
    0x8, 0xf4, 0xf8, 0xbe, 0x7f, 0x5d, 0xd6, 0x10,
    0x8, 0xfc, 0xfd, 0xee, 0x8f, 0xff, 0xff, 0xf0,
    0xa, 0xfa, 0xfc, 0xef, 0x9a, 0x6f, 0xc6, 0x61,
    0xe, 0xb3, 0xf9, 0xce, 0xbf, 0xff, 0xff, 0xf5,
    0x4f, 0x40, 0x88, 0xfd, 0x40, 0xe, 0xb0, 0x0,
    0x3, 0x25, 0x55, 0x5f, 0xe5, 0x57, 0x72, 0x0,
    0x0, 0x7f, 0xed, 0xdf, 0xfd, 0xde, 0xf7, 0x0,
    0x0, 0x7f, 0x84, 0x4f, 0xe4, 0x4a, 0xf7, 0x0,
    0x0, 0x6d, 0xdd, 0xdf, 0xfd, 0xde, 0xf6, 0x0,
    0x2, 0x34, 0x44, 0x5f, 0xe5, 0x6c, 0xf8, 0x0,
    0xb, 0xff, 0xff, 0xff, 0xee, 0xdc, 0xcf, 0x70,
    0x1, 0x21, 0x10, 0x0, 0x0, 0x0, 0x4, 0x0,

    /* U+884C "行" */
    0x0, 0x5, 0xb4, 0x0, 0x0, 0x0, 0x0, 0x0,
    0x0, 0x3f, 0xf4, 0xf, 0xff, 0xff, 0xff, 0xb0,
    0x3, 0xef, 0x80, 0xc, 0xcc, 0xcc, 0xcc, 0x90,
    0x3f, 0xfa, 0x0, 0x0, 0x0, 0x0, 0x0, 0x0,
    0x1e, 0x90, 0xdc, 0x10, 0x0, 0x0, 0x0, 0x0,
    0x3, 0x9, 0xfc, 0x0, 0x0, 0x0, 0x0, 0x0,
    0x0, 0x5f, 0xf3, 0xbf, 0xff, 0xff, 0xff, 0xf2,
    0x5, 0xff, 0xd0, 0x8b, 0xbb, 0xbf, 0xfb, 0xb1,
    0x5f, 0xff, 0xd0, 0x0, 0x0, 0xf, 0xf0, 0x0,
    0x2e, 0x9f, 0xd0, 0x0, 0x0, 0xf, 0xf0, 0x0,
    0x0, 0x1f, 0xd0, 0x0, 0x0, 0xf, 0xf0, 0x0,
    0x0, 0x1f, 0xd0, 0x0, 0x0, 0xf, 0xf0, 0x0,
    0x0, 0x1f, 0xd0, 0x0, 0x0, 0xf, 0xf0, 0x0,
    0x0, 0x1f, 0xd0, 0x0, 0x7f, 0xff, 0xd0, 0x0,
    0x0, 0x1f, 0xd0, 0x0, 0x3e, 0xeb, 0x40, 0x0,

    /* U+88AB "被" */
    0x0, 0x8, 0x80, 0x0, 0x0, 0x1f, 0xb0, 0x0,
    0x0, 0x0, 0xdf, 0x10, 0x0, 0x1, 0xfb, 0x0,
    0x0, 0x0, 0x6, 0xf5, 0x4, 0x66, 0x7f, 0xd6,
    0x65, 0x10, 0x7b, 0xce, 0xc3, 0xaf, 0xff, 0xff,
    0xff, 0xf3, 0xa, 0xff, 0xff, 0x5a, 0xf7, 0x7f,
    0xd6, 0xee, 0x0, 0x0, 0xb, 0xd0, 0xaf, 0x11,
    0xfb, 0x1f, 0x90, 0x0, 0x7, 0xf7, 0x9b, 0xfa,
    0xaf, 0xe9, 0xa6, 0x0, 0x4, 0xff, 0xcd, 0xcf,
    0xff, 0xff, 0xff, 0x90, 0x6, 0xff, 0xff, 0x4c,
    0xff, 0xe1, 0x9, 0xf4, 0x0, 0xcf, 0xef, 0xdd,
    0xed, 0x7f, 0x82, 0xfe, 0x0, 0x5, 0x4a, 0xf4,
    0x8f, 0xa0, 0xdf, 0xcf, 0x50, 0x0, 0x0, 0xaf,
    0x14, 0xf7, 0x3, 0xff, 0xc0, 0x0, 0x0, 0xa,
    0xf1, 0xbf, 0x23, 0xcf, 0xff, 0xa2, 0x0, 0x0,
    0xaf, 0x5f, 0xcc, 0xff, 0x85, 0xef, 0xf4, 0x0,
    0xa, 0xf1, 0x82, 0x89, 0x10, 0x1, 0x8a, 0x0,

    /* U+88F9 "裹" */
    0x0, 0x0, 0x0, 0xb, 0xb0, 0x0, 0x0, 0x0,
    0xf, 0xff, 0xff, 0xff, 0xff, 0xff, 0xff, 0xe0,
    0x5, 0x56, 0x66, 0x66, 0x66, 0x66, 0x65, 0x50,
    0x0, 0x7f, 0xff, 0xff, 0xff, 0xff, 0xf7, 0x0,
    0x0, 0x7f, 0x83, 0x3f, 0xf3, 0x38, 0xf7, 0x0,
    0x0, 0x7f, 0xdb, 0xbf, 0xfb, 0xbd, 0xf7, 0x0,
    0x0, 0x7f, 0xdb, 0xbf, 0xfb, 0xbd, 0xf7, 0x0,
    0x5, 0x68, 0x88, 0x8f, 0xf8, 0x88, 0x86, 0x50,
    0x2f, 0xff, 0xff, 0xff, 0xff, 0xff, 0xff, 0xf2,
    0x15, 0x8c, 0xfc, 0x6e, 0xd6, 0xbf, 0xb6, 0x10,
    0x2f, 0xd8, 0x45, 0xcf, 0xf4, 0x1, 0xad, 0xf1,
    0x3, 0x6a, 0xef, 0xe7, 0xdf, 0x6d, 0xf4, 0x10,
    0x3f, 0xff, 0xff, 0x0, 0x2d, 0xff, 0x60, 0x0,
    0x4, 0x30, 0xef, 0xbe, 0xa0, 0x9f, 0xfd, 0x92,
    0x0, 0x3, 0xff, 0xc9, 0x40, 0x1, 0x8c, 0xd0,
    0x0, 0x0, 0x30, 0x0, 0x0, 0x0, 0x0, 0x0,

    /* U+892A "褪" */
    0x0, 0x53, 0x0, 0x0, 0x0, 0x0, 0x0, 0x0,
    0x0, 0xec, 0x2, 0xa3, 0xe, 0xff, 0xff, 0xb0,
    0x0, 0x6d, 0x11, 0xfb, 0xe, 0xd7, 0x7f, 0xb0,
    0x2f, 0xff, 0xe2, 0x9f, 0x3e, 0xd8, 0x8f, 0xb0,
    0x19, 0x9d, 0xf0, 0x29, 0x1e, 0xfe, 0xef, 0xb0,
    0x0, 0xe, 0xa4, 0x66, 0xe, 0xb0, 0xe, 0xb0,
    0x0, 0x6f, 0x6b, 0xff, 0x1e, 0xff, 0xff, 0xb0,
    0x1, 0xef, 0xc8, 0x9f, 0x1e, 0xd8, 0x87, 0x70,
    0xc, 0xff, 0xe0, 0x8f, 0x1e, 0xbd, 0xca, 0xe1,
    0x5f, 0xff, 0xf5, 0x8f, 0x1e, 0xb3, 0xff, 0x50,
    0x8, 0xce, 0x71, 0x8f, 0x2f, 0xec, 0xaf, 0x80,
    0x0, 0xce, 0x0, 0x8f, 0x9f, 0xfa, 0x3b, 0xf1,
    0x0, 0xce, 0x2, 0xef, 0xa7, 0x0, 0x1, 0x20,
    0x0, 0xce, 0xd, 0xfc, 0xff, 0xdc, 0xbc, 0xd9,
    0x0, 0xce, 0xa, 0x50, 0x39, 0xcd, 0xee, 0xd5,
    0x0, 0x0, 0x0, 0x0, 0x0, 0x0, 0x0, 0x0,

    /* U+897F "西" */
    0x2f, 0xff, 0xff, 0xff, 0xff, 0xff, 0xff, 0xf2,
    0x2d, 0xdd, 0xde, 0xfd, 0xdf, 0xed, 0xdd, 0xd1,
    0x0, 0x0, 0x9, 0xf1, 0x3f, 0x90, 0x0, 0x0,
    0x0, 0x0, 0x9, 0xf2, 0x4f, 0x90, 0x0, 0x0,
    0x5, 0xff, 0xff, 0xff, 0xff, 0xff, 0xff, 0x90,
    0x5, 0xfd, 0xbe, 0xfb, 0xcf, 0xdb, 0xcf, 0x90,
    0x5, 0xf7, 0xd, 0xf0, 0x3f, 0x90, 0x5f, 0x90,
    0x5, 0xf7, 0x4f, 0xb0, 0x3f, 0xa0, 0x6f, 0x90,
    0x5, 0xfc, 0xff, 0x30, 0x1f, 0xff, 0xff, 0x90,
    0x5, 0xfd, 0xe4, 0x0, 0x6, 0xbb, 0xdf, 0x90,
    0x5, 0xf7, 0x0, 0x0, 0x0, 0x0, 0x5f, 0x90,
    0x5, 0xf8, 0x11, 0x11, 0x11, 0x11, 0x6f, 0x90,
    0x5, 0xff, 0xff, 0xff, 0xff, 0xff, 0xff, 0x90,
    0x5, 0xfd, 0xaa, 0xaa, 0xaa, 0xaa, 0xcf, 0x80,

    /* U+8981 "要" */
    0xd, 0xff, 0xff, 0xff, 0xff, 0xff, 0xff, 0xf1,
    0x8, 0xaa, 0xad, 0xfb, 0xaf, 0xea, 0xaa, 0xa1,
    0x0, 0x77, 0x7c, 0xf8, 0x7f, 0xe7, 0x77, 0x40,
    0x1, 0xff, 0xff, 0xff, 0xff, 0xff, 0xff, 0x90,
    0x1, 0xfb, 0xa, 0xf3, 0x1f, 0xc0, 0x5f, 0x90,
    0x1, 0xfd, 0x7c, 0xf8, 0x7f, 0xd7, 0x9f, 0x90,
    0x1, 0xff, 0xff, 0xff, 0xff, 0xff, 0xff, 0x90,
    0x0, 0x11, 0x15, 0xfd, 0x11, 0x11, 0x11, 0x10,
    0x1f, 0xff, 0xff, 0xff, 0xff, 0xff, 0xff, 0xf6,
    0x9, 0x99, 0xef, 0xc9, 0x99, 0xff, 0xb9, 0x94,
    0x0, 0x5, 0xff, 0x83, 0x9, 0xfb, 0x0, 0x0,
    0x0, 0x7, 0xbe, 0xff, 0xff, 0xf5, 0x0, 0x0,
    0x3, 0x46, 0x8b, 0xff, 0xff, 0xff, 0xea, 0x40,
    0x8, 0xff, 0xff, 0xb6, 0x10, 0x5a, 0xff, 0x60,
    0x1, 0x54, 0x20, 0x0, 0x0, 0x0, 0x3, 0x0,

    /* U+89C1 "见" */
    0x0, 0x4f, 0xff, 0xff, 0xff, 0xff, 0xfe, 0x0,
    0x0, 0x4f, 0xfe, 0xee, 0xee, 0xef, 0xfe, 0x0,
    0x0, 0x4f, 0xb0, 0x0, 0x0, 0x2, 0xfe, 0x0,
    0x0, 0x4f, 0xb0, 0xa, 0xa0, 0x2, 0xfe, 0x0,
    0x0, 0x4f, 0xb0, 0xf, 0xf0, 0x2, 0xfe, 0x0,
    0x0, 0x4f, 0xb0, 0xf, 0xf0, 0x2, 0xfe, 0x0,
    0x0, 0x4f, 0xb0, 0x1f, 0xe0, 0x2, 0xfe, 0x0,
    0x0, 0x4f, 0xb0, 0x5f, 0xc0, 0x2, 0xfe, 0x0,
    0x0, 0x4f, 0xb0, 0x9f, 0xfe, 0x22, 0xfe, 0x0,
    0x0, 0x3, 0x20, 0xef, 0xff, 0x20, 0x33, 0x0,
    0x0, 0x0, 0xa, 0xfb, 0xcf, 0x20, 0x0, 0xe7,
    0x0, 0x2, 0xbf, 0xe2, 0xcf, 0x20, 0x1, 0xfa,
    0x6, 0xbf, 0xfd, 0x20, 0xbf, 0xec, 0xce, 0xf7,
    0xb, 0xfe, 0x70, 0x0, 0x3c, 0xef, 0xfe, 0xa0,
    0x1, 0x40, 0x0, 0x0, 0x0, 0x0, 0x0, 0x0,

    /* U+89C9 "觉" */
    0x0, 0x0, 0x0, 0x3, 0x0, 0x1, 0x10, 0x0,
    0x0, 0x6f, 0x70, 0x7f, 0x90, 0xa, 0xf8, 0x0,
    0x0, 0x2f, 0xf2, 0xe, 0xf1, 0x3f, 0xe1, 0x0,
    0x9, 0xbe, 0xfb, 0xbe, 0xdb, 0xdf, 0xdb, 0xa0,
    0xd, 0xff, 0xff, 0xff, 0xff, 0xff, 0xff, 0xe0,
    0xd, 0xf1, 0x0, 0x0, 0x0, 0x0, 0x2f, 0xe0,
    0xa, 0xcf, 0xff, 0xff, 0xff, 0xff, 0xfc, 0xb0,
    0x0, 0xf, 0xf9, 0x99, 0x99, 0xaf, 0xe0, 0x0,
    0x0, 0xf, 0xf0, 0xc, 0xb0, 0x1f, 0xe0, 0x0,
    0x0, 0xf, 0xf0, 0x1f, 0xe0, 0x1f, 0xe0, 0x0,
    0x0, 0xf, 0xf0, 0x3f, 0xd0, 0x1f, 0xe0, 0x0,
    0x0, 0xb, 0xb0, 0xcf, 0xef, 0x9d, 0xc0, 0x0,
    0x0, 0x0, 0x4d, 0xfc, 0x6f, 0x80, 0x4, 0x81,
    0x5, 0x9e, 0xff, 0x90, 0x5f, 0xda, 0x9d, 0xf2,
    0x6, 0xfe, 0x92, 0x0, 0xc, 0xff, 0xff, 0xa0,
    0x0, 0x20, 0x0, 0x0, 0x0, 0x0, 0x0, 0x0,

    /* U+89E3 "解" */
    0x0, 0x6a, 0x20, 0x0, 0x0, 0x0, 0x0, 0x0,
    0x0, 0xcf, 0x21, 0x0, 0xff, 0xff, 0xff, 0xf0,
    0x1, 0xff, 0xff, 0xd0, 0x8b, 0xfb, 0x8e, 0xf0,
    0x8, 0xf9, 0x7f, 0x90, 0x9, 0xf2, 0xc, 0xe0,
    0x3f, 0xf7, 0xaf, 0x94, 0x2e, 0xd0, 0xe, 0xd0,
    0x6f, 0xff, 0xff, 0xfc, 0xee, 0x27, 0xff, 0x90,
    0x8, 0xf2, 0xf2, 0xea, 0x99, 0x2a, 0xf6, 0x0,
    0x7, 0xfe, 0xfe, 0xfa, 0x6f, 0x4d, 0xf0, 0x0,
    0x7, 0xfb, 0xfb, 0xfa, 0xaf, 0xff, 0xff, 0xf0,
    0x8, 0xf1, 0xf2, 0xec, 0xfd, 0x9e, 0xf9, 0x90,
    0x9, 0xfb, 0xfc, 0xfb, 0x92, 0xd, 0xf0, 0x0,
    0xa, 0xfb, 0xfb, 0xfa, 0xdf, 0xff, 0xff, 0xf5,
    0xd, 0xb0, 0xf2, 0xea, 0x9a, 0xaf, 0xfa, 0xa4,
    0x2f, 0x70, 0xfa, 0xf9, 0x0, 0xd, 0xf0, 0x0,
    0x5e, 0x10, 0x6a, 0xe4, 0x0, 0xd, 0xf0, 0x0,
    0x0, 0x0, 0x0, 0x0, 0x0, 0x0, 0x0, 0x0,

    /* U+8BA4 "认" */
    0x0, 0x38, 0x0, 0x0, 0x2, 0xfc, 0x0, 0x0,
    0x0, 0xdf, 0xa0, 0x0, 0x2, 0xfb, 0x0, 0x0,
    0x0, 0x2e, 0xf8, 0x0, 0x3, 0xfb, 0x0, 0x0,
    0x0, 0x2, 0xd1, 0x0, 0x3, 0xfb, 0x0, 0x0,
    0x0, 0x0, 0x0, 0x0, 0x4, 0xfa, 0x0, 0x0,
    0x4c, 0xcc, 0xb0, 0x0, 0x6, 0xfb, 0x0, 0x0,
    0x5f, 0xff, 0xe0, 0x0, 0x7, 0xfd, 0x0, 0x0,
    0x0, 0xf, 0xe0, 0x0, 0x9, 0xff, 0x10, 0x0,
    0x0, 0xe, 0xe0, 0x0, 0xd, 0xff, 0x50, 0x0,
    0x0, 0xe, 0xe0, 0x0, 0x2f, 0xff, 0xb0, 0x0,
    0x0, 0xe, 0xe1, 0x40, 0x8f, 0x8c, 0xf3, 0x0,
    0x0, 0xf, 0xff, 0xc2, 0xff, 0x15, 0xfb, 0x0,
    0x0, 0x2f, 0xfe, 0x5c, 0xfa, 0x0, 0xdf, 0x80,
    0x0, 0xaf, 0xc2, 0xcf, 0xe1, 0x0, 0x3f, 0xf7,
    0x0, 0x49, 0x0, 0x8e, 0x20, 0x0, 0x5, 0xf4,
    0x0, 0x0, 0x0, 0x0, 0x0, 0x0, 0x0, 0x10,

    /* U+8BA9 "让" */
    0x0, 0x67, 0x0, 0x0, 0xe, 0xf0, 0x0, 0x0,
    0x0, 0xdf, 0x80, 0x0, 0xe, 0xf0, 0x0, 0x0,
    0x0, 0x2e, 0xf4, 0x0, 0xe, 0xf0, 0x0, 0x0,
    0x0, 0x3, 0xb0, 0x0, 0xe, 0xf0, 0x0, 0x0,
    0x0, 0x0, 0x0, 0x0, 0xe, 0xf0, 0x0, 0x0,
    0x4c, 0xcc, 0x80, 0x0, 0xe, 0xfb, 0xbb, 0x50,
    0x5f, 0xff, 0xb0, 0x0, 0xe, 0xff, 0xff, 0x70,
    0x0, 0x1f, 0xb0, 0x0, 0xe, 0xf2, 0x22, 0x10,
    0x0, 0x1f, 0xb0, 0x0, 0xe, 0xf0, 0x0, 0x0,
    0x0, 0x1f, 0xb0, 0x0, 0xe, 0xf0, 0x0, 0x0,
    0x0, 0x1f, 0xb5, 0x50, 0xe, 0xf0, 0x0, 0x0,
    0x0, 0x1f, 0xef, 0xa0, 0xe, 0xf0, 0x0, 0x0,
    0x0, 0x5f, 0xfc, 0x10, 0xe, 0xf0, 0x0, 0x0,
    0x0, 0xcf, 0xa9, 0xff, 0xff, 0xff, 0xff, 0xf7,
    0x0, 0xb9, 0x8, 0xee, 0xee, 0xee, 0xee, 0xe7,
    0x0, 0x0, 0x0, 0x0, 0x0, 0x0, 0x0, 0x0,

    /* U+8BB0 "记" */
    0x0, 0x31, 0x0, 0x0, 0x0, 0x0, 0x0, 0x0,
    0x1, 0xfe, 0x20, 0x1b, 0xbb, 0xbb, 0xbb, 0x80,
    0x0, 0x8f, 0xe2, 0x2f, 0xff, 0xff, 0xff, 0xc0,
    0x0, 0x9, 0xf4, 0x2, 0x22, 0x22, 0x4f, 0xc0,
    0x0, 0x0, 0x40, 0x0, 0x0, 0x0, 0x2f, 0xc0,
    0x39, 0x99, 0x80, 0x0, 0x0, 0x0, 0x2f, 0xc0,
    0x5f, 0xff, 0xd0, 0x2, 0x22, 0x22, 0x4f, 0xc0,
    0x25, 0x6f, 0xd0, 0xf, 0xff, 0xff, 0xff, 0xc0,
    0x0, 0xf, 0xd0, 0xf, 0xfa, 0xaa, 0xbf, 0xc0,
    0x0, 0xf, 0xd0, 0xf, 0xe0, 0x0, 0x0, 0x0,
    0x0, 0xf, 0xd0, 0x2f, 0xe0, 0x0, 0x0, 0x20,
    0x0, 0xf, 0xfe, 0x9f, 0xe0, 0x0, 0x1, 0xf8,
    0x0, 0x2f, 0xff, 0x8f, 0xf0, 0x0, 0x5, 0xf8,
    0x0, 0x9f, 0xe4, 0xe, 0xfe, 0xdd, 0xdf, 0xf5,
    0x0, 0x3b, 0x10, 0x5, 0xdf, 0xff, 0xfe, 0x90,
    0x0, 0x0, 0x0, 0x0, 0x0, 0x0, 0x0, 0x0,

    /* U+8BB2 "讲" */
    0x2, 0x90, 0x0, 0x9, 0xf4, 0xb, 0xf3, 0x0,
    0x9, 0xfb, 0x0, 0xa, 0xf4, 0xb, 0xf3, 0x0,
    0x0, 0xcf, 0x80, 0xa, 0xf4, 0xb, 0xf3, 0x0,
    0x0, 0x1e, 0x47, 0xce, 0xfd, 0xcf, 0xfd, 0xa0,
    0x0, 0x0, 0x9, 0xff, 0xff, 0xff, 0xff, 0xd0,
    0x8d, 0xdd, 0x11, 0x1a, 0xf5, 0x1b, 0xf5, 0x10,
    0x9f, 0xff, 0x10, 0xa, 0xf4, 0xb, 0xf3, 0x0,
    0x0, 0xcf, 0x10, 0xa, 0xf4, 0xb, 0xf3, 0x0,
    0x0, 0xbf, 0x1c, 0xdf, 0xfe, 0xdf, 0xfe, 0xd1,
    0x0, 0xbf, 0x1e, 0xff, 0xff, 0xff, 0xff, 0xf1,
    0x0, 0xbf, 0x62, 0xe, 0xf1, 0xb, 0xf4, 0x0,
    0x0, 0xcf, 0xf7, 0x3f, 0xc0, 0xb, 0xf3, 0x0,
    0x2, 0xff, 0xc1, 0xaf, 0x70, 0xb, 0xf3, 0x0,
    0x5, 0xfa, 0x7, 0xfe, 0x10, 0xb, 0xf3, 0x0,
    0x0, 0x60, 0x1, 0xb3, 0x0, 0xb, 0xf3, 0x0,

    /* U+8BB8 "许" */
    0x0, 0x0, 0x0, 0x2, 0x20, 0x0, 0x0, 0x0,
    0x0, 0x9a, 0x0, 0xa, 0xf5, 0x0, 0x0, 0x0,
    0x0, 0xbf, 0xc0, 0xe, 0xf3, 0x0, 0x0, 0x0,
    0x0, 0xb, 0xf5, 0x2f, 0xff, 0xff, 0xff, 0xf0,
    0x0, 0x1, 0x50, 0x8f, 0xec, 0xff, 0xcc, 0xc0,
    0x38, 0x88, 0x62, 0xff, 0x21, 0xfd, 0x0, 0x0,
    0x6f, 0xff, 0xc2, 0xa8, 0x1, 0xfd, 0x0, 0x0,
    0x13, 0x4f, 0xc0, 0x0, 0x1, 0xfd, 0x0, 0x0,
    0x0, 0x1f, 0xc4, 0xff, 0xff, 0xff, 0xff, 0xfa,
    0x0, 0x1f, 0xc3, 0xcc, 0xcd, 0xff, 0xcc, 0xc8,
    0x0, 0x1f, 0xc0, 0x0, 0x1, 0xfd, 0x0, 0x0,
    0x0, 0x1f, 0xda, 0x30, 0x1, 0xfd, 0x0, 0x0,
    0x0, 0x4f, 0xff, 0x50, 0x1, 0xfd, 0x0, 0x0,
    0x0, 0x9f, 0xc3, 0x0, 0x1, 0xfd, 0x0, 0x0,
    0x0, 0x18, 0x0, 0x0, 0x1, 0xfd, 0x0, 0x0,

    /* U+8BBE "设" */
    0x0, 0x10, 0x0, 0x0, 0x0, 0x0, 0x0, 0x0,
    0x3, 0xf9, 0x0, 0xb, 0xff, 0xff, 0xf0, 0x0,
    0x1, 0xcf, 0xa0, 0xb, 0xfc, 0xcf, 0xf0, 0x0,
    0x0, 0xc, 0xc0, 0xd, 0xf0, 0xc, 0xf0, 0x0,
    0x0, 0x1, 0x0, 0x4f, 0xc0, 0xc, 0xf0, 0x0,
    0x6a, 0xaa, 0x17, 0xff, 0x40, 0xa, 0xff, 0xf0,
    0x9f, 0xff, 0x13, 0xd4, 0x0, 0x1, 0x89, 0x90,
    0x1, 0xbf, 0x11, 0xbb, 0xbb, 0xbb, 0xba, 0x20,
    0x0, 0xbf, 0x11, 0xff, 0xff, 0xff, 0xff, 0x10,
    0x0, 0xbf, 0x10, 0x5f, 0x70, 0x6, 0xf9, 0x0,
    0x0, 0xbf, 0x37, 0xb, 0xf4, 0x3f, 0xf2, 0x0,
    0x0, 0xbf, 0xef, 0x1, 0xef, 0xef, 0x50, 0x0,
    0x0, 0xef, 0xf5, 0x2, 0xcf, 0xfe, 0x40, 0x0,
    0x5, 0xfe, 0x48, 0xcf, 0xfc, 0xcf, 0xfd, 0x91,
    0x0, 0xb2, 0xb, 0xfb, 0x40, 0x5, 0xcf, 0xb0,
    0x0, 0x0, 0x1, 0x0, 0x0, 0x0, 0x1, 0x10,

    /* U+8BC6 "识" */
    0x0, 0x40, 0x0, 0x0, 0x0, 0x0, 0x0, 0x0,
    0x9f, 0x80, 0x1, 0xbb, 0xbb, 0xbb, 0xb0, 0x1,
    0xdf, 0x80, 0x1f, 0xff, 0xff, 0xff, 0x10, 0x1,
    0xe6, 0x1, 0xfc, 0x0, 0xe, 0xf1, 0x0, 0x0,
    0x0, 0x1f, 0xc0, 0x0, 0xef, 0x16, 0xbb, 0xb2,
    0x1, 0xfc, 0x0, 0xe, 0xf1, 0x8f, 0xff, 0x20,
    0x1f, 0xc0, 0x0, 0xef, 0x11, 0x2b, 0xf2, 0x1,
    0xff, 0xcc, 0xcf, 0xf1, 0x0, 0xaf, 0x20, 0x1f,
    0xff, 0xff, 0xff, 0x10, 0xa, 0xf2, 0x0, 0x0,
    0x0, 0x0, 0x0, 0x0, 0xaf, 0x4a, 0x3, 0x73,
    0x4, 0x90, 0x0, 0xa, 0xff, 0xf5, 0xbf, 0x60,
    0xaf, 0x80, 0x0, 0xdf, 0xf8, 0x3f, 0xf0, 0x2,
    0xff, 0x10, 0x5f, 0xf5, 0x1d, 0xf8, 0x0, 0xa,
    0xf8, 0x2, 0xd3, 0x3, 0xdd, 0x0, 0x0, 0x4f,
    0xa0, 0x0, 0x0, 0x0, 0x10, 0x0, 0x0, 0x20,

    /* U+8BCD "词" */
    0x0, 0x20, 0x0, 0x0, 0x0, 0x0, 0x0, 0x0,
    0x7f, 0x60, 0x3f, 0xff, 0xff, 0xff, 0xfb, 0x2,
    0xef, 0x62, 0xbb, 0xbb, 0xbb, 0xcf, 0xb0, 0x2,
    0xf9, 0x0, 0x0, 0x0, 0x1, 0xfb, 0x0, 0x2,
    0x0, 0xff, 0xff, 0xff, 0x1f, 0xb5, 0xaa, 0xa1,
    0x9, 0x99, 0x99, 0x91, 0xfb, 0x9f, 0xff, 0x20,
    0x0, 0x0, 0x0, 0x1f, 0xb3, 0x5c, 0xf2, 0x8,
    0xff, 0xff, 0x71, 0xfb, 0x0, 0x9f, 0x20, 0x8f,
    0x9a, 0xf7, 0x1f, 0xb0, 0x9, 0xf2, 0x8, 0xf1,
    0x2f, 0x71, 0xfb, 0x0, 0x9f, 0x22, 0x8f, 0x9a,
    0xf7, 0x1f, 0xb0, 0xa, 0xfc, 0xd8, 0xff, 0xff,
    0x71, 0xfb, 0x0, 0xdf, 0xf8, 0x9f, 0x10, 0x0,
    0x1f, 0xb0, 0x5f, 0xd3, 0x1, 0x20, 0x7, 0xde,
    0xf9, 0x0, 0x70, 0x0, 0x0, 0x0, 0x3f, 0xfc,
    0x20, 0x0, 0x0, 0x0, 0x0, 0x0, 0x0, 0x0,

    /* U+8BD5 "试" */
    0x5, 0x70, 0x0, 0x0, 0x7, 0xf8, 0xa3, 0x0,
    0xef, 0x70, 0x0, 0x0, 0x7f, 0x9f, 0xd0, 0x2,
    0xef, 0x40, 0x0, 0x7, 0xf7, 0x7f, 0x20, 0x4,
    0xc4, 0xbb, 0xbb, 0xdf, 0xdb, 0xd4, 0x0, 0x0,
    0x4f, 0xff, 0xff, 0xff, 0xff, 0x6d, 0xdd, 0x90,
    0x11, 0x11, 0x6f, 0x91, 0x10, 0xff, 0xfb, 0x0,
    0x0, 0x4, 0xf9, 0x0, 0x3, 0x5f, 0xb0, 0xbc,
    0xcc, 0x7f, 0xa0, 0x0, 0x1, 0xfb, 0xd, 0xff,
    0xf7, 0xfc, 0x0, 0x0, 0x1f, 0xb0, 0x9, 0xf2,
    0xf, 0xe0, 0x0, 0x1, 0xfb, 0x0, 0x9f, 0x20,
    0xef, 0x3, 0x0, 0x1f, 0xdd, 0x29, 0xf8, 0x8b,
    0xf4, 0xf6, 0x5, 0xff, 0xed, 0xff, 0xfe, 0x7f,
    0xdf, 0x50, 0xbf, 0xa0, 0xdd, 0x94, 0x1, 0xff,
    0xf1, 0x3, 0x60, 0x1, 0x0, 0x0, 0x6, 0xe8,
    0x0, 0x0, 0x0, 0x0, 0x0, 0x0, 0x0, 0x0,

    /* U+8BE5 "该" */
    0x0, 0x20, 0x0, 0x0, 0x2, 0x73, 0x0, 0x0,
    0x3, 0xfa, 0x0, 0x0, 0x6, 0xfa, 0x0, 0x0,
    0x0, 0xcf, 0x62, 0xcc, 0xcd, 0xff, 0xcc, 0xc2,
    0x0, 0x2f, 0xb2, 0xff, 0xff, 0xff, 0xff, 0xf3,
    0x0, 0x3, 0x0, 0x0, 0x8f, 0x90, 0x21, 0x0,
    0x4c, 0xcc, 0x90, 0x6, 0xfd, 0x1, 0xef, 0x20,
    0x5f, 0xff, 0xc0, 0xbf, 0xff, 0xff, 0xf8, 0x0,
    0x0, 0x1f, 0xc0, 0x8e, 0xdc, 0xff, 0xb0, 0x0,
    0x0, 0x1f, 0xc0, 0x0, 0x3d, 0xfb, 0x2e, 0xb1,
    0x0, 0x1f, 0xc0, 0x29, 0xff, 0x91, 0xcf, 0xb0,
    0x0, 0x1f, 0xc1, 0xef, 0xe5, 0x1d, 0xfc, 0x10,
    0x0, 0x1f, 0xdd, 0x96, 0x5, 0xef, 0xe1, 0x0,
    0x0, 0x2f, 0xff, 0x53, 0xbf, 0xff, 0xf9, 0x0,
    0x0, 0x9f, 0xe9, 0xcf, 0xfd, 0x41, 0xdf, 0xb0,
    0x0, 0x6c, 0x14, 0xfd, 0x60, 0x0, 0xc, 0x80,
    0x0, 0x0, 0x0, 0x20, 0x0, 0x0, 0x0, 0x0,

    /* U+8C03 "调" */
    0x0, 0x20, 0x0, 0x0, 0x0, 0x0, 0x0, 0x0,
    0x8f, 0x50, 0xf, 0xff, 0xff, 0xff, 0xfa, 0x3,
    0xef, 0x60, 0xfd, 0xaa, 0xaa, 0xaf, 0xa0, 0x3,
    0xf7, 0xf, 0x90, 0x7f, 0x0, 0xfa, 0x0, 0x1,
    0x0, 0xf9, 0xbf, 0xff, 0x4f, 0xa7, 0xcc, 0xc1,
    0xf, 0x92, 0x9f, 0x31, 0xfa, 0x9f, 0xff, 0x10,
    0xf9, 0xac, 0xfa, 0x6f, 0xa0, 0xb, 0xf1, 0x1f,
    0x8b, 0xbb, 0xb7, 0xfa, 0x0, 0xbf, 0x11, 0xf7,
    0x23, 0x33, 0xf, 0xa0, 0xb, 0xf1, 0x2f, 0x6d,
    0xff, 0xf4, 0xfa, 0x0, 0xbf, 0x35, 0xf5, 0xd8,
    0x2f, 0x4f, 0xa0, 0xc, 0xfe, 0xdf, 0x2d, 0xa6,
    0xf4, 0xfa, 0x1, 0xff, 0xff, 0xe0, 0xdf, 0xff,
    0x4f, 0xa0, 0x8f, 0xe9, 0xf9, 0x6, 0x30, 0x7b,
    0xf9, 0x0, 0x81, 0x2b, 0x10, 0x0, 0x7, 0xfd,
    0x30, 0x0, 0x0, 0x0, 0x0, 0x0, 0x0, 0x0,

    /* U+8D1D "贝" */
    0x0, 0x3f, 0xff, 0xff, 0xff, 0xff, 0xf6, 0x0,
    0x3, 0xfe, 0xbb, 0xbb, 0xbb, 0xef, 0x60, 0x0,
    0x3f, 0xb0, 0x5, 0x60, 0x9, 0xf6, 0x0, 0x3,
    0xfb, 0x0, 0xef, 0x10, 0x9f, 0x60, 0x0, 0x3f,
    0xb0, 0xe, 0xf1, 0x9, 0xf6, 0x0, 0x3, 0xfb,
    0x0, 0xef, 0x10, 0x9f, 0x60, 0x0, 0x3f, 0xb0,
    0xf, 0xf0, 0x9, 0xf6, 0x0, 0x3, 0xfb, 0x0,
    0xfe, 0x0, 0x9f, 0x60, 0x0, 0x3f, 0xb0, 0x6f,
    0xb0, 0x9, 0xf6, 0x0, 0x2, 0xb8, 0xd, 0xf4,
    0x0, 0x6a, 0x40, 0x0, 0x0, 0x1b, 0xfc, 0xc,
    0x92, 0x0, 0x0, 0x0, 0x6e, 0xfd, 0x13, 0xdf,
    0xfa, 0x20, 0x8, 0xef, 0xf9, 0x0, 0x0, 0x4c,
    0xff, 0x60, 0x4f, 0xa3, 0x0, 0x0, 0x0, 0x6,
    0xe2, 0x0, 0x0, 0x0, 0x0, 0x0, 0x0, 0x0,
    0x0,

    /* U+8D35 "贵" */
    0x0, 0x0, 0x0, 0xe, 0xf0, 0x0, 0x0, 0x0,
    0x0, 0x4f, 0xff, 0xff, 0xff, 0xff, 0xf4, 0x0,
    0x0, 0x4f, 0x93, 0x3f, 0xf3, 0x3b, 0xf4, 0x0,
    0x0, 0x4f, 0xa5, 0x5f, 0xf5, 0x5b, 0xf4, 0x0,
    0x0, 0x4e, 0xee, 0xef, 0xfe, 0xee, 0xe4, 0x0,
    0x17, 0x77, 0x77, 0x7f, 0xf8, 0x77, 0x77, 0x72,
    0x2e, 0xee, 0xee, 0xee, 0xee, 0xee, 0xee, 0xe3,
    0x0, 0x18, 0x88, 0x88, 0x88, 0x88, 0x82, 0x0,
    0x0, 0x3f, 0xff, 0xff, 0xff, 0xff, 0xf4, 0x0,
    0x0, 0x3f, 0xb0, 0x7, 0x70, 0xb, 0xf4, 0x0,
    0x0, 0x3f, 0xb0, 0x1f, 0xe0, 0xb, 0xf4, 0x0,
    0x0, 0x3f, 0xb0, 0x6f, 0xb0, 0xb, 0xf4, 0x0,
    0x0, 0x16, 0x57, 0xff, 0x4e, 0xca, 0x61, 0x0,
    0x2, 0x5a, 0xef, 0xe4, 0x29, 0xff, 0xfb, 0x40,
    0xa, 0xff, 0xc6, 0x0, 0x0, 0x5, 0xbf, 0x90,
    0x0, 0x51, 0x0, 0x0, 0x0, 0x0, 0x3, 0x10,

    /* U+8D39 "费" */
    0x0, 0x0, 0x6, 0xf4, 0xe, 0xd0, 0x0, 0x0,
    0x3, 0xff, 0xff, 0xff, 0xff, 0xff, 0xff, 0x10,
    0x0, 0x33, 0x38, 0xf7, 0x3f, 0xe3, 0xbf, 0x10,
    0x0, 0xdf, 0xff, 0xff, 0xff, 0xff, 0xff, 0x10,
    0x0, 0xfd, 0x5a, 0xf7, 0x5f, 0xe5, 0x55, 0x0,
    0x3, 0xff, 0xff, 0xff, 0xff, 0xff, 0xff, 0xf1,
    0x1, 0x48, 0xef, 0xb4, 0x4f, 0xe4, 0x9f, 0xe0,
    0xb, 0xef, 0xfc, 0x10, 0xa, 0x90, 0xab, 0x50,
    0x9, 0xff, 0xe8, 0x88, 0x88, 0x88, 0x82, 0x0,
    0x1, 0x2f, 0xff, 0xff, 0xff, 0xff, 0xf5, 0x0,
    0x0, 0x1f, 0xc0, 0x5, 0x71, 0x8, 0xf5, 0x0,
    0x0, 0x1f, 0xc0, 0x1f, 0xe0, 0x8, 0xf5, 0x0,
    0x0, 0x1d, 0xa4, 0xef, 0x6b, 0x9a, 0xb3, 0x0,
    0x15, 0x7a, 0xef, 0xf5, 0x3b, 0xff, 0xfb, 0x50,
    0x1f, 0xff, 0xc7, 0x10, 0x0, 0x5, 0xaf, 0xe1,
    0x3, 0x20, 0x0, 0x0, 0x0, 0x0, 0x1, 0x20,

    /* U+8D5A "赚" */
    0x0, 0x0, 0x0, 0x0, 0x72, 0x0, 0x68, 0x10,
    0xf, 0xff, 0xff, 0x50, 0xcc, 0x1, 0xed, 0x0,
    0xf, 0xb9, 0x9f, 0x56, 0xaf, 0x7a, 0xf9, 0x62,
    0xf, 0x65, 0x2f, 0x5e, 0xff, 0xff, 0xff, 0xf6,
    0xf, 0x6f, 0x6f, 0x52, 0x4f, 0x6d, 0xb2, 0x21,
    0xf, 0x6f, 0x6f, 0x56, 0xff, 0xff, 0xff, 0xd0,
    0xf, 0x6f, 0x6f, 0x53, 0x8f, 0xae, 0xdb, 0xe0,
    0xf, 0x6f, 0x6f, 0x6b, 0xcf, 0xcf, 0xed, 0xf6,
    0xf, 0x6f, 0x6f, 0x7c, 0xcf, 0xdf, 0xed, 0xf6,
    0xf, 0x7f, 0x5f, 0x53, 0x7f, 0x8e, 0xca, 0xe0,
    0xf, 0xaf, 0x2f, 0x57, 0xff, 0xff, 0xff, 0xe0,
    0x0, 0x9d, 0x72, 0x1, 0xdf, 0x5d, 0xf9, 0x0,
    0x2, 0xf6, 0xbd, 0x1a, 0xff, 0x4c, 0xff, 0x60,
    0x3e, 0xc0, 0x18, 0xcf, 0x7f, 0x4c, 0xaa, 0xf5,
    0x29, 0x0, 0x0, 0x26, 0x1f, 0x4c, 0xa0, 0x60,
    0x0, 0x0, 0x0, 0x0, 0x0, 0x0, 0x0, 0x0,

    /* U+8D62 "赢" */
    0x0, 0x0, 0x0, 0x1d, 0xc0, 0x0, 0x0, 0x0,
    0xaf, 0xff, 0xff, 0xff, 0xff, 0xff, 0xff, 0xf3,
    0x23, 0xbf, 0x33, 0x33, 0x33, 0x33, 0x33, 0x30,
    0x0, 0x9f, 0xff, 0xff, 0xff, 0xff, 0xff, 0x40,
    0x0, 0x58, 0x88, 0x88, 0x88, 0x88, 0x86, 0x10,
    0x0, 0x8f, 0xba, 0xaa, 0xaa, 0xac, 0xf6, 0x0,
    0x0, 0x8f, 0xdc, 0xcc, 0xcc, 0xce, 0xf6, 0x0,
    0x2, 0x68, 0x86, 0x88, 0x86, 0x78, 0x85, 0x0,
    0x9, 0xff, 0xf8, 0xff, 0xfa, 0xdf, 0xff, 0x0,
    0x9, 0xc6, 0xf8, 0xa6, 0x9a, 0xd8, 0x6f, 0x0,
    0xa, 0xff, 0xf8, 0xaf, 0x9a, 0xef, 0x7f, 0x0,
    0xb, 0xb5, 0xf8, 0xbf, 0x7a, 0xfe, 0xdf, 0x0,
    0xe, 0xff, 0xf7, 0xff, 0x79, 0xf7, 0xff, 0x0,
    0x4f, 0x78, 0xf7, 0xfa, 0xec, 0xe0, 0x5f, 0xa4,
    0x5a, 0x5f, 0xba, 0x70, 0x9, 0x60, 0x2d, 0xd1,
    0x0, 0x0, 0x0, 0x0, 0x0, 0x0, 0x0, 0x0,

    /* U+8D70 "走" */
    0x0, 0x0, 0x0, 0xf, 0xe0, 0x0, 0x0, 0x0,
    0x0, 0x0, 0x0, 0xf, 0xe0, 0x0, 0x0, 0x0,
    0x0, 0xaf, 0xff, 0xff, 0xff, 0xff, 0xfd, 0x0,
    0x0, 0x8c, 0xcc, 0xcf, 0xfc, 0xcc, 0xca, 0x0,
    0x0, 0x0, 0x0, 0xf, 0xe0, 0x0, 0x0, 0x0,
    0xb, 0xbb, 0xbb, 0xbf, 0xfb, 0xbb, 0xbb, 0xb1,
    0x1f, 0xff, 0xff, 0xff, 0xff, 0xff, 0xff, 0xf1,
    0x0, 0x3, 0x20, 0x1f, 0xe0, 0x0, 0x0, 0x0,
    0x0, 0xf, 0xf0, 0xf, 0xe0, 0x0, 0x0, 0x0,
    0x0, 0x2f, 0xc0, 0xf, 0xff, 0xff, 0xff, 0x0,
    0x0, 0x7f, 0xe1, 0xf, 0xfb, 0xbb, 0xbb, 0x0,
    0x0, 0xdf, 0xfb, 0x1f, 0xe0, 0x0, 0x0, 0x0,
    0x5, 0xfc, 0x9f, 0xef, 0xe0, 0x0, 0x0, 0x0,
    0x3f, 0xf3, 0x8, 0xff, 0xff, 0xed, 0xdd, 0xd4,
    0x2d, 0x70, 0x0, 0x28, 0xbe, 0xff, 0xff, 0xf0,
    0x0, 0x0, 0x0, 0x0, 0x0, 0x0, 0x0, 0x0,

    /* U+8D76 "赶" */
    0x0, 0x8, 0xf4, 0x0, 0x0, 0x0, 0x0, 0x0,
    0x0, 0x8, 0xf4, 0x0, 0x7f, 0xff, 0xff, 0xe0,
    0xc, 0xff, 0xff, 0xfa, 0x5b, 0xcf, 0xeb, 0xb0,
    0x9, 0xbd, 0xfc, 0xb7, 0x0, 0x2f, 0xb0, 0x0,
    0x0, 0x8, 0xf4, 0x0, 0x0, 0x2f, 0xb0, 0x0,
    0x3b, 0xbd, 0xfc, 0xbb, 0x32, 0x5f, 0xc2, 0x20,
    0x4f, 0xff, 0xff, 0xff, 0xdf, 0xff, 0xff, 0xf4,
    0x3, 0x32, 0xf9, 0x0, 0x57, 0x8f, 0xd7, 0x72,
    0xc, 0xf2, 0xfd, 0x98, 0x0, 0x2f, 0xb0, 0x0,
    0xd, 0xf2, 0xff, 0xfe, 0x0, 0x2f, 0xb0, 0x0,
    0xe, 0xf7, 0xfa, 0x11, 0x0, 0x2f, 0xb0, 0x0,
    0xf, 0xfe, 0xf9, 0x0, 0x0, 0x2f, 0xb0, 0x0,
    0x1f, 0xef, 0xfb, 0x0, 0x0, 0x17, 0x50, 0x0,
    0x4f, 0x69, 0xff, 0xfd, 0xdc, 0xcc, 0xcd, 0xd5,
    0x9f, 0x20, 0x4a, 0xdf, 0xff, 0xff, 0xff, 0xf1,
    0x6, 0x0, 0x0, 0x0, 0x0, 0x0, 0x0, 0x0,

    /* U+8D77 "起" */
    0x0, 0x7, 0xf4, 0x0, 0x0, 0x0, 0x0, 0x0,
    0x0, 0x7, 0xf4, 0x0, 0x6f, 0xff, 0xff, 0xc0,
    0xc, 0xff, 0xff, 0xfa, 0x4a, 0xaa, 0xaf, 0xc0,
    0x9, 0xad, 0xfc, 0xa7, 0x0, 0x0, 0x1f, 0xc0,
    0x0, 0x7, 0xf4, 0x0, 0x0, 0x0, 0x1f, 0xc0,
    0x3a, 0xad, 0xfc, 0xaa, 0x3a, 0xaa, 0xbf, 0xc0,
    0x4f, 0xff, 0xff, 0xff, 0x5f, 0xff, 0xff, 0xc0,
    0x3, 0x31, 0xfa, 0x0, 0x4f, 0x90, 0x2, 0x20,
    0xc, 0xf1, 0xfd, 0x98, 0x4f, 0x90, 0x0, 0x40,
    0xd, 0xf1, 0xff, 0xfe, 0x4f, 0x90, 0x1, 0xf8,
    0xe, 0xf4, 0xfa, 0x0, 0x3f, 0xd6, 0x58, 0xf7,
    0xf, 0xfd, 0xfa, 0x0, 0x1f, 0xff, 0xff, 0xf2,
    0x1f, 0xff, 0xfb, 0x0, 0x1, 0x56, 0x66, 0x20,
    0x4f, 0x7a, 0xff, 0xfe, 0xdd, 0xdd, 0xdd, 0xd8,
    0x8f, 0x20, 0x49, 0xce, 0xff, 0xff, 0xff, 0xf3,
    0x5, 0x0, 0x0, 0x0, 0x0, 0x0, 0x0, 0x0,

    /* U+8D8A "越" */
    0x0, 0x6, 0xf5, 0x0, 0x0, 0x2f, 0xa9, 0x20,
    0x0, 0x6, 0xf5, 0x0, 0x0, 0x1f, 0xae, 0xc0,
    0x9, 0xff, 0xff, 0xf7, 0x11, 0x3f, 0xa7, 0xc1,
    0x7, 0xbd, 0xfd, 0xb5, 0xdf, 0xff, 0xff, 0xf5,
    0x0, 0x6, 0xf5, 0x0, 0xde, 0x9f, 0xd9, 0x93,
    0x1b, 0xbd, 0xfd, 0xb8, 0xdc, 0xe, 0xc2, 0x71,
    0x2f, 0xff, 0xff, 0xfb, 0xdc, 0xc, 0xd9, 0xf0,
    0x1, 0x20, 0xfa, 0x0, 0xdc, 0xa, 0xff, 0x90,
    0x8, 0xf1, 0xfc, 0x52, 0xed, 0x88, 0xff, 0x20,
    0x9, 0xf2, 0xff, 0xf9, 0xff, 0xf9, 0xf9, 0x61,
    0x9, 0xf8, 0xfc, 0x48, 0xfc, 0x5e, 0xf9, 0xd6,
    0xa, 0xff, 0xfa, 0x0, 0x66, 0xfe, 0xbf, 0xf2,
    0xe, 0xdf, 0xfc, 0x10, 0x5, 0xd2, 0x8, 0x60,
    0x3f, 0x75, 0xff, 0xfe, 0xdd, 0xdc, 0xdd, 0xd6,
    0x3e, 0x20, 0x18, 0xce, 0xff, 0xff, 0xff, 0xf1,
    0x1, 0x0, 0x0, 0x0, 0x0, 0x0, 0x0, 0x0,

    /* U+8D9F "趟" */
    0x0, 0xb, 0xe0, 0x0, 0x30, 0x8f, 0x1, 0x0,
    0x0, 0xb, 0xe0, 0x6, 0xf4, 0x8f, 0xa, 0xe0,
    0xb, 0xff, 0xff, 0xf0, 0xeb, 0x8f, 0x2f, 0x80,
    0x8, 0xae, 0xfa, 0xa0, 0x8a, 0x8f, 0x4d, 0x10,
    0x0, 0xb, 0xe0, 0x3, 0x99, 0xcf, 0xa9, 0x90,
    0x2b, 0xbe, 0xfb, 0xb9, 0xff, 0xff, 0xff, 0xe0,
    0x4f, 0xff, 0xff, 0xfa, 0xf4, 0x22, 0x2a, 0xe0,
    0x1, 0x17, 0xf4, 0x16, 0xf5, 0xff, 0xba, 0xe0,
    0xc, 0xc6, 0xf8, 0x67, 0xf5, 0xe4, 0xba, 0xe0,
    0xc, 0xc6, 0xff, 0xf7, 0xf5, 0xfe, 0xba, 0xe0,
    0xd, 0xe7, 0xf3, 0x6, 0xf5, 0xe2, 0x2a, 0xe0,
    0xe, 0xfe, 0xf3, 0x6, 0xf3, 0x20, 0x5d, 0xe0,
    0x1f, 0xef, 0xf3, 0x6, 0xf3, 0x0, 0x8d, 0x70,
    0x5f, 0x39, 0xff, 0xdb, 0xba, 0xaa, 0xaa, 0xb4,
    0x6d, 0x0, 0x39, 0xce, 0xff, 0xff, 0xff, 0xf1,
    0x1, 0x0, 0x0, 0x0, 0x0, 0x0, 0x0, 0x0,

    /* U+8DD1 "跑" */
    0x0, 0x0, 0x0, 0x0, 0x54, 0x0, 0x0, 0x0,
    0xe, 0xff, 0xff, 0xa0, 0xee, 0x0, 0x0, 0x0,
    0xe, 0xd9, 0xaf, 0xa4, 0xfe, 0xbb, 0xbb, 0x70,
    0xe, 0xa0, 0x1f, 0xad, 0xff, 0xff, 0xff, 0xa0,
    0xe, 0xc4, 0x5f, 0xff, 0x70, 0x0, 0x2f, 0xa0,
    0xe, 0xff, 0xff, 0xbe, 0xff, 0xfe, 0x2f, 0xa0,
    0x4, 0x4e, 0xf4, 0x2a, 0xf8, 0xde, 0x2f, 0x90,
    0x8, 0x4d, 0xf0, 0xa, 0xf0, 0xae, 0x2f, 0x90,
    0xf, 0x7d, 0xff, 0x8a, 0xf4, 0xce, 0x3f, 0x90,
    0xf, 0x7d, 0xfa, 0x5a, 0xff, 0xfe, 0x7f, 0x70,
    0xf, 0x7d, 0xf0, 0xa, 0xf3, 0x3f, 0xff, 0x40,
    0xf, 0x7d, 0xf3, 0x4a, 0xf0, 0x6, 0x74, 0x0,
    0x1f, 0xcf, 0xff, 0xda, 0xf0, 0x0, 0x2, 0xf5,
    0x9f, 0xfe, 0xa5, 0x18, 0xfa, 0x99, 0x9c, 0xf4,
    0x36, 0x20, 0x0, 0x2, 0xcf, 0xff, 0xff, 0xa0,

    /* U+8DDF "跟" */
    0xe, 0xff, 0xff, 0xba, 0xff, 0xff, 0xff, 0xa0,
    0xe, 0xd9, 0x9f, 0xbb, 0xfb, 0xaa, 0xbf, 0xa0,
    0xe, 0xa0, 0xf, 0xbb, 0xf2, 0x0, 0x1f, 0xa0,
    0xe, 0xb0, 0xf, 0xbb, 0xfe, 0xee, 0xef, 0xa0,
    0xe, 0xff, 0xff, 0xbb, 0xfc, 0xbb, 0xbf, 0xa0,
    0x7, 0x8d, 0xf8, 0x6b, 0xf2, 0x0, 0x1f, 0xa0,
    0x6, 0x3a, 0xf0, 0xb, 0xff, 0xff, 0xff, 0xa0,
    0xf, 0x8a, 0xff, 0xab, 0xf8, 0xde, 0x77, 0x70,
    0xf, 0x8a, 0xfb, 0x7b, 0xf2, 0x8f, 0x3b, 0xe2,
    0xf, 0x8a, 0xf0, 0xb, 0xf2, 0x3f, 0xff, 0xa0,
    0xf, 0x8a, 0xf1, 0x3b, 0xf2, 0xc, 0xf8, 0x0,
    0xf, 0xbd, 0xff, 0xcb, 0xf4, 0x58, 0xfe, 0x20,
    0x9f, 0xff, 0xd9, 0x6f, 0xff, 0xf7, 0x9f, 0xe4,
    0x5a, 0x62, 0x0, 0x2f, 0xfb, 0x61, 0xa, 0xe1,
    0x0, 0x0, 0x0, 0x3, 0x0, 0x0, 0x0, 0x10,

    /* U+8DE4 "跤" */
    0x0, 0x0, 0x0, 0x0, 0x0, 0x0, 0x0, 0x0,
    0x0, 0x0, 0x0, 0x0, 0x1, 0xa9, 0x0, 0x0,
    0xa, 0xff, 0xff, 0x90, 0x0, 0xef, 0x20, 0x0,
    0xa, 0xf9, 0xaf, 0x9a, 0xbb, 0xef, 0xbb, 0xb1,
    0xa, 0xe0, 0x1f, 0x9e, 0xff, 0xff, 0xff, 0xf1,
    0xa, 0xe0, 0x1f, 0x92, 0x6c, 0x53, 0x5b, 0x30,
    0xa, 0xff, 0xff, 0x90, 0xcf, 0x30, 0x9f, 0x50,
    0x6, 0x9c, 0xfa, 0x56, 0xfa, 0x0, 0x1e, 0xe0,
    0x4, 0x58, 0xf2, 0x1f, 0xf8, 0x0, 0x6a, 0xf8,
    0xa, 0xc8, 0xfb, 0x97, 0xbf, 0x62, 0xfb, 0x91,
    0xa, 0xc8, 0xff, 0xd0, 0xf, 0xd9, 0xf3, 0x0,
    0xa, 0xc8, 0xf2, 0x0, 0x8, 0xff, 0xc0, 0x0,
    0xa, 0xc8, 0xf3, 0x40, 0x2, 0xff, 0x70, 0x0,
    0xb, 0xec, 0xff, 0xf0, 0x2d, 0xff, 0xf6, 0x0,
    0x6f, 0xff, 0xeb, 0x88, 0xff, 0x95, 0xff, 0xc2,
    0x39, 0x62, 0x0, 0x2e, 0xe6, 0x0, 0x3d, 0xd0,
    0x0, 0x0, 0x0, 0x3, 0x10, 0x0, 0x0, 0x10,

    /* U+8DEF "路" */
    0x0, 0x0, 0x0, 0x0, 0x5, 0x51, 0x0, 0x0,
    0xb, 0xff, 0xff, 0xc0, 0xf, 0xf2, 0x0, 0x0,
    0xb, 0xf9, 0x9f, 0xc0, 0x6f, 0xff, 0xff, 0x90,
    0xb, 0xe0, 0xe, 0xc1, 0xef, 0x99, 0xdf, 0x60,
    0xb, 0xf1, 0x1f, 0xca, 0xff, 0x61, 0xff, 0x10,
    0xb, 0xff, 0xff, 0xef, 0xee, 0xfb, 0xf8, 0x0,
    0x6, 0x8c, 0xfa, 0x72, 0x34, 0xff, 0xd0, 0x0,
    0x5, 0x47, 0xf3, 0x0, 0x1b, 0xff, 0xf8, 0x0,
    0xd, 0xb7, 0xfc, 0xb8, 0xff, 0xa4, 0xdf, 0xf8,
    0xd, 0xb7, 0xfe, 0xde, 0xfd, 0x88, 0x9f, 0xf2,
    0xd, 0xb7, 0xf3, 0x3, 0xff, 0xff, 0xff, 0xb0,
    0xd, 0xb7, 0xf3, 0x41, 0xfb, 0x0, 0x2f, 0xb0,
    0xd, 0xdb, 0xff, 0xf4, 0xfa, 0x0, 0x1f, 0xb0,
    0x7f, 0xff, 0xfd, 0x92, 0xfe, 0xaa, 0xbf, 0xb0,
    0x4c, 0x84, 0x10, 0x1, 0xff, 0xff, 0xff, 0xb0,

    /* U+8DF3 "跳" */
    0x0, 0x0, 0x0, 0x0, 0xce, 0x4f, 0x80, 0x0,
    0xe, 0xff, 0xfe, 0x0, 0xce, 0x4f, 0x80, 0x0,
    0xe, 0xd9, 0xde, 0x33, 0xce, 0x4f, 0x86, 0x40,
    0xe, 0xa0, 0xaf, 0xfc, 0xce, 0x4f, 0x8e, 0xf1,
    0xe, 0xa0, 0xae, 0x9f, 0xfe, 0x4f, 0xcf, 0x90,
    0xe, 0xff, 0xfe, 0x3f, 0xfe, 0x4f, 0xff, 0x20,
    0x7, 0x8f, 0xc7, 0x9, 0xde, 0x4f, 0xb6, 0x0,
    0x7, 0x3f, 0x80, 0x0, 0xce, 0x4f, 0xb1, 0x0,
    0xe, 0x6f, 0xff, 0x17, 0xfd, 0x4f, 0xfe, 0x20,
    0xe, 0x6f, 0xdd, 0xef, 0xfc, 0x4f, 0xdf, 0xe3,
    0xe, 0x6f, 0x82, 0xf9, 0xf9, 0x4f, 0x85, 0xc0,
    0xe, 0x6f, 0xb8, 0x47, 0xf5, 0x4f, 0x80, 0x20,
    0x4f, 0xef, 0xff, 0x6d, 0xe0, 0x4f, 0x82, 0xf5,
    0x8f, 0xd9, 0x52, 0xcf, 0x70, 0x2f, 0xec, 0xf4,
    0x11, 0x0, 0x0, 0xc9, 0x0, 0xb, 0xff, 0xb0,
    0x0, 0x0, 0x0, 0x0, 0x0, 0x0, 0x0, 0x0,

    /* U+8E29 "踩" */
    0x0, 0x0, 0x0, 0x0, 0x0, 0x0, 0x3, 0x20,
    0xf, 0xff, 0xfe, 0x47, 0x9a, 0xce, 0xff, 0xc0,
    0xf, 0xb8, 0xce, 0x6f, 0xff, 0xed, 0xa9, 0x60,
    0xf, 0x60, 0x8e, 0x18, 0x24, 0xd2, 0xc, 0xd0,
    0xf, 0xb7, 0xce, 0x3f, 0x84, 0xf8, 0x3f, 0x90,
    0xf, 0xff, 0xfe, 0xc, 0xf1, 0xe8, 0xcf, 0x10,
    0x0, 0x1f, 0x80, 0x4, 0x70, 0xfd, 0x25, 0x0,
    0x19, 0x4f, 0x80, 0x14, 0x44, 0xfe, 0x44, 0x40,
    0x1f, 0x5f, 0xda, 0x3f, 0xff, 0xff, 0xff, 0xf0,
    0x1f, 0x5f, 0xff, 0x29, 0x9f, 0xff, 0xe9, 0x90,
    0x1f, 0x5f, 0x80, 0x0, 0x8f, 0xff, 0xf5, 0x0,
    0x1f, 0x5f, 0xa7, 0x4, 0xfc, 0xfe, 0xef, 0x30,
    0x2f, 0xcf, 0xff, 0x7f, 0xf2, 0xfd, 0x4f, 0xf3,
    0x6f, 0xfc, 0x61, 0x6f, 0x50, 0xfd, 0x7, 0xd1,
    0x16, 0x10, 0x0, 0x2, 0x0, 0xfd, 0x0, 0x10,

    /* U+8E6D "蹭" */
    0x0, 0x0, 0x0, 0x1, 0x63, 0x0, 0x83, 0x0,
    0xff, 0xff, 0xe0, 0x2f, 0xb0, 0x6f, 0x70, 0xf,
    0xb8, 0xce, 0x27, 0xde, 0x7d, 0xf7, 0x40, 0xf6,
    0x8, 0xe4, 0xfe, 0xdf, 0xed, 0xfa, 0xf, 0xb7,
    0xce, 0x4f, 0xa4, 0xe8, 0xae, 0xa0, 0xff, 0xff,
    0xe4, 0xf9, 0xae, 0xc9, 0xea, 0x0, 0x1f, 0x70,
    0x4f, 0x59, 0xeb, 0x3e, 0xa1, 0x93, 0xf6, 0x4,
    0xff, 0xff, 0xff, 0xfa, 0x1f, 0x5f, 0xec, 0x26,
    0x66, 0x66, 0x66, 0x31, 0xf5, 0xfe, 0xd1, 0xaf,
    0xff, 0xff, 0xf1, 0x1f, 0x5f, 0x60, 0xa, 0xf5,
    0x55, 0xbf, 0x11, 0xf5, 0xf8, 0x62, 0xaf, 0xee,
    0xef, 0xf1, 0x2f, 0xcf, 0xff, 0x6a, 0xf5, 0x55,
    0xbf, 0x16, 0xff, 0xb6, 0x10, 0xaf, 0xee, 0xef,
    0xf1, 0x15, 0x10, 0x0, 0xa, 0xf7, 0x77, 0xbe,
    0x10,

    /* U+8EAB "身" */
    0x0, 0x0, 0x0, 0x8, 0x61, 0x0, 0x0, 0x0,
    0x0, 0x0, 0x0, 0x4f, 0xe1, 0x0, 0x0, 0x0,
    0x0, 0xc, 0xff, 0xff, 0xff, 0xff, 0xc0, 0x0,
    0x0, 0xc, 0xfa, 0x99, 0x99, 0xaf, 0xc0, 0x0,
    0x0, 0xc, 0xf8, 0x88, 0x88, 0x8f, 0xc0, 0x0,
    0x0, 0xc, 0xfd, 0xdd, 0xdd, 0xdf, 0xc3, 0x30,
    0x0, 0xc, 0xf3, 0x22, 0x22, 0x3f, 0xdd, 0xf2,
    0x0, 0xc, 0xff, 0xff, 0xff, 0xff, 0xff, 0x70,
    0x0, 0xc, 0xf4, 0x22, 0x22, 0x4f, 0xfa, 0x0,
    0x7, 0xbf, 0xfb, 0xbb, 0xbb, 0xcf, 0xe0, 0x0,
    0x9, 0xff, 0xff, 0xff, 0xff, 0xff, 0xc0, 0x0,
    0x0, 0x0, 0x0, 0x4b, 0xfe, 0x7f, 0xc0, 0x0,
    0x0, 0x1, 0x6c, 0xff, 0x80, 0x1f, 0xc0, 0x0,
    0x7, 0xcf, 0xfe, 0x92, 0xcd, 0xdf, 0xa0, 0x0,
    0x7, 0xfa, 0x40, 0x0, 0x9f, 0xfc, 0x30, 0x0,
    0x0, 0x0, 0x0, 0x0, 0x0, 0x0, 0x0, 0x0,

    /* U+8EBA "躺" */
    0x0, 0xe, 0xd3, 0x0, 0x20, 0x9f, 0x1, 0x0,
    0x0, 0x2f, 0xd0, 0xb, 0xe0, 0x9f, 0x9, 0xf2,
    0xa, 0xff, 0xff, 0x85, 0xf7, 0x9f, 0xe, 0xc0,
    0xa, 0xf7, 0x8f, 0x80, 0xec, 0x9f, 0x4f, 0x50,
    0xa, 0xf9, 0x9f, 0x80, 0x62, 0x9f, 0x16, 0x0,
    0xa, 0xfd, 0xdf, 0x89, 0xff, 0xff, 0xff, 0xe0,
    0xa, 0xf4, 0x5f, 0x89, 0xf8, 0x77, 0x7d, 0xe0,
    0xa, 0xff, 0xff, 0x89, 0xf2, 0x44, 0x3b, 0xe0,
    0xa, 0xf3, 0x4f, 0x89, 0xf6, 0xff, 0xbb, 0xe0,
    0x3f, 0xff, 0xff, 0x89, 0xf6, 0xd6, 0xbb, 0xe0,
    0x15, 0x6f, 0xff, 0x89, 0xf6, 0xd7, 0xbb, 0xe0,
    0x0, 0x9f, 0x6f, 0x89, 0xf6, 0xff, 0xbb, 0xe0,
    0x7, 0xf9, 0x1f, 0x89, 0xf6, 0xd1, 0x1b, 0xe0,
    0x2f, 0x85, 0xaf, 0x89, 0xf1, 0x10, 0xae, 0xe0,
    0x2, 0x5, 0xfd, 0x29, 0xf0, 0x0, 0xde, 0x60,
    0x0, 0x0, 0x0, 0x0, 0x0, 0x0, 0x0, 0x0,

    /* U+8F66 "车" */
    0x0, 0x0, 0x1, 0x51, 0x0, 0x0, 0x0, 0x0,
    0x0, 0x0, 0x8, 0xfe, 0x0, 0x0, 0x0, 0x0,
    0x1, 0x11, 0x1e, 0xf8, 0x11, 0x11, 0x11, 0x10,
    0xd, 0xff, 0xff, 0xff, 0xff, 0xff, 0xff, 0xe0,
    0xa, 0xbc, 0xff, 0xcc, 0xff, 0xbb, 0xbb, 0xa0,
    0x0, 0x6, 0xfc, 0x1, 0xfe, 0x0, 0x0, 0x0,
    0x0, 0x2f, 0xf2, 0x1, 0xfe, 0x0, 0x0, 0x0,
    0x0, 0xdf, 0xfc, 0xcc, 0xff, 0xcc, 0xca, 0x0,
    0x0, 0x9f, 0xff, 0xff, 0xff, 0xff, 0xfd, 0x0,
    0x0, 0x11, 0x0, 0x2, 0xff, 0x0, 0x0, 0x0,
    0x0, 0x0, 0x0, 0x2, 0xff, 0x0, 0x0, 0x0,
    0x3f, 0xff, 0xff, 0xff, 0xff, 0xff, 0xff, 0xf3,
    0x2c, 0xcc, 0xcc, 0xcd, 0xff, 0xcc, 0xcc, 0xc2,
    0x0, 0x0, 0x0, 0x1, 0xfe, 0x0, 0x0, 0x0,
    0x0, 0x0, 0x0, 0x1, 0xfe, 0x0, 0x0, 0x0,

    /* U+8F6C "转" */
    0x0, 0x5, 0x30, 0x0, 0x0, 0x25, 0x10, 0x0,
    0x0, 0xf, 0xd0, 0x0, 0x0, 0x9f, 0x50, 0x0,
    0x1c, 0xcf, 0xec, 0xc4, 0xcc, 0xff, 0xdc, 0xc1,
    0x2f, 0xff, 0xff, 0xf5, 0xff, 0xff, 0xff, 0xf1,
    0x0, 0xbf, 0x85, 0x0, 0x5, 0xf9, 0x0, 0x0,
    0x1, 0xfb, 0xfa, 0xc, 0xce, 0xfe, 0xcc, 0xc8,
    0x6, 0xf5, 0xfa, 0xe, 0xff, 0xff, 0xff, 0xfa,
    0xe, 0xfe, 0xff, 0xb0, 0x2f, 0xc0, 0x0, 0x0,
    0xb, 0xdd, 0xff, 0xb0, 0x7f, 0xed, 0xdd, 0xa1,
    0x0, 0x2, 0xfa, 0x0, 0xcf, 0xff, 0xff, 0xb0,
    0x1, 0x37, 0xfe, 0xb5, 0x0, 0x3, 0xfe, 0x10,
    0x2f, 0xff, 0xff, 0xc4, 0x4f, 0x9e, 0xf3, 0x0,
    0x9, 0x76, 0xfa, 0x0, 0x2b, 0xff, 0xb0, 0x0,
    0x0, 0x2, 0xfa, 0x0, 0x0, 0x5e, 0xfc, 0x0,
    0x0, 0x2, 0xfa, 0x0, 0x0, 0x1, 0xb9, 0x0,
    0x0, 0x0, 0x0, 0x0, 0x0, 0x0, 0x0, 0x0,

    /* U+8F6F "软" */
    0x0, 0x1, 0x10, 0x0, 0x3, 0x20, 0x0, 0x0,
    0x0, 0x9, 0xf5, 0x0, 0xe, 0xf0, 0x0, 0x0,
    0x19, 0x9e, 0xfa, 0x98, 0x1f, 0xc0, 0x0, 0x10,
    0x1f, 0xff, 0xff, 0xfd, 0x5f, 0xff, 0xff, 0xf7,
    0x3, 0x8f, 0xca, 0x42, 0x9f, 0xba, 0xac, 0xf4,
    0x0, 0xce, 0xaf, 0x11, 0xfe, 0x35, 0x19, 0xf1,
    0x3, 0xf8, 0x9f, 0x16, 0xf8, 0x9f, 0x3d, 0xd0,
    0xd, 0xff, 0xff, 0xfa, 0x60, 0x9f, 0x33, 0x30,
    0x8, 0xcb, 0xef, 0xc8, 0x0, 0xbf, 0x60, 0x0,
    0x0, 0x0, 0x9f, 0x10, 0x0, 0xff, 0xc0, 0x0,
    0x4, 0x58, 0xdf, 0xee, 0x5, 0xff, 0xf2, 0x0,
    0x3f, 0xff, 0xff, 0xd9, 0xd, 0xfb, 0xfa, 0x0,
    0x9, 0x74, 0xaf, 0x10, 0x8f, 0xc0, 0xdf, 0x70,
    0x0, 0x0, 0x9f, 0x17, 0xfe, 0x20, 0x3f, 0xf7,
    0x0, 0x0, 0x9f, 0x13, 0xd2, 0x0, 0x3, 0xc0,
    0x0, 0x0, 0x0, 0x0, 0x0, 0x0, 0x0, 0x0,

    /* U+8F7B "轻" */
    0x0, 0x1a, 0x60, 0x0, 0x0, 0x0, 0x0, 0x0,
    0x0, 0x3f, 0x90, 0x7, 0xff, 0xff, 0xff, 0x70,
    0x2c, 0xdf, 0xec, 0xc5, 0xbb, 0xbb, 0xff, 0x70,
    0x2f, 0xff, 0xff, 0xe0, 0x0, 0xa, 0xfc, 0x0,
    0x0, 0xee, 0x84, 0x0, 0x1, 0xbf, 0xe1, 0x0,
    0x4, 0xf9, 0xf8, 0x0, 0x7e, 0xff, 0xf8, 0x0,
    0xb, 0xf6, 0xfa, 0x5e, 0xff, 0x97, 0xef, 0xe2,
    0x1f, 0xff, 0xff, 0xcb, 0xb2, 0x0, 0x1a, 0xb0,
    0x9, 0x9a, 0xfc, 0x75, 0x99, 0x99, 0x99, 0x80,
    0x0, 0x3, 0xf8, 0x7, 0xff, 0xff, 0xff, 0xc0,
    0x14, 0x6a, 0xff, 0xe0, 0x11, 0xcf, 0x41, 0x10,
    0x4f, 0xff, 0xff, 0xb0, 0x0, 0xbf, 0x20, 0x0,
    0x1b, 0x77, 0xf8, 0x0, 0x0, 0xbf, 0x20, 0x0,
    0x0, 0x3, 0xf8, 0x3c, 0xcc, 0xff, 0xcc, 0xc5,
    0x0, 0x3, 0xf8, 0x4f, 0xff, 0xff, 0xff, 0xf7,

    /* U+8FB9 "边" */
    0x0, 0x0, 0x0, 0x0, 0x0, 0x0, 0x0, 0x0,
    0x0, 0x4, 0xc1, 0x0, 0x0, 0xef, 0x20, 0x0,
    0x0, 0x0, 0xcf, 0xb0, 0x0, 0xe, 0xf1, 0x0,
    0x0, 0x0, 0x1, 0xef, 0x70, 0x0, 0xff, 0x10,
    0x0, 0x0, 0x0, 0x5, 0xf4, 0x9e, 0xef, 0xfe,
    0xee, 0xeb, 0x0, 0x0, 0x2, 0xa, 0xff, 0xff,
    0xff, 0xff, 0xc0, 0x0, 0x0, 0x0, 0x0, 0x2f,
    0xd0, 0x3, 0xfb, 0x0, 0xaf, 0xff, 0x10, 0x5,
    0xfa, 0x0, 0x3f, 0xb0, 0x8, 0xcf, 0xf1, 0x0,
    0x9f, 0x60, 0x4, 0xfa, 0x0, 0x0, 0xdf, 0x10,
    0xe, 0xf1, 0x0, 0x5f, 0x90, 0x0, 0xd, 0xf1,
    0x7, 0xfb, 0x0, 0x7, 0xf8, 0x0, 0x0, 0xdf,
    0x14, 0xff, 0x22, 0x22, 0xcf, 0x50, 0x0, 0xd,
    0xf1, 0xef, 0x60, 0x7f, 0xff, 0xf1, 0x0, 0x8,
    0xff, 0xa7, 0x70, 0x2, 0xbb, 0xa3, 0x0, 0xb,
    0xfe, 0xdf, 0xff, 0xed, 0xdd, 0xde, 0xff, 0x60,
    0x6e, 0x20, 0x49, 0xdf, 0xff, 0xff, 0xff, 0xe1,
    0x0, 0x10, 0x0, 0x0, 0x0, 0x10, 0x0, 0x0,
    0x0,

    /* U+8FBE "达" */
    0x4, 0x70, 0x0, 0x0, 0x3f, 0xb0, 0x0, 0x0,
    0xe, 0xf4, 0x0, 0x0, 0x4f, 0xb0, 0x0, 0x0,
    0x6, 0xfd, 0x0, 0x0, 0x4f, 0xb0, 0x0, 0x0,
    0x0, 0xdf, 0x2c, 0xdd, 0xef, 0xfd, 0xdd, 0xb0,
    0x0, 0x41, 0xf, 0xff, 0xff, 0xff, 0xff, 0xd0,
    0x0, 0x0, 0x2, 0x22, 0x9f, 0x82, 0x22, 0x10,
    0x7c, 0xcc, 0x20, 0x0, 0xbf, 0xb0, 0x0, 0x0,
    0x9f, 0xff, 0x30, 0x1, 0xff, 0xfb, 0x0, 0x0,
    0x0, 0xbf, 0x30, 0x9, 0xfa, 0xdf, 0xb0, 0x0,
    0x0, 0xaf, 0x30, 0x5f, 0xf1, 0x1d, 0xfa, 0x0,
    0x0, 0xaf, 0x49, 0xff, 0x60, 0x2, 0xef, 0x70,
    0x0, 0xbf, 0x4b, 0xf6, 0x0, 0x0, 0x4f, 0x80,
    0x1b, 0xff, 0xd7, 0x30, 0x0, 0x0, 0x2, 0x10,
    0xaf, 0xc7, 0xef, 0xfe, 0xdc, 0xdd, 0xef, 0xf2,
    0x2e, 0x10, 0x16, 0xce, 0xff, 0xff, 0xff, 0xc0,
    0x1, 0x0, 0x0, 0x0, 0x0, 0x0, 0x0, 0x0,

    /* U+8FC7 "过" */
    0x0, 0x40, 0x0, 0x0, 0x0, 0xb, 0xf3, 0x0,
    0x8, 0xf8, 0x0, 0x0, 0x0, 0xb, 0xf3, 0x0,
    0x3, 0xff, 0x50, 0x0, 0x0, 0xb, 0xf3, 0x0,
    0x0, 0x5f, 0xc5, 0xcc, 0xcc, 0xcf, 0xfd, 0xc2,
    0x0, 0x7, 0x17, 0xff, 0xff, 0xff, 0xff, 0xf3,
    0x0, 0x0, 0x0, 0x2, 0x0, 0xb, 0xf3, 0x0,
    0xb, 0xbb, 0x70, 0xcf, 0x20, 0xb, 0xf3, 0x0,
    0xf, 0xff, 0xa0, 0x5f, 0xd0, 0xb, 0xf3, 0x0,
    0x0, 0x3f, 0xa0, 0x9, 0xf7, 0xb, 0xf3, 0x0,
    0x0, 0x3f, 0xa0, 0x1, 0x60, 0xb, 0xf3, 0x0,
    0x0, 0x3f, 0xa0, 0x0, 0x37, 0x7d, 0xf2, 0x0,
    0x0, 0x4f, 0xb0, 0x0, 0x3f, 0xff, 0xd0, 0x0,
    0x8, 0xff, 0xfb, 0x50, 0x7, 0x64, 0x0, 0x22,
    0x3f, 0xf5, 0xaf, 0xff, 0xfe, 0xef, 0xff, 0xf5,
    0x9, 0x60, 0x3, 0x9d, 0xef, 0xff, 0xfe, 0xd1,
    0x0, 0x0, 0x0, 0x0, 0x0, 0x0, 0x0, 0x0,

    /* U+8FCE "迎" */
    0x0, 0x0, 0x0, 0x1, 0x40, 0x0, 0x0, 0x0,
    0x6, 0x50, 0x1, 0x7e, 0xf8, 0x99, 0x99, 0x60,
    0x1e, 0xfa, 0xb, 0xfd, 0x5a, 0xff, 0xff, 0xb0,
    0x1, 0xbf, 0x6b, 0xf1, 0xa, 0xf1, 0xf, 0xb0,
    0x0, 0x6, 0xb, 0xf1, 0xa, 0xf1, 0xf, 0xb0,
    0x0, 0x0, 0xb, 0xf1, 0xa, 0xf1, 0xf, 0xb0,
    0x7f, 0xff, 0x2b, 0xf1, 0xa, 0xf1, 0xf, 0xb0,
    0x5b, 0xef, 0x2b, 0xf1, 0xa, 0xf1, 0xf, 0xb0,
    0x0, 0xbf, 0x2b, 0xf1, 0x2b, 0xf1, 0xf, 0xb0,
    0x0, 0xbf, 0x2e, 0xfe, 0xfd, 0xf1, 0x1f, 0xb0,
    0x0, 0xbf, 0x8f, 0xfe, 0xab, 0xf8, 0xff, 0x80,
    0x0, 0xbf, 0x28, 0x30, 0xa, 0xf2, 0x86, 0x0,
    0x3, 0xef, 0xb3, 0x0, 0x9, 0xe1, 0x0, 0x0,
    0x5f, 0xfa, 0xff, 0xfc, 0xcb, 0xbc, 0xde, 0xf1,
    0x2e, 0x30, 0x17, 0xce, 0xff, 0xff, 0xfe, 0xb0,
    0x1, 0x0, 0x0, 0x0, 0x0, 0x0, 0x0, 0x0,

    /* U+8FD1 "近" */
    0x0, 0x60, 0x0, 0x0, 0x12, 0x36, 0x8c, 0x50,
    0x8, 0xfb, 0x0, 0x2f, 0xff, 0xff, 0xff, 0xc2,
    0x0, 0xcf, 0x80, 0x2f, 0xe8, 0x65, 0x30, 0x0,
    0x0, 0x1f, 0xb0, 0x2f, 0xc0, 0x0, 0x0, 0x0,
    0x0, 0x2, 0x0, 0x2f, 0xd3, 0x33, 0x33, 0x32,
    0x0, 0x0, 0x0, 0x3f, 0xff, 0xff, 0xff, 0xfb,
    0xd, 0xdd, 0x90, 0x4f, 0xea, 0xaf, 0xfa, 0xa7,
    0xf, 0xff, 0xa0, 0x5f, 0x90, 0xf, 0xd0, 0x0,
    0x0, 0x3f, 0xa0, 0x7f, 0x70, 0xf, 0xd0, 0x0,
    0x0, 0x2f, 0xa0, 0xbf, 0x50, 0xf, 0xd0, 0x0,
    0x0, 0x2f, 0xa2, 0xff, 0x0, 0xf, 0xd0, 0x0,
    0x0, 0x3f, 0xa7, 0xf9, 0x0, 0xf, 0xd0, 0x0,
    0x4, 0xef, 0xf7, 0x62, 0x0, 0x8, 0x70, 0x0,
    0x2f, 0xf8, 0xcf, 0xfd, 0xcb, 0xbb, 0xcd, 0xed,
    0xa, 0x70, 0x4, 0xae, 0xff, 0xff, 0xff, 0xf8,
    0x1, 0x0, 0x0, 0x0, 0x1, 0x10, 0x0, 0x0,

    /* U+8FD4 "返" */
    0x0, 0x0, 0x0, 0x0, 0x0, 0x0, 0x25, 0x0,
    0x1b, 0xc0, 0x0, 0x89, 0xac, 0xdf, 0xff, 0xa0,
    0xb, 0xfb, 0x0, 0xff, 0xff, 0xec, 0xa6, 0x30,
    0x0, 0xdf, 0x30, 0xfe, 0x10, 0x0, 0x0, 0x0,
    0x0, 0x21, 0x0, 0xff, 0xbb, 0xbb, 0xbb, 0x40,
    0x0, 0x0, 0x0, 0xff, 0xff, 0xff, 0xff, 0x50,
    0x7d, 0xdd, 0x22, 0xfc, 0x23, 0x0, 0xef, 0x0,
    0x8f, 0xff, 0x23, 0xfb, 0xef, 0x57, 0xfa, 0x0,
    0x0, 0xbf, 0x26, 0xf8, 0x3e, 0xff, 0xf1, 0x0,
    0x0, 0xbf, 0x2b, 0xf5, 0x5, 0xff, 0xc0, 0x0,
    0x0, 0xbf, 0x6f, 0xf2, 0x8f, 0xfe, 0xfc, 0x10,
    0x0, 0xcf, 0x9f, 0x8a, 0xfe, 0x40, 0xcf, 0x60,
    0xb, 0xff, 0xc7, 0x11, 0x60, 0x0, 0x5, 0x11,
    0xaf, 0xc9, 0xff, 0xfe, 0xdc, 0xdd, 0xef, 0xf4,
    0x2d, 0x10, 0x17, 0xce, 0xff, 0xff, 0xfe, 0xd0,
    0x0, 0x0, 0x0, 0x0, 0x0, 0x0, 0x0, 0x0,

    /* U+8FD8 "还" */
    0x0, 0x3a, 0x0, 0x0, 0x0, 0x0, 0x0, 0x0,
    0x0, 0xc, 0xfa, 0xe, 0xff, 0xff, 0xff, 0xff,
    0xb0, 0x0, 0x1e, 0xf7, 0xde, 0xee, 0xff, 0xee,
    0xea, 0x0, 0x0, 0x4e, 0x30, 0x0, 0x3f, 0xf2,
    0x0, 0x0, 0x0, 0x0, 0x10, 0x0, 0xd, 0xfb,
    0x0, 0x0, 0x0, 0x0, 0x0, 0x0, 0x9, 0xff,
    0x90, 0x0, 0x0, 0xa, 0xff, 0xf1, 0x6, 0xff,
    0xfb, 0xd9, 0x0, 0x0, 0x8c, 0xff, 0x17, 0xff,
    0xef, 0xbd, 0xfa, 0x0, 0x0, 0xd, 0xfa, 0xff,
    0x85, 0xf9, 0x1d, 0xfa, 0x0, 0x0, 0xdf, 0x5e,
    0x50, 0x5f, 0x90, 0x1d, 0x70, 0x0, 0xd, 0xf1,
    0x0, 0x5, 0xf9, 0x0, 0x0, 0x0, 0x0, 0xef,
    0x20, 0x0, 0x5f, 0x90, 0x0, 0x0, 0x1, 0xdf,
    0xfe, 0x71, 0x1, 0x53, 0x0, 0x13, 0x20, 0xcf,
    0xed, 0xff, 0xfe, 0xdd, 0xde, 0xff, 0xf3, 0x6,
    0xe2, 0x4, 0x9d, 0xff, 0xff, 0xff, 0xfe, 0x0,
    0x1, 0x0, 0x0, 0x0, 0x1, 0x0, 0x0, 0x0,

    /* U+8FD9 "这" */
    0x0, 0x0, 0x0, 0x0, 0x14, 0x0, 0x0, 0x0,
    0x6, 0x30, 0x0, 0x0, 0xff, 0x20, 0x0, 0x0,
    0x3f, 0xf4, 0x0, 0x0, 0x9f, 0x90, 0x0, 0x0,
    0x6, 0xfe, 0xaf, 0xff, 0xff, 0xff, 0xff, 0xd0,
    0x0, 0x84, 0x6b, 0xbb, 0xbb, 0xcf, 0xfb, 0xa0,
    0x0, 0x0, 0x5, 0xb2, 0x0, 0x7f, 0x90, 0x0,
    0x5b, 0xbb, 0x18, 0xff, 0x81, 0xef, 0x20, 0x0,
    0x7f, 0xff, 0x20, 0x3d, 0xff, 0xf9, 0x0, 0x0,
    0x0, 0xbf, 0x20, 0x0, 0xdf, 0xf7, 0x0, 0x0,
    0x0, 0xaf, 0x20, 0x1b, 0xfe, 0xff, 0xa0, 0x0,
    0x0, 0xaf, 0x49, 0xff, 0xc1, 0x3e, 0xfc, 0x10,
    0x0, 0xbf, 0x4f, 0xf8, 0x0, 0x1, 0xde, 0x20,
    0xa, 0xff, 0xeb, 0x30, 0x0, 0x0, 0x12, 0x20,
    0x9f, 0xe8, 0xef, 0xfe, 0xdd, 0xde, 0xef, 0xf1,
    0x2e, 0x20, 0x6, 0xcf, 0xff, 0xff, 0xff, 0xb0,
    0x1, 0x0, 0x0, 0x0, 0x1, 0x0, 0x0, 0x0,

    /* U+8FDB "进" */
    0x0, 0x0, 0x0, 0x0, 0x0, 0x0, 0x0, 0x0,
    0x5, 0xe5, 0x0, 0x1, 0xfc, 0xd, 0xf1, 0x0,
    0x3, 0xff, 0x50, 0x1, 0xfc, 0xd, 0xf1, 0x0,
    0x0, 0x3f, 0xc3, 0xcd, 0xff, 0xcf, 0xfd, 0xb0,
    0x0, 0x3, 0x3, 0xff, 0xff, 0xff, 0xff, 0xe0,
    0x0, 0x0, 0x0, 0x2, 0xfc, 0xd, 0xf1, 0x0,
    0xc, 0xcc, 0x80, 0x1, 0xfc, 0xd, 0xf1, 0x0,
    0xf, 0xff, 0xa5, 0xcc, 0xff, 0xcf, 0xfc, 0xc2,
    0x0, 0x3f, 0xa6, 0xff, 0xff, 0xff, 0xff, 0xf3,
    0x0, 0x3f, 0xa0, 0xb, 0xf5, 0xd, 0xf1, 0x0,
    0x0, 0x3f, 0xa0, 0x3f, 0xf0, 0xd, 0xf1, 0x0,
    0x0, 0x3f, 0xa0, 0xef, 0x70, 0xd, 0xf1, 0x0,
    0x3, 0xdf, 0xe6, 0x4a, 0x0, 0xa, 0xc0, 0x0,
    0x2f, 0xf8, 0xcf, 0xfd, 0xcb, 0xbc, 0xcd, 0xe6,
    0xb, 0x70, 0x5, 0xae, 0xff, 0xff, 0xff, 0xe2,
    0x1, 0x0, 0x0, 0x0, 0x0, 0x0, 0x0, 0x0,

    /* U+8FDC "远" */
    0x0, 0x0, 0x0, 0x0, 0x0, 0x0, 0x0, 0x0,
    0xc, 0xc1, 0x1, 0xff, 0xff, 0xff, 0xfd, 0x0,
    0xa, 0xfe, 0x30, 0xaa, 0xaa, 0xaa, 0xa9, 0x0,
    0x0, 0x8f, 0x40, 0x0, 0x0, 0x0, 0x0, 0x0,
    0x0, 0x3, 0x3, 0x33, 0x33, 0x33, 0x33, 0x20,
    0x0, 0x0, 0x1f, 0xff, 0xff, 0xff, 0xff, 0xe0,
    0x9f, 0xff, 0x4a, 0xaf, 0xfa, 0xef, 0xaa, 0x90,
    0x6b, 0xef, 0x20, 0xe, 0xf0, 0xbf, 0x10, 0x0,
    0x0, 0xaf, 0x20, 0x1f, 0xd0, 0xbf, 0x10, 0x0,
    0x0, 0xaf, 0x20, 0x7f, 0x80, 0xbf, 0x17, 0x70,
    0x0, 0xaf, 0x35, 0xff, 0x20, 0xbf, 0x3a, 0xf0,
    0x0, 0xaf, 0x9f, 0xf5, 0x0, 0x9f, 0xff, 0xc0,
    0x2, 0xdf, 0xab, 0x20, 0x0, 0x17, 0x98, 0x20,
    0x5f, 0xfa, 0xff, 0xfc, 0xcb, 0xbc, 0xcd, 0xe3,
    0x2e, 0x30, 0x17, 0xce, 0xff, 0xff, 0xff, 0xd0,
    0x1, 0x0, 0x0, 0x0, 0x0, 0x0, 0x0, 0x0,

    /* U+8FDE "连" */
    0x0, 0x30, 0x0, 0x2, 0x61, 0x0, 0x0, 0x0,
    0xb, 0xf3, 0x0, 0x8, 0xf9, 0x0, 0x0, 0x0,
    0x4, 0xfe, 0x1f, 0xff, 0xff, 0xff, 0xff, 0xb0,
    0x0, 0x9f, 0x5a, 0xcf, 0xea, 0xaa, 0xaa, 0x70,
    0x0, 0x2, 0x0, 0xaf, 0x46, 0xc6, 0x0, 0x0,
    0x24, 0x44, 0x5, 0xfe, 0x49, 0xf9, 0x33, 0x0,
    0x8f, 0xff, 0x1a, 0xff, 0xff, 0xff, 0xff, 0x30,
    0x47, 0xdf, 0x14, 0x98, 0x8b, 0xfc, 0x88, 0x10,
    0x0, 0xbf, 0x10, 0x0, 0x7, 0xf8, 0x0, 0x0,
    0x0, 0xbf, 0x3f, 0xff, 0xff, 0xff, 0xff, 0xe0,
    0x0, 0xbf, 0x2b, 0xbb, 0xbd, 0xfd, 0xbb, 0xa0,
    0x0, 0xcf, 0x10, 0x0, 0x7, 0xf7, 0x0, 0x0,
    0x1b, 0xff, 0xc5, 0x10, 0x7, 0xf7, 0x0, 0x0,
    0xcf, 0xca, 0xff, 0xfe, 0xdd, 0xdd, 0xef, 0xf4,
    0x4e, 0x10, 0x28, 0xdf, 0xff, 0xff, 0xff, 0xe0,
    0x1, 0x0, 0x0, 0x0, 0x1, 0x0, 0x0, 0x0,

    /* U+8FF7 "迷" */
    0x0, 0x59, 0x0, 0x3, 0x1, 0xfc, 0x0, 0x20,
    0x0, 0xd, 0xf6, 0xb, 0xf2, 0x1f, 0xc0, 0x4f,
    0x90, 0x0, 0x3f, 0xf2, 0x6f, 0x91, 0xfc, 0xb,
    0xf4, 0x0, 0x0, 0x8e, 0x30, 0xfe, 0x1f, 0xc2,
    0xfc, 0x0, 0x0, 0x0, 0x20, 0x7, 0x41, 0xfc,
    0x19, 0x30, 0x0, 0x0, 0x0, 0x2a, 0xaa, 0xbf,
    0xea, 0xaa, 0x80, 0x8, 0xff, 0xf4, 0xff, 0xff,
    0xff, 0xff, 0xfb, 0x0, 0x6a, 0xef, 0x12, 0x27,
    0xff, 0xfe, 0x42, 0x10, 0x0, 0xb, 0xf1, 0x4,
    0xfe, 0xfe, 0xfe, 0x30, 0x0, 0x0, 0xbf, 0x17,
    0xfe, 0x3f, 0xc4, 0xff, 0x40, 0x0, 0xb, 0xf5,
    0xfe, 0x31, 0xfc, 0x3, 0xec, 0x0, 0x1, 0xdf,
    0x35, 0x10, 0x1f, 0xc0, 0x2, 0x0, 0x1, 0xef,
    0xff, 0x82, 0x0, 0x22, 0x0, 0x14, 0x30, 0xcf,
    0xed, 0xff, 0xfe, 0xdd, 0xde, 0xff, 0xf4, 0x6,
    0xe2, 0x4, 0x9d, 0xff, 0xff, 0xff, 0xfe, 0x10,
    0x1, 0x0, 0x0, 0x0, 0x1, 0x0, 0x0, 0x0,

    /* U+8FFD "追" */
    0x0, 0x0, 0x0, 0x0, 0x9, 0x82, 0x0, 0x0,
    0x4, 0xd3, 0x0, 0x0, 0x1f, 0xf1, 0x0, 0x0,
    0x5, 0xff, 0x30, 0xcf, 0xff, 0xff, 0xff, 0x0,
    0x0, 0x5f, 0xa0, 0xcf, 0x98, 0x88, 0xff, 0x0,
    0x0, 0x4, 0x0, 0xcf, 0x21, 0x11, 0xdf, 0x0,
    0x0, 0x0, 0x0, 0xcf, 0xff, 0xff, 0xff, 0x0,
    0x2f, 0xff, 0xb0, 0xcf, 0x76, 0x66, 0x66, 0x0,
    0x2a, 0xbf, 0xb0, 0xcf, 0x88, 0x88, 0x88, 0x40,
    0x0, 0x1f, 0xb0, 0xcf, 0xff, 0xff, 0xff, 0x90,
    0x0, 0x1f, 0xb0, 0xcf, 0x10, 0x0, 0x4f, 0x90,
    0x0, 0x1f, 0xb0, 0xcf, 0x10, 0x0, 0x4f, 0x90,
    0x0, 0x1f, 0xb0, 0xcf, 0xff, 0xff, 0xff, 0x90,
    0x0, 0x6f, 0xd2, 0x68, 0x88, 0x88, 0x88, 0x40,
    0xb, 0xfc, 0xef, 0xda, 0xa9, 0x9a, 0xab, 0xc9,
    0xa, 0xa0, 0x6, 0xcf, 0xff, 0xff, 0xff, 0xf6,
    0x0, 0x0, 0x0, 0x0, 0x1, 0x0, 0x0, 0x0,

    /* U+9000 "退" */
    0x0, 0x0, 0x0, 0x0, 0x0, 0x0, 0x0, 0x0,
    0x9, 0xa0, 0x1, 0xff, 0xff, 0xff, 0xfc, 0x0,
    0xc, 0xfa, 0x1, 0xfe, 0x88, 0x88, 0xfc, 0x0,
    0x1, 0xdf, 0x41, 0xfe, 0x66, 0x67, 0xfc, 0x0,
    0x0, 0x36, 0x1, 0xff, 0xff, 0xff, 0xfc, 0x0,
    0x0, 0x0, 0x1, 0xfe, 0x22, 0x23, 0xfc, 0x0,
    0x6d, 0xdd, 0x21, 0xff, 0xff, 0xff, 0xfc, 0x0,
    0x7f, 0xff, 0x21, 0xfe, 0x58, 0x95, 0x8e, 0x30,
    0x0, 0xaf, 0x21, 0xfd, 0xd, 0xf9, 0xff, 0x80,
    0x0, 0xaf, 0x21, 0xfd, 0x1, 0xcf, 0xf3, 0x0,
    0x0, 0xaf, 0x25, 0xff, 0xbe, 0x4a, 0xfc, 0x0,
    0x0, 0xaf, 0x2a, 0xff, 0xeb, 0x20, 0x9f, 0x70,
    0x4, 0xef, 0xc6, 0x72, 0x0, 0x0, 0x4, 0x0,
    0x7f, 0xfa, 0xef, 0xfb, 0xa9, 0xaa, 0xbc, 0xd4,
    0x4e, 0x30, 0x6, 0xbe, 0xff, 0xff, 0xff, 0xe0,
    0x1, 0x0, 0x0, 0x0, 0x0, 0x0, 0x0, 0x0,

    /* U+9002 "适" */
    0x0, 0x0, 0x0, 0x0, 0x0, 0x2, 0x53, 0x0,
    0x1b, 0x90, 0x3, 0x9a, 0xcd, 0xff, 0xfe, 0x0,
    0x1d, 0xfa, 0x2, 0xfe, 0xdf, 0xf8, 0x52, 0x0,
    0x1, 0xde, 0x20, 0x0, 0xe, 0xf0, 0x0, 0x0,
    0x0, 0x22, 0x1f, 0xff, 0xff, 0xff, 0xff, 0xf2,
    0x0, 0x0, 0x1b, 0xbb, 0xbf, 0xfb, 0xbb, 0xb1,
    0x9d, 0xdd, 0x10, 0x0, 0xe, 0xf0, 0x0, 0x0,
    0xaf, 0xff, 0x10, 0x88, 0x8f, 0xf8, 0x88, 0x10,
    0x1, 0xcf, 0x10, 0xff, 0xff, 0xff, 0xff, 0x20,
    0x0, 0xbf, 0x10, 0xfd, 0x0, 0x0, 0xbf, 0x20,
    0x0, 0xbf, 0x10, 0xfe, 0x77, 0x77, 0xdf, 0x20,
    0x0, 0xbf, 0x10, 0xff, 0xff, 0xff, 0xff, 0x20,
    0x7, 0xff, 0xe6, 0x10, 0x0, 0x0, 0x0, 0x0,
    0x7f, 0xe8, 0xef, 0xfc, 0xba, 0xab, 0xbd, 0xf3,
    0x3e, 0x20, 0x5, 0xae, 0xff, 0xff, 0xff, 0xd0,
    0x1, 0x0, 0x0, 0x0, 0x0, 0x0, 0x0, 0x0,

    /* U+9009 "选" */
    0x2, 0x10, 0x0, 0x33, 0xc, 0xf1, 0x0, 0x0,
    0x2e, 0xe2, 0x0, 0xcf, 0x2c, 0xf1, 0x0, 0x0,
    0xc, 0xfd, 0x2, 0xff, 0x8e, 0xf9, 0x88, 0x30,
    0x0, 0xde, 0x3b, 0xff, 0xff, 0xff, 0xff, 0x60,
    0x0, 0x22, 0x2f, 0xd1, 0xd, 0xf1, 0x0, 0x0,
    0x0, 0x0, 0x5, 0x63, 0x3d, 0xf4, 0x33, 0x30,
    0x49, 0x99, 0x3f, 0xff, 0xff, 0xff, 0xff, 0xf0,
    0x7f, 0xff, 0x20, 0xa, 0xf4, 0x9f, 0x40, 0x0,
    0x12, 0xbf, 0x20, 0xe, 0xf1, 0x9f, 0x40, 0x0,
    0x0, 0xaf, 0x20, 0x5f, 0xc0, 0x9f, 0x45, 0x60,
    0x0, 0xaf, 0x25, 0xff, 0x40, 0x9f, 0x58, 0xf3,
    0x0, 0xaf, 0x5f, 0xf7, 0x0, 0x7f, 0xff, 0xf0,
    0x0, 0xcf, 0xdc, 0x50, 0x0, 0x19, 0xba, 0x50,
    0x4e, 0xf9, 0xaf, 0xfd, 0xcb, 0xbc, 0xcd, 0xe1,
    0x1e, 0x60, 0x4, 0xae, 0xff, 0xff, 0xff, 0xc0,
    0x1, 0x0, 0x0, 0x0, 0x1, 0x10, 0x0, 0x0,

    /* U+901A "通" */
    0x0, 0x0, 0x0, 0x0, 0x0, 0x0, 0x0, 0x0,
    0x9, 0x60, 0x1, 0xff, 0xff, 0xff, 0xff, 0x40,
    0x2e, 0xf9, 0x0, 0x78, 0xc7, 0x8e, 0xfc, 0x10,
    0x2, 0xdf, 0x70, 0x9, 0xfe, 0xef, 0x70, 0x0,
    0x0, 0x18, 0x2, 0x99, 0xcf, 0xff, 0xb9, 0x70,
    0x0, 0x0, 0x3, 0xfd, 0xae, 0xfa, 0xaf, 0xb0,
    0x7a, 0xaa, 0x23, 0xfc, 0x8e, 0xf8, 0x9f, 0xb0,
    0xaf, 0xff, 0x23, 0xfe, 0xcf, 0xfc, 0xdf, 0xb0,
    0x1, 0xaf, 0x23, 0xfb, 0x4d, 0xf4, 0x5f, 0xb0,
    0x0, 0xaf, 0x23, 0xff, 0xff, 0xff, 0xff, 0xb0,
    0x0, 0xaf, 0x23, 0xf9, 0xc, 0xe0, 0x2f, 0xb0,
    0x0, 0xaf, 0x33, 0xf8, 0xc, 0xe7, 0xff, 0x90,
    0x8, 0xff, 0xc5, 0x74, 0x5, 0x51, 0x86, 0x0,
    0x8f, 0xc5, 0xdf, 0xda, 0x98, 0x99, 0xab, 0xd5,
    0x2e, 0x10, 0x6, 0xcf, 0xff, 0xff, 0xff, 0xf1,
    0x1, 0x0, 0x0, 0x0, 0x1, 0x10, 0x0, 0x0,

    /* U+901F "速" */
    0x0, 0x10, 0x0, 0x0, 0xc, 0xf1, 0x0, 0x0,
    0x6, 0xf3, 0x0, 0x0, 0xc, 0xf1, 0x0, 0x0,
    0xa, 0xfe, 0x2a, 0xff, 0xff, 0xff, 0xff, 0xf5,
    0x0, 0xaf, 0xb5, 0x88, 0x8e, 0xf9, 0x88, 0x82,
    0x0, 0xa, 0x11, 0x88, 0x8e, 0xf8, 0x88, 0x60,
    0x0, 0x0, 0x3, 0xff, 0xff, 0xff, 0xff, 0xc0,
    0x1b, 0xbb, 0x83, 0xf8, 0xc, 0xf1, 0xf, 0xc0,
    0x1c, 0xdf, 0xb3, 0xff, 0xff, 0xff, 0xff, 0xc0,
    0x0, 0x1f, 0xb1, 0x77, 0xef, 0xff, 0x97, 0x60,
    0x0, 0x1f, 0xb0, 0xb, 0xff, 0xff, 0xf8, 0x0,
    0x0, 0x1f, 0xb7, 0xef, 0x6c, 0xf2, 0xaf, 0xd1,
    0x0, 0x2f, 0xc6, 0xd4, 0xc, 0xf1, 0x6, 0x80,
    0x3, 0xef, 0xfc, 0x40, 0x4, 0x50, 0x0, 0x1,
    0x2f, 0xfb, 0xbf, 0xfe, 0xba, 0xab, 0xbd, 0xf9,
    0xc, 0x80, 0x3, 0x8d, 0xff, 0xff, 0xff, 0xe4,
    0x1, 0x0, 0x0, 0x0, 0x0, 0x0, 0x0, 0x0,

    /* U+9053 "道" */
    0x0, 0x0, 0x0, 0x5, 0x40, 0x2, 0x40, 0x0,
    0x4, 0xa0, 0x0, 0x2f, 0xd0, 0xb, 0xf4, 0x0,
    0x9, 0xfc, 0x7, 0x9e, 0xe9, 0x9f, 0xe9, 0x92,
    0x0, 0xbf, 0x8b, 0xff, 0xff, 0xff, 0xff, 0xf3,
    0x0, 0x18, 0x0, 0x11, 0x3f, 0xc1, 0x11, 0x0,
    0x0, 0x0, 0x0, 0xbf, 0xff, 0xff, 0xff, 0x10,
    0xd, 0xdd, 0x90, 0xbf, 0x42, 0x22, 0xdf, 0x10,
    0xe, 0xef, 0xa0, 0xbf, 0xff, 0xff, 0xff, 0x10,
    0x0, 0x2f, 0xa0, 0xbf, 0x43, 0x33, 0xdf, 0x10,
    0x0, 0x2f, 0xa0, 0xbf, 0xfe, 0xee, 0xff, 0x10,
    0x0, 0x2f, 0xa0, 0xbf, 0x43, 0x33, 0xdf, 0x10,
    0x0, 0x2f, 0xa0, 0xbf, 0xff, 0xff, 0xff, 0x10,
    0x1, 0xaf, 0xf7, 0x56, 0x66, 0x66, 0x66, 0x0,
    0x1d, 0xfc, 0xdf, 0xfc, 0xa9, 0x9a, 0xab, 0xd6,
    0xc, 0x90, 0x4, 0xae, 0xff, 0xff, 0xff, 0xf2,
    0x1, 0x0, 0x0, 0x0, 0x0, 0x10, 0x0, 0x0,

    /* U+90A3 "那" */
    0x0, 0x0, 0x0, 0x0, 0x0, 0x0, 0x0, 0x0,
    0x4f, 0xff, 0xff, 0xff, 0x1c, 0xff, 0xff, 0xd3,
    0x3b, 0xbf, 0xfb, 0xff, 0x1c, 0xfb, 0xbf, 0xf3,
    0x0, 0x1f, 0xc0, 0xdf, 0x1c, 0xf0, 0x2f, 0xc0,
    0x0, 0x2f, 0xc0, 0xdf, 0x1c, 0xf0, 0x7f, 0x60,
    0x1f, 0xff, 0xff, 0xff, 0x1c, 0xf0, 0xde, 0x0,
    0xa, 0xbf, 0xea, 0xff, 0x1c, 0xf3, 0xf9, 0x0,
    0x0, 0x4f, 0x90, 0xdf, 0x1c, 0xf1, 0xde, 0x20,
    0x29, 0xcf, 0xd9, 0xff, 0xc, 0xf0, 0x2f, 0xb0,
    0x4f, 0xff, 0xff, 0xff, 0xc, 0xf0, 0xc, 0xf0,
    0x0, 0xdf, 0x20, 0xef, 0xc, 0xf0, 0xa, 0xf2,
    0x3, 0xfd, 0x0, 0xff, 0xc, 0xf8, 0xbf, 0xf0,
    0xb, 0xf8, 0x2, 0xfe, 0xc, 0xf8, 0xff, 0x60,
    0x5f, 0xf1, 0xcf, 0xfb, 0xc, 0xf1, 0x10, 0x0,
    0xb, 0x70, 0x8f, 0xd3, 0xc, 0xf0, 0x0, 0x0,
    0x0, 0x0, 0x0, 0x0, 0x2, 0x20, 0x0, 0x0,

    /* U+90E8 "部" */
    0x0, 0x2, 0xa7, 0x0, 0x0, 0x0, 0x0, 0x0,
    0x0, 0x1, 0xfd, 0x0, 0x3, 0xff, 0xff, 0xc1,
    0xa, 0xcc, 0xff, 0xcc, 0xa3, 0xfd, 0xbf, 0xf4,
    0xd, 0xff, 0xff, 0xff, 0xc3, 0xf6, 0xf, 0xd0,
    0x0, 0xcd, 0x0, 0xde, 0x13, 0xf6, 0x5f, 0x70,
    0x0, 0x9f, 0x43, 0xfa, 0x3, 0xf6, 0xaf, 0x10,
    0x3a, 0xcf, 0xbd, 0xfc, 0xa5, 0xf6, 0xfc, 0x0,
    0x4f, 0xff, 0xff, 0xff, 0xf6, 0xf6, 0x8f, 0x50,
    0x0, 0x0, 0x0, 0x0, 0x4, 0xf6, 0xe, 0xd0,
    0x5, 0xaa, 0xaa, 0xaa, 0x53, 0xf6, 0xb, 0xf0,
    0x8, 0xff, 0xff, 0xff, 0x83, 0xf6, 0x9, 0xf2,
    0x8, 0xf4, 0x0, 0x5f, 0x83, 0xf9, 0x8f, 0xf0,
    0x8, 0xf3, 0x0, 0x5f, 0x83, 0xf8, 0xff, 0x80,
    0x8, 0xff, 0xff, 0xff, 0x83, 0xf6, 0x31, 0x0,
    0x8, 0xfb, 0xaa, 0xbe, 0x83, 0xf6, 0x0, 0x0,

    /* U+90FD "都" */
    0x0, 0x6, 0xf5, 0x0, 0x0, 0x0, 0x0, 0x0,
    0x0, 0x6, 0xf5, 0x8, 0xec, 0xff, 0xff, 0xe4,
    0x7, 0xff, 0xff, 0xfe, 0xe9, 0xfe, 0xce, 0xfb,
    0x5, 0xad, 0xfc, 0xdf, 0x78, 0xf6, 0xb, 0xf5,
    0x0, 0x6, 0xf6, 0xef, 0x8, 0xf6, 0x1f, 0xe0,
    0x3f, 0xff, 0xff, 0xff, 0xe8, 0xf6, 0x6f, 0x80,
    0x2b, 0xbb, 0xff, 0xdb, 0xa8, 0xf6, 0xbf, 0x10,
    0x0, 0xb, 0xfd, 0x10, 0x8, 0xf6, 0x9f, 0x70,
    0x4, 0xdf, 0xff, 0xff, 0x68, 0xf6, 0xd, 0xf1,
    0x5f, 0xff, 0x77, 0xaf, 0x68, 0xf6, 0x7, 0xf6,
    0xc, 0xef, 0x77, 0xbf, 0x68, 0xf6, 0x4, 0xf8,
    0x0, 0xbf, 0xff, 0xff, 0x68, 0xf8, 0x4a, 0xf7,
    0x0, 0xbf, 0x0, 0x6f, 0x68, 0xf8, 0xff, 0xe2,
    0x0, 0xbf, 0xff, 0xff, 0x68, 0xf6, 0x66, 0x10,
    0x0, 0xbf, 0x88, 0xac, 0x48, 0xf6, 0x0, 0x0,
    0x0, 0x0, 0x0, 0x0, 0x0, 0x0, 0x0, 0x0,

    /* U+914D "配" */
    0x4f, 0xff, 0xff, 0xff, 0x6f, 0xff, 0xff, 0xe0,
    0x3a, 0xbf, 0xcf, 0xaa, 0x5d, 0xdd, 0xdf, 0xe0,
    0x0, 0x2f, 0x5f, 0x0, 0x0, 0x0, 0xe, 0xe0,
    0xf, 0xff, 0xff, 0xfb, 0x0, 0x0, 0xe, 0xe0,
    0xf, 0xce, 0xcc, 0xeb, 0x0, 0x0, 0xe, 0xe0,
    0xf, 0x7d, 0x77, 0xdb, 0x5f, 0xff, 0xff, 0xe0,
    0xf, 0x7d, 0x67, 0xdb, 0x5f, 0xda, 0xaf, 0xe0,
    0xf, 0xcb, 0x4e, 0xfb, 0x5f, 0x80, 0x9, 0x90,
    0xf, 0x93, 0x1, 0xdb, 0x5f, 0x80, 0x0, 0x0,
    0xf, 0xa5, 0x55, 0xeb, 0x5f, 0x80, 0x0, 0x0,
    0xf, 0xff, 0xff, 0xfb, 0x5f, 0x80, 0x2, 0x92,
    0xf, 0x92, 0x22, 0xdb, 0x5f, 0x90, 0x5, 0xf7,
    0xf, 0xff, 0xff, 0xfb, 0x3f, 0xfe, 0xef, 0xf3,
    0xf, 0x94, 0x44, 0xb8, 0x8, 0xdd, 0xdd, 0x80,

    /* U+9165 "酥" */
    0x0, 0x0, 0x0, 0x0, 0x0, 0x0, 0x3, 0x0,
    0x1f, 0xff, 0xff, 0xfa, 0x2, 0x59, 0xef, 0xb0,
    0x18, 0xaf, 0xbf, 0x86, 0xcf, 0xff, 0xfb, 0x50,
    0x0, 0x4f, 0x6e, 0x0, 0x59, 0x6f, 0xc0, 0x0,
    0xd, 0xff, 0xff, 0xf7, 0x0, 0xf, 0xc0, 0x0,
    0xd, 0xcf, 0xcc, 0xf7, 0x77, 0x8f, 0xe7, 0x73,
    0xd, 0x8e, 0x77, 0xf7, 0xff, 0xff, 0xff, 0xf7,
    0xd, 0x8e, 0x67, 0xf7, 0x23, 0xff, 0xfc, 0x21,
    0xd, 0xdb, 0x5e, 0xf7, 0x5, 0xff, 0xff, 0x10,
    0xd, 0xa3, 0x1, 0xf7, 0xc, 0xdf, 0xef, 0x60,
    0xd, 0xb5, 0x55, 0xf7, 0x5f, 0x6f, 0xcc, 0xd0,
    0xd, 0xff, 0xff, 0xf9, 0xee, 0x1f, 0xc6, 0xf6,
    0xd, 0xa2, 0x22, 0xfb, 0xf6, 0xf, 0xc0, 0xe8,
    0xd, 0xff, 0xff, 0xf7, 0x60, 0xf, 0xc0, 0x20,
    0xd, 0xa4, 0x44, 0xc6, 0x0, 0xf, 0xc0, 0x0,
    0x0, 0x0, 0x0, 0x0, 0x0, 0x1, 0x0, 0x0,

    /* U+91CC "里" */
    0x0, 0x9f, 0xff, 0xff, 0xff, 0xff, 0xfe, 0x0,
    0x0, 0x9f, 0xca, 0xae, 0xfb, 0xab, 0xfe, 0x0,
    0x0, 0x9f, 0x40, 0xc, 0xf0, 0x1, 0xfe, 0x0,
    0x0, 0x9f, 0xff, 0xff, 0xff, 0xff, 0xfe, 0x0,
    0x0, 0x9f, 0xa8, 0x8e, 0xf8, 0x89, 0xfe, 0x0,
    0x0, 0x9f, 0x50, 0xc, 0xf0, 0x2, 0xfe, 0x0,
    0x0, 0x9f, 0xff, 0xff, 0xff, 0xff, 0xfe, 0x0,
    0x0, 0x6a, 0xaa, 0xaf, 0xfb, 0xaa, 0xa9, 0x0,
    0x0, 0x0, 0x0, 0xf, 0xf3, 0x0, 0x0, 0x0,
    0x1, 0xff, 0xff, 0xff, 0xff, 0xff, 0xff, 0x60,
    0x1, 0xbb, 0xbb, 0xbf, 0xfc, 0xbb, 0xbb, 0x40,
    0x0, 0x0, 0x0, 0xe, 0xf2, 0x0, 0x0, 0x0,
    0x2c, 0xcc, 0xcc, 0xcf, 0xfd, 0xcc, 0xcc, 0xc2,
    0x2f, 0xff, 0xff, 0xff, 0xff, 0xff, 0xff, 0xf3,

    /* U+91CD "重" */
    0x0, 0x0, 0x0, 0x1, 0x23, 0x57, 0x80, 0x0,
    0x0, 0xbe, 0xef, 0xff, 0xff, 0xff, 0xf6, 0x0,
    0x0, 0x69, 0x98, 0x8f, 0xe5, 0x32, 0x0, 0x0,
    0x1b, 0xbb, 0xbb, 0xbf, 0xfb, 0xbb, 0xbb, 0xb2,
    0x2e, 0xee, 0xee, 0xef, 0xfe, 0xee, 0xee, 0xe2,
    0x0, 0x36, 0x66, 0x6f, 0xe6, 0x66, 0x64, 0x0,
    0x0, 0x8f, 0xed, 0xdf, 0xfd, 0xde, 0xfa, 0x0,
    0x0, 0x8f, 0xb8, 0x8f, 0xf8, 0x8a, 0xfa, 0x0,
    0x0, 0x8f, 0x96, 0x7f, 0xf6, 0x69, 0xfa, 0x0,
    0x0, 0x8f, 0xff, 0xff, 0xff, 0xff, 0xfa, 0x0,
    0x0, 0x24, 0x44, 0x5f, 0xe4, 0x44, 0x43, 0x0,
    0x0, 0xee, 0xee, 0xff, 0xfe, 0xee, 0xee, 0x30,
    0x0, 0x88, 0x88, 0x9f, 0xf8, 0x88, 0x88, 0x20,
    0x28, 0x88, 0x88, 0x8f, 0xf8, 0x88, 0x88, 0x82,
    0x3f, 0xff, 0xff, 0xff, 0xff, 0xff, 0xff, 0xf4,

    /* U+91D1 "金" */
    0x0, 0x0, 0x0, 0x6, 0x70, 0x0, 0x0, 0x0,
    0x0, 0x0, 0x0, 0x4f, 0xf5, 0x0, 0x0, 0x0,
    0x0, 0x0, 0x6, 0xff, 0xfe, 0x40, 0x0, 0x0,
    0x0, 0x2, 0xbf, 0xf6, 0x4e, 0xfa, 0x20, 0x0,
    0x4, 0xaf, 0xfe, 0x30, 0x1, 0xcf, 0xfc, 0x50,
    0x4f, 0xff, 0xff, 0xff, 0xff, 0xff, 0xff, 0xf6,
    0x7, 0x85, 0xcc, 0xcf, 0xfc, 0xcc, 0x36, 0x80,
    0x0, 0x0, 0x0, 0xf, 0xf0, 0x0, 0x0, 0x0,
    0x1, 0xaa, 0xaa, 0xaf, 0xfa, 0xaa, 0xaa, 0x10,
    0x1, 0xff, 0xff, 0xff, 0xff, 0xff, 0xff, 0x10,
    0x0, 0xa, 0xd0, 0x1f, 0xf0, 0xd, 0xa1, 0x0,
    0x0, 0x8, 0xf6, 0xf, 0xf0, 0x5f, 0xa0, 0x0,
    0x0, 0x1, 0xfb, 0xf, 0xf0, 0xde, 0x10, 0x0,
    0xa, 0xbb, 0xec, 0xcf, 0xfb, 0xde, 0xbb, 0xb0,
    0xe, 0xff, 0xff, 0xff, 0xff, 0xff, 0xff, 0xe0,

    /* U+9488 "针" */
    0x0, 0x0, 0x0, 0x0, 0x0, 0x0, 0x0, 0x0,
    0x0, 0x7c, 0x30, 0x0, 0x0, 0xdf, 0x10, 0x0,
    0x0, 0xef, 0x20, 0x0, 0x0, 0xdf, 0x10, 0x0,
    0x7, 0xff, 0xff, 0xc0, 0x0, 0xdf, 0x10, 0x0,
    0x3f, 0xfd, 0xdd, 0xa0, 0x0, 0xdf, 0x10, 0x0,
    0x7f, 0x80, 0x0, 0x0, 0x0, 0xdf, 0x10, 0x0,
    0xc, 0xff, 0xff, 0x78, 0x88, 0xff, 0x98, 0x82,
    0x3, 0xaf, 0xfa, 0x7f, 0xff, 0xff, 0xff, 0xf4,
    0x0, 0xf, 0xd0, 0x15, 0x55, 0xef, 0x65, 0x51,
    0xb, 0xbf, 0xfb, 0x80, 0x0, 0xdf, 0x10, 0x0,
    0x1f, 0xff, 0xff, 0xa0, 0x0, 0xdf, 0x10, 0x0,
    0x0, 0xf, 0xd0, 0x0, 0x0, 0xdf, 0x10, 0x0,
    0x0, 0xf, 0xd0, 0x40, 0x0, 0xdf, 0x10, 0x0,
    0x0, 0x1f, 0xfe, 0xf0, 0x0, 0xdf, 0x10, 0x0,
    0x0, 0x9f, 0xfc, 0x50, 0x0, 0xdf, 0x10, 0x0,
    0x0, 0x3c, 0x40, 0x0, 0x0, 0xdf, 0x10, 0x0,
    0x0, 0x0, 0x0, 0x0, 0x0, 0x0, 0x0, 0x0,

    /* U+949F "钟" */
    0x0, 0x7a, 0x10, 0x0, 0x0, 0xdf, 0x0, 0x0,
    0x0, 0xef, 0x10, 0x0, 0x0, 0xdf, 0x0, 0x0,
    0x6, 0xff, 0xff, 0xb0, 0x0, 0xdf, 0x0, 0x0,
    0x2f, 0xfc, 0xcc, 0x85, 0x55, 0xef, 0x55, 0x50,
    0x5f, 0x90, 0x0, 0xe, 0xff, 0xff, 0xff, 0xf1,
    0xb, 0xff, 0xff, 0x6e, 0xe7, 0xef, 0x7d, 0xf1,
    0x1, 0xaf, 0xea, 0x4e, 0xc0, 0xdf, 0xb, 0xf1,
    0x0, 0xf, 0xc0, 0xe, 0xc0, 0xdf, 0xb, 0xf1,
    0x1f, 0xff, 0xff, 0xae, 0xfc, 0xff, 0xcf, 0xf1,
    0xb, 0xbf, 0xfb, 0x7e, 0xff, 0xff, 0xff, 0xf1,
    0x0, 0xf, 0xc0, 0xe, 0xc0, 0xdf, 0x1c, 0xf1,
    0x0, 0xf, 0xc0, 0x43, 0x30, 0xdf, 0x1, 0x20,
    0x0, 0x3f, 0xff, 0xe0, 0x0, 0xdf, 0x0, 0x0,
    0x0, 0xbf, 0xfa, 0x30, 0x0, 0xdf, 0x0, 0x0,
    0x0, 0x5a, 0x20, 0x0, 0x0, 0xdf, 0x0, 0x0,

    /* U+94A5 "钥" */
    0x0, 0x37, 0x10, 0x0, 0x0, 0x0, 0x0, 0x0,
    0xc, 0xf3, 0x0, 0xf, 0xff, 0xff, 0xfc, 0x5,
    0xff, 0xff, 0xf2, 0xff, 0xbb, 0xbf, 0xc2, 0xff,
    0xbb, 0xbb, 0x1f, 0xe0, 0x1, 0xfc, 0x6f, 0x80,
    0x0, 0x0, 0xfe, 0x11, 0x2f, 0xc0, 0xbf, 0xff,
    0xfe, 0xf, 0xff, 0xff, 0xfc, 0x1, 0xaf, 0xea,
    0x90, 0xff, 0x99, 0xaf, 0xc0, 0x1, 0xfc, 0x0,
    0xf, 0xe0, 0x1, 0xfc, 0xf, 0xff, 0xff, 0xf2,
    0xff, 0x99, 0xaf, 0xc0, 0xbb, 0xff, 0xbb, 0x3f,
    0xff, 0xff, 0xfc, 0x0, 0x1f, 0xc0, 0x3, 0xfc,
    0x11, 0x3f, 0xc0, 0x1, 0xfc, 0x35, 0x5f, 0x80,
    0x1, 0xfc, 0x0, 0x3f, 0xff, 0xca, 0xf5, 0x0,
    0x1f, 0xc0, 0xb, 0xff, 0xa5, 0xff, 0x0, 0xde,
    0xfb, 0x0, 0x6b, 0x20, 0x5e, 0x70, 0xc, 0xfc,
    0x30, 0x0, 0x0, 0x0, 0x10, 0x0, 0x0, 0x0,

    /* U+94B1 "钱" */
    0x0, 0x69, 0x10, 0x0, 0xd, 0xf0, 0x80, 0x0,
    0x0, 0xef, 0x20, 0x0, 0xc, 0xf7, 0xfd, 0x10,
    0x6, 0xff, 0xff, 0xa0, 0xc, 0xf0, 0x7c, 0x0,
    0x2f, 0xfc, 0xcc, 0x80, 0x1c, 0xf8, 0xbd, 0x90,
    0x5f, 0x90, 0x0, 0xc, 0xff, 0xff, 0xfd, 0x80,
    0xc, 0xff, 0xff, 0x68, 0xad, 0xf5, 0x0, 0x0,
    0x2, 0xaf, 0xea, 0x40, 0x8, 0xf8, 0x7a, 0xd0,
    0x0, 0xf, 0xb0, 0x19, 0xbf, 0xff, 0xff, 0xd2,
    0xb, 0xbf, 0xeb, 0x8f, 0xfd, 0xfb, 0x35, 0x40,
    0xf, 0xff, 0xff, 0x92, 0x1, 0xfc, 0x3f, 0xe1,
    0x0, 0xf, 0xb0, 0x0, 0x0, 0xdf, 0xef, 0x40,
    0x0, 0xf, 0xb5, 0x90, 0x0, 0xbf, 0xf4, 0x10,
    0x0, 0x1f, 0xff, 0xc1, 0x8e, 0xff, 0xc0, 0xe3,
    0x0, 0x8f, 0xe6, 0x2f, 0xfe, 0x69, 0xff, 0xf4,
    0x0, 0x5a, 0x10, 0x7, 0x70, 0x0, 0xbf, 0xa0,

    /* U+94C3 "铃" */
    0x0, 0x33, 0x0, 0x0, 0x0, 0x54, 0x0, 0x0,
    0x0, 0xdf, 0x20, 0x0, 0x1, 0xff, 0x0, 0x0,
    0x5, 0xff, 0xff, 0xb0, 0xa, 0xff, 0x80, 0x0,
    0x2f, 0xfc, 0xcc, 0x90, 0x5f, 0xcc, 0xf3, 0x0,
    0x7f, 0x80, 0x0, 0x4, 0xff, 0x22, 0xfe, 0x20,
    0xc, 0xff, 0xff, 0x7f, 0xfa, 0xc2, 0x6f, 0xe3,
    0x2, 0xaf, 0xfa, 0xbf, 0x62, 0xfd, 0x8, 0xf3,
    0x0, 0xe, 0xd0, 0x5, 0x11, 0x78, 0x21, 0x20,
    0xb, 0xbf, 0xfb, 0x88, 0xff, 0xff, 0xff, 0x60,
    0x1f, 0xff, 0xff, 0xb5, 0xaa, 0xaa, 0xff, 0x30,
    0x0, 0xe, 0xd0, 0x0, 0x0, 0x8, 0xfa, 0x0,
    0x0, 0xe, 0xd0, 0x40, 0x8d, 0x5f, 0xe1, 0x0,
    0x0, 0xf, 0xfd, 0xf0, 0x6f, 0xff, 0x40, 0x0,
    0x0, 0x7f, 0xfe, 0x70, 0x3, 0xef, 0xa0, 0x0,
    0x0, 0x9f, 0x80, 0x0, 0x0, 0x1c, 0xe3, 0x0,
    0x0, 0x1, 0x0, 0x0, 0x0, 0x0, 0x20, 0x0,

    /* U+94DC "铜" */
    0x0, 0x35, 0x10, 0x0, 0x0, 0x0, 0x0, 0x0,
    0x0, 0xbf, 0x52, 0x1d, 0xff, 0xff, 0xff, 0xf4,
    0x3, 0xff, 0xff, 0xbd, 0xeb, 0xbb, 0xbc, 0xf4,
    0x1e, 0xfa, 0xaa, 0x7d, 0xc0, 0x0, 0x5, 0xf4,
    0x3f, 0xa0, 0x0, 0xd, 0xc8, 0xff, 0xf5, 0xf4,
    0xa, 0xff, 0xff, 0x8d, 0xc4, 0x88, 0x85, 0xf4,
    0x1, 0xbf, 0xea, 0x6d, 0xc2, 0x44, 0x45, 0xf4,
    0x0, 0x1f, 0xa0, 0xd, 0xc6, 0xff, 0xe5, 0xf4,
    0xc, 0xcf, 0xec, 0x7d, 0xc6, 0xb5, 0xe5, 0xf4,
    0xc, 0xdf, 0xec, 0x7d, 0xc6, 0xa3, 0xe5, 0xf4,
    0x0, 0x1f, 0xa0, 0xd, 0xc6, 0xff, 0xe5, 0xf4,
    0x0, 0x1f, 0xa6, 0x5d, 0xc6, 0xd7, 0x75, 0xf4,
    0x0, 0x3f, 0xff, 0x9d, 0xc3, 0x50, 0x5, 0xf4,
    0x0, 0xbf, 0xe6, 0xd, 0xc0, 0x2, 0xbd, 0xf3,
    0x0, 0x69, 0x0, 0xd, 0xc0, 0x0, 0xee, 0xa0,

    /* U+94F6 "银" */
    0x0, 0x35, 0x10, 0x0, 0x0, 0x0, 0x0, 0x0,
    0x0, 0xbf, 0x30, 0x8, 0xff, 0xff, 0xff, 0xa0,
    0x3, 0xff, 0xff, 0x88, 0xfb, 0x99, 0xaf, 0xa0,
    0x1e, 0xfd, 0xdd, 0x78, 0xf5, 0x0, 0x1f, 0xa0,
    0x4f, 0xa0, 0x0, 0x8, 0xff, 0xff, 0xff, 0xa0,
    0xa, 0xff, 0xff, 0x68, 0xfa, 0x77, 0x8f, 0xa0,
    0x0, 0xaf, 0xea, 0x48, 0xf7, 0x33, 0x4f, 0xa0,
    0x0, 0xf, 0xc0, 0x8, 0xff, 0xff, 0xff, 0xa0,
    0xb, 0xcf, 0xfb, 0x98, 0xf9, 0xde, 0x67, 0x60,
    0xe, 0xff, 0xff, 0xb8, 0xf4, 0x8f, 0x2b, 0xe2,
    0x0, 0xf, 0xc0, 0x8, 0xf4, 0x3f, 0xff, 0xa0,
    0x0, 0xf, 0xc0, 0x28, 0xf4, 0xc, 0xf8, 0x0,
    0x0, 0x1f, 0xed, 0xb9, 0xf6, 0x59, 0xfe, 0x20,
    0x0, 0x7f, 0xfe, 0x7d, 0xff, 0xf9, 0x9f, 0xf4,
    0x0, 0x7f, 0x70, 0xe, 0xfb, 0x72, 0x9, 0xe1,
    0x0, 0x1, 0x0, 0x3, 0x10, 0x0, 0x0, 0x10,

    /* U+9501 "锁" */
    0x0, 0x79, 0x10, 0x0, 0x20, 0xde, 0x0, 0x0,
    0x0, 0xef, 0x0, 0xd, 0xc0, 0xde, 0xa, 0xe1,
    0x7, 0xff, 0xff, 0xb8, 0xf5, 0xde, 0x2f, 0xa0,
    0x2f, 0xfa, 0xaa, 0x71, 0xf8, 0xde, 0x7f, 0x10,
    0x6f, 0x70, 0x0, 0x6, 0xa8, 0xff, 0x8a, 0x70,
    0xc, 0xff, 0xff, 0x6c, 0xff, 0xff, 0xff, 0xc0,
    0x2, 0xbf, 0xda, 0x4c, 0xf2, 0x55, 0x3f, 0xc0,
    0x0, 0x1f, 0x90, 0xc, 0xf0, 0xfe, 0xf, 0xc0,
    0xb, 0xcf, 0xeb, 0x6c, 0xf0, 0xfe, 0xf, 0xc0,
    0xf, 0xff, 0xff, 0x7c, 0xf0, 0xfe, 0xf, 0xc0,
    0x0, 0x1f, 0x90, 0xc, 0xf1, 0xfc, 0xf, 0xc0,
    0x0, 0x1f, 0x92, 0x3c, 0xf7, 0xf8, 0xf, 0xc0,
    0x0, 0x4f, 0xef, 0x91, 0x7f, 0xf8, 0xb3, 0x0,
    0x0, 0xaf, 0xfb, 0x6a, 0xff, 0x49, 0xff, 0x91,
    0x1, 0xed, 0x40, 0xcf, 0xc2, 0x0, 0x2c, 0xf5,
    0x0, 0x10, 0x0, 0x13, 0x0, 0x0, 0x0, 0x30,

    /* U+9508 "锈" */
    0x0, 0x56, 0x0, 0x0, 0x1, 0x35, 0x79, 0x0,
    0x0, 0xdf, 0x0, 0x9, 0xff, 0xff, 0xfe, 0x60,
    0x6, 0xff, 0xff, 0x62, 0x66, 0xde, 0x10, 0x0,
    0x3f, 0xfe, 0xee, 0x6b, 0xbb, 0xef, 0xbb, 0xb5,
    0x6f, 0x60, 0x0, 0xf, 0xff, 0xff, 0xff, 0xf8,
    0xb, 0xff, 0xff, 0x20, 0x9f, 0xff, 0xfb, 0x0,
    0x3, 0xbf, 0xea, 0x4b, 0xfa, 0xbe, 0x6f, 0xd3,
    0x0, 0x1f, 0xa0, 0x3f, 0xa0, 0xbe, 0x7, 0xf3,
    0xa, 0xbf, 0xea, 0x58, 0xa9, 0xaa, 0x94, 0x10,
    0x1f, 0xff, 0xff, 0x7a, 0xff, 0xff, 0xf5, 0x0,
    0x1, 0x3f, 0xa1, 0x0, 0x7f, 0x57, 0xfa, 0x82,
    0x0, 0x1f, 0xa0, 0x0, 0xaf, 0x29, 0xff, 0xf2,
    0x0, 0x3f, 0xde, 0x72, 0xfd, 0x0, 0x8, 0xf0,
    0x0, 0xbf, 0xf9, 0x7e, 0xf4, 0x5, 0x7d, 0xe0,
    0x0, 0x59, 0x10, 0x2d, 0x40, 0x7, 0xfe, 0x50,
    0x0, 0x0, 0x0, 0x0, 0x0, 0x0, 0x0, 0x0,

    /* U+952E "键" */
    0x0, 0x0, 0x0, 0x0, 0x0, 0x0, 0x0, 0x0,
    0x0, 0xdb, 0x0, 0x0, 0x10, 0xf, 0x70, 0x0,
    0x3, 0xfc, 0x5, 0xff, 0xe5, 0x7f, 0xb7, 0x50,
    0x9, 0xff, 0xfb, 0xbf, 0xe5, 0xaf, 0xde, 0xa0,
    0x2f, 0xea, 0xa4, 0x1f, 0x94, 0x4f, 0x9b, 0xc2,
    0x6f, 0x50, 0x0, 0x6f, 0x4f, 0xff, 0xff, 0xf8,
    0xd, 0xff, 0xf8, 0xdd, 0x22, 0x2f, 0x8b, 0xb0,
    0x5, 0xdf, 0x9c, 0xff, 0xf8, 0xff, 0xff, 0xa0,
    0x0, 0x9f, 0x2, 0x6b, 0xf2, 0x4f, 0x94, 0x30,
    0x1e, 0xff, 0xe9, 0x59, 0xd8, 0xff, 0xff, 0xd0,
    0xa, 0xdf, 0xaa, 0xfd, 0xb2, 0x4f, 0x94, 0x30,
    0x0, 0x9f, 0x0, 0xdf, 0x7e, 0xff, 0xff, 0xf2,
    0x0, 0x9f, 0x78, 0x8f, 0x57, 0x7f, 0xb7, 0x71,
    0x0, 0xbf, 0xf7, 0xdf, 0xf5, 0x8, 0x40, 0x0,
    0x2, 0xff, 0x5a, 0xf4, 0xcf, 0xeb, 0x98, 0x85,
    0x1, 0xd3, 0x1e, 0x80, 0x6, 0xbe, 0xff, 0xf5,
    0x0, 0x0, 0x2, 0x0, 0x0, 0x0, 0x0, 0x0,

    /* U+955C "镜" */
    0x0, 0x0, 0x0, 0x0, 0x0, 0x0, 0x0, 0x0,
    0x0, 0x6a, 0x20, 0x0, 0x0, 0xdb, 0x0, 0x0,
    0x0, 0xef, 0x10, 0xd, 0xff, 0xff, 0xff, 0xe0,
    0x6, 0xff, 0xff, 0x56, 0xae, 0x77, 0xeb, 0x70,
    0x2f, 0xfb, 0xbb, 0x40, 0x9f, 0x11, 0xfa, 0x0,
    0x5f, 0x91, 0x11, 0x3c, 0xef, 0xdd, 0xfe, 0xc3,
    0xa, 0xff, 0xff, 0x59, 0x99, 0x99, 0x99, 0x92,
    0x2, 0x8f, 0xc7, 0x18, 0xdd, 0xdd, 0xdd, 0x90,
    0x0, 0x2f, 0x90, 0x9, 0xf4, 0x44, 0x5f, 0xa0,
    0x1e, 0xef, 0xfe, 0x89, 0xfe, 0xee, 0xff, 0xa0,
    0x1e, 0xef, 0xfe, 0x89, 0xf3, 0x33, 0x4f, 0xa0,
    0x0, 0x2f, 0x90, 0x9, 0xff, 0xff, 0xff, 0xa0,
    0x0, 0x2f, 0xa6, 0x51, 0x8f, 0x7b, 0xf4, 0x20,
    0x0, 0x5f, 0xff, 0x90, 0xcf, 0x1a, 0xf1, 0x72,
    0x0, 0xef, 0xf7, 0x6c, 0xf9, 0xa, 0xf6, 0xf7,
    0x0, 0x9a, 0x10, 0xaf, 0x80, 0x5, 0xff, 0xe2,
    0x0, 0x0, 0x0, 0x0, 0x0, 0x0, 0x0, 0x0,

    /* U+957F "长" */
    0x0, 0x6, 0xf9, 0x0, 0x0, 0x4, 0x71, 0x0,
    0x0, 0x6, 0xf9, 0x0, 0x0, 0x5f, 0xf8, 0x0,
    0x0, 0x6, 0xf9, 0x0, 0x2a, 0xff, 0x80, 0x0,
    0x0, 0x6, 0xf9, 0x2a, 0xff, 0xe5, 0x0, 0x0,
    0x0, 0x6, 0xf9, 0x2e, 0xf9, 0x10, 0x0, 0x0,
    0x0, 0x6, 0xf9, 0x3, 0x30, 0x0, 0x0, 0x0,
    0x1c, 0xcd, 0xfe, 0xcc, 0xcc, 0xcc, 0xcc, 0xc2,
    0x2f, 0xff, 0xff, 0xff, 0xff, 0xff, 0xff, 0xf2,
    0x2, 0x28, 0xfa, 0x24, 0xfd, 0x22, 0x22, 0x20,
    0x0, 0x6, 0xf9, 0x0, 0xbf, 0x70, 0x0, 0x0,
    0x0, 0x6, 0xf9, 0x0, 0x3f, 0xf5, 0x0, 0x0,
    0x0, 0x6, 0xf9, 0x1, 0x46, 0xff, 0x80, 0x0,
    0x0, 0x8, 0xfe, 0xdf, 0xf1, 0x7f, 0xfe, 0x82,
    0x0, 0xf, 0xff, 0xfd, 0x91, 0x4, 0xdf, 0xe1,
    0x0, 0x9, 0xa5, 0x10, 0x0, 0x0, 0x5, 0x40,
    0x0, 0x0, 0x0, 0x0, 0x0, 0x0, 0x0, 0x0,

    /* U+95E8 "门" */
    0x4, 0x30, 0x0, 0x0, 0x0, 0x0, 0x0, 0x1f,
    0xf3, 0x1f, 0xff, 0xff, 0xff, 0xfc, 0x4, 0xff,
    0x4d, 0xdd, 0xdd, 0xdd, 0xfc, 0x56, 0x8c, 0x30,
    0x0, 0x0, 0x2, 0xfc, 0xdf, 0x10, 0x0, 0x0,
    0x0, 0x2, 0xfc, 0xdf, 0x10, 0x0, 0x0, 0x0,
    0x2, 0xfc, 0xdf, 0x10, 0x0, 0x0, 0x0, 0x2,
    0xfc, 0xdf, 0x10, 0x0, 0x0, 0x0, 0x2, 0xfc,
    0xdf, 0x10, 0x0, 0x0, 0x0, 0x2, 0xfc, 0xdf,
    0x10, 0x0, 0x0, 0x0, 0x2, 0xfc, 0xdf, 0x10,
    0x0, 0x0, 0x0, 0x2, 0xfc, 0xdf, 0x10, 0x0,
    0x0, 0x0, 0x2, 0xfc, 0xdf, 0x10, 0x0, 0x0,
    0x0, 0x2, 0xfc, 0xdf, 0x10, 0x0, 0x0, 0x9,
    0xcd, 0xfa, 0xdf, 0x10, 0x0, 0x0, 0x7, 0xff,
    0xc3, 0x0, 0x0, 0x0, 0x0, 0x0, 0x0, 0x0,

    /* U+95ED "闭" */
    0x7, 0x20, 0x0, 0x0, 0x0, 0x0, 0x0, 0x5f,
    0xe1, 0x7f, 0xff, 0xff, 0xff, 0xff, 0x9, 0xfa,
    0x5b, 0xbb, 0xbb, 0xbb, 0xff, 0x11, 0x81, 0x0,
    0x0, 0x65, 0x0, 0xef, 0xef, 0x0, 0x0, 0x1,
    0xfd, 0x0, 0xef, 0xef, 0x1, 0x11, 0x13, 0xfd,
    0x11, 0xef, 0xef, 0x2f, 0xff, 0xff, 0xff, 0xf8,
    0xef, 0xef, 0x1a, 0xaa, 0xdf, 0xff, 0xa5, 0xef,
    0xef, 0x0, 0x4, 0xff, 0xfd, 0x0, 0xef, 0xef,
    0x0, 0x5f, 0xf8, 0xfd, 0x0, 0xef, 0xef, 0x2b,
    0xff, 0x51, 0xfd, 0x0, 0xef, 0xef, 0x7f, 0xb2,
    0x2, 0xfd, 0x0, 0xef, 0xef, 0x3, 0x6, 0xcc,
    0xfc, 0x0, 0xef, 0xef, 0x0, 0x3, 0xff, 0xd4,
    0x6b, 0xfe, 0xef, 0x0, 0x0, 0x0, 0x0, 0x5f,
    0xe6, 0x0, 0x0, 0x0, 0x0, 0x0, 0x0, 0x0,

    /* U+95FB "闻" */
    0x4, 0x0, 0x0, 0x0, 0x0, 0x0, 0x0, 0x4f,
    0xd1, 0x7f, 0xff, 0xff, 0xff, 0xfe, 0x9, 0xfb,
    0x5a, 0xaa, 0xaa, 0xaa, 0xfe, 0x11, 0x91, 0x0,
    0x0, 0x0, 0x0, 0xee, 0xdf, 0x1f, 0xff, 0xff,
    0xff, 0xf0, 0xee, 0xdf, 0x18, 0xfc, 0x77, 0xcf,
    0x80, 0xee, 0xdf, 0x1, 0xfd, 0xaa, 0xdf, 0x10,
    0xee, 0xdf, 0x1, 0xfe, 0xbb, 0xef, 0x10, 0xee,
    0xdf, 0x1, 0xfc, 0x55, 0xcf, 0x10, 0xee, 0xdf,
    0x1, 0xff, 0xff, 0xff, 0x10, 0xee, 0xdf, 0x1,
    0xfa, 0x13, 0xbf, 0xb3, 0xee, 0xdf, 0x5d, 0xff,
    0xff, 0xff, 0xf5, 0xee, 0xdf, 0x4a, 0x98, 0x76,
    0xbf, 0x30, 0xee, 0xdf, 0x0, 0x0, 0x0, 0x9f,
    0x8b, 0xfd, 0xdf, 0x0, 0x0, 0x0, 0x0, 0x5f,
    0xe6, 0x0, 0x0, 0x0, 0x0, 0x0, 0x0, 0x0,

    /* U+961F "队" */
    0x0, 0x0, 0x0, 0x0, 0x4f, 0xa0, 0x0, 0xb,
    0xff, 0xff, 0xb0, 0x4, 0xfa, 0x0, 0x0, 0xbf,
    0xbc, 0xfd, 0x0, 0x5f, 0x90, 0x0, 0xb, 0xf1,
    0x6f, 0x70, 0x5, 0xf9, 0x0, 0x0, 0xbf, 0x1c,
    0xf1, 0x0, 0x6f, 0x80, 0x0, 0xb, 0xf2, 0xfb,
    0x0, 0x8, 0xfa, 0x0, 0x0, 0xbf, 0x2d, 0xf1,
    0x0, 0xaf, 0xd0, 0x0, 0xb, 0xf1, 0x4f, 0x90,
    0xc, 0xff, 0x10, 0x0, 0xbf, 0x10, 0xfd, 0x0,
    0xff, 0xf4, 0x0, 0xb, 0xf1, 0x1f, 0xe0, 0x5f,
    0xff, 0xb0, 0x0, 0xbf, 0x7f, 0xfa, 0xc, 0xf7,
    0xef, 0x20, 0xb, 0xf3, 0xb9, 0x16, 0xfe, 0x7,
    0xfa, 0x0, 0xbf, 0x10, 0x4, 0xff, 0x50, 0xe,
    0xf6, 0xb, 0xf1, 0x5, 0xff, 0x90, 0x0, 0x4f,
    0xf6, 0xbf, 0x10, 0xb, 0x70, 0x0, 0x0, 0x5d,
    0x20, 0x0, 0x0, 0x0, 0x0, 0x0, 0x0, 0x0,

    /* U+9633 "阳" */
    0x0, 0x0, 0x0, 0x0, 0x0, 0x0, 0x0, 0xcf,
    0xff, 0xf9, 0xbf, 0xff, 0xff, 0xfd, 0xcf, 0xad,
    0xf7, 0xbf, 0xcc, 0xcc, 0xfd, 0xcf, 0xb, 0xf2,
    0xbf, 0x10, 0x1, 0xfd, 0xcf, 0xf, 0xb0, 0xbf,
    0x10, 0x1, 0xfd, 0xcf, 0x5f, 0x50, 0xbf, 0x10,
    0x1, 0xfd, 0xcf, 0x4f, 0x90, 0xbf, 0x20, 0x1,
    0xfd, 0xcf, 0x9, 0xf3, 0xbf, 0xff, 0xff, 0xfd,
    0xcf, 0x4, 0xf7, 0xbf, 0xbb, 0xbb, 0xfd, 0xcf,
    0x4, 0xf9, 0xbf, 0x10, 0x1, 0xfd, 0xcf, 0xaf,
    0xf5, 0xbf, 0x10, 0x1, 0xfd, 0xcf, 0x5a, 0x60,
    0xbf, 0x10, 0x1, 0xfd, 0xcf, 0x0, 0x0, 0xbf,
    0xbb, 0xbb, 0xfd, 0xcf, 0x0, 0x0, 0xbf, 0xff,
    0xff, 0xfd, 0xcf, 0x0, 0x0, 0xae, 0x20, 0x1,
    0xfd,

    /* U+9636 "阶" */
    0x0, 0x0, 0x0, 0x0, 0x2b, 0x80, 0x0, 0xd,
    0xff, 0xff, 0x70, 0x9, 0xfd, 0x0, 0x0, 0xdf,
    0xce, 0xf9, 0x2, 0xff, 0xfa, 0x0, 0xd, 0xf0,
    0xcf, 0x11, 0xdf, 0x8c, 0xf9, 0x0, 0xdf, 0x3f,
    0x92, 0xdf, 0xb0, 0x1d, 0xfd, 0x3d, 0xf9, 0xf5,
    0xef, 0xb0, 0x0, 0x1a, 0xf8, 0xdf, 0x2e, 0xd4,
    0x89, 0x70, 0x18, 0x64, 0xd, 0xf0, 0x7f, 0x61,
    0xfc, 0x3, 0xfa, 0x0, 0xdf, 0x3, 0xf9, 0x1f,
    0xc0, 0x3f, 0xa0, 0xd, 0xf0, 0x4f, 0xa1, 0xfc,
    0x3, 0xfa, 0x0, 0xdf, 0xcf, 0xf6, 0x3f, 0xb0,
    0x3f, 0xa0, 0xd, 0xf6, 0xb6, 0x7, 0xf8, 0x3,
    0xfa, 0x0, 0xdf, 0x0, 0x0, 0xef, 0x40, 0x3f,
    0xa0, 0xd, 0xf0, 0x0, 0xaf, 0xd0, 0x3, 0xfa,
    0x0, 0xdf, 0x0, 0x5, 0xd2, 0x0, 0x3e, 0xa0,
    0x0, 0x0, 0x0, 0x0, 0x0, 0x0, 0x0, 0x0,

    /* U+9661 "陡" */
    0x0, 0x0, 0x0, 0x0, 0x1f, 0xb0, 0x0, 0xe,
    0xff, 0xfc, 0x20, 0x1, 0xfb, 0x0, 0x0, 0xee,
    0xaf, 0xf3, 0xaa, 0xaf, 0xea, 0xa9, 0xe, 0xc0,
    0xfc, 0x2f, 0xff, 0xff, 0xff, 0xe0, 0xec, 0x2f,
    0x70, 0x0, 0x1f, 0xb0, 0x0, 0xe, 0xc6, 0xf3,
    0x99, 0x9a, 0xfe, 0x99, 0x95, 0xec, 0x7f, 0x6f,
    0xff, 0xff, 0xff, 0xff, 0x8e, 0xc0, 0xec, 0x1,
    0x0, 0xee, 0x0, 0x0, 0xec, 0xb, 0xf0, 0xdf,
    0xe, 0xe0, 0x0, 0xe, 0xc0, 0xbf, 0x1f, 0xe0,
    0xef, 0xdd, 0xd1, 0xec, 0xaf, 0xe3, 0xfc, 0xe,
    0xfc, 0xcc, 0x1e, 0xc7, 0xc4, 0x6f, 0xf3, 0xee,
    0x0, 0x0, 0xec, 0x0, 0xd, 0xff, 0xdf, 0xe0,
    0x0, 0xe, 0xc0, 0x9, 0xf8, 0x5f, 0xff, 0xcb,
    0xb8, 0xec, 0x0, 0x7b, 0x0, 0x3a, 0xef, 0xff,
    0x70, 0x0, 0x0, 0x0, 0x0, 0x0, 0x0, 0x0,

    /* U+9662 "院" */
    0x0, 0x0, 0x0, 0x0, 0x4a, 0x20, 0x0, 0xe,
    0xff, 0xfb, 0x0, 0x7, 0xf9, 0x0, 0x0, 0xee,
    0xbf, 0xd9, 0xaa, 0xcf, 0xfa, 0xaa, 0x2e, 0xb3,
    0xf8, 0xdf, 0xff, 0xff, 0xff, 0xf3, 0xeb, 0x7f,
    0x3d, 0xe0, 0x0, 0x0, 0x9f, 0x3e, 0xbb, 0xd0,
    0x6c, 0xaa, 0xaa, 0xad, 0x71, 0xeb, 0xaf, 0x20,
    0x9f, 0xff, 0xff, 0xe0, 0xe, 0xb2, 0xf9, 0x0,
    0x0, 0x0, 0x0, 0x0, 0xeb, 0xd, 0xcb, 0xee,
    0xee, 0xee, 0xee, 0x4e, 0xb0, 0xdd, 0xac, 0xff,
    0xcf, 0xfc, 0xc3, 0xec, 0xef, 0xa0, 0xf, 0xc0,
    0xfc, 0x0, 0xe, 0xb9, 0x91, 0x6, 0xf9, 0xf,
    0xc0, 0x20, 0xeb, 0x0, 0x4, 0xef, 0x30, 0xfc,
    0x1f, 0x6e, 0xb0, 0xc, 0xff, 0x70, 0xf, 0xfd,
    0xf5, 0xeb, 0x0, 0x7b, 0x40, 0x0, 0x7c, 0xda,
    0x0, 0x0, 0x0, 0x0, 0x0, 0x0, 0x0, 0x0,

    /* U+9676 "陶" */
    0x0, 0x0, 0x0, 0x66, 0x0, 0x0, 0x0, 0xf,
    0xff, 0xfb, 0x1f, 0xd0, 0x0, 0x0, 0x0, 0xfe,
    0xbf, 0xd6, 0xfc, 0x88, 0x88, 0x88, 0xf, 0xa3,
    0xf9, 0xef, 0xff, 0xff, 0xff, 0xf0, 0xfa, 0x7f,
    0xdf, 0x89, 0x20, 0x0, 0xbf, 0xf, 0xab, 0xff,
    0xb9, 0xf7, 0x55, 0x2b, 0xf0, 0xfa, 0xbe, 0x56,
    0xff, 0xff, 0xf5, 0xbf, 0xf, 0xa2, 0xf8, 0x8c,
    0x3f, 0x40, 0xb, 0xf0, 0xfa, 0xe, 0xca, 0xff,
    0xff, 0xfb, 0xcf, 0xf, 0xa0, 0xdd, 0x46, 0x7f,
    0x86, 0x4c, 0xe0, 0xfc, 0xef, 0xa6, 0xf3, 0xf4,
    0xf7, 0xde, 0xf, 0xaa, 0x91, 0x6f, 0x8f, 0x9f,
    0x7e, 0xd0, 0xfa, 0x0, 0x6, 0xff, 0xff, 0xf7,
    0xfc, 0xf, 0xa0, 0x0, 0x0, 0x0, 0x28, 0xbf,
    0x90, 0xfa, 0x0, 0x0, 0x0, 0x1, 0xff, 0xd2,
    0x0, 0x0, 0x0, 0x0, 0x0, 0x0, 0x0, 0x0,

    /* U+96C0 "雀" */
    0x0, 0x1, 0x40, 0x1f, 0xb0, 0x7, 0x20, 0x0,
    0x0, 0xa, 0xf8, 0x1f, 0xb0, 0x5f, 0xe2, 0x0,
    0x0, 0x5f, 0xe0, 0x1f, 0xb1, 0xab, 0xfe, 0x20,
    0x5, 0xff, 0x40, 0x1f, 0xee, 0xfa, 0x9f, 0xc0,
    0x3, 0xe5, 0x0, 0x5f, 0xff, 0x70, 0x8, 0x10,
    0x0, 0x14, 0x9e, 0xff, 0xea, 0x10, 0x0, 0x0,
    0x6c, 0xff, 0xff, 0xd6, 0x8f, 0xb3, 0x33, 0x10,
    0x2f, 0xee, 0xff, 0xff, 0xff, 0xff, 0xff, 0x70,
    0x1, 0xb, 0xf5, 0x44, 0x6f, 0xb4, 0x44, 0x20,
    0x0, 0xb, 0xfe, 0xee, 0xef, 0xfe, 0xeb, 0x0,
    0x0, 0xb, 0xf6, 0x55, 0x7f, 0xb5, 0x54, 0x0,
    0x0, 0xb, 0xfc, 0xcc, 0xdf, 0xec, 0xc9, 0x0,
    0x0, 0xb, 0xfa, 0x99, 0xaf, 0xd9, 0x97, 0x0,
    0x0, 0xb, 0xf8, 0x77, 0x9f, 0xc7, 0x77, 0x40,
    0x0, 0xb, 0xff, 0xff, 0xff, 0xff, 0xff, 0x90,

    /* U+96C6 "集" */
    0x0, 0x0, 0x86, 0x2, 0x83, 0x0, 0x0, 0x0,
    0x0, 0x9, 0xfa, 0x15, 0xfb, 0x11, 0x11, 0x0,
    0x0, 0x5f, 0xff, 0xff, 0xff, 0xff, 0xff, 0x60,
    0x6, 0xff, 0xa5, 0x58, 0xfb, 0x55, 0x55, 0x20,
    0x5f, 0xff, 0xff, 0xff, 0xff, 0xff, 0xfa, 0x0,
    0x9, 0xaf, 0xa5, 0x58, 0xfb, 0x55, 0x53, 0x0,
    0x0, 0x6f, 0xff, 0xff, 0xff, 0xff, 0xfb, 0x0,
    0x0, 0x6f, 0x94, 0x47, 0xfa, 0x44, 0x43, 0x0,
    0x0, 0x6f, 0xff, 0xff, 0xff, 0xff, 0xff, 0xc0,
    0x0, 0x37, 0x66, 0x6f, 0xf6, 0x66, 0x66, 0x50,
    0x3f, 0xff, 0xff, 0xff, 0xff, 0xff, 0xff, 0xf2,
    0x17, 0x77, 0x9f, 0xff, 0xff, 0xfa, 0x77, 0x71,
    0x0, 0x4a, 0xff, 0x9f, 0xf8, 0xff, 0xa4, 0x0,
    0x6f, 0xff, 0xc3, 0xf, 0xe0, 0x2b, 0xff, 0xf4,
    0xb, 0x82, 0x0, 0xf, 0xe0, 0x0, 0x28, 0x90,

    /* U+96E8 "雨" */
    0x3f, 0xff, 0xff, 0xff, 0xff, 0xff, 0xff, 0xf3,
    0x3d, 0xdd, 0xdd, 0xdf, 0xfd, 0xdd, 0xdd, 0xd3,
    0x0, 0x0, 0x0, 0xf, 0xd0, 0x0, 0x0, 0x0,
    0x0, 0x0, 0x0, 0xf, 0xe0, 0x0, 0x0, 0x0,
    0x8, 0xff, 0xff, 0xff, 0xff, 0xff, 0xff, 0x90,
    0x8, 0xfd, 0xbb, 0xbf, 0xfb, 0xbb, 0xcf, 0x90,
    0x8, 0xf6, 0x93, 0xf, 0xd4, 0x91, 0x3f, 0x90,
    0x8, 0xf7, 0xdf, 0x9f, 0xd6, 0xff, 0x9f, 0x90,
    0x8, 0xf4, 0x8, 0x4f, 0xd0, 0x19, 0x5f, 0x90,
    0x8, 0xf8, 0xd4, 0xf, 0xeb, 0xb2, 0x3f, 0x90,
    0x8, 0xf7, 0xcf, 0x9f, 0xe5, 0xef, 0x8f, 0x90,
    0x8, 0xf4, 0x8, 0x3f, 0xd0, 0x17, 0x4f, 0x90,
    0x8, 0xf4, 0x0, 0xf, 0xd0, 0x4a, 0xdf, 0x80,
    0x8, 0xf4, 0x0, 0xc, 0xb0, 0x1e, 0xeb, 0x20,

    /* U+96EA "雪" */
    0x0, 0xef, 0xff, 0xff, 0xff, 0xff, 0xfa, 0x0,
    0x7, 0x77, 0x77, 0xfe, 0x77, 0x77, 0x50, 0xe,
    0xee, 0xee, 0xef, 0xfe, 0xee, 0xee, 0xb0, 0xfd,
    0x77, 0x77, 0xfe, 0x77, 0x77, 0xfd, 0xf, 0xac,
    0xff, 0x7f, 0xda, 0xff, 0x7e, 0xd0, 0xc8, 0x34,
    0x42, 0xfd, 0x34, 0x42, 0xba, 0x0, 0x2f, 0xff,
    0x8f, 0xda, 0xff, 0xe0, 0x0, 0x1, 0x55, 0x53,
    0x87, 0x35, 0x54, 0x0, 0x0, 0x8f, 0xff, 0xff,
    0xff, 0xff, 0xf3, 0x0, 0x3, 0x77, 0x77, 0x77,
    0x77, 0xdf, 0x30, 0x0, 0x2c, 0xcc, 0xcc, 0xcc,
    0xce, 0xf3, 0x0, 0x2, 0xaa, 0xaa, 0xaa, 0xaa,
    0xef, 0x30, 0x0, 0x79, 0x99, 0x99, 0x99, 0x9d,
    0xf3, 0x0, 0xb, 0xff, 0xff, 0xff, 0xff, 0xff,
    0x30,

    /* U+96F7 "雷" */
    0x0, 0xef, 0xff, 0xff, 0xff, 0xff, 0xff, 0x10,
    0x0, 0x77, 0x77, 0x7f, 0xe7, 0x77, 0x77, 0x0,
    0xe, 0xee, 0xee, 0xef, 0xfe, 0xee, 0xee, 0xe3,
    0xf, 0xd7, 0x77, 0x7f, 0xe7, 0x77, 0x7b, 0xf3,
    0xf, 0xac, 0xff, 0x7f, 0xd8, 0xff, 0xe8, 0xf3,
    0xb, 0x84, 0x44, 0x2f, 0xd2, 0x44, 0x46, 0xb2,
    0x0, 0x2f, 0xff, 0x8f, 0xd9, 0xff, 0xf4, 0x0,
    0x0, 0x15, 0x55, 0x3b, 0xa4, 0x55, 0x52, 0x0,
    0x0, 0x8f, 0xff, 0xff, 0xff, 0xff, 0xfc, 0x0,
    0x0, 0x8f, 0x85, 0x5f, 0xe5, 0x56, 0xfc, 0x0,
    0x0, 0x8f, 0xdc, 0xcf, 0xfc, 0xcd, 0xfc, 0x0,
    0x0, 0x8f, 0xb9, 0x9f, 0xf9, 0x9a, 0xfc, 0x0,
    0x0, 0x8f, 0x97, 0x7f, 0xe7, 0x78, 0xfc, 0x0,
    0x0, 0x8f, 0xff, 0xff, 0xff, 0xff, 0xdb, 0x0,

    /* U+96FE "雾" */
    0x1, 0xff, 0xff, 0xff, 0xff, 0xff, 0xff, 0x10,
    0x5, 0x88, 0x88, 0x8f, 0xf8, 0x88, 0x88, 0x50,
    0xf, 0xea, 0xaa, 0xaf, 0xfa, 0xaa, 0xae, 0xf0,
    0xf, 0xbb, 0xee, 0x6e, 0xe8, 0xee, 0xac, 0xf0,
    0xd, 0x97, 0x99, 0x4e, 0xe5, 0x88, 0x6b, 0xe0,
    0x0, 0x3, 0x9c, 0x48, 0x83, 0x66, 0x40, 0x0,
    0x0, 0x3a, 0xff, 0xff, 0xff, 0xff, 0xfb, 0x0,
    0x8, 0xff, 0xfd, 0x73, 0x48, 0xdf, 0xc2, 0x0,
    0x1, 0x62, 0x7f, 0xff, 0xff, 0xfb, 0x65, 0x52,
    0x3f, 0xff, 0xff, 0xda, 0x9c, 0xef, 0xff, 0xf2,
    0x7, 0x97, 0x63, 0x5f, 0xc3, 0x33, 0x43, 0x20,
    0x0, 0xdf, 0xff, 0xff, 0xff, 0xff, 0xf6, 0x0,
    0x1, 0x57, 0xaf, 0xf6, 0x17, 0x7c, 0xf3, 0x0,
    0x1, 0xcf, 0xb7, 0x10, 0x9, 0xff, 0x90, 0x0,
    0x0, 0x0, 0x0, 0x0, 0x0, 0x0, 0x0, 0x0,

    /* U+9700 "需" */
    0x0, 0xef, 0xff, 0xff, 0xff, 0xff, 0xfd, 0x0,
    0x0, 0x67, 0x77, 0x7f, 0xe7, 0x77, 0x76, 0x0,
    0xf, 0xff, 0xff, 0xff, 0xff, 0xff, 0xff, 0xf0,
    0xf, 0xc6, 0x66, 0x5f, 0xe5, 0x66, 0x6c, 0xf0,
    0xf, 0xac, 0xff, 0x7e, 0xd8, 0xff, 0xbb, 0xf0,
    0x5, 0x46, 0x66, 0x3e, 0xd3, 0x66, 0x64, 0x50,
    0x0, 0x1c, 0xcc, 0x6d, 0xc7, 0xcc, 0xc1, 0x0,
    0xa, 0xaa, 0xaa, 0xaa, 0xaa, 0xaa, 0xaa, 0xa1,
    0x1b, 0xbb, 0xbb, 0xcf, 0xfb, 0xbb, 0xbb, 0xb1,
    0x0, 0x78, 0x88, 0xaf, 0xd8, 0x88, 0x88, 0x20,
    0x0, 0xef, 0xff, 0xff, 0xff, 0xff, 0xff, 0x40,
    0x0, 0xee, 0x7, 0xf3, 0xf, 0xa0, 0x9f, 0x40,
    0x0, 0xee, 0x7, 0xf3, 0xf, 0xa7, 0xdf, 0x30,
    0x0, 0xee, 0x6, 0xe3, 0xe, 0x99, 0xfb, 0x0,
    0x0, 0x0, 0x0, 0x0, 0x0, 0x0, 0x0, 0x0,

    /* U+971E "霞" */
    0x0, 0xef, 0xff, 0xff, 0xff, 0xff, 0xfd, 0x0,
    0x2, 0x77, 0x77, 0x7f, 0xf7, 0x77, 0x77, 0x20,
    0xf, 0xff, 0xff, 0xff, 0xff, 0xff, 0xff, 0xf0,
    0xf, 0xa6, 0x88, 0x3f, 0xe4, 0x88, 0x5b, 0xf0,
    0xb, 0x75, 0x77, 0x3f, 0xe3, 0x77, 0x58, 0xb0,
    0x0, 0x1c, 0xcc, 0x5f, 0xd6, 0xcc, 0xc0, 0x0,
    0x4, 0xaa, 0xaa, 0xa7, 0x6a, 0xaa, 0xaa, 0x30,
    0x6, 0xfa, 0x67, 0xfa, 0x36, 0x66, 0xaf, 0x50,
    0x6, 0xfe, 0xee, 0xfa, 0x9f, 0xff, 0xff, 0x50,
    0x6, 0xf9, 0x55, 0x53, 0x56, 0x66, 0x67, 0x10,
    0x6, 0xff, 0xff, 0xf6, 0xbf, 0xee, 0xff, 0x70,
    0x6, 0xf9, 0x44, 0x42, 0x2f, 0xb6, 0xfc, 0x0,
    0x6, 0xff, 0xff, 0xf8, 0x2a, 0xff, 0xf7, 0x30,
    0x6, 0xf7, 0x22, 0x28, 0xea, 0x76, 0x8b, 0xc1,

    /* U+9752 "青" */
    0x0, 0x0, 0x0, 0xf, 0xe0, 0x0, 0x0, 0x0,
    0x1, 0xff, 0xff, 0xff, 0xff, 0xff, 0xff, 0x40,
    0x0, 0x66, 0x66, 0x6f, 0xf6, 0x66, 0x66, 0x10,
    0x0, 0x36, 0x66, 0x6f, 0xf6, 0x66, 0x63, 0x0,
    0x0, 0x7f, 0xff, 0xff, 0xff, 0xff, 0xf8, 0x0,
    0x5, 0x55, 0x55, 0x5f, 0xf5, 0x55, 0x55, 0x50,
    0x1f, 0xff, 0xff, 0xff, 0xff, 0xff, 0xff, 0xf1,
    0x0, 0x5, 0x55, 0x55, 0x55, 0x55, 0x50, 0x0,
    0x0, 0xf, 0xff, 0xff, 0xff, 0xff, 0xf1, 0x0,
    0x0, 0xf, 0xe4, 0x44, 0x44, 0x4e, 0xf1, 0x0,
    0x0, 0xf, 0xff, 0xff, 0xff, 0xff, 0xf1, 0x0,
    0x0, 0xf, 0xe4, 0x44, 0x44, 0x4d, 0xf1, 0x0,
    0x0, 0xf, 0xff, 0xff, 0xff, 0xff, 0xf1, 0x0,
    0x0, 0xf, 0xd0, 0x0, 0x18, 0x8e, 0xf0, 0x0,
    0x0, 0xf, 0xd0, 0x0, 0xc, 0xed, 0x70, 0x0,

    /* U+9759 "静" */
    0x0, 0x8, 0xf3, 0x0, 0x9, 0xb1, 0x0, 0x0,
    0x4, 0x4a, 0xf7, 0x43, 0xf, 0xf1, 0x10, 0x0,
    0xf, 0xff, 0xff, 0xfc, 0x8f, 0xff, 0xfa, 0x0,
    0x5, 0x7c, 0xf9, 0x76, 0xfe, 0x6b, 0xf5, 0x0,
    0x8, 0xce, 0xfd, 0xca, 0xfb, 0x8f, 0xe7, 0x60,
    0x29, 0x9d, 0xfb, 0x98, 0xaf, 0xff, 0xff, 0xc0,
    0x4e, 0xee, 0xee, 0xed, 0x0, 0xfd, 0xe, 0xc0,
    0x3, 0x66, 0x66, 0x63, 0x88, 0xfe, 0x8f, 0xe5,
    0x7, 0xff, 0xff, 0xf7, 0xff, 0xff, 0xff, 0xfa,
    0x7, 0xf7, 0x5a, 0xf3, 0x0, 0xfd, 0xe, 0xc0,
    0x7, 0xff, 0xff, 0xf3, 0x8b, 0xff, 0xbf, 0xc0,
    0x7, 0xf6, 0x4a, 0xf3, 0x9c, 0xff, 0xcf, 0xc0,
    0x7, 0xff, 0xff, 0xf3, 0x0, 0xed, 0x2, 0x20,
    0x7, 0xf2, 0x6c, 0xf3, 0x7b, 0xfc, 0x0, 0x0,
    0x7, 0xf2, 0x8f, 0xb0, 0x4f, 0xd5, 0x0, 0x0,

    /* U+9762 "面" */
    0x2f, 0xff, 0xff, 0xff, 0xff, 0xff, 0xff, 0xf3,
    0x2c, 0xcc, 0xcc, 0xdf, 0xfc, 0xcc, 0xcc, 0xc2,
    0x0, 0x0, 0x0, 0x7f, 0xa0, 0x0, 0x0, 0x0,
    0x5, 0x99, 0x99, 0xdf, 0xc9, 0x99, 0x99, 0x40,
    0x8, 0xff, 0xff, 0xff, 0xff, 0xff, 0xff, 0x70,
    0x8, 0xf6, 0x2f, 0xb2, 0x2e, 0xd2, 0x8f, 0x70,
    0x8, 0xf5, 0xf, 0xd8, 0x8f, 0xd0, 0x6f, 0x70,
    0x8, 0xf5, 0xf, 0xff, 0xff, 0xd0, 0x6f, 0x70,
    0x8, 0xf5, 0xf, 0xa0, 0xd, 0xd0, 0x6f, 0x70,
    0x8, 0xf5, 0xf, 0xff, 0xff, 0xd0, 0x6f, 0x70,
    0x8, 0xf5, 0xf, 0xd8, 0x8f, 0xd0, 0x6f, 0x70,
    0x8, 0xf5, 0x1f, 0xa0, 0xe, 0xd0, 0x7f, 0x70,
    0x8, 0xff, 0xff, 0xff, 0xff, 0xff, 0xff, 0x70,
    0x8, 0xfc, 0xbb, 0xbb, 0xbb, 0xbb, 0xdf, 0x70,

    /* U+978B "鞋" */
    0x0, 0x0, 0x0, 0x0, 0x0, 0x0, 0x0, 0x0,
    0x2, 0xf6, 0xd, 0xd0, 0x0, 0x4f, 0x90, 0x0,
    0x4b, 0xfc, 0xaf, 0xfa, 0x0, 0x4f, 0x90, 0x0,
    0x6f, 0xff, 0xff, 0xff, 0x9f, 0xff, 0xff, 0xe0,
    0x3, 0xf8, 0x1d, 0xe0, 0x8d, 0xef, 0xfd, 0xc0,
    0x2, 0xff, 0xff, 0xd0, 0x0, 0x4f, 0x90, 0x0,
    0x0, 0x9, 0xf3, 0x0, 0x99, 0xbf, 0xd9, 0x92,
    0xf, 0xff, 0xff, 0xf9, 0xff, 0xff, 0xff, 0xf4,
    0xf, 0xca, 0xf7, 0xf8, 0x55, 0x57, 0x65, 0x51,
    0xf, 0xa8, 0xf3, 0xf8, 0x0, 0x4f, 0x90, 0x0,
    0xf, 0xff, 0xff, 0xf8, 0x8a, 0xcf, 0xea, 0xa0,
    0x3, 0x3a, 0xf5, 0x32, 0xcf, 0xff, 0xff, 0xf0,
    0x7f, 0xff, 0xff, 0xfe, 0x0, 0x4f, 0xa0, 0x0,
    0x5a, 0xad, 0xfb, 0xaa, 0x0, 0x4f, 0x90, 0x0,
    0x0, 0x8, 0xf2, 0x6, 0xff, 0xff, 0xff, 0xf7,
    0x0, 0x8, 0xf2, 0x5, 0xcc, 0xcc, 0xcc, 0xc6,

    /* U+97F3 "音" */
    0x0, 0x0, 0x0, 0x15, 0x50, 0x0, 0x0, 0x0,
    0x0, 0x0, 0x0, 0x2f, 0xf2, 0x0, 0x0, 0x0,
    0x4, 0xff, 0xff, 0xff, 0xff, 0xff, 0xff, 0x60,
    0x2, 0x9a, 0xdd, 0x99, 0x99, 0xde, 0xb9, 0x40,
    0x0, 0x1, 0xfe, 0x0, 0x0, 0xef, 0x40, 0x0,
    0x17, 0x77, 0xef, 0xa7, 0x79, 0xff, 0x87, 0x71,
    0x2f, 0xff, 0xff, 0xff, 0xff, 0xff, 0xff, 0xf2,
    0x1, 0x11, 0x11, 0x11, 0x11, 0x11, 0x11, 0x10,
    0x0, 0x2f, 0xff, 0xff, 0xff, 0xff, 0xf5, 0x0,
    0x0, 0x2f, 0xe9, 0x99, 0x99, 0x9d, 0xf5, 0x0,
    0x0, 0x2f, 0xd4, 0x44, 0x44, 0x4b, 0xf5, 0x0,
    0x0, 0x2f, 0xff, 0xff, 0xff, 0xff, 0xf5, 0x0,
    0x0, 0x2f, 0xc2, 0x22, 0x22, 0x2b, 0xf5, 0x0,
    0x0, 0x2f, 0xe9, 0x99, 0x99, 0x9d, 0xf5, 0x0,
    0x0, 0x2f, 0xff, 0xff, 0xff, 0xff, 0xf5, 0x0,

    /* U+9875 "页" */
    0xe, 0xff, 0xff, 0xff, 0xff, 0xff, 0xff, 0xf0,
    0xa, 0xbb, 0xbb, 0xdf, 0xeb, 0xbb, 0xbb, 0xb0,
    0x0, 0x0, 0x0, 0x9f, 0x60, 0x0, 0x0, 0x0,
    0x0, 0x6b, 0xbb, 0xff, 0xbb, 0xbb, 0xb9, 0x0,
    0x0, 0x9f, 0xff, 0xff, 0xff, 0xff, 0xfd, 0x0,
    0x0, 0x9f, 0x60, 0x5, 0x50, 0x4, 0xfd, 0x0,
    0x0, 0x9f, 0x50, 0xe, 0xf0, 0x3, 0xfd, 0x0,
    0x0, 0x9f, 0x50, 0xe, 0xf0, 0x3, 0xfd, 0x0,
    0x0, 0x9f, 0x50, 0xf, 0xf0, 0x3, 0xfd, 0x0,
    0x0, 0x9f, 0x50, 0x2f, 0xd0, 0x3, 0xfd, 0x0,
    0x0, 0x6b, 0x40, 0xcf, 0x9a, 0x84, 0xa8, 0x0,
    0x0, 0x0, 0x5d, 0xfd, 0x3c, 0xff, 0xa2, 0x0,
    0x16, 0xae, 0xff, 0xa1, 0x0, 0x4c, 0xff, 0x90,
    0xb, 0xfe, 0x82, 0x0, 0x0, 0x0, 0x5e, 0xa0,
    0x1, 0x20, 0x0, 0x0, 0x0, 0x0, 0x0, 0x0,

    /* U+9876 "顶" */
    0x39, 0x99, 0x99, 0x6f, 0xff, 0xff, 0xff, 0xfa,
    0x5f, 0xff, 0xff, 0x8a, 0xaa, 0xff, 0xaa, 0xa6,
    0x13, 0x4f, 0xd3, 0x10, 0x1, 0xfc, 0x0, 0x0,
    0x0, 0x1f, 0xc0, 0x7, 0xff, 0xff, 0xff, 0xf0,
    0x0, 0x1f, 0xc0, 0x7, 0xfc, 0xaa, 0xae, 0xf0,
    0x0, 0x1f, 0xc0, 0x7, 0xf4, 0x58, 0x2c, 0xf0,
    0x0, 0x1f, 0xc0, 0x7, 0xf4, 0x9f, 0x3c, 0xf0,
    0x0, 0x1f, 0xc0, 0x7, 0xf4, 0x9f, 0x3c, 0xf0,
    0x0, 0x1f, 0xc0, 0x7, 0xf4, 0xaf, 0x3c, 0xf0,
    0x0, 0x1f, 0xc0, 0x7, 0xf4, 0xcf, 0x1c, 0xf0,
    0x0, 0x1f, 0xc0, 0x4, 0xa6, 0xfc, 0x27, 0x90,
    0x0, 0x1f, 0xc0, 0x0, 0x3e, 0xf8, 0xfb, 0x10,
    0x2e, 0xff, 0xb0, 0x4a, 0xff, 0x51, 0xbf, 0xe4,
    0xc, 0xeb, 0x20, 0x4f, 0xd3, 0x0, 0x7, 0xf5,
    0x0, 0x0, 0x0, 0x2, 0x0, 0x0, 0x0, 0x20,

    /* U+987A "顺" */
    0x0, 0x0, 0x0, 0x10, 0x0, 0x0, 0x0, 0x0,
    0xd, 0xb0, 0x8, 0xf8, 0xff, 0xff, 0xff, 0xf6,
    0xd, 0xb9, 0xb8, 0xf5, 0x99, 0xff, 0xa9, 0x93,
    0xd, 0xb9, 0xb8, 0xf1, 0x23, 0xfc, 0x22, 0x20,
    0xd, 0xb9, 0xb8, 0xf3, 0xff, 0xff, 0xff, 0xe0,
    0xd, 0xb9, 0xb8, 0xf3, 0xfc, 0x88, 0x8e, 0xe0,
    0xd, 0xb9, 0xb8, 0xf3, 0xf7, 0x68, 0xd, 0xe0,
    0xe, 0xb9, 0xb8, 0xf3, 0xf7, 0xaf, 0x1d, 0xe0,
    0xe, 0xb9, 0xb8, 0xf3, 0xf7, 0xaf, 0x1d, 0xe0,
    0xf, 0xa9, 0xb8, 0xf3, 0xf7, 0xbf, 0xd, 0xe0,
    0xf, 0x99, 0xb8, 0xf3, 0xf7, 0xcf, 0xd, 0xe0,
    0x1f, 0x89, 0xb8, 0xf2, 0x96, 0xff, 0x67, 0x80,
    0x5f, 0x69, 0xb8, 0xf1, 0xc, 0xfe, 0xf9, 0x0,
    0x9f, 0x30, 0x8, 0xf5, 0xdf, 0x90, 0xbf, 0xa0,
    0x5e, 0x0, 0x7, 0xdb, 0xf8, 0x0, 0xb, 0xd1,
    0x1, 0x0, 0x0, 0x0, 0x20, 0x0, 0x0, 0x0,

    /* U+987B "须" */
    0x0, 0x1, 0x20, 0x0, 0x0, 0x0, 0x0, 0x0,
    0x0, 0xb, 0xf7, 0xff, 0xff, 0xff, 0xff, 0xf3,
    0x0, 0xaf, 0xc0, 0xcc, 0xce, 0xfd, 0xcc, 0xc3,
    0x1d, 0xfc, 0x10, 0x0, 0xc, 0xf4, 0x0, 0x0,
    0x8, 0xa0, 0x0, 0x4f, 0xff, 0xff, 0xff, 0x90,
    0x0, 0x2, 0xc6, 0x4f, 0xea, 0xaa, 0xdf, 0x90,
    0x0, 0x1e, 0xf7, 0x4f, 0x92, 0x74, 0x6f, 0x90,
    0x5, 0xef, 0x80, 0x4f, 0x94, 0xfa, 0x6f, 0x90,
    0x1e, 0xf7, 0x0, 0x4f, 0x94, 0xfa, 0x6f, 0x90,
    0x3, 0x30, 0x54, 0x4f, 0x94, 0xf9, 0x6f, 0x90,
    0x0, 0x3, 0xfe, 0x6f, 0x96, 0xf8, 0x6f, 0x90,
    0x0, 0x1e, 0xf5, 0x3a, 0x6b, 0xf5, 0x59, 0x50,
    0x4, 0xef, 0x90, 0x0, 0x8f, 0xbc, 0xe6, 0x0,
    0x4f, 0xf9, 0x0, 0x4c, 0xfc, 0x5, 0xef, 0xb1,
    0x9, 0x50, 0x4, 0xff, 0x90, 0x0, 0x1b, 0xf3,
    0x0, 0x0, 0x0, 0x42, 0x0, 0x0, 0x0, 0x40,

    /* U+9897 "颗" */
    0xd, 0xff, 0xff, 0xfc, 0xbf, 0xff, 0xff, 0xf5,
    0xd, 0xb9, 0xf8, 0xdc, 0x79, 0xbf, 0xc9, 0x93,
    0xd, 0xb8, 0xf7, 0xdc, 0x1, 0x7f, 0x41, 0x10,
    0xd, 0xff, 0xff, 0xfc, 0x7f, 0xff, 0xff, 0xe0,
    0xd, 0x95, 0xf4, 0xcc, 0x7f, 0x65, 0x5d, 0xe0,
    0xd, 0xff, 0xff, 0xfc, 0x7f, 0x3f, 0x7c, 0xe0,
    0x5, 0x59, 0xf8, 0x54, 0x7f, 0x3f, 0x7c, 0xe0,
    0x29, 0x9b, 0xfb, 0x99, 0x8f, 0x3f, 0x7c, 0xe0,
    0x4f, 0xff, 0xff, 0xff, 0x9f, 0x4f, 0x7c, 0xe0,
    0x0, 0x3f, 0xfe, 0x30, 0x7f, 0x5f, 0x5c, 0xe0,
    0x2, 0xef, 0xfe, 0xf6, 0x6d, 0xaf, 0x2a, 0xc0,
    0x3e, 0xe8, 0xf4, 0xb8, 0x4, 0xfb, 0xd8, 0x0,
    0x1c, 0x25, 0xf4, 0x1, 0x8f, 0xc0, 0x5e, 0xd2,
    0x0, 0x5, 0xf4, 0x3, 0xe8, 0x0, 0x1, 0xb2,
    0x0, 0x0, 0x0, 0x0, 0x0, 0x0, 0x0, 0x0,

    /* U+989C "颜" */
    0x0, 0x1, 0x61, 0x0, 0x0, 0x0, 0x0, 0x0,
    0x0, 0x4, 0xf8, 0x0, 0x68, 0x88, 0x88, 0x81,
    0xf, 0xff, 0xff, 0xff, 0xad, 0xdf, 0xed, 0xd3,
    0x7, 0xbd, 0x89, 0xd9, 0x0, 0x3f, 0x40, 0x0,
    0x0, 0xae, 0x7, 0xf2, 0x5a, 0xdf, 0xaa, 0x70,
    0x6, 0xbf, 0x9e, 0xe8, 0x8f, 0xaa, 0xae, 0xb0,
    0xa, 0xff, 0xff, 0xff, 0x8d, 0x1c, 0x3b, 0xb0,
    0xa, 0xf0, 0x19, 0xe4, 0x8d, 0x2f, 0x4b, 0xb0,
    0xb, 0xfb, 0xff, 0x70, 0x8d, 0x2f, 0x4b, 0xb0,
    0xb, 0xf5, 0x75, 0xc6, 0x8d, 0x3f, 0x3b, 0xb0,
    0xc, 0xe4, 0xbf, 0xc1, 0x8d, 0x5f, 0x1b, 0xb0,
    0xd, 0xef, 0xe7, 0x74, 0x7b, 0x8e, 0x9, 0x80,
    0x1f, 0xa3, 0x4c, 0xfa, 0x3, 0xf9, 0x86, 0x0,
    0x5f, 0xcd, 0xff, 0x71, 0x6e, 0xe2, 0xaf, 0x90,
    0x6f, 0x4c, 0x71, 0xe, 0xfb, 0x20, 0x7, 0xf4,
    0x2, 0x0, 0x0, 0x3, 0x20, 0x0, 0x0, 0x30,

    /* U+989D "额" */
    0x0, 0x4, 0xa5, 0x0, 0x0, 0x0, 0x0, 0x0,
    0x0, 0x5, 0xfc, 0x0, 0x6f, 0xff, 0xff, 0xf9,
    0x1f, 0xff, 0xff, 0xff, 0x9a, 0xaf, 0xea, 0xa6,
    0x1f, 0xca, 0x98, 0xaf, 0x50, 0x2f, 0x70, 0x0,
    0xc, 0xaf, 0xe3, 0x7e, 0x7a, 0xcf, 0xba, 0xa0,
    0x3, 0xef, 0xff, 0xfe, 0x5f, 0xdc, 0xce, 0xf1,
    0x3f, 0xe8, 0x3b, 0xf7, 0x4f, 0x29, 0x68, 0xf1,
    0x8, 0x6f, 0xff, 0xc0, 0x4f, 0x3f, 0x98, 0xf1,
    0x2, 0x8f, 0xff, 0xf7, 0x5f, 0x3f, 0x88, 0xf1,
    0x2f, 0xff, 0x76, 0xef, 0xaf, 0x4f, 0x78, 0xf1,
    0xb, 0xfa, 0x88, 0x9a, 0x4f, 0x7f, 0x48, 0xf1,
    0x0, 0xef, 0xee, 0xfa, 0x4f, 0xbf, 0x17, 0xe1,
    0x0, 0xec, 0x1, 0xfa, 0x2, 0xfb, 0x8a, 0x10,
    0x0, 0xee, 0x88, 0xfa, 0x3d, 0xe1, 0x5e, 0xe3,
    0x0, 0xef, 0xff, 0xfc, 0xfb, 0x20, 0x1, 0xc7,
    0x0, 0x0, 0x0, 0x0, 0x10, 0x0, 0x0, 0x0,

    /* U+98CE "风" */
    0x0, 0xdf, 0xff, 0xff, 0xff, 0xff, 0xf4, 0x0,
    0x0, 0xdf, 0xdd, 0xdd, 0xdd, 0xde, 0xf4, 0x0,
    0x0, 0xdf, 0x20, 0x0, 0x2, 0x9, 0xf4, 0x0,
    0x0, 0xdf, 0x38, 0x10, 0x2f, 0x99, 0xf4, 0x0,
    0x0, 0xdf, 0x7f, 0xc0, 0x9f, 0x39, 0xf4, 0x0,
    0x0, 0xdf, 0x19, 0xfa, 0xfd, 0x9, 0xf4, 0x0,
    0x0, 0xef, 0x10, 0xcf, 0xf6, 0x9, 0xf4, 0x0,
    0x0, 0xff, 0x0, 0x4f, 0xf3, 0x8, 0xf4, 0x0,
    0x1, 0xfd, 0x1, 0xdf, 0xfd, 0x8, 0xf4, 0x0,
    0x5, 0xfb, 0xb, 0xfa, 0xbf, 0x87, 0xf5, 0x0,
    0x9, 0xf8, 0xcf, 0xd0, 0x2f, 0xf7, 0xf7, 0x91,
    0xe, 0xf3, 0xbd, 0x10, 0x8, 0x83, 0xfb, 0xc7,
    0x7f, 0xc0, 0x1, 0x0, 0x0, 0x0, 0xdf, 0xf4,
    0x2d, 0x40, 0x0, 0x0, 0x0, 0x0, 0x4e, 0xc0,
    0x0, 0x0, 0x0, 0x0, 0x0, 0x0, 0x0, 0x0,

    /* U+98D8 "飘" */
    0x1f, 0xff, 0xff, 0xfe, 0xaf, 0xff, 0xff, 0x40,
    0x6, 0x6f, 0xae, 0x66, 0xae, 0x77, 0x8f, 0x40,
    0xc, 0xff, 0xff, 0xfa, 0xac, 0x4, 0xbf, 0x40,
    0xc, 0x9f, 0x8d, 0xab, 0xad, 0x87, 0xdf, 0x40,
    0xc, 0x8f, 0x7d, 0xab, 0xaf, 0xfb, 0xaf, 0x40,
    0xc, 0xff, 0xff, 0xfb, 0xac, 0xef, 0x7f, 0x40,
    0x3, 0x77, 0x77, 0x72, 0xbb, 0x9f, 0x4f, 0x40,
    0x5, 0xff, 0xff, 0xf3, 0xbb, 0x5f, 0x3f, 0x40,
    0x5, 0x55, 0x55, 0x54, 0xca, 0x9f, 0x7f, 0x50,
    0xf, 0xff, 0xff, 0xfc, 0xf8, 0xef, 0xce, 0x50,
    0x5, 0xb6, 0xf8, 0xb4, 0xfc, 0xf8, 0xfe, 0x70,
    0xb, 0xd4, 0xf6, 0xfb, 0xff, 0xb1, 0xfd, 0xda,
    0x2f, 0x78, 0xf3, 0x7e, 0xd5, 0x40, 0x18, 0xf9,
    0x2, 0x3f, 0xc0, 0x8, 0x60, 0x0, 0x2, 0xe3,
    0x0, 0x0, 0x0, 0x0, 0x0, 0x0, 0x0, 0x0,

    /* U+98DE "飞" */
    0x1f, 0xff, 0xff, 0xff, 0xff, 0xd0, 0x0, 0x0,
    0x1f, 0xff, 0xff, 0xff, 0xff, 0xd0, 0x1c, 0x70,
    0x0, 0x0, 0x0, 0x0, 0x1f, 0xd0, 0xcf, 0x90,
    0x0, 0x0, 0x0, 0x0, 0xf, 0xec, 0xf8, 0x0,
    0x0, 0x0, 0x0, 0x0, 0xf, 0xff, 0x80, 0x0,
    0x0, 0x0, 0x0, 0x0, 0xf, 0xff, 0x80, 0x0,
    0x0, 0x0, 0x0, 0x0, 0xd, 0xfd, 0xfe, 0x50,
    0x0, 0x0, 0x0, 0x0, 0xc, 0xf3, 0x7f, 0xf2,
    0x0, 0x0, 0x0, 0x0, 0x9, 0xf5, 0x2, 0x60,
    0x0, 0x0, 0x0, 0x0, 0x6, 0xf8, 0x0, 0x50,
    0x0, 0x0, 0x0, 0x0, 0x2, 0xfd, 0x0, 0xf5,
    0x0, 0x0, 0x0, 0x0, 0x0, 0xcf, 0x83, 0xf5,
    0x0, 0x0, 0x0, 0x0, 0x0, 0x4f, 0xff, 0xf2,
    0x0, 0x0, 0x0, 0x0, 0x0, 0x4, 0xdf, 0x90,

    /* U+996D "饭" */
    0x0, 0x73, 0x0, 0x0, 0x0, 0x0, 0x4, 0x10,
    0x3, 0xf9, 0x0, 0x5, 0x79, 0xad, 0xff, 0xc0,
    0x6, 0xfa, 0x55, 0x1f, 0xff, 0xfe, 0xc8, 0x40,
    0x9, 0xff, 0xff, 0x9f, 0xe2, 0x0, 0x0, 0x0,
    0xe, 0xe6, 0xbf, 0x4f, 0xd0, 0x0, 0x0, 0x0,
    0x4f, 0x90, 0xce, 0xf, 0xff, 0xff, 0xff, 0xb0,
    0x9f, 0xab, 0x55, 0xf, 0xff, 0xda, 0xbf, 0x90,
    0x7, 0xaf, 0x10, 0xf, 0xcf, 0xb0, 0x7f, 0x50,
    0x0, 0xaf, 0x10, 0x2f, 0xab, 0xf1, 0xdf, 0x20,
    0x0, 0xaf, 0x10, 0x4f, 0x96, 0xfa, 0xfc, 0x0,
    0x0, 0xaf, 0x11, 0x7f, 0x70, 0xef, 0xf5, 0x0,
    0x0, 0xaf, 0xad, 0xbf, 0x20, 0xaf, 0xe0, 0x0,
    0x0, 0xcf, 0xfa, 0xfe, 0x6, 0xff, 0xf7, 0x0,
    0x3, 0xff, 0x78, 0xfb, 0xaf, 0xf7, 0xff, 0xa1,
    0x4, 0xf5, 0xc, 0xf5, 0xfd, 0x20, 0x3e, 0xf3,
    0x0, 0x30, 0x0, 0x40, 0x30, 0x0, 0x0, 0x30,

    /* U+997C "饼" */
    0x0, 0x30, 0x0, 0x0, 0x10, 0x0, 0x21, 0x0,
    0x2, 0xfa, 0x0, 0xa, 0xf3, 0x0, 0xbf, 0x50,
    0x5, 0xf8, 0x11, 0x5, 0xfb, 0x1, 0xfe, 0x0,
    0x8, 0xff, 0xff, 0x82, 0xeb, 0x29, 0xf8, 0x10,
    0xd, 0xe7, 0xbf, 0xaf, 0xff, 0xff, 0xff, 0xd0,
    0x4f, 0x90, 0xcd, 0x5a, 0xff, 0xad, 0xfc, 0x90,
    0x9f, 0x89, 0x64, 0x0, 0xdf, 0x8, 0xf3, 0x0,
    0x5, 0x9f, 0x10, 0x0, 0xdf, 0x9, 0xf4, 0x0,
    0x0, 0x9f, 0x10, 0xef, 0xff, 0xff, 0xff, 0xf2,
    0x0, 0x9f, 0x10, 0xbc, 0xff, 0xce, 0xfd, 0xc2,
    0x0, 0x9f, 0x10, 0x2, 0xfc, 0x8, 0xf3, 0x0,
    0x0, 0x9f, 0x9b, 0x6, 0xf8, 0x8, 0xf3, 0x0,
    0x0, 0xaf, 0xfa, 0xe, 0xf2, 0x8, 0xf3, 0x0,
    0x1, 0xef, 0x61, 0xcf, 0x80, 0x8, 0xf3, 0x0,
    0x0, 0xb3, 0x0, 0xb9, 0x0, 0x8, 0xf3, 0x0,
    0x0, 0x0, 0x0, 0x0, 0x0, 0x0, 0x0, 0x0,

    /* U+997F "饿" */
    0x0, 0x0, 0x0, 0x0, 0x0, 0x0, 0x0, 0x0,
    0x0, 0xfa, 0x0, 0x1, 0x97, 0xaf, 0x35, 0x0,
    0x3, 0xf8, 0x3, 0xbf, 0xff, 0xdf, 0xcf, 0x20,
    0x6, 0xfc, 0xab, 0xff, 0xf1, 0x9f, 0x5f, 0x90,
    0x9, 0xff, 0xfe, 0xd, 0xf0, 0x9f, 0x2d, 0xb0,
    0xe, 0xe5, 0xfa, 0xd, 0xf0, 0x9f, 0x21, 0x0,
    0x4f, 0x94, 0xfb, 0xff, 0xff, 0xff, 0xff, 0xf1,
    0x7f, 0x42, 0x56, 0xbf, 0xfb, 0xdf, 0xdb, 0xb0,
    0x4, 0xbf, 0x10, 0xd, 0xf0, 0x6f, 0x49, 0x80,
    0x0, 0xbf, 0x10, 0xd, 0xf9, 0x7f, 0x9f, 0x90,
    0x0, 0xbf, 0x18, 0xff, 0xff, 0x7f, 0xff, 0x20,
    0x0, 0xbf, 0x15, 0x9e, 0xf0, 0x1f, 0xfa, 0x0,
    0x0, 0xbf, 0x44, 0xd, 0xf0, 0x2f, 0xf1, 0x40,
    0x0, 0xdf, 0xfa, 0xd, 0xf3, 0xef, 0xf2, 0xf3,
    0x3, 0xff, 0xa7, 0xcf, 0xee, 0xf9, 0xff, 0xf1,
    0x0, 0xb4, 0x4, 0xfe, 0x64, 0x50, 0x8f, 0x90,
    0x0, 0x0, 0x0, 0x0, 0x0, 0x0, 0x0, 0x0,

    /* U+9995 "馕" */
    0x4, 0x91, 0x0, 0x0, 0xb, 0xf0, 0x0, 0x0,
    0x8, 0xf2, 0x8, 0xff, 0xff, 0xff, 0xff, 0xd0,
    0xb, 0xf7, 0x74, 0x8a, 0xae, 0xfa, 0xaa, 0x0,
    0xe, 0xff, 0xf9, 0xcc, 0x9e, 0xf9, 0xbf, 0x0,
    0x4f, 0x88, 0xfb, 0x99, 0x9e, 0xf9, 0x99, 0x92,
    0xaf, 0x9, 0xec, 0xc8, 0x88, 0x99, 0x9a, 0xf3,
    0xa9, 0x79, 0x5a, 0xfc, 0xcf, 0x8d, 0xaf, 0xd2,
    0x11, 0xe9, 0x0, 0x9b, 0xea, 0x6d, 0xda, 0x10,
    0x0, 0xe9, 0xa, 0xef, 0xfe, 0xef, 0xfe, 0xe0,
    0x0, 0xe9, 0x3, 0x8c, 0xf8, 0x8d, 0xe8, 0x50,
    0x0, 0xe9, 0x3, 0x8c, 0xf8, 0x8d, 0xe8, 0x50,
    0x0, 0xe9, 0x3e, 0xff, 0xff, 0xff, 0xff, 0xf3,
    0x0, 0xff, 0xe4, 0x9e, 0xe6, 0xea, 0x7e, 0x10,
    0x4, 0xff, 0x9f, 0xcf, 0xb4, 0xae, 0xfb, 0x40,
    0x8, 0xe3, 0x0, 0x5f, 0xfe, 0xb1, 0x9e, 0xf2,
    0x0, 0x20, 0x0, 0x15, 0x10, 0x0, 0x0, 0x10,

    /* U+9999 "香" */
    0x0, 0x0, 0x0, 0x0, 0x1, 0x36, 0x30, 0x0,
    0x0, 0x58, 0x9a, 0xbd, 0xff, 0xff, 0xe2, 0x0,
    0x0, 0x8f, 0xff, 0xff, 0xfa, 0x74, 0x20, 0x0,
    0x0, 0x2, 0x10, 0xf, 0xf0, 0x0, 0x0, 0x0,
    0x1f, 0xff, 0xff, 0xff, 0xff, 0xff, 0xff, 0xf2,
    0x1b, 0xbb, 0xcf, 0xff, 0xff, 0xfc, 0xbb, 0xb1,
    0x0, 0x1, 0xbf, 0xaf, 0xfa, 0xfc, 0x20, 0x0,
    0x1, 0x7e, 0xfa, 0xf, 0xf0, 0x8f, 0xf9, 0x20,
    0x4f, 0xff, 0x70, 0x9, 0x90, 0x4, 0xef, 0xf5,
    0xb, 0x9e, 0xff, 0xff, 0xff, 0xff, 0xf8, 0x90,
    0x0, 0xd, 0xf7, 0x66, 0x66, 0x6e, 0xf1, 0x0,
    0x0, 0xd, 0xfb, 0xbb, 0xbb, 0xbf, 0xf1, 0x0,
    0x0, 0xd, 0xfa, 0x99, 0x99, 0x9f, 0xf1, 0x0,
    0x0, 0xd, 0xf8, 0x77, 0x77, 0x7f, 0xf1, 0x0,
    0x0, 0xd, 0xff, 0xff, 0xff, 0xff, 0xf1, 0x0,

    /* U+9A6C "马" */
    0x0, 0x0, 0x0, 0x0, 0x0, 0x0, 0x0, 0x0,
    0xe, 0xff, 0xff, 0xff, 0xff, 0xfc, 0x0, 0x0,
    0xcd, 0xdd, 0xdd, 0xdd, 0xef, 0xb0, 0x0, 0x0,
    0x12, 0x0, 0x0, 0x4, 0xf9, 0x0, 0x0, 0xa,
    0xf4, 0x0, 0x0, 0x6f, 0x80, 0x0, 0x0, 0xbf,
    0x20, 0x0, 0x8, 0xf6, 0x0, 0x0, 0xd, 0xf0,
    0x0, 0x0, 0x9f, 0x40, 0x0, 0x0, 0xff, 0xbb,
    0xbb, 0xbe, 0xfc, 0xbb, 0x0, 0x1f, 0xff, 0xff,
    0xff, 0xff, 0xff, 0xd0, 0x0, 0x0, 0x0, 0x0,
    0x0, 0x3, 0xfc, 0x2, 0x22, 0x22, 0x22, 0x22,
    0x21, 0x4f, 0xa1, 0xff, 0xff, 0xff, 0xff, 0xff,
    0x77, 0xf7, 0xa, 0xaa, 0xaa, 0xaa, 0xaa, 0xa4,
    0xcf, 0x40, 0x0, 0x0, 0x0, 0x0, 0xbc, 0xdf,
    0xf0, 0x0, 0x0, 0x0, 0x0, 0x9, 0xff, 0xd4,
    0x0, 0x0, 0x0, 0x0, 0x0, 0x0, 0x0, 0x0,

    /* U+9A7C "驼" */
    0x0, 0x0, 0x0, 0x0, 0x5, 0xc4, 0x0, 0x0,
    0x1f, 0xff, 0xff, 0x30, 0x5, 0xfb, 0x0, 0x0,
    0x19, 0x99, 0xcf, 0x30, 0x1, 0xf9, 0x0, 0x0,
    0x3, 0x40, 0x8f, 0x8f, 0xff, 0xff, 0xff, 0xf3,
    0xb, 0xf0, 0x9f, 0x7f, 0xdb, 0xbb, 0xbe, 0xf3,
    0xc, 0xe0, 0xaf, 0x6f, 0xc7, 0x0, 0xa, 0xf3,
    0xd, 0xc0, 0xbe, 0x27, 0xfc, 0x0, 0x5, 0x61,
    0xe, 0xc3, 0xde, 0x21, 0xfc, 0x4, 0xdd, 0x10,
    0xf, 0xff, 0xff, 0xb1, 0xfe, 0xbf, 0xf8, 0x10,
    0x3, 0x33, 0x3f, 0xa1, 0xff, 0xf9, 0x20, 0x0,
    0x0, 0x37, 0x5f, 0x91, 0xfd, 0x10, 0x0, 0x0,
    0x7f, 0xff, 0xaf, 0x81, 0xfc, 0x0, 0x8, 0xc1,
    0x48, 0x41, 0x4f, 0x61, 0xfd, 0x0, 0xa, 0xf1,
    0x0, 0x68, 0xcf, 0x30, 0xff, 0xdc, 0xcf, 0xd0,
    0x0, 0x7f, 0xf9, 0x0, 0x6e, 0xff, 0xfe, 0x40,
    0x0, 0x0, 0x0, 0x0, 0x0, 0x0, 0x0, 0x0,

    /* U+9A86 "骆" */
    0x0, 0x0, 0x0, 0x0, 0x28, 0x40, 0x0, 0x0,
    0x1, 0xff, 0xff, 0xf3, 0xa, 0xf8, 0x0, 0x0,
    0x0, 0x19, 0x99, 0xcf, 0x12, 0xff, 0xff, 0xff,
    0xf4, 0x0, 0x23, 0x9, 0xf1, 0xdf, 0xca, 0xab,
    0xff, 0x10, 0xa, 0xe0, 0xaf, 0xbf, 0xfd, 0x10,
    0xcf, 0x70, 0x0, 0xbd, 0xc, 0xd6, 0xa8, 0xfd,
    0xcf, 0xb0, 0x0, 0xc, 0xc0, 0xdc, 0x0, 0x1d,
    0xff, 0xe1, 0x0, 0x0, 0xdc, 0x1f, 0xa2, 0x9f,
    0xff, 0xff, 0xfa, 0x40, 0xf, 0xff, 0xff, 0xef,
    0xf9, 0x11, 0x7e, 0xfd, 0x0, 0x66, 0x66, 0xf9,
    0xdc, 0xbb, 0xbb, 0xce, 0x50, 0x0, 0x14, 0x4f,
    0x7a, 0xff, 0xff, 0xff, 0xb0, 0x6, 0xef, 0xfb,
    0xf6, 0xaf, 0x10, 0x1, 0xfb, 0x0, 0x6b, 0x73,
    0x4f, 0x4a, 0xf2, 0x0, 0x2f, 0xb0, 0x0, 0x7,
    0x7c, 0xf1, 0xaf, 0xff, 0xff, 0xfb, 0x0, 0x0,
    0xdf, 0xe8, 0xa, 0xfa, 0x99, 0xaf, 0xb0, 0x0,
    0x0, 0x0, 0x0, 0x0, 0x0, 0x0, 0x0, 0x0,

    /* U+9AD8 "高" */
    0x0, 0x0, 0x0, 0x17, 0x80, 0x0, 0x0, 0x0,
    0x2, 0x22, 0x22, 0x3f, 0xf4, 0x22, 0x22, 0x20,
    0x1f, 0xff, 0xff, 0xff, 0xff, 0xff, 0xff, 0xf0,
    0x6, 0x66, 0x66, 0x66, 0x66, 0x66, 0x66, 0x60,
    0x0, 0xe, 0xff, 0xff, 0xff, 0xff, 0xf2, 0x0,
    0x0, 0xf, 0xf5, 0x55, 0x55, 0x5e, 0xf2, 0x0,
    0x0, 0xf, 0xfc, 0xcc, 0xcc, 0xcf, 0xf2, 0x0,
    0x0, 0x6, 0x66, 0x66, 0x66, 0x66, 0x60, 0x0,
    0x9, 0xff, 0xff, 0xff, 0xff, 0xff, 0xff, 0xa0,
    0xa, 0xfa, 0x99, 0x99, 0x99, 0x99, 0xbf, 0xa0,
    0xa, 0xf3, 0x7c, 0xcc, 0xcc, 0xc4, 0x3f, 0xa0,
    0xa, 0xf3, 0x9f, 0xba, 0xac, 0xf5, 0x3f, 0xa0,
    0xa, 0xf3, 0x9f, 0x75, 0x58, 0xf5, 0x3f, 0xa0,
    0xa, 0xf3, 0x9f, 0xff, 0xff, 0xfa, 0xaf, 0x90,
    0xa, 0xf3, 0x59, 0x10, 0x0, 0xc, 0xdb, 0x30,

    /* U+9C7C "鱼" */
    0x0, 0x0, 0x4b, 0x70, 0x0, 0x0, 0x0, 0x0,
    0x0, 0x1, 0xef, 0xd9, 0x99, 0x91, 0x0, 0x0,
    0x0, 0xb, 0xff, 0xff, 0xff, 0xf6, 0x0, 0x0,
    0x1, 0xcf, 0xd1, 0x0, 0x6f, 0xc0, 0x0, 0x0,
    0x2e, 0xff, 0xa8, 0x88, 0xff, 0xb8, 0x86, 0x0,
    0xd, 0xff, 0xff, 0xff, 0xff, 0xff, 0xfb, 0x0,
    0x2, 0x8f, 0x50, 0xe, 0xf0, 0x3, 0xfb, 0x0,
    0x0, 0x7f, 0xa7, 0x7f, 0xf7, 0x79, 0xfb, 0x0,
    0x0, 0x7f, 0xff, 0xff, 0xff, 0xff, 0xfb, 0x0,
    0x0, 0x7f, 0x50, 0xe, 0xf0, 0x2, 0xfb, 0x0,
    0x0, 0x7f, 0xb9, 0x9f, 0xf9, 0x9a, 0xfb, 0x0,
    0x0, 0x7f, 0xff, 0xff, 0xff, 0xff, 0xfb, 0x0,
    0x0, 0x0, 0x0, 0x0, 0x0, 0x0, 0x0, 0x0,
    0x1f, 0xff, 0xff, 0xff, 0xff, 0xff, 0xff, 0xf1,
    0x1c, 0xcc, 0xcc, 0xcc, 0xcc, 0xcc, 0xcc, 0xc1,

    /* U+9E1F "鸟" */
    0x0, 0x0, 0x0, 0x15, 0x40, 0x0, 0x0, 0x0,
    0x0, 0x0, 0x0, 0x5f, 0xc0, 0x0, 0x0, 0x0,
    0x0, 0x2f, 0xff, 0xff, 0xff, 0xff, 0xf4, 0x0,
    0x0, 0x2f, 0xe9, 0x99, 0x99, 0x9c, 0xf3, 0x0,
    0x0, 0x2f, 0xa1, 0xc6, 0x0, 0x7, 0xf2, 0x0,
    0x0, 0x2f, 0xa3, 0xcf, 0xd4, 0x2b, 0xf0, 0x0,
    0x0, 0x2f, 0xa0, 0x6, 0xc3, 0xff, 0xc0, 0x0,
    0x0, 0x2f, 0xa0, 0x0, 0x0, 0x77, 0x20, 0x0,
    0x0, 0x2f, 0xff, 0xff, 0xff, 0xff, 0xff, 0xf2,
    0x0, 0x19, 0x99, 0x99, 0x99, 0x99, 0x9e, 0xf1,
    0x0, 0x0, 0x0, 0x0, 0x0, 0x0, 0xd, 0xf0,
    0x1f, 0xff, 0xff, 0xff, 0xff, 0xfc, 0xf, 0xe0,
    0x9, 0x99, 0x99, 0x99, 0x99, 0x97, 0x2f, 0xc0,
    0x0, 0x0, 0x0, 0x0, 0x0, 0x8a, 0xdf, 0x80,
    0x0, 0x0, 0x0, 0x0, 0x0, 0x8f, 0xfb, 0x10,
    0x0, 0x0, 0x0, 0x0, 0x0, 0x0, 0x0, 0x0,

    /* U+9E23 "鸣" */
    0x0, 0x0, 0x0, 0x0, 0x5, 0x30, 0x0, 0x0,
    0x0, 0x0, 0x0, 0x5, 0xf7, 0x0, 0x0, 0xef,
    0xff, 0xc1, 0xee, 0xff, 0xee, 0xe3, 0xe, 0xfc,
    0xfc, 0x1f, 0xd7, 0x87, 0xcf, 0x30, 0xec, 0xf,
    0xc1, 0xfb, 0x8b, 0x9, 0xf2, 0xe, 0xc0, 0xfc,
    0x1f, 0xb3, 0xf8, 0xaf, 0x0, 0xec, 0xf, 0xc1,
    0xfb, 0x5, 0x7e, 0xe0, 0xe, 0xc0, 0xfc, 0x1f,
    0xb0, 0x1e, 0xd5, 0x0, 0xec, 0xf, 0xc1, 0xfd,
    0x77, 0x77, 0x77, 0x1e, 0xd5, 0xfc, 0x1f, 0xff,
    0xff, 0xff, 0xf2, 0xef, 0xff, 0xc0, 0x0, 0x0,
    0x0, 0xaf, 0x1e, 0xe6, 0x65, 0x8f, 0xff, 0xff,
    0xcb, 0xf0, 0xa9, 0x0, 0x5, 0x99, 0x99, 0x98,
    0xce, 0x0, 0x0, 0x0, 0x0, 0x0, 0x7, 0x7f,
    0xc0, 0x0, 0x0, 0x0, 0x0, 0x0, 0xcf, 0xe4,
    0x0, 0x0, 0x0, 0x0, 0x0, 0x0, 0x0, 0x0,

    /* U+9E2C "鸬" */
    0x0, 0x0, 0x0, 0x0, 0x0, 0x0, 0x0, 0x0,
    0x0, 0x6f, 0x50, 0x0, 0x8, 0xe2, 0x0, 0x0,
    0x6, 0xf5, 0x0, 0x0, 0xaf, 0x0, 0x0, 0x0,
    0x6f, 0xff, 0xfa, 0xdf, 0xfd, 0xd7, 0x0, 0x6,
    0xfa, 0x88, 0xaf, 0xbb, 0xbf, 0x70, 0x12, 0x8f,
    0x72, 0x18, 0xf8, 0xc1, 0xf7, 0xa, 0xff, 0xff,
    0xf9, 0x8f, 0x2d, 0x8f, 0x60, 0xaf, 0x87, 0x8f,
    0x98, 0xf1, 0x6a, 0xf4, 0xa, 0xf1, 0x1, 0xf9,
    0x8f, 0x17, 0xd9, 0x0, 0xbf, 0x98, 0x9f, 0x98,
    0xf8, 0x77, 0x77, 0xb, 0xff, 0xff, 0xf9, 0x8f,
    0xff, 0xff, 0xf0, 0xcf, 0x22, 0x3d, 0x81, 0x22,
    0x22, 0xbe, 0xf, 0xc0, 0x0, 0x2, 0xff, 0xff,
    0xbb, 0xd3, 0xf9, 0x0, 0x0, 0x17, 0x77, 0x75,
    0xdc, 0x8f, 0x40, 0x0, 0x0, 0x0, 0x6, 0x7f,
    0x90, 0x70, 0x0, 0x0, 0x0, 0x0, 0xdf, 0xd3,
    0x0, 0x0, 0x0, 0x0, 0x0, 0x0, 0x0, 0x0,

    /* U+9E3D "鸽" */
    0x0, 0x4, 0x40, 0x0, 0x0, 0x65, 0x0, 0x0,
    0x0, 0x1e, 0xf4, 0x0, 0x4, 0xfb, 0x0, 0x0,
    0x0, 0xaf, 0xfe, 0x30, 0xff, 0xff, 0xff, 0x90,
    0x8, 0xfd, 0x6f, 0xe3, 0xfe, 0xa8, 0x9f, 0x80,
    0x7f, 0xe2, 0x5, 0xf5, 0xfc, 0xdb, 0x4f, 0x70,
    0x4f, 0xc9, 0x99, 0x80, 0xfb, 0x1a, 0x7f, 0x60,
    0x4, 0xff, 0xff, 0x90, 0xfb, 0x1e, 0xff, 0x30,
    0x0, 0x0, 0x0, 0x0, 0xfb, 0xa, 0xc7, 0x0,
    0x7, 0xaa, 0xaa, 0x90, 0xfe, 0xaa, 0xaa, 0xa0,
    0xb, 0xff, 0xff, 0xe0, 0xee, 0xee, 0xef, 0xf0,
    0xb, 0xf1, 0xd, 0xe1, 0x22, 0x22, 0x1c, 0xf0,
    0xb, 0xf1, 0xd, 0xe7, 0xff, 0xff, 0xbd, 0xd0,
    0xb, 0xf9, 0x8e, 0xe2, 0x55, 0x55, 0x5f, 0xb0,
    0xb, 0xff, 0xff, 0xe0, 0x0, 0x2a, 0xcf, 0x80,
    0xb, 0xf1, 0x0, 0x0, 0x0, 0xe, 0xfc, 0x10,
    0x0, 0x0, 0x0, 0x0, 0x0, 0x0, 0x0, 0x0,

    /* U+9E45 "鹅" */
    0x0, 0x0, 0x0, 0x0, 0x0, 0x4, 0x20, 0x0,
    0x0, 0x1b, 0x3f, 0x50, 0x0, 0x2f, 0x70, 0x0,
    0x7, 0xef, 0xcf, 0xab, 0x2, 0x5f, 0x62, 0x20,
    0xf, 0xfe, 0x6f, 0xaf, 0x1c, 0xff, 0xff, 0xf0,
    0x2, 0xbd, 0x1f, 0x6f, 0x5c, 0xc5, 0x39, 0xf0,
    0x0, 0xbd, 0x2f, 0x57, 0x1c, 0xce, 0xb8, 0xe0,
    0x2f, 0xff, 0xff, 0xff, 0xcc, 0xc5, 0xdb, 0xd0,
    0x19, 0xee, 0x9f, 0xca, 0x7c, 0xc1, 0x7e, 0xa0,
    0x0, 0xbd, 0xf, 0x7d, 0x8c, 0xc0, 0x98, 0x10,
    0x2, 0xdf, 0xbe, 0xdf, 0x6c, 0xfe, 0xee, 0xe5,
    0x3f, 0xff, 0x7d, 0xfd, 0x5, 0x66, 0x69, 0xf5,
    0xe, 0xed, 0xb, 0xf4, 0x25, 0x55, 0x58, 0xf4,
    0x0, 0xbd, 0x2e, 0xd0, 0xaf, 0xff, 0xff, 0xf3,
    0x0, 0xbe, 0xdf, 0xf5, 0xf3, 0x11, 0x18, 0xf2,
    0x9, 0xed, 0xa3, 0xef, 0xe0, 0x5, 0x6d, 0xf0,
    0xc, 0xe5, 0x0, 0x5e, 0x60, 0x9, 0xff, 0x70,
    0x0, 0x0, 0x0, 0x0, 0x0, 0x0, 0x0, 0x0,

    /* U+9E5A "鹚" */
    0x0, 0x11, 0x0, 0x30, 0x0, 0x8, 0x40, 0x0,
    0x0, 0xf9, 0x1, 0xfb, 0x0, 0x2f, 0x70, 0x0,
    0x0, 0xaf, 0x17, 0xf3, 0xd, 0xff, 0xff, 0xd0,
    0x9, 0xbe, 0xae, 0xf9, 0x7d, 0xc7, 0x5c, 0xd0,
    0x1f, 0xff, 0xff, 0xff, 0xcd, 0xbf, 0x7a, 0xc0,
    0x0, 0xe6, 0x0, 0xe7, 0xd, 0xa5, 0x9b, 0xc0,
    0x3, 0xf4, 0x2, 0xf5, 0xd, 0xa5, 0x8f, 0xa0,
    0x7, 0xd7, 0xe8, 0xc7, 0xdd, 0xa6, 0xfc, 0x30,
    0x1e, 0x9c, 0xbe, 0x8c, 0x9d, 0xc6, 0x66, 0x62,
    0x2f, 0xff, 0x6f, 0xff, 0x2c, 0xff, 0xff, 0xf6,
    0x2, 0xab, 0x3, 0x9c, 0x0, 0x0, 0x4, 0xf5,
    0x2, 0xfe, 0x61, 0xfe, 0x9f, 0xff, 0xf7, 0xf4,
    0xc, 0xcb, 0xaa, 0xd9, 0xd8, 0x88, 0x87, 0xf3,
    0x2f, 0xbb, 0xef, 0xca, 0xf0, 0x6, 0x8d, 0xf1,
    0x0, 0x1, 0x50, 0x0, 0x50, 0x8, 0xfe, 0x80,

    /* U+9EBB "麻" */
    0x0, 0x0, 0x0, 0x4, 0x81, 0x0, 0x0, 0x0,
    0x0, 0x0, 0x0, 0xa, 0xf7, 0x0, 0x0, 0x0,
    0xa, 0xff, 0xff, 0xff, 0xff, 0xff, 0xff, 0xf1,
    0xa, 0xfe, 0xde, 0xfe, 0xdd, 0xdf, 0xfd, 0xd1,
    0xa, 0xf3, 0x6, 0xf4, 0x0, 0xf, 0xa0, 0x0,
    0xa, 0xf3, 0x6, 0xf4, 0x0, 0xf, 0xa0, 0x0,
    0xb, 0xf9, 0xff, 0xff, 0xcc, 0xff, 0xff, 0xe0,
    0xb, 0xf7, 0xaf, 0xfc, 0x88, 0xcf, 0xfb, 0xa0,
    0xc, 0xf2, 0x2f, 0xfe, 0x30, 0xbf, 0xf9, 0x0,
    0xd, 0xf1, 0x9f, 0xff, 0xe4, 0xff, 0xff, 0x10,
    0xe, 0xf3, 0xfe, 0xf6, 0x7d, 0xcf, 0xbf, 0xa0,
    0x2f, 0xde, 0xf8, 0xf4, 0xbf, 0x4f, 0xa9, 0xf4,
    0x6f, 0x99, 0x66, 0xf4, 0x89, 0xf, 0xa1, 0xb0,
    0xbf, 0x40, 0x6, 0xf4, 0x0, 0xf, 0xa0, 0x0,
    0x2b, 0x0, 0x6, 0xf4, 0x0, 0xf, 0xa0, 0x0,

    /* U+9EC4 "黄" */
    0x0, 0x0, 0x6f, 0x80, 0x7, 0xf7, 0x0, 0x0,
    0x0, 0x99, 0xcf, 0xd9, 0x9c, 0xfc, 0x99, 0x10,
    0x0, 0xff, 0xff, 0xff, 0xff, 0xff, 0xff, 0x10,
    0x0, 0x11, 0x7f, 0x91, 0x18, 0xf8, 0x11, 0x0,
    0x2e, 0xee, 0xff, 0xfe, 0xef, 0xff, 0xee, 0xe3,
    0x2e, 0xee, 0xee, 0xef, 0xfe, 0xee, 0xee, 0xe3,
    0x0, 0x23, 0x33, 0x3f, 0xf3, 0x33, 0x32, 0x0,
    0x0, 0x9f, 0xff, 0xff, 0xff, 0xff, 0xfc, 0x0,
    0x0, 0x9f, 0x52, 0x2f, 0xf2, 0x24, 0xfc, 0x0,
    0x0, 0x9f, 0xff, 0xff, 0xff, 0xff, 0xfc, 0x0,
    0x0, 0x9f, 0x52, 0x2f, 0xf2, 0x24, 0xfc, 0x0,
    0x0, 0x9f, 0xff, 0xff, 0xff, 0xff, 0xfc, 0x0,
    0x0, 0x35, 0xaf, 0x75, 0x58, 0xfb, 0x64, 0x0,
    0x3, 0x8d, 0xff, 0x90, 0x6, 0xdf, 0xfa, 0x30,
    0xb, 0xfe, 0x82, 0x0, 0x0, 0x4, 0xbf, 0x90,
    0x0, 0x30, 0x0, 0x0, 0x0, 0x0, 0x2, 0x0,

    /* U+9ED1 "黑" */
    0x0, 0xaf, 0xff, 0xff, 0xff, 0xff, 0xfa, 0x0,
    0x0, 0xaf, 0x9a, 0x8f, 0xf8, 0xaa, 0xfa, 0x0,
    0x0, 0xaf, 0x6f, 0x1f, 0xe2, 0xf9, 0xfa, 0x0,
    0x0, 0xaf, 0x2e, 0x7f, 0xe8, 0xe4, 0xfa, 0x0,
    0x0, 0xaf, 0x9a, 0x8f, 0xf9, 0xa9, 0xfa, 0x0,
    0x0, 0xaf, 0xff, 0xff, 0xff, 0xff, 0xfa, 0x0,
    0x0, 0x22, 0x22, 0x2f, 0xf2, 0x22, 0x22, 0x0,
    0x0, 0xef, 0xff, 0xff, 0xff, 0xff, 0xfe, 0x0,
    0x0, 0x66, 0x66, 0x6f, 0xf6, 0x66, 0x66, 0x0,
    0x1b, 0xbb, 0xbb, 0xbf, 0xfb, 0xbb, 0xbb, 0xb1,
    0x2f, 0xff, 0xff, 0xff, 0xff, 0xff, 0xff, 0xf2,
    0x0, 0xa9, 0x13, 0x60, 0x26, 0x31, 0x99, 0x0,
    0x4, 0xfd, 0xa, 0xf2, 0x5f, 0xa0, 0xcf, 0x60,
    0xe, 0xf5, 0x9, 0xf4, 0xf, 0xf0, 0x2f, 0xf1,
    0x2, 0x60, 0x3, 0x41, 0x4, 0x10, 0x5, 0x30,

    /* U+9F3B "鼻" */
    0x0, 0x0, 0x0, 0x19, 0x71, 0x0, 0x0, 0x0,
    0x0, 0x4, 0x66, 0x9f, 0xe6, 0x66, 0x40, 0x0,
    0x0, 0xc, 0xfa, 0x99, 0x99, 0xaf, 0xc0, 0x0,
    0x0, 0xc, 0xfb, 0xbb, 0xbb, 0xcf, 0xc0, 0x0,
    0x0, 0xc, 0xf9, 0x88, 0x88, 0x9f, 0xc0, 0x0,
    0x0, 0xc, 0xf7, 0x66, 0x66, 0x8f, 0xc0, 0x0,
    0x0, 0xa, 0xdd, 0xdd, 0xdd, 0xdd, 0xa0, 0x0,
    0x1, 0xcc, 0xcc, 0xcc, 0xcc, 0xcc, 0xcc, 0x10,
    0x1, 0xfe, 0xaa, 0xaf, 0xfa, 0xaa, 0xef, 0x10,
    0x1, 0xfd, 0x66, 0x6f, 0xe6, 0x66, 0xef, 0x10,
    0x1, 0xdd, 0xdd, 0xdd, 0xdd, 0xdd, 0xdd, 0x10,
    0x19, 0x99, 0x99, 0x99, 0x99, 0x99, 0x99, 0x91,
    0x2f, 0xff, 0xff, 0xff, 0xff, 0xff, 0xff, 0xf2,
    0x2, 0x48, 0xfd, 0x0, 0x6, 0xf7, 0x0, 0x0,
    0xc, 0xeb, 0x70, 0x0, 0x6, 0xf7, 0x0, 0x0,
    0x0, 0x0, 0x0, 0x0, 0x0, 0x0, 0x0, 0x0,

    /* U+9F99 "龙" */
    0x0, 0x0, 0x0, 0x0, 0x0, 0x0, 0x0, 0x0,
    0x0, 0x0, 0x9, 0xf5, 0x1, 0xa1, 0x0, 0x0,
    0x0, 0x0, 0xa, 0xf5, 0x7, 0xfe, 0x30, 0x0,
    0x0, 0x0, 0xb, 0xf4, 0x0, 0x7f, 0xf2, 0x0,
    0x0, 0x0, 0xc, 0xf3, 0x0, 0x6, 0x90, 0x0,
    0x3f, 0xff, 0xff, 0xff, 0xff, 0xff, 0xff, 0xf3,
    0x2c, 0xcc, 0xcf, 0xfc, 0xff, 0xdc, 0xcc, 0xc2,
    0x0, 0x0, 0x3f, 0xc0, 0xbf, 0x30, 0x35, 0x0,
    0x0, 0x0, 0x6f, 0x90, 0xbf, 0x30, 0xcf, 0x50,
    0x0, 0x0, 0xaf, 0x50, 0xbf, 0x38, 0xfa, 0x0,
    0x0, 0x1, 0xff, 0x10, 0xbf, 0x9f, 0xe1, 0x0,
    0x0, 0x8, 0xfa, 0x0, 0xbf, 0xfe, 0x30, 0x0,
    0x0, 0x4f, 0xf3, 0x1, 0xdf, 0xe2, 0x1, 0x30,
    0x4, 0xef, 0x80, 0x6e, 0xff, 0x40, 0x5, 0xf6,
    0x4f, 0xfc, 0xa, 0xff, 0xef, 0xec, 0xcf, 0xf4,
    0xa, 0xa0, 0x1, 0xb4, 0x2d, 0xff, 0xff, 0xa0,
    0x0, 0x0, 0x0, 0x0, 0x0, 0x0, 0x0, 0x0,

    /* U+FF01 "！" */
    0x5f, 0xf4, 0x5f, 0xf3, 0x4f, 0xf3, 0x3f, 0xf1,
    0x2f, 0xf0, 0xf, 0xf0, 0xf, 0xd0, 0xc, 0xb0,
    0x0, 0x0, 0x8, 0x70, 0x5f, 0xf3, 0x2e, 0xe1,
    0x0, 0x0,

    /* U+FF08 "（" */
    0x0, 0x4, 0x81, 0x0, 0x2f, 0xe1, 0x0, 0xcf,
    0x50, 0x4, 0xfb, 0x0, 0xa, 0xf3, 0x0, 0xf,
    0xe0, 0x0, 0x1f, 0xb0, 0x0, 0x3f, 0x90, 0x0,
    0x2f, 0xa0, 0x0, 0x1f, 0xb0, 0x0, 0xe, 0xe0,
    0x0, 0x9, 0xf4, 0x0, 0x3, 0xfc, 0x0, 0x0,
    0xaf, 0x70, 0x0, 0x1e, 0xf2, 0x0, 0x3, 0x50,

    /* U+FF09 "）" */
    0x18, 0x40, 0x0, 0x1e, 0xf2, 0x0, 0x5, 0xfc,
    0x0, 0x0, 0xbf, 0x40, 0x0, 0x3f, 0xa0, 0x0,
    0xe, 0xf0, 0x0, 0xb, 0xf1, 0x0, 0x9, 0xf3,
    0x0, 0xa, 0xf2, 0x0, 0xb, 0xf1, 0x0, 0xe,
    0xe0, 0x0, 0x4f, 0x90, 0x0, 0xcf, 0x30, 0x7,
    0xfa, 0x0, 0x2f, 0xe1, 0x0, 0x5, 0x30, 0x0,

    /* U+FF0B "＋" */
    0x0, 0x0, 0xf, 0x90, 0x0, 0x0, 0x0, 0x0,
    0xf, 0x90, 0x0, 0x0, 0x0, 0x0, 0xf, 0x90,
    0x0, 0x0, 0x0, 0x0, 0xf, 0x90, 0x0, 0x0,
    0x11, 0x11, 0x1f, 0xa1, 0x11, 0x10, 0xef, 0xff,
    0xff, 0xff, 0xff, 0xf7, 0x78, 0x88, 0x8f, 0xd8,
    0x88, 0x84, 0x0, 0x0, 0xf, 0x90, 0x0, 0x0,
    0x0, 0x0, 0xf, 0x90, 0x0, 0x0, 0x0, 0x0,
    0xf, 0x90, 0x0, 0x0, 0x0, 0x0, 0xf, 0x90,
    0x0, 0x0, 0x0, 0x0, 0x6, 0x30, 0x0, 0x0,

    /* U+FF0C "，" */
    0x6, 0xc7, 0x0, 0xef, 0xf0, 0x8, 0xff, 0x30,
    0x9, 0xf0, 0x19, 0xf8, 0x2, 0xf8, 0x0, 0x0,
    0x0, 0x0,

    /* U+FF1F "？" */
    0x0, 0x0, 0x10, 0x0, 0x3, 0xcf, 0xfe, 0x50,
    0x3f, 0xfd, 0xff, 0xf2, 0x7, 0x30, 0xe, 0xf7,
    0x0, 0x0, 0xd, 0xf5, 0x0, 0x0, 0x7f, 0xe0,
    0x0, 0x5, 0xfe, 0x20, 0x0, 0xf, 0xf4, 0x0,
    0x0, 0x1e, 0xd0, 0x0, 0x0, 0x0, 0x0, 0x0,
    0x0, 0x18, 0x60, 0x0, 0x0, 0x7f, 0xf1, 0x0,
    0x0, 0x4f, 0xd0, 0x0, 0x0, 0x0, 0x0, 0x0
};


/*---------------------
 *  GLYPH DESCRIPTION
 *--------------------*/

static const lv_font_fmt_txt_glyph_dsc_t glyph_dsc[] = {
    {.bitmap_index = 0, .adv_w = 0, .box_w = 0, .box_h = 0, .ofs_x = 0, .ofs_y = 0} /* id = 0 reserved */,
    {.bitmap_index = 0, .adv_w = 58, .box_w = 0, .box_h = 0, .ofs_x = 0, .ofs_y = 0},
    {.bitmap_index = 0, .adv_w = 95, .box_w = 4, .box_h = 12, .ofs_x = 1, .ofs_y = 0},
    {.bitmap_index = 24, .adv_w = 147, .box_w = 7, .box_h = 6, .ofs_x = 1, .ofs_y = 7},
    {.bitmap_index = 45, .adv_w = 151, .box_w = 9, .box_h = 12, .ofs_x = 0, .ofs_y = 0},
    {.bitmap_index = 99, .adv_w = 151, .box_w = 9, .box_h = 15, .ofs_x = 0, .ofs_y = -2},
    {.bitmap_index = 167, .adv_w = 247, .box_w = 15, .box_h = 12, .ofs_x = 0, .ofs_y = 0},
    {.bitmap_index = 257, .adv_w = 189, .box_w = 12, .box_h = 12, .ofs_x = 0, .ofs_y = 0},
    {.bitmap_index = 329, .adv_w = 83, .box_w = 3, .box_h = 6, .ofs_x = 1, .ofs_y = 7},
    {.bitmap_index = 338, .adv_w = 97, .box_w = 5, .box_h = 18, .ofs_x = 1, .ofs_y = -4},
    {.bitmap_index = 383, .adv_w = 97, .box_w = 5, .box_h = 18, .ofs_x = 0, .ofs_y = -4},
    {.bitmap_index = 428, .adv_w = 130, .box_w = 8, .box_h = 7, .ofs_x = 0, .ofs_y = 6},
    {.bitmap_index = 456, .adv_w = 151, .box_w = 9, .box_h = 9, .ofs_x = 0, .ofs_y = 2},
    {.bitmap_index = 497, .adv_w = 83, .box_w = 5, .box_h = 7, .ofs_x = 0, .ofs_y = -4},
    {.bitmap_index = 515, .adv_w = 95, .box_w = 6, .box_h = 2, .ofs_x = 0, .ofs_y = 4},
    {.bitmap_index = 521, .adv_w = 83, .box_w = 4, .box_h = 4, .ofs_x = 1, .ofs_y = 0},
    {.bitmap_index = 529, .adv_w = 99, .box_w = 6, .box_h = 16, .ofs_x = 0, .ofs_y = -3},
    {.bitmap_index = 577, .adv_w = 151, .box_w = 9, .box_h = 12, .ofs_x = 0, .ofs_y = 0},
    {.bitmap_index = 631, .adv_w = 151, .box_w = 8, .box_h = 12, .ofs_x = 1, .ofs_y = 0},
    {.bitmap_index = 679, .adv_w = 151, .box_w = 9, .box_h = 12, .ofs_x = 0, .ofs_y = 0},
    {.bitmap_index = 733, .adv_w = 151, .box_w = 9, .box_h = 12, .ofs_x = 0, .ofs_y = 0},
    {.bitmap_index = 787, .adv_w = 151, .box_w = 9, .box_h = 12, .ofs_x = 0, .ofs_y = 0},
    {.bitmap_index = 841, .adv_w = 151, .box_w = 9, .box_h = 12, .ofs_x = 0, .ofs_y = 0},
    {.bitmap_index = 895, .adv_w = 151, .box_w = 9, .box_h = 12, .ofs_x = 0, .ofs_y = 0},
    {.bitmap_index = 949, .adv_w = 151, .box_w = 9, .box_h = 12, .ofs_x = 0, .ofs_y = 0},
    {.bitmap_index = 1003, .adv_w = 151, .box_w = 9, .box_h = 12, .ofs_x = 0, .ofs_y = 0},
    {.bitmap_index = 1057, .adv_w = 151, .box_w = 9, .box_h = 12, .ofs_x = 0, .ofs_y = 0},
    {.bitmap_index = 1111, .adv_w = 83, .box_w = 4, .box_h = 9, .ofs_x = 1, .ofs_y = 0},
    {.bitmap_index = 1129, .adv_w = 83, .box_w = 5, .box_h = 13, .ofs_x = 0, .ofs_y = -4},
    {.bitmap_index = 1162, .adv_w = 151, .box_w = 9, .box_h = 9, .ofs_x = 0, .ofs_y = 1},
    {.bitmap_index = 1203, .adv_w = 151, .box_w = 9, .box_h = 6, .ofs_x = 0, .ofs_y = 3},
    {.bitmap_index = 1230, .adv_w = 151, .box_w = 9, .box_h = 9, .ofs_x = 0, .ofs_y = 1},
    {.bitmap_index = 1271, .adv_w = 132, .box_w = 8, .box_h = 12, .ofs_x = 0, .ofs_y = 0},
    {.bitmap_index = 1319, .adv_w = 258, .box_w = 16, .box_h = 15, .ofs_x = 0, .ofs_y = -3},
    {.bitmap_index = 1439, .adv_w = 164, .box_w = 12, .box_h = 12, .ofs_x = -1, .ofs_y = 0},
    {.bitmap_index = 1511, .adv_w = 174, .box_w = 10, .box_h = 12, .ofs_x = 1, .ofs_y = 0},
    {.bitmap_index = 1571, .adv_w = 168, .box_w = 11, .box_h = 12, .ofs_x = 0, .ofs_y = 0},
    {.bitmap_index = 1637, .adv_w = 183, .box_w = 10, .box_h = 12, .ofs_x = 1, .ofs_y = 0},
    {.bitmap_index = 1697, .adv_w = 157, .box_w = 8, .box_h = 12, .ofs_x = 1, .ofs_y = 0},
    {.bitmap_index = 1745, .adv_w = 150, .box_w = 8, .box_h = 12, .ofs_x = 1, .ofs_y = 0},
    {.bitmap_index = 1793, .adv_w = 184, .box_w = 11, .box_h = 12, .ofs_x = 0, .ofs_y = 0},
    {.bitmap_index = 1859, .adv_w = 194, .box_w = 10, .box_h = 12, .ofs_x = 1, .ofs_y = 0},
    {.bitmap_index = 1919, .adv_w = 84, .box_w = 3, .box_h = 12, .ofs_x = 1, .ofs_y = 0},
    {.bitmap_index = 1937, .adv_w = 145, .box_w = 8, .box_h = 12, .ofs_x = 0, .ofs_y = 0},
    {.bitmap_index = 1985, .adv_w = 176, .box_w = 11, .box_h = 12, .ofs_x = 1, .ofs_y = 0},
    {.bitmap_index = 2051, .adv_w = 148, .box_w = 8, .box_h = 12, .ofs_x = 1, .ofs_y = 0},
    {.bitmap_index = 2099, .adv_w = 219, .box_w = 12, .box_h = 12, .ofs_x = 1, .ofs_y = 0},
    {.bitmap_index = 2171, .adv_w = 192, .box_w = 10, .box_h = 12, .ofs_x = 1, .ofs_y = 0},
    {.bitmap_index = 2231, .adv_w = 197, .box_w = 12, .box_h = 12, .ofs_x = 0, .ofs_y = 0},
    {.bitmap_index = 2303, .adv_w = 171, .box_w = 9, .box_h = 12, .ofs_x = 1, .ofs_y = 0},
    {.bitmap_index = 2357, .adv_w = 197, .box_w = 12, .box_h = 15, .ofs_x = 0, .ofs_y = -3},
    {.bitmap_index = 2447, .adv_w = 175, .box_w = 10, .box_h = 12, .ofs_x = 1, .ofs_y = 0},
    {.bitmap_index = 2507, .adv_w = 160, .box_w = 10, .box_h = 12, .ofs_x = 0, .ofs_y = 0},
    {.bitmap_index = 2567, .adv_w = 160, .box_w = 10, .box_h = 12, .ofs_x = 0, .ofs_y = 0},
    {.bitmap_index = 2627, .adv_w = 191, .box_w = 10, .box_h = 12, .ofs_x = 1, .ofs_y = 0},
    {.bitmap_index = 2687, .adv_w = 158, .box_w = 11, .box_h = 12, .ofs_x = -1, .ofs_y = 0},
    {.bitmap_index = 2753, .adv_w = 234, .box_w = 15, .box_h = 12, .ofs_x = 0, .ofs_y = 0},
    {.bitmap_index = 2843, .adv_w = 161, .box_w = 10, .box_h = 12, .ofs_x = 0, .ofs_y = 0},
    {.bitmap_index = 2903, .adv_w = 149, .box_w = 11, .box_h = 12, .ofs_x = -1, .ofs_y = 0},
    {.bitmap_index = 2969, .adv_w = 157, .box_w = 10, .box_h = 12, .ofs_x = 0, .ofs_y = 0},
    {.bitmap_index = 3029, .adv_w = 97, .box_w = 5, .box_h = 16, .ofs_x = 1, .ofs_y = -3},
    {.bitmap_index = 3069, .adv_w = 99, .box_w = 6, .box_h = 16, .ofs_x = 0, .ofs_y = -3},
    {.bitmap_index = 3117, .adv_w = 97, .box_w = 5, .box_h = 16, .ofs_x = 0, .ofs_y = -3},
    {.bitmap_index = 3157, .adv_w = 151, .box_w = 9, .box_h = 7, .ofs_x = 0, .ofs_y = 5},
    {.bitmap_index = 3189, .adv_w = 145, .box_w = 9, .box_h = 3, .ofs_x = 0, .ofs_y = -3},
    {.bitmap_index = 3203, .adv_w = 160, .box_w = 6, .box_h = 5, .ofs_x = 1, .ofs_y = 10},
    {.bitmap_index = 3218, .adv_w = 151, .box_w = 9, .box_h = 9, .ofs_x = 0, .ofs_y = 0},
    {.bitmap_index = 3259, .adv_w = 165, .box_w = 9, .box_h = 13, .ofs_x = 1, .ofs_y = 0},
    {.bitmap_index = 3318, .adv_w = 135, .box_w = 9, .box_h = 9, .ofs_x = 0, .ofs_y = 0},
    {.bitmap_index = 3359, .adv_w = 165, .box_w = 10, .box_h = 13, .ofs_x = 0, .ofs_y = 0},
    {.bitmap_index = 3424, .adv_w = 149, .box_w = 9, .box_h = 9, .ofs_x = 0, .ofs_y = 0},
    {.bitmap_index = 3465, .adv_w = 95, .box_w = 7, .box_h = 13, .ofs_x = 0, .ofs_y = 0},
    {.bitmap_index = 3511, .adv_w = 153, .box_w = 10, .box_h = 12, .ofs_x = 0, .ofs_y = -3},
    {.bitmap_index = 3571, .adv_w = 164, .box_w = 9, .box_h = 13, .ofs_x = 1, .ofs_y = 0},
    {.bitmap_index = 3630, .adv_w = 78, .box_w = 3, .box_h = 13, .ofs_x = 1, .ofs_y = 0},
    {.bitmap_index = 3650, .adv_w = 78, .box_w = 5, .box_h = 16, .ofs_x = -1, .ofs_y = -3},
    {.bitmap_index = 3690, .adv_w = 155, .box_w = 9, .box_h = 13, .ofs_x = 1, .ofs_y = 0},
    {.bitmap_index = 3749, .adv_w = 81, .box_w = 4, .box_h = 13, .ofs_x = 1, .ofs_y = 0},
    {.bitmap_index = 3775, .adv_w = 247, .box_w = 14, .box_h = 9, .ofs_x = 1, .ofs_y = 0},
    {.bitmap_index = 3838, .adv_w = 164, .box_w = 9, .box_h = 9, .ofs_x = 1, .ofs_y = 0},
    {.bitmap_index = 3879, .adv_w = 160, .box_w = 10, .box_h = 9, .ofs_x = 0, .ofs_y = 0},
    {.bitmap_index = 3924, .adv_w = 165, .box_w = 9, .box_h = 12, .ofs_x = 1, .ofs_y = -3},
    {.bitmap_index = 3978, .adv_w = 165, .box_w = 10, .box_h = 12, .ofs_x = 0, .ofs_y = -3},
    {.bitmap_index = 4038, .adv_w = 112, .box_w = 7, .box_h = 9, .ofs_x = 1, .ofs_y = 0},
    {.bitmap_index = 4070, .adv_w = 127, .box_w = 8, .box_h = 9, .ofs_x = 0, .ofs_y = 0},
    {.bitmap_index = 4106, .adv_w = 108, .box_w = 7, .box_h = 12, .ofs_x = 0, .ofs_y = 0},
    {.bitmap_index = 4148, .adv_w = 163, .box_w = 8, .box_h = 9, .ofs_x = 1, .ofs_y = 0},
    {.bitmap_index = 4184, .adv_w = 147, .box_w = 9, .box_h = 9, .ofs_x = 0, .ofs_y = 0},
    {.bitmap_index = 4225, .adv_w = 221, .box_w = 14, .box_h = 9, .ofs_x = 0, .ofs_y = 0},
    {.bitmap_index = 4288, .adv_w = 144, .box_w = 9, .box_h = 9, .ofs_x = 0, .ofs_y = 0},
    {.bitmap_index = 4329, .adv_w = 147, .box_w = 9, .box_h = 12, .ofs_x = 0, .ofs_y = -3},
    {.bitmap_index = 4383, .adv_w = 131, .box_w = 8, .box_h = 9, .ofs_x = 0, .ofs_y = 0},
    {.bitmap_index = 4419, .adv_w = 97, .box_w = 6, .box_h = 16, .ofs_x = 0, .ofs_y = -3},
    {.bitmap_index = 4467, .adv_w = 76, .box_w = 3, .box_h = 18, .ofs_x = 1, .ofs_y = -4},
    {.bitmap_index = 4494, .adv_w = 97, .box_w = 6, .box_h = 16, .ofs_x = 0, .ofs_y = -3},
    {.bitmap_index = 4542, .adv_w = 151, .box_w = 9, .box_h = 3, .ofs_x = 0, .ofs_y = 4},
    {.bitmap_index = 4556, .adv_w = 103, .box_w = 6, .box_h = 6, .ofs_x = 0, .ofs_y = 6},
    {.bitmap_index = 4574, .adv_w = 256, .box_w = 7, .box_h = 5, .ofs_x = 9, .ofs_y = 9},
    {.bitmap_index = 4592, .adv_w = 256, .box_w = 7, .box_h = 6, .ofs_x = 0, .ofs_y = 8},
    {.bitmap_index = 4613, .adv_w = 256, .box_w = 14, .box_h = 3, .ofs_x = 1, .ofs_y = 5},
    {.bitmap_index = 4634, .adv_w = 256, .box_w = 8, .box_h = 15, .ofs_x = 4, .ofs_y = -1},
    {.bitmap_index = 4694, .adv_w = 256, .box_w = 8, .box_h = 15, .ofs_x = 4, .ofs_y = -1},
    {.bitmap_index = 4754, .adv_w = 256, .box_w = 16, .box_h = 14, .ofs_x = 0, .ofs_y = -2},
    {.bitmap_index = 4866, .adv_w = 256, .box_w = 16, .box_h = 15, .ofs_x = 0, .ofs_y = -1},
    {.bitmap_index = 4986, .adv_w = 256, .box_w = 0, .box_h = 0, .ofs_x = 0, .ofs_y = 0},
    {.bitmap_index = 4986, .adv_w = 256, .box_w = 6, .box_h = 5, .ofs_x = 0, .ofs_y = -1},
    {.bitmap_index = 5001, .adv_w = 256, .box_w = 6, .box_h = 11, .ofs_x = 10, .ofs_y = 3},
    {.bitmap_index = 5034, .adv_w = 256, .box_w = 6, .box_h = 11, .ofs_x = 0, .ofs_y = -1},
    {.bitmap_index = 5067, .adv_w = 256, .box_w = 6, .box_h = 16, .ofs_x = 10, .ofs_y = -1},
    {.bitmap_index = 5115, .adv_w = 256, .box_w = 6, .box_h = 16, .ofs_x = 0, .ofs_y = -2},
    {.bitmap_index = 5163, .adv_w = 256, .box_w = 16, .box_h = 3, .ofs_x = 0, .ofs_y = 5},
    {.bitmap_index = 5187, .adv_w = 256, .box_w = 16, .box_h = 14, .ofs_x = 0, .ofs_y = -1},
    {.bitmap_index = 5299, .adv_w = 256, .box_w = 14, .box_h = 14, .ofs_x = 1, .ofs_y = -1},
    {.bitmap_index = 5397, .adv_w = 256, .box_w = 16, .box_h = 15, .ofs_x = 0, .ofs_y = -1},
    {.bitmap_index = 5517, .adv_w = 256, .box_w = 16, .box_h = 14, .ofs_x = 0, .ofs_y = -1},
    {.bitmap_index = 5629, .adv_w = 256, .box_w = 16, .box_h = 14, .ofs_x = 0, .ofs_y = -1},
    {.bitmap_index = 5741, .adv_w = 256, .box_w = 16, .box_h = 15, .ofs_x = 0, .ofs_y = -1},
    {.bitmap_index = 5861, .adv_w = 256, .box_w = 15, .box_h = 16, .ofs_x = 1, .ofs_y = -2},
    {.bitmap_index = 5981, .adv_w = 256, .box_w = 16, .box_h = 15, .ofs_x = 0, .ofs_y = -1},
    {.bitmap_index = 6101, .adv_w = 256, .box_w = 16, .box_h = 14, .ofs_x = 0, .ofs_y = -1},
    {.bitmap_index = 6213, .adv_w = 256, .box_w = 16, .box_h = 15, .ofs_x = 0, .ofs_y = -1},
    {.bitmap_index = 6333, .adv_w = 256, .box_w = 14, .box_h = 15, .ofs_x = 1, .ofs_y = -1},
    {.bitmap_index = 6438, .adv_w = 256, .box_w = 14, .box_h = 15, .ofs_x = 1, .ofs_y = -1},
    {.bitmap_index = 6543, .adv_w = 256, .box_w = 15, .box_h = 16, .ofs_x = 0, .ofs_y = -2},
    {.bitmap_index = 6663, .adv_w = 256, .box_w = 16, .box_h = 15, .ofs_x = 0, .ofs_y = -1},
    {.bitmap_index = 6783, .adv_w = 256, .box_w = 16, .box_h = 16, .ofs_x = 0, .ofs_y = -2},
    {.bitmap_index = 6911, .adv_w = 256, .box_w = 16, .box_h = 16, .ofs_x = 0, .ofs_y = -2},
    {.bitmap_index = 7039, .adv_w = 256, .box_w = 16, .box_h = 16, .ofs_x = 0, .ofs_y = -2},
    {.bitmap_index = 7167, .adv_w = 256, .box_w = 16, .box_h = 16, .ofs_x = 0, .ofs_y = -2},
    {.bitmap_index = 7295, .adv_w = 256, .box_w = 16, .box_h = 15, .ofs_x = 0, .ofs_y = -1},
    {.bitmap_index = 7415, .adv_w = 256, .box_w = 16, .box_h = 15, .ofs_x = 0, .ofs_y = -1},
    {.bitmap_index = 7535, .adv_w = 256, .box_w = 16, .box_h = 17, .ofs_x = 0, .ofs_y = -2},
    {.bitmap_index = 7671, .adv_w = 256, .box_w = 14, .box_h = 15, .ofs_x = 1, .ofs_y = -2},
    {.bitmap_index = 7776, .adv_w = 256, .box_w = 16, .box_h = 16, .ofs_x = 0, .ofs_y = -2},
    {.bitmap_index = 7904, .adv_w = 256, .box_w = 16, .box_h = 13, .ofs_x = 0, .ofs_y = -1},
    {.bitmap_index = 8008, .adv_w = 256, .box_w = 16, .box_h = 15, .ofs_x = 0, .ofs_y = -2},
    {.bitmap_index = 8128, .adv_w = 256, .box_w = 16, .box_h = 15, .ofs_x = 0, .ofs_y = -2},
    {.bitmap_index = 8248, .adv_w = 256, .box_w = 16, .box_h = 14, .ofs_x = 0, .ofs_y = -1},
    {.bitmap_index = 8360, .adv_w = 256, .box_w = 16, .box_h = 15, .ofs_x = 0, .ofs_y = -1},
    {.bitmap_index = 8480, .adv_w = 256, .box_w = 16, .box_h = 15, .ofs_x = 0, .ofs_y = -1},
    {.bitmap_index = 8600, .adv_w = 256, .box_w = 16, .box_h = 16, .ofs_x = 0, .ofs_y = -2},
    {.bitmap_index = 8728, .adv_w = 256, .box_w = 16, .box_h = 15, .ofs_x = 0, .ofs_y = -1},
    {.bitmap_index = 8848, .adv_w = 256, .box_w = 16, .box_h = 17, .ofs_x = 0, .ofs_y = -2},
    {.bitmap_index = 8984, .adv_w = 256, .box_w = 16, .box_h = 16, .ofs_x = 0, .ofs_y = -2},
    {.bitmap_index = 9112, .adv_w = 256, .box_w = 16, .box_h = 16, .ofs_x = 0, .ofs_y = -1},
    {.bitmap_index = 9240, .adv_w = 256, .box_w = 16, .box_h = 16, .ofs_x = 0, .ofs_y = -2},
    {.bitmap_index = 9368, .adv_w = 256, .box_w = 15, .box_h = 16, .ofs_x = 0, .ofs_y = -2},
    {.bitmap_index = 9488, .adv_w = 256, .box_w = 15, .box_h = 16, .ofs_x = 0, .ofs_y = -2},
    {.bitmap_index = 9608, .adv_w = 256, .box_w = 16, .box_h = 17, .ofs_x = 0, .ofs_y = -2},
    {.bitmap_index = 9744, .adv_w = 256, .box_w = 16, .box_h = 16, .ofs_x = 0, .ofs_y = -2},
    {.bitmap_index = 9872, .adv_w = 256, .box_w = 16, .box_h = 17, .ofs_x = 0, .ofs_y = -2},
    {.bitmap_index = 10008, .adv_w = 256, .box_w = 16, .box_h = 16, .ofs_x = 0, .ofs_y = -2},
    {.bitmap_index = 10136, .adv_w = 256, .box_w = 16, .box_h = 16, .ofs_x = 0, .ofs_y = -1},
    {.bitmap_index = 10264, .adv_w = 256, .box_w = 15, .box_h = 16, .ofs_x = 0, .ofs_y = -2},
    {.bitmap_index = 10384, .adv_w = 256, .box_w = 16, .box_h = 15, .ofs_x = 0, .ofs_y = -1},
    {.bitmap_index = 10504, .adv_w = 256, .box_w = 16, .box_h = 17, .ofs_x = 0, .ofs_y = -2},
    {.bitmap_index = 10640, .adv_w = 256, .box_w = 16, .box_h = 16, .ofs_x = 0, .ofs_y = -2},
    {.bitmap_index = 10768, .adv_w = 256, .box_w = 16, .box_h = 15, .ofs_x = 0, .ofs_y = -1},
    {.bitmap_index = 10888, .adv_w = 256, .box_w = 16, .box_h = 15, .ofs_x = 0, .ofs_y = -1},
    {.bitmap_index = 11008, .adv_w = 256, .box_w = 16, .box_h = 16, .ofs_x = 0, .ofs_y = -2},
    {.bitmap_index = 11136, .adv_w = 256, .box_w = 16, .box_h = 15, .ofs_x = 0, .ofs_y = -1},
    {.bitmap_index = 11256, .adv_w = 256, .box_w = 16, .box_h = 16, .ofs_x = 0, .ofs_y = -2},
    {.bitmap_index = 11384, .adv_w = 256, .box_w = 16, .box_h = 15, .ofs_x = 0, .ofs_y = -1},
    {.bitmap_index = 11504, .adv_w = 256, .box_w = 16, .box_h = 15, .ofs_x = 0, .ofs_y = -1},
    {.bitmap_index = 11624, .adv_w = 256, .box_w = 15, .box_h = 15, .ofs_x = 0, .ofs_y = -1},
    {.bitmap_index = 11737, .adv_w = 256, .box_w = 15, .box_h = 16, .ofs_x = 0, .ofs_y = -2},
    {.bitmap_index = 11857, .adv_w = 256, .box_w = 16, .box_h = 15, .ofs_x = 0, .ofs_y = -1},
    {.bitmap_index = 11977, .adv_w = 256, .box_w = 16, .box_h = 16, .ofs_x = 0, .ofs_y = -1},
    {.bitmap_index = 12105, .adv_w = 256, .box_w = 16, .box_h = 16, .ofs_x = 0, .ofs_y = -1},
    {.bitmap_index = 12233, .adv_w = 256, .box_w = 16, .box_h = 15, .ofs_x = 0, .ofs_y = -1},
    {.bitmap_index = 12353, .adv_w = 256, .box_w = 16, .box_h = 16, .ofs_x = 0, .ofs_y = -2},
    {.bitmap_index = 12481, .adv_w = 256, .box_w = 16, .box_h = 16, .ofs_x = 0, .ofs_y = -2},
    {.bitmap_index = 12609, .adv_w = 256, .box_w = 16, .box_h = 15, .ofs_x = 0, .ofs_y = -2},
    {.bitmap_index = 12729, .adv_w = 256, .box_w = 16, .box_h = 15, .ofs_x = 0, .ofs_y = -2},
    {.bitmap_index = 12849, .adv_w = 256, .box_w = 16, .box_h = 16, .ofs_x = 0, .ofs_y = -2},
    {.bitmap_index = 12977, .adv_w = 256, .box_w = 16, .box_h = 16, .ofs_x = 0, .ofs_y = -2},
    {.bitmap_index = 13105, .adv_w = 256, .box_w = 16, .box_h = 16, .ofs_x = 0, .ofs_y = -2},
    {.bitmap_index = 13233, .adv_w = 256, .box_w = 16, .box_h = 16, .ofs_x = 0, .ofs_y = -2},
    {.bitmap_index = 13361, .adv_w = 256, .box_w = 16, .box_h = 16, .ofs_x = 0, .ofs_y = -2},
    {.bitmap_index = 13489, .adv_w = 256, .box_w = 16, .box_h = 15, .ofs_x = 0, .ofs_y = -1},
    {.bitmap_index = 13609, .adv_w = 256, .box_w = 16, .box_h = 16, .ofs_x = 0, .ofs_y = -2},
    {.bitmap_index = 13737, .adv_w = 256, .box_w = 16, .box_h = 16, .ofs_x = 0, .ofs_y = -2},
    {.bitmap_index = 13865, .adv_w = 256, .box_w = 16, .box_h = 14, .ofs_x = 0, .ofs_y = -1},
    {.bitmap_index = 13977, .adv_w = 256, .box_w = 14, .box_h = 14, .ofs_x = 1, .ofs_y = -1},
    {.bitmap_index = 14075, .adv_w = 256, .box_w = 16, .box_h = 15, .ofs_x = 0, .ofs_y = -1},
    {.bitmap_index = 14195, .adv_w = 256, .box_w = 16, .box_h = 16, .ofs_x = 0, .ofs_y = -2},
    {.bitmap_index = 14323, .adv_w = 256, .box_w = 16, .box_h = 16, .ofs_x = 0, .ofs_y = -2},
    {.bitmap_index = 14451, .adv_w = 256, .box_w = 16, .box_h = 15, .ofs_x = 0, .ofs_y = -1},
    {.bitmap_index = 14571, .adv_w = 256, .box_w = 16, .box_h = 15, .ofs_x = 0, .ofs_y = -2},
    {.bitmap_index = 14691, .adv_w = 256, .box_w = 14, .box_h = 15, .ofs_x = 1, .ofs_y = -1},
    {.bitmap_index = 14796, .adv_w = 256, .box_w = 15, .box_h = 14, .ofs_x = 0, .ofs_y = -2},
    {.bitmap_index = 14901, .adv_w = 256, .box_w = 16, .box_h = 16, .ofs_x = 0, .ofs_y = -2},
    {.bitmap_index = 15029, .adv_w = 256, .box_w = 15, .box_h = 16, .ofs_x = 0, .ofs_y = -2},
    {.bitmap_index = 15149, .adv_w = 256, .box_w = 14, .box_h = 16, .ofs_x = 1, .ofs_y = -2},
    {.bitmap_index = 15261, .adv_w = 256, .box_w = 15, .box_h = 15, .ofs_x = 0, .ofs_y = -2},
    {.bitmap_index = 15374, .adv_w = 256, .box_w = 15, .box_h = 16, .ofs_x = 0, .ofs_y = -2},
    {.bitmap_index = 15494, .adv_w = 256, .box_w = 15, .box_h = 14, .ofs_x = 0, .ofs_y = -1},
    {.bitmap_index = 15599, .adv_w = 256, .box_w = 16, .box_h = 17, .ofs_x = 0, .ofs_y = -2},
    {.bitmap_index = 15735, .adv_w = 256, .box_w = 16, .box_h = 16, .ofs_x = 0, .ofs_y = -2},
    {.bitmap_index = 15863, .adv_w = 256, .box_w = 15, .box_h = 17, .ofs_x = 0, .ofs_y = -2},
    {.bitmap_index = 15991, .adv_w = 256, .box_w = 16, .box_h = 16, .ofs_x = 0, .ofs_y = -2},
    {.bitmap_index = 16119, .adv_w = 256, .box_w = 16, .box_h = 16, .ofs_x = 0, .ofs_y = -2},
    {.bitmap_index = 16247, .adv_w = 256, .box_w = 16, .box_h = 15, .ofs_x = 0, .ofs_y = -1},
    {.bitmap_index = 16367, .adv_w = 256, .box_w = 16, .box_h = 15, .ofs_x = 0, .ofs_y = -1},
    {.bitmap_index = 16487, .adv_w = 256, .box_w = 16, .box_h = 15, .ofs_x = 0, .ofs_y = -2},
    {.bitmap_index = 16607, .adv_w = 256, .box_w = 15, .box_h = 14, .ofs_x = 1, .ofs_y = -1},
    {.bitmap_index = 16712, .adv_w = 256, .box_w = 16, .box_h = 15, .ofs_x = 0, .ofs_y = -1},
    {.bitmap_index = 16832, .adv_w = 256, .box_w = 16, .box_h = 15, .ofs_x = 0, .ofs_y = -1},
    {.bitmap_index = 16952, .adv_w = 256, .box_w = 16, .box_h = 15, .ofs_x = 0, .ofs_y = -1},
    {.bitmap_index = 17072, .adv_w = 256, .box_w = 16, .box_h = 15, .ofs_x = 0, .ofs_y = -1},
    {.bitmap_index = 17192, .adv_w = 256, .box_w = 16, .box_h = 15, .ofs_x = 0, .ofs_y = -1},
    {.bitmap_index = 17312, .adv_w = 256, .box_w = 16, .box_h = 15, .ofs_x = 0, .ofs_y = -2},
    {.bitmap_index = 17432, .adv_w = 256, .box_w = 16, .box_h = 15, .ofs_x = 0, .ofs_y = -2},
    {.bitmap_index = 17552, .adv_w = 256, .box_w = 16, .box_h = 15, .ofs_x = 0, .ofs_y = -2},
    {.bitmap_index = 17672, .adv_w = 256, .box_w = 16, .box_h = 14, .ofs_x = 0, .ofs_y = -1},
    {.bitmap_index = 17784, .adv_w = 256, .box_w = 16, .box_h = 16, .ofs_x = 0, .ofs_y = -2},
    {.bitmap_index = 17912, .adv_w = 256, .box_w = 16, .box_h = 15, .ofs_x = 0, .ofs_y = -1},
    {.bitmap_index = 18032, .adv_w = 256, .box_w = 16, .box_h = 16, .ofs_x = 0, .ofs_y = -2},
    {.bitmap_index = 18160, .adv_w = 256, .box_w = 16, .box_h = 16, .ofs_x = 0, .ofs_y = -2},
    {.bitmap_index = 18288, .adv_w = 256, .box_w = 16, .box_h = 15, .ofs_x = 0, .ofs_y = -1},
    {.bitmap_index = 18408, .adv_w = 256, .box_w = 14, .box_h = 13, .ofs_x = 1, .ofs_y = -1},
    {.bitmap_index = 18499, .adv_w = 256, .box_w = 16, .box_h = 15, .ofs_x = 0, .ofs_y = -1},
    {.bitmap_index = 18619, .adv_w = 256, .box_w = 15, .box_h = 15, .ofs_x = 0, .ofs_y = -2},
    {.bitmap_index = 18732, .adv_w = 256, .box_w = 15, .box_h = 14, .ofs_x = 0, .ofs_y = -1},
    {.bitmap_index = 18837, .adv_w = 256, .box_w = 16, .box_h = 15, .ofs_x = 0, .ofs_y = -2},
    {.bitmap_index = 18957, .adv_w = 256, .box_w = 15, .box_h = 15, .ofs_x = 1, .ofs_y = -1},
    {.bitmap_index = 19070, .adv_w = 256, .box_w = 16, .box_h = 15, .ofs_x = 0, .ofs_y = -1},
    {.bitmap_index = 19190, .adv_w = 256, .box_w = 15, .box_h = 15, .ofs_x = 1, .ofs_y = -1},
    {.bitmap_index = 19303, .adv_w = 256, .box_w = 16, .box_h = 15, .ofs_x = 0, .ofs_y = -2},
    {.bitmap_index = 19423, .adv_w = 256, .box_w = 14, .box_h = 15, .ofs_x = 1, .ofs_y = -2},
    {.bitmap_index = 19528, .adv_w = 256, .box_w = 15, .box_h = 15, .ofs_x = 1, .ofs_y = -1},
    {.bitmap_index = 19641, .adv_w = 256, .box_w = 16, .box_h = 15, .ofs_x = 0, .ofs_y = -1},
    {.bitmap_index = 19761, .adv_w = 256, .box_w = 16, .box_h = 16, .ofs_x = 0, .ofs_y = -2},
    {.bitmap_index = 19889, .adv_w = 256, .box_w = 16, .box_h = 14, .ofs_x = 0, .ofs_y = -1},
    {.bitmap_index = 20001, .adv_w = 256, .box_w = 15, .box_h = 16, .ofs_x = 1, .ofs_y = -2},
    {.bitmap_index = 20121, .adv_w = 256, .box_w = 15, .box_h = 14, .ofs_x = 1, .ofs_y = -1},
    {.bitmap_index = 20226, .adv_w = 256, .box_w = 14, .box_h = 16, .ofs_x = 1, .ofs_y = -2},
    {.bitmap_index = 20338, .adv_w = 256, .box_w = 15, .box_h = 16, .ofs_x = 1, .ofs_y = -2},
    {.bitmap_index = 20458, .adv_w = 256, .box_w = 15, .box_h = 16, .ofs_x = 1, .ofs_y = -2},
    {.bitmap_index = 20578, .adv_w = 256, .box_w = 16, .box_h = 14, .ofs_x = 0, .ofs_y = -1},
    {.bitmap_index = 20690, .adv_w = 256, .box_w = 15, .box_h = 15, .ofs_x = 1, .ofs_y = -1},
    {.bitmap_index = 20803, .adv_w = 256, .box_w = 15, .box_h = 16, .ofs_x = 1, .ofs_y = -2},
    {.bitmap_index = 20923, .adv_w = 256, .box_w = 15, .box_h = 15, .ofs_x = 0, .ofs_y = -1},
    {.bitmap_index = 21036, .adv_w = 256, .box_w = 16, .box_h = 17, .ofs_x = 0, .ofs_y = -2},
    {.bitmap_index = 21172, .adv_w = 256, .box_w = 14, .box_h = 14, .ofs_x = 1, .ofs_y = -1},
    {.bitmap_index = 21270, .adv_w = 256, .box_w = 14, .box_h = 16, .ofs_x = 1, .ofs_y = -2},
    {.bitmap_index = 21382, .adv_w = 256, .box_w = 15, .box_h = 15, .ofs_x = 1, .ofs_y = -1},
    {.bitmap_index = 21495, .adv_w = 256, .box_w = 15, .box_h = 16, .ofs_x = 1, .ofs_y = -2},
    {.bitmap_index = 21615, .adv_w = 256, .box_w = 14, .box_h = 14, .ofs_x = 1, .ofs_y = -1},
    {.bitmap_index = 21713, .adv_w = 256, .box_w = 15, .box_h = 15, .ofs_x = 1, .ofs_y = -1},
    {.bitmap_index = 21826, .adv_w = 256, .box_w = 16, .box_h = 16, .ofs_x = 0, .ofs_y = -1},
    {.bitmap_index = 21954, .adv_w = 256, .box_w = 15, .box_h = 15, .ofs_x = 1, .ofs_y = -1},
    {.bitmap_index = 22067, .adv_w = 256, .box_w = 15, .box_h = 15, .ofs_x = 1, .ofs_y = -2},
    {.bitmap_index = 22180, .adv_w = 256, .box_w = 15, .box_h = 15, .ofs_x = 1, .ofs_y = -1},
    {.bitmap_index = 22293, .adv_w = 256, .box_w = 16, .box_h = 15, .ofs_x = 0, .ofs_y = -1},
    {.bitmap_index = 22413, .adv_w = 256, .box_w = 15, .box_h = 15, .ofs_x = 1, .ofs_y = -2},
    {.bitmap_index = 22526, .adv_w = 256, .box_w = 15, .box_h = 16, .ofs_x = 1, .ofs_y = -2},
    {.bitmap_index = 22646, .adv_w = 256, .box_w = 16, .box_h = 14, .ofs_x = 0, .ofs_y = -1},
    {.bitmap_index = 22758, .adv_w = 256, .box_w = 14, .box_h = 14, .ofs_x = 1, .ofs_y = -1},
    {.bitmap_index = 22856, .adv_w = 256, .box_w = 14, .box_h = 14, .ofs_x = 1, .ofs_y = -1},
    {.bitmap_index = 22954, .adv_w = 256, .box_w = 14, .box_h = 14, .ofs_x = 1, .ofs_y = -1},
    {.bitmap_index = 23052, .adv_w = 256, .box_w = 14, .box_h = 14, .ofs_x = 1, .ofs_y = -1},
    {.bitmap_index = 23150, .adv_w = 256, .box_w = 14, .box_h = 14, .ofs_x = 1, .ofs_y = -1},
    {.bitmap_index = 23248, .adv_w = 256, .box_w = 14, .box_h = 14, .ofs_x = 1, .ofs_y = -1},
    {.bitmap_index = 23346, .adv_w = 256, .box_w = 14, .box_h = 14, .ofs_x = 1, .ofs_y = -1},
    {.bitmap_index = 23444, .adv_w = 256, .box_w = 16, .box_h = 15, .ofs_x = 0, .ofs_y = -1},
    {.bitmap_index = 23564, .adv_w = 256, .box_w = 16, .box_h = 16, .ofs_x = 0, .ofs_y = -1},
    {.bitmap_index = 23692, .adv_w = 256, .box_w = 16, .box_h = 16, .ofs_x = 0, .ofs_y = -2},
    {.bitmap_index = 23820, .adv_w = 256, .box_w = 16, .box_h = 15, .ofs_x = 0, .ofs_y = -1},
    {.bitmap_index = 23940, .adv_w = 256, .box_w = 16, .box_h = 15, .ofs_x = 0, .ofs_y = -1},
    {.bitmap_index = 24060, .adv_w = 256, .box_w = 16, .box_h = 17, .ofs_x = 0, .ofs_y = -2},
    {.bitmap_index = 24196, .adv_w = 256, .box_w = 16, .box_h = 16, .ofs_x = 0, .ofs_y = -2},
    {.bitmap_index = 24324, .adv_w = 256, .box_w = 16, .box_h = 15, .ofs_x = 0, .ofs_y = -1},
    {.bitmap_index = 24444, .adv_w = 256, .box_w = 16, .box_h = 15, .ofs_x = 0, .ofs_y = -1},
    {.bitmap_index = 24564, .adv_w = 256, .box_w = 16, .box_h = 16, .ofs_x = 0, .ofs_y = -2},
    {.bitmap_index = 24692, .adv_w = 256, .box_w = 16, .box_h = 15, .ofs_x = 0, .ofs_y = -1},
    {.bitmap_index = 24812, .adv_w = 256, .box_w = 16, .box_h = 17, .ofs_x = 0, .ofs_y = -2},
    {.bitmap_index = 24948, .adv_w = 256, .box_w = 16, .box_h = 16, .ofs_x = 0, .ofs_y = -1},
    {.bitmap_index = 25076, .adv_w = 256, .box_w = 16, .box_h = 16, .ofs_x = 0, .ofs_y = -2},
    {.bitmap_index = 25204, .adv_w = 256, .box_w = 16, .box_h = 15, .ofs_x = 0, .ofs_y = -1},
    {.bitmap_index = 25324, .adv_w = 256, .box_w = 16, .box_h = 16, .ofs_x = 0, .ofs_y = -1},
    {.bitmap_index = 25452, .adv_w = 256, .box_w = 16, .box_h = 16, .ofs_x = 0, .ofs_y = -1},
    {.bitmap_index = 25580, .adv_w = 256, .box_w = 16, .box_h = 15, .ofs_x = 0, .ofs_y = -1},
    {.bitmap_index = 25700, .adv_w = 256, .box_w = 15, .box_h = 16, .ofs_x = 0, .ofs_y = -2},
    {.bitmap_index = 25820, .adv_w = 256, .box_w = 16, .box_h = 16, .ofs_x = 0, .ofs_y = -2},
    {.bitmap_index = 25948, .adv_w = 256, .box_w = 16, .box_h = 16, .ofs_x = 0, .ofs_y = -2},
    {.bitmap_index = 26076, .adv_w = 256, .box_w = 15, .box_h = 16, .ofs_x = 0, .ofs_y = -2},
    {.bitmap_index = 26196, .adv_w = 256, .box_w = 16, .box_h = 16, .ofs_x = 0, .ofs_y = -1},
    {.bitmap_index = 26324, .adv_w = 256, .box_w = 16, .box_h = 16, .ofs_x = 0, .ofs_y = -2},
    {.bitmap_index = 26452, .adv_w = 256, .box_w = 16, .box_h = 16, .ofs_x = 0, .ofs_y = -2},
    {.bitmap_index = 26580, .adv_w = 256, .box_w = 16, .box_h = 16, .ofs_x = 0, .ofs_y = -2},
    {.bitmap_index = 26708, .adv_w = 256, .box_w = 16, .box_h = 16, .ofs_x = 0, .ofs_y = -2},
    {.bitmap_index = 26836, .adv_w = 256, .box_w = 16, .box_h = 15, .ofs_x = 0, .ofs_y = -2},
    {.bitmap_index = 26956, .adv_w = 256, .box_w = 16, .box_h = 16, .ofs_x = 0, .ofs_y = -2},
    {.bitmap_index = 27084, .adv_w = 256, .box_w = 16, .box_h = 16, .ofs_x = 0, .ofs_y = -2},
    {.bitmap_index = 27212, .adv_w = 256, .box_w = 15, .box_h = 17, .ofs_x = 0, .ofs_y = -2},
    {.bitmap_index = 27340, .adv_w = 256, .box_w = 16, .box_h = 16, .ofs_x = 0, .ofs_y = -2},
    {.bitmap_index = 27468, .adv_w = 256, .box_w = 16, .box_h = 17, .ofs_x = 0, .ofs_y = -2},
    {.bitmap_index = 27604, .adv_w = 256, .box_w = 16, .box_h = 16, .ofs_x = 0, .ofs_y = -1},
    {.bitmap_index = 27732, .adv_w = 256, .box_w = 16, .box_h = 17, .ofs_x = 0, .ofs_y = -2},
    {.bitmap_index = 27868, .adv_w = 256, .box_w = 16, .box_h = 16, .ofs_x = 0, .ofs_y = -2},
    {.bitmap_index = 27996, .adv_w = 256, .box_w = 16, .box_h = 16, .ofs_x = 0, .ofs_y = -2},
    {.bitmap_index = 28124, .adv_w = 256, .box_w = 14, .box_h = 15, .ofs_x = 1, .ofs_y = -1},
    {.bitmap_index = 28229, .adv_w = 256, .box_w = 14, .box_h = 15, .ofs_x = 1, .ofs_y = -1},
    {.bitmap_index = 28334, .adv_w = 256, .box_w = 16, .box_h = 15, .ofs_x = 0, .ofs_y = -1},
    {.bitmap_index = 28454, .adv_w = 256, .box_w = 16, .box_h = 16, .ofs_x = 0, .ofs_y = -2},
    {.bitmap_index = 28582, .adv_w = 256, .box_w = 16, .box_h = 16, .ofs_x = 0, .ofs_y = -2},
    {.bitmap_index = 28710, .adv_w = 256, .box_w = 16, .box_h = 16, .ofs_x = 0, .ofs_y = -2},
    {.bitmap_index = 28838, .adv_w = 256, .box_w = 16, .box_h = 15, .ofs_x = 0, .ofs_y = -1},
    {.bitmap_index = 28958, .adv_w = 256, .box_w = 14, .box_h = 15, .ofs_x = 1, .ofs_y = -1},
    {.bitmap_index = 29063, .adv_w = 256, .box_w = 16, .box_h = 15, .ofs_x = 0, .ofs_y = -1},
    {.bitmap_index = 29183, .adv_w = 256, .box_w = 16, .box_h = 16, .ofs_x = 0, .ofs_y = -2},
    {.bitmap_index = 29311, .adv_w = 256, .box_w = 16, .box_h = 15, .ofs_x = 0, .ofs_y = -1},
    {.bitmap_index = 29431, .adv_w = 256, .box_w = 16, .box_h = 15, .ofs_x = 0, .ofs_y = -1},
    {.bitmap_index = 29551, .adv_w = 256, .box_w = 16, .box_h = 15, .ofs_x = 0, .ofs_y = -1},
    {.bitmap_index = 29671, .adv_w = 256, .box_w = 16, .box_h = 16, .ofs_x = 0, .ofs_y = -2},
    {.bitmap_index = 29799, .adv_w = 256, .box_w = 16, .box_h = 16, .ofs_x = 0, .ofs_y = -2},
    {.bitmap_index = 29927, .adv_w = 256, .box_w = 16, .box_h = 16, .ofs_x = 0, .ofs_y = -2},
    {.bitmap_index = 30055, .adv_w = 256, .box_w = 16, .box_h = 17, .ofs_x = 0, .ofs_y = -2},
    {.bitmap_index = 30191, .adv_w = 256, .box_w = 16, .box_h = 15, .ofs_x = 0, .ofs_y = -2},
    {.bitmap_index = 30311, .adv_w = 256, .box_w = 16, .box_h = 15, .ofs_x = 0, .ofs_y = -2},
    {.bitmap_index = 30431, .adv_w = 256, .box_w = 15, .box_h = 15, .ofs_x = 0, .ofs_y = -2},
    {.bitmap_index = 30544, .adv_w = 256, .box_w = 16, .box_h = 15, .ofs_x = 0, .ofs_y = -2},
    {.bitmap_index = 30664, .adv_w = 256, .box_w = 16, .box_h = 15, .ofs_x = 0, .ofs_y = -2},
    {.bitmap_index = 30784, .adv_w = 256, .box_w = 16, .box_h = 15, .ofs_x = 0, .ofs_y = -2},
    {.bitmap_index = 30904, .adv_w = 256, .box_w = 14, .box_h = 15, .ofs_x = 1, .ofs_y = -1},
    {.bitmap_index = 31009, .adv_w = 256, .box_w = 16, .box_h = 15, .ofs_x = 0, .ofs_y = -1},
    {.bitmap_index = 31129, .adv_w = 256, .box_w = 16, .box_h = 15, .ofs_x = 0, .ofs_y = -1},
    {.bitmap_index = 31249, .adv_w = 256, .box_w = 16, .box_h = 16, .ofs_x = 0, .ofs_y = -1},
    {.bitmap_index = 31377, .adv_w = 256, .box_w = 16, .box_h = 16, .ofs_x = 0, .ofs_y = -2},
    {.bitmap_index = 31505, .adv_w = 256, .box_w = 15, .box_h = 16, .ofs_x = 0, .ofs_y = -2},
    {.bitmap_index = 31625, .adv_w = 256, .box_w = 14, .box_h = 16, .ofs_x = 0, .ofs_y = -2},
    {.bitmap_index = 31737, .adv_w = 256, .box_w = 15, .box_h = 17, .ofs_x = 0, .ofs_y = -2},
    {.bitmap_index = 31865, .adv_w = 256, .box_w = 16, .box_h = 13, .ofs_x = 0, .ofs_y = -1},
    {.bitmap_index = 31969, .adv_w = 256, .box_w = 16, .box_h = 15, .ofs_x = 0, .ofs_y = -1},
    {.bitmap_index = 32089, .adv_w = 256, .box_w = 16, .box_h = 15, .ofs_x = 0, .ofs_y = -1},
    {.bitmap_index = 32209, .adv_w = 256, .box_w = 14, .box_h = 14, .ofs_x = 2, .ofs_y = -1},
    {.bitmap_index = 32307, .adv_w = 256, .box_w = 15, .box_h = 14, .ofs_x = 1, .ofs_y = -1},
    {.bitmap_index = 32412, .adv_w = 256, .box_w = 15, .box_h = 14, .ofs_x = 1, .ofs_y = -1},
    {.bitmap_index = 32517, .adv_w = 256, .box_w = 16, .box_h = 15, .ofs_x = 0, .ofs_y = -1},
    {.bitmap_index = 32637, .adv_w = 256, .box_w = 14, .box_h = 15, .ofs_x = 1, .ofs_y = -1},
    {.bitmap_index = 32742, .adv_w = 256, .box_w = 16, .box_h = 15, .ofs_x = 0, .ofs_y = -1},
    {.bitmap_index = 32862, .adv_w = 256, .box_w = 16, .box_h = 15, .ofs_x = 0, .ofs_y = -1},
    {.bitmap_index = 32982, .adv_w = 256, .box_w = 16, .box_h = 15, .ofs_x = 0, .ofs_y = -1},
    {.bitmap_index = 33102, .adv_w = 256, .box_w = 16, .box_h = 16, .ofs_x = 0, .ofs_y = -2},
    {.bitmap_index = 33230, .adv_w = 256, .box_w = 16, .box_h = 14, .ofs_x = 0, .ofs_y = -1},
    {.bitmap_index = 33342, .adv_w = 256, .box_w = 16, .box_h = 14, .ofs_x = 0, .ofs_y = -1},
    {.bitmap_index = 33454, .adv_w = 256, .box_w = 16, .box_h = 15, .ofs_x = 0, .ofs_y = -1},
    {.bitmap_index = 33574, .adv_w = 256, .box_w = 16, .box_h = 16, .ofs_x = 0, .ofs_y = -2},
    {.bitmap_index = 33702, .adv_w = 256, .box_w = 16, .box_h = 16, .ofs_x = 0, .ofs_y = -2},
    {.bitmap_index = 33830, .adv_w = 256, .box_w = 16, .box_h = 16, .ofs_x = 0, .ofs_y = -2},
    {.bitmap_index = 33958, .adv_w = 256, .box_w = 16, .box_h = 16, .ofs_x = 0, .ofs_y = -2},
    {.bitmap_index = 34086, .adv_w = 256, .box_w = 16, .box_h = 16, .ofs_x = 0, .ofs_y = -2},
    {.bitmap_index = 34214, .adv_w = 256, .box_w = 16, .box_h = 15, .ofs_x = 0, .ofs_y = -2},
    {.bitmap_index = 34334, .adv_w = 256, .box_w = 15, .box_h = 16, .ofs_x = 1, .ofs_y = -2},
    {.bitmap_index = 34454, .adv_w = 256, .box_w = 14, .box_h = 16, .ofs_x = 1, .ofs_y = -2},
    {.bitmap_index = 34566, .adv_w = 256, .box_w = 16, .box_h = 16, .ofs_x = 0, .ofs_y = -2},
    {.bitmap_index = 34694, .adv_w = 256, .box_w = 16, .box_h = 15, .ofs_x = 0, .ofs_y = -1},
    {.bitmap_index = 34814, .adv_w = 256, .box_w = 16, .box_h = 15, .ofs_x = 0, .ofs_y = -1},
    {.bitmap_index = 34934, .adv_w = 256, .box_w = 16, .box_h = 16, .ofs_x = 0, .ofs_y = -2},
    {.bitmap_index = 35062, .adv_w = 256, .box_w = 16, .box_h = 15, .ofs_x = 0, .ofs_y = -1},
    {.bitmap_index = 35182, .adv_w = 256, .box_w = 16, .box_h = 15, .ofs_x = 0, .ofs_y = -1},
    {.bitmap_index = 35302, .adv_w = 256, .box_w = 16, .box_h = 15, .ofs_x = 0, .ofs_y = -1},
    {.bitmap_index = 35422, .adv_w = 256, .box_w = 16, .box_h = 15, .ofs_x = 0, .ofs_y = -1},
    {.bitmap_index = 35542, .adv_w = 256, .box_w = 16, .box_h = 15, .ofs_x = 0, .ofs_y = -1},
    {.bitmap_index = 35662, .adv_w = 256, .box_w = 16, .box_h = 16, .ofs_x = 0, .ofs_y = -1},
    {.bitmap_index = 35790, .adv_w = 256, .box_w = 16, .box_h = 16, .ofs_x = 0, .ofs_y = -2},
    {.bitmap_index = 35918, .adv_w = 256, .box_w = 16, .box_h = 15, .ofs_x = 0, .ofs_y = -1},
    {.bitmap_index = 36038, .adv_w = 256, .box_w = 16, .box_h = 16, .ofs_x = 0, .ofs_y = -2},
    {.bitmap_index = 36166, .adv_w = 256, .box_w = 16, .box_h = 15, .ofs_x = 0, .ofs_y = -1},
    {.bitmap_index = 36286, .adv_w = 256, .box_w = 16, .box_h = 15, .ofs_x = 0, .ofs_y = -1},
    {.bitmap_index = 36406, .adv_w = 256, .box_w = 16, .box_h = 15, .ofs_x = 0, .ofs_y = -1},
    {.bitmap_index = 36526, .adv_w = 256, .box_w = 16, .box_h = 14, .ofs_x = 0, .ofs_y = -1},
    {.bitmap_index = 36638, .adv_w = 256, .box_w = 16, .box_h = 15, .ofs_x = 0, .ofs_y = -1},
    {.bitmap_index = 36758, .adv_w = 256, .box_w = 16, .box_h = 15, .ofs_x = 0, .ofs_y = -2},
    {.bitmap_index = 36878, .adv_w = 256, .box_w = 16, .box_h = 16, .ofs_x = 0, .ofs_y = -2},
    {.bitmap_index = 37006, .adv_w = 256, .box_w = 16, .box_h = 15, .ofs_x = 0, .ofs_y = -1},
    {.bitmap_index = 37126, .adv_w = 256, .box_w = 16, .box_h = 17, .ofs_x = 0, .ofs_y = -2},
    {.bitmap_index = 37262, .adv_w = 256, .box_w = 16, .box_h = 17, .ofs_x = 0, .ofs_y = -2},
    {.bitmap_index = 37398, .adv_w = 256, .box_w = 16, .box_h = 17, .ofs_x = 0, .ofs_y = -2},
    {.bitmap_index = 37534, .adv_w = 256, .box_w = 14, .box_h = 16, .ofs_x = 0, .ofs_y = -2},
    {.bitmap_index = 37646, .adv_w = 256, .box_w = 16, .box_h = 16, .ofs_x = 0, .ofs_y = -2},
    {.bitmap_index = 37774, .adv_w = 256, .box_w = 16, .box_h = 16, .ofs_x = 0, .ofs_y = -2},
    {.bitmap_index = 37902, .adv_w = 256, .box_w = 16, .box_h = 15, .ofs_x = 0, .ofs_y = -1},
    {.bitmap_index = 38022, .adv_w = 256, .box_w = 16, .box_h = 15, .ofs_x = 0, .ofs_y = -1},
    {.bitmap_index = 38142, .adv_w = 256, .box_w = 16, .box_h = 16, .ofs_x = 0, .ofs_y = -2},
    {.bitmap_index = 38270, .adv_w = 256, .box_w = 15, .box_h = 16, .ofs_x = 0, .ofs_y = -2},
    {.bitmap_index = 38390, .adv_w = 256, .box_w = 16, .box_h = 15, .ofs_x = 0, .ofs_y = -1},
    {.bitmap_index = 38510, .adv_w = 256, .box_w = 16, .box_h = 16, .ofs_x = 0, .ofs_y = -2},
    {.bitmap_index = 38638, .adv_w = 256, .box_w = 16, .box_h = 15, .ofs_x = 0, .ofs_y = -1},
    {.bitmap_index = 38758, .adv_w = 256, .box_w = 16, .box_h = 16, .ofs_x = 0, .ofs_y = -2},
    {.bitmap_index = 38886, .adv_w = 256, .box_w = 16, .box_h = 16, .ofs_x = 0, .ofs_y = -2},
    {.bitmap_index = 39014, .adv_w = 256, .box_w = 16, .box_h = 16, .ofs_x = 0, .ofs_y = -2},
    {.bitmap_index = 39142, .adv_w = 256, .box_w = 16, .box_h = 16, .ofs_x = 0, .ofs_y = -2},
    {.bitmap_index = 39270, .adv_w = 256, .box_w = 16, .box_h = 16, .ofs_x = 0, .ofs_y = -1},
    {.bitmap_index = 39398, .adv_w = 256, .box_w = 16, .box_h = 16, .ofs_x = 0, .ofs_y = -2},
    {.bitmap_index = 39526, .adv_w = 256, .box_w = 16, .box_h = 16, .ofs_x = 0, .ofs_y = -2},
    {.bitmap_index = 39654, .adv_w = 256, .box_w = 16, .box_h = 15, .ofs_x = 0, .ofs_y = -1},
    {.bitmap_index = 39774, .adv_w = 256, .box_w = 16, .box_h = 15, .ofs_x = 0, .ofs_y = -1},
    {.bitmap_index = 39894, .adv_w = 256, .box_w = 16, .box_h = 17, .ofs_x = 0, .ofs_y = -2},
    {.bitmap_index = 40030, .adv_w = 256, .box_w = 16, .box_h = 16, .ofs_x = 0, .ofs_y = -2},
    {.bitmap_index = 40158, .adv_w = 256, .box_w = 16, .box_h = 17, .ofs_x = 0, .ofs_y = -2},
    {.bitmap_index = 40294, .adv_w = 256, .box_w = 16, .box_h = 15, .ofs_x = 0, .ofs_y = -1},
    {.bitmap_index = 40414, .adv_w = 256, .box_w = 16, .box_h = 15, .ofs_x = 0, .ofs_y = -1},
    {.bitmap_index = 40534, .adv_w = 256, .box_w = 16, .box_h = 16, .ofs_x = 0, .ofs_y = -1},
    {.bitmap_index = 40662, .adv_w = 256, .box_w = 16, .box_h = 15, .ofs_x = 0, .ofs_y = -1},
    {.bitmap_index = 40782, .adv_w = 256, .box_w = 17, .box_h = 16, .ofs_x = 0, .ofs_y = -1},
    {.bitmap_index = 40918, .adv_w = 256, .box_w = 16, .box_h = 16, .ofs_x = 0, .ofs_y = -2},
    {.bitmap_index = 41046, .adv_w = 256, .box_w = 16, .box_h = 17, .ofs_x = 0, .ofs_y = -2},
    {.bitmap_index = 41182, .adv_w = 256, .box_w = 16, .box_h = 16, .ofs_x = 0, .ofs_y = -2},
    {.bitmap_index = 41310, .adv_w = 256, .box_w = 16, .box_h = 17, .ofs_x = 0, .ofs_y = -2},
    {.bitmap_index = 41446, .adv_w = 256, .box_w = 16, .box_h = 16, .ofs_x = 0, .ofs_y = -2},
    {.bitmap_index = 41574, .adv_w = 256, .box_w = 16, .box_h = 16, .ofs_x = 0, .ofs_y = -2},
    {.bitmap_index = 41702, .adv_w = 256, .box_w = 16, .box_h = 16, .ofs_x = 0, .ofs_y = -1},
    {.bitmap_index = 41830, .adv_w = 256, .box_w = 16, .box_h = 15, .ofs_x = 0, .ofs_y = -1},
    {.bitmap_index = 41950, .adv_w = 256, .box_w = 16, .box_h = 16, .ofs_x = 0, .ofs_y = -2},
    {.bitmap_index = 42078, .adv_w = 256, .box_w = 16, .box_h = 17, .ofs_x = 0, .ofs_y = -2},
    {.bitmap_index = 42214, .adv_w = 256, .box_w = 16, .box_h = 16, .ofs_x = 0, .ofs_y = -2},
    {.bitmap_index = 42342, .adv_w = 256, .box_w = 16, .box_h = 17, .ofs_x = 0, .ofs_y = -2},
    {.bitmap_index = 42478, .adv_w = 256, .box_w = 16, .box_h = 16, .ofs_x = 0, .ofs_y = -2},
    {.bitmap_index = 42606, .adv_w = 256, .box_w = 16, .box_h = 16, .ofs_x = 0, .ofs_y = -2},
    {.bitmap_index = 42734, .adv_w = 256, .box_w = 16, .box_h = 16, .ofs_x = 0, .ofs_y = -2},
    {.bitmap_index = 42862, .adv_w = 256, .box_w = 16, .box_h = 16, .ofs_x = 0, .ofs_y = -2},
    {.bitmap_index = 42990, .adv_w = 256, .box_w = 16, .box_h = 17, .ofs_x = 0, .ofs_y = -2},
    {.bitmap_index = 43126, .adv_w = 256, .box_w = 16, .box_h = 16, .ofs_x = 0, .ofs_y = -2},
    {.bitmap_index = 43254, .adv_w = 256, .box_w = 16, .box_h = 16, .ofs_x = 0, .ofs_y = -2},
    {.bitmap_index = 43382, .adv_w = 256, .box_w = 16, .box_h = 15, .ofs_x = 0, .ofs_y = -1},
    {.bitmap_index = 43502, .adv_w = 256, .box_w = 16, .box_h = 16, .ofs_x = 0, .ofs_y = -2},
    {.bitmap_index = 43630, .adv_w = 256, .box_w = 16, .box_h = 17, .ofs_x = 0, .ofs_y = -2},
    {.bitmap_index = 43766, .adv_w = 256, .box_w = 15, .box_h = 17, .ofs_x = 1, .ofs_y = -2},
    {.bitmap_index = 43894, .adv_w = 256, .box_w = 16, .box_h = 17, .ofs_x = 0, .ofs_y = -2},
    {.bitmap_index = 44030, .adv_w = 256, .box_w = 16, .box_h = 16, .ofs_x = 0, .ofs_y = -2},
    {.bitmap_index = 44158, .adv_w = 256, .box_w = 16, .box_h = 16, .ofs_x = 0, .ofs_y = -2},
    {.bitmap_index = 44286, .adv_w = 256, .box_w = 16, .box_h = 16, .ofs_x = 0, .ofs_y = -2},
    {.bitmap_index = 44414, .adv_w = 256, .box_w = 16, .box_h = 16, .ofs_x = 0, .ofs_y = -2},
    {.bitmap_index = 44542, .adv_w = 256, .box_w = 16, .box_h = 15, .ofs_x = 0, .ofs_y = -2},
    {.bitmap_index = 44662, .adv_w = 256, .box_w = 12, .box_h = 14, .ofs_x = 2, .ofs_y = -1},
    {.bitmap_index = 44746, .adv_w = 256, .box_w = 14, .box_h = 14, .ofs_x = 1, .ofs_y = -1},
    {.bitmap_index = 44844, .adv_w = 256, .box_w = 16, .box_h = 14, .ofs_x = 0, .ofs_y = -1},
    {.bitmap_index = 44956, .adv_w = 256, .box_w = 15, .box_h = 16, .ofs_x = 1, .ofs_y = -2},
    {.bitmap_index = 45076, .adv_w = 256, .box_w = 15, .box_h = 14, .ofs_x = 1, .ofs_y = -1},
    {.bitmap_index = 45181, .adv_w = 256, .box_w = 15, .box_h = 16, .ofs_x = 1, .ofs_y = -2},
    {.bitmap_index = 45301, .adv_w = 256, .box_w = 16, .box_h = 14, .ofs_x = 0, .ofs_y = -1},
    {.bitmap_index = 45413, .adv_w = 256, .box_w = 15, .box_h = 16, .ofs_x = 1, .ofs_y = -2},
    {.bitmap_index = 45533, .adv_w = 256, .box_w = 16, .box_h = 15, .ofs_x = 0, .ofs_y = -2},
    {.bitmap_index = 45653, .adv_w = 256, .box_w = 16, .box_h = 15, .ofs_x = 0, .ofs_y = -2},
    {.bitmap_index = 45773, .adv_w = 256, .box_w = 15, .box_h = 14, .ofs_x = 1, .ofs_y = -1},
    {.bitmap_index = 45878, .adv_w = 256, .box_w = 15, .box_h = 16, .ofs_x = 1, .ofs_y = -2},
    {.bitmap_index = 45998, .adv_w = 256, .box_w = 16, .box_h = 14, .ofs_x = 0, .ofs_y = -1},
    {.bitmap_index = 46110, .adv_w = 256, .box_w = 15, .box_h = 15, .ofs_x = 1, .ofs_y = -1},
    {.bitmap_index = 46223, .adv_w = 256, .box_w = 15, .box_h = 16, .ofs_x = 1, .ofs_y = -2},
    {.bitmap_index = 46343, .adv_w = 256, .box_w = 16, .box_h = 15, .ofs_x = 0, .ofs_y = -2},
    {.bitmap_index = 46463, .adv_w = 256, .box_w = 16, .box_h = 15, .ofs_x = 0, .ofs_y = -1},
    {.bitmap_index = 46583, .adv_w = 256, .box_w = 16, .box_h = 14, .ofs_x = 0, .ofs_y = -1},
    {.bitmap_index = 46695, .adv_w = 256, .box_w = 14, .box_h = 15, .ofs_x = 0, .ofs_y = -2},
    {.bitmap_index = 46800, .adv_w = 256, .box_w = 16, .box_h = 16, .ofs_x = 0, .ofs_y = -2},
    {.bitmap_index = 46928, .adv_w = 256, .box_w = 16, .box_h = 15, .ofs_x = 0, .ofs_y = -1},
    {.bitmap_index = 47048, .adv_w = 256, .box_w = 15, .box_h = 16, .ofs_x = 0, .ofs_y = -2},
    {.bitmap_index = 47168, .adv_w = 256, .box_w = 16, .box_h = 16, .ofs_x = 0, .ofs_y = -2},
    {.bitmap_index = 47296, .adv_w = 256, .box_w = 16, .box_h = 15, .ofs_x = 0, .ofs_y = -1},
    {.bitmap_index = 47416, .adv_w = 256, .box_w = 16, .box_h = 15, .ofs_x = 0, .ofs_y = -1},
    {.bitmap_index = 47536, .adv_w = 256, .box_w = 16, .box_h = 14, .ofs_x = 0, .ofs_y = -1},
    {.bitmap_index = 47648, .adv_w = 256, .box_w = 16, .box_h = 15, .ofs_x = 0, .ofs_y = -1},
    {.bitmap_index = 47768, .adv_w = 256, .box_w = 16, .box_h = 16, .ofs_x = 0, .ofs_y = -2},
    {.bitmap_index = 47896, .adv_w = 256, .box_w = 16, .box_h = 15, .ofs_x = 0, .ofs_y = -1},
    {.bitmap_index = 48016, .adv_w = 256, .box_w = 16, .box_h = 15, .ofs_x = 0, .ofs_y = -1},
    {.bitmap_index = 48136, .adv_w = 256, .box_w = 16, .box_h = 16, .ofs_x = 0, .ofs_y = -2},
    {.bitmap_index = 48264, .adv_w = 256, .box_w = 16, .box_h = 15, .ofs_x = 0, .ofs_y = -1},
    {.bitmap_index = 48384, .adv_w = 256, .box_w = 16, .box_h = 16, .ofs_x = 0, .ofs_y = -2},
    {.bitmap_index = 48512, .adv_w = 256, .box_w = 16, .box_h = 16, .ofs_x = 0, .ofs_y = -2},
    {.bitmap_index = 48640, .adv_w = 256, .box_w = 16, .box_h = 15, .ofs_x = 0, .ofs_y = -1},
    {.bitmap_index = 48760, .adv_w = 256, .box_w = 16, .box_h = 17, .ofs_x = 0, .ofs_y = -2},
    {.bitmap_index = 48896, .adv_w = 256, .box_w = 16, .box_h = 14, .ofs_x = 0, .ofs_y = -1},
    {.bitmap_index = 49008, .adv_w = 256, .box_w = 16, .box_h = 17, .ofs_x = 0, .ofs_y = -2},
    {.bitmap_index = 49144, .adv_w = 256, .box_w = 16, .box_h = 16, .ofs_x = 0, .ofs_y = -2},
    {.bitmap_index = 49272, .adv_w = 256, .box_w = 16, .box_h = 15, .ofs_x = 0, .ofs_y = -1},
    {.bitmap_index = 49392, .adv_w = 256, .box_w = 16, .box_h = 16, .ofs_x = 0, .ofs_y = -1},
    {.bitmap_index = 49520, .adv_w = 256, .box_w = 16, .box_h = 15, .ofs_x = 0, .ofs_y = -1},
    {.bitmap_index = 49640, .adv_w = 256, .box_w = 15, .box_h = 15, .ofs_x = 0, .ofs_y = -1},
    {.bitmap_index = 49753, .adv_w = 256, .box_w = 16, .box_h = 15, .ofs_x = 0, .ofs_y = -1},
    {.bitmap_index = 49873, .adv_w = 256, .box_w = 17, .box_h = 17, .ofs_x = 0, .ofs_y = -2},
    {.bitmap_index = 50018, .adv_w = 256, .box_w = 16, .box_h = 16, .ofs_x = 0, .ofs_y = -1},
    {.bitmap_index = 50146, .adv_w = 256, .box_w = 16, .box_h = 16, .ofs_x = 0, .ofs_y = -2},
    {.bitmap_index = 50274, .adv_w = 256, .box_w = 16, .box_h = 16, .ofs_x = 0, .ofs_y = -1},
    {.bitmap_index = 50402, .adv_w = 256, .box_w = 16, .box_h = 15, .ofs_x = 0, .ofs_y = -1},
    {.bitmap_index = 50522, .adv_w = 256, .box_w = 17, .box_h = 16, .ofs_x = 0, .ofs_y = -2},
    {.bitmap_index = 50658, .adv_w = 256, .box_w = 16, .box_h = 15, .ofs_x = 0, .ofs_y = -1},
    {.bitmap_index = 50778, .adv_w = 256, .box_w = 16, .box_h = 17, .ofs_x = 0, .ofs_y = -2},
    {.bitmap_index = 50914, .adv_w = 256, .box_w = 16, .box_h = 16, .ofs_x = 0, .ofs_y = -2},
    {.bitmap_index = 51042, .adv_w = 256, .box_w = 16, .box_h = 16, .ofs_x = 0, .ofs_y = -1},
    {.bitmap_index = 51170, .adv_w = 256, .box_w = 16, .box_h = 15, .ofs_x = 0, .ofs_y = -1},
    {.bitmap_index = 51290, .adv_w = 256, .box_w = 16, .box_h = 16, .ofs_x = 0, .ofs_y = -1},
    {.bitmap_index = 51418, .adv_w = 256, .box_w = 15, .box_h = 16, .ofs_x = 0, .ofs_y = -2},
    {.bitmap_index = 51538, .adv_w = 256, .box_w = 16, .box_h = 16, .ofs_x = 0, .ofs_y = -2},
    {.bitmap_index = 51666, .adv_w = 256, .box_w = 16, .box_h = 15, .ofs_x = 0, .ofs_y = -1},
    {.bitmap_index = 51786, .adv_w = 256, .box_w = 16, .box_h = 15, .ofs_x = 0, .ofs_y = -1},
    {.bitmap_index = 51906, .adv_w = 256, .box_w = 16, .box_h = 16, .ofs_x = 0, .ofs_y = -2},
    {.bitmap_index = 52034, .adv_w = 256, .box_w = 16, .box_h = 17, .ofs_x = 0, .ofs_y = -2},
    {.bitmap_index = 52170, .adv_w = 256, .box_w = 16, .box_h = 17, .ofs_x = 0, .ofs_y = -2},
    {.bitmap_index = 52306, .adv_w = 256, .box_w = 16, .box_h = 16, .ofs_x = 0, .ofs_y = -2},
    {.bitmap_index = 52434, .adv_w = 256, .box_w = 16, .box_h = 16, .ofs_x = 0, .ofs_y = -2},
    {.bitmap_index = 52562, .adv_w = 256, .box_w = 16, .box_h = 16, .ofs_x = 0, .ofs_y = -2},
    {.bitmap_index = 52690, .adv_w = 256, .box_w = 17, .box_h = 16, .ofs_x = 0, .ofs_y = -2},
    {.bitmap_index = 52826, .adv_w = 256, .box_w = 16, .box_h = 14, .ofs_x = 0, .ofs_y = -1},
    {.bitmap_index = 52938, .adv_w = 256, .box_w = 16, .box_h = 16, .ofs_x = 0, .ofs_y = -2},
    {.bitmap_index = 53066, .adv_w = 256, .box_w = 16, .box_h = 16, .ofs_x = 0, .ofs_y = -2},
    {.bitmap_index = 53194, .adv_w = 256, .box_w = 16, .box_h = 15, .ofs_x = 0, .ofs_y = -2},
    {.bitmap_index = 53314, .adv_w = 256, .box_w = 16, .box_h = 15, .ofs_x = 0, .ofs_y = -1},
    {.bitmap_index = 53434, .adv_w = 256, .box_w = 16, .box_h = 15, .ofs_x = 0, .ofs_y = -2},
    {.bitmap_index = 53554, .adv_w = 256, .box_w = 16, .box_h = 16, .ofs_x = 0, .ofs_y = -2},
    {.bitmap_index = 53682, .adv_w = 256, .box_w = 15, .box_h = 17, .ofs_x = 1, .ofs_y = -2},
    {.bitmap_index = 53810, .adv_w = 256, .box_w = 16, .box_h = 15, .ofs_x = 0, .ofs_y = -1},
    {.bitmap_index = 53930, .adv_w = 256, .box_w = 15, .box_h = 15, .ofs_x = 1, .ofs_y = -2},
    {.bitmap_index = 54043, .adv_w = 256, .box_w = 16, .box_h = 15, .ofs_x = 0, .ofs_y = -1},
    {.bitmap_index = 54163, .adv_w = 256, .box_w = 16, .box_h = 15, .ofs_x = 0, .ofs_y = -1},
    {.bitmap_index = 54283, .adv_w = 256, .box_w = 16, .box_h = 15, .ofs_x = 0, .ofs_y = -1},
    {.bitmap_index = 54403, .adv_w = 256, .box_w = 16, .box_h = 15, .ofs_x = 0, .ofs_y = -1},
    {.bitmap_index = 54523, .adv_w = 256, .box_w = 16, .box_h = 16, .ofs_x = 0, .ofs_y = -1},
    {.bitmap_index = 54651, .adv_w = 256, .box_w = 16, .box_h = 16, .ofs_x = 0, .ofs_y = -2},
    {.bitmap_index = 54779, .adv_w = 256, .box_w = 16, .box_h = 15, .ofs_x = 0, .ofs_y = -1},
    {.bitmap_index = 54899, .adv_w = 256, .box_w = 16, .box_h = 15, .ofs_x = 0, .ofs_y = -1},
    {.bitmap_index = 55019, .adv_w = 256, .box_w = 16, .box_h = 16, .ofs_x = 0, .ofs_y = -2},
    {.bitmap_index = 55147, .adv_w = 256, .box_w = 16, .box_h = 16, .ofs_x = 0, .ofs_y = -2},
    {.bitmap_index = 55275, .adv_w = 256, .box_w = 16, .box_h = 15, .ofs_x = 0, .ofs_y = -1},
    {.bitmap_index = 55395, .adv_w = 256, .box_w = 16, .box_h = 15, .ofs_x = 0, .ofs_y = -1},
    {.bitmap_index = 55515, .adv_w = 256, .box_w = 16, .box_h = 16, .ofs_x = 0, .ofs_y = -2},
    {.bitmap_index = 55643, .adv_w = 256, .box_w = 16, .box_h = 16, .ofs_x = 0, .ofs_y = -2},
    {.bitmap_index = 55771, .adv_w = 256, .box_w = 16, .box_h = 15, .ofs_x = 0, .ofs_y = -1},
    {.bitmap_index = 55891, .adv_w = 256, .box_w = 16, .box_h = 16, .ofs_x = 0, .ofs_y = -2},
    {.bitmap_index = 56019, .adv_w = 256, .box_w = 15, .box_h = 16, .ofs_x = 0, .ofs_y = -2},
    {.bitmap_index = 56139, .adv_w = 256, .box_w = 16, .box_h = 16, .ofs_x = 0, .ofs_y = -2},
    {.bitmap_index = 56267, .adv_w = 256, .box_w = 16, .box_h = 16, .ofs_x = 0, .ofs_y = -2},
    {.bitmap_index = 56395, .adv_w = 256, .box_w = 16, .box_h = 17, .ofs_x = 0, .ofs_y = -2},
    {.bitmap_index = 56531, .adv_w = 256, .box_w = 16, .box_h = 16, .ofs_x = 0, .ofs_y = -2},
    {.bitmap_index = 56659, .adv_w = 256, .box_w = 16, .box_h = 16, .ofs_x = 0, .ofs_y = -2},
    {.bitmap_index = 56787, .adv_w = 256, .box_w = 16, .box_h = 16, .ofs_x = 0, .ofs_y = -2},
    {.bitmap_index = 56915, .adv_w = 256, .box_w = 15, .box_h = 15, .ofs_x = 0, .ofs_y = -1},
    {.bitmap_index = 57028, .adv_w = 256, .box_w = 16, .box_h = 16, .ofs_x = 0, .ofs_y = -1},
    {.bitmap_index = 57156, .adv_w = 256, .box_w = 16, .box_h = 15, .ofs_x = 0, .ofs_y = -1},
    {.bitmap_index = 57276, .adv_w = 256, .box_w = 16, .box_h = 15, .ofs_x = 0, .ofs_y = -1},
    {.bitmap_index = 57396, .adv_w = 256, .box_w = 16, .box_h = 15, .ofs_x = 0, .ofs_y = -1},
    {.bitmap_index = 57516, .adv_w = 256, .box_w = 16, .box_h = 16, .ofs_x = 0, .ofs_y = -2},
    {.bitmap_index = 57644, .adv_w = 256, .box_w = 16, .box_h = 16, .ofs_x = 0, .ofs_y = -2},
    {.bitmap_index = 57772, .adv_w = 256, .box_w = 16, .box_h = 16, .ofs_x = 0, .ofs_y = -2},
    {.bitmap_index = 57900, .adv_w = 256, .box_w = 16, .box_h = 16, .ofs_x = 0, .ofs_y = -2},
    {.bitmap_index = 58028, .adv_w = 256, .box_w = 16, .box_h = 16, .ofs_x = 0, .ofs_y = -2},
    {.bitmap_index = 58156, .adv_w = 256, .box_w = 16, .box_h = 16, .ofs_x = 0, .ofs_y = -2},
    {.bitmap_index = 58284, .adv_w = 256, .box_w = 16, .box_h = 16, .ofs_x = 0, .ofs_y = -2},
    {.bitmap_index = 58412, .adv_w = 256, .box_w = 15, .box_h = 16, .ofs_x = 0, .ofs_y = -2},
    {.bitmap_index = 58532, .adv_w = 256, .box_w = 16, .box_h = 16, .ofs_x = 0, .ofs_y = -2},
    {.bitmap_index = 58660, .adv_w = 256, .box_w = 16, .box_h = 16, .ofs_x = 0, .ofs_y = -2},
    {.bitmap_index = 58788, .adv_w = 256, .box_w = 16, .box_h = 16, .ofs_x = 0, .ofs_y = -2},
    {.bitmap_index = 58916, .adv_w = 256, .box_w = 16, .box_h = 15, .ofs_x = 0, .ofs_y = -1},
    {.bitmap_index = 59036, .adv_w = 256, .box_w = 16, .box_h = 15, .ofs_x = 0, .ofs_y = -1},
    {.bitmap_index = 59156, .adv_w = 256, .box_w = 16, .box_h = 15, .ofs_x = 0, .ofs_y = -1},
    {.bitmap_index = 59276, .adv_w = 256, .box_w = 16, .box_h = 15, .ofs_x = 0, .ofs_y = -1},
    {.bitmap_index = 59396, .adv_w = 256, .box_w = 16, .box_h = 16, .ofs_x = 0, .ofs_y = -2},
    {.bitmap_index = 59524, .adv_w = 256, .box_w = 16, .box_h = 15, .ofs_x = 0, .ofs_y = -1},
    {.bitmap_index = 59644, .adv_w = 256, .box_w = 16, .box_h = 16, .ofs_x = 0, .ofs_y = -2},
    {.bitmap_index = 59772, .adv_w = 256, .box_w = 16, .box_h = 15, .ofs_x = 0, .ofs_y = -1},
    {.bitmap_index = 59892, .adv_w = 256, .box_w = 16, .box_h = 16, .ofs_x = 0, .ofs_y = -2},
    {.bitmap_index = 60020, .adv_w = 256, .box_w = 16, .box_h = 15, .ofs_x = 0, .ofs_y = -1},
    {.bitmap_index = 60140, .adv_w = 256, .box_w = 16, .box_h = 16, .ofs_x = 0, .ofs_y = -2},
    {.bitmap_index = 60268, .adv_w = 256, .box_w = 16, .box_h = 17, .ofs_x = 0, .ofs_y = -2},
    {.bitmap_index = 60404, .adv_w = 256, .box_w = 16, .box_h = 15, .ofs_x = 0, .ofs_y = -1},
    {.bitmap_index = 60524, .adv_w = 256, .box_w = 16, .box_h = 16, .ofs_x = 0, .ofs_y = -2},
    {.bitmap_index = 60652, .adv_w = 256, .box_w = 15, .box_h = 16, .ofs_x = 0, .ofs_y = -2},
    {.bitmap_index = 60772, .adv_w = 256, .box_w = 16, .box_h = 16, .ofs_x = 0, .ofs_y = -2},
    {.bitmap_index = 60900, .adv_w = 256, .box_w = 16, .box_h = 16, .ofs_x = 0, .ofs_y = -2},
    {.bitmap_index = 61028, .adv_w = 256, .box_w = 16, .box_h = 16, .ofs_x = 0, .ofs_y = -2},
    {.bitmap_index = 61156, .adv_w = 256, .box_w = 16, .box_h = 17, .ofs_x = 0, .ofs_y = -2},
    {.bitmap_index = 61292, .adv_w = 256, .box_w = 16, .box_h = 15, .ofs_x = 0, .ofs_y = -2},
    {.bitmap_index = 61412, .adv_w = 256, .box_w = 16, .box_h = 16, .ofs_x = 0, .ofs_y = -2},
    {.bitmap_index = 61540, .adv_w = 256, .box_w = 16, .box_h = 16, .ofs_x = 0, .ofs_y = -2},
    {.bitmap_index = 61668, .adv_w = 256, .box_w = 15, .box_h = 16, .ofs_x = 0, .ofs_y = -2},
    {.bitmap_index = 61788, .adv_w = 256, .box_w = 16, .box_h = 17, .ofs_x = 0, .ofs_y = -2},
    {.bitmap_index = 61924, .adv_w = 256, .box_w = 16, .box_h = 15, .ofs_x = 0, .ofs_y = -2},
    {.bitmap_index = 62044, .adv_w = 256, .box_w = 16, .box_h = 15, .ofs_x = 0, .ofs_y = -1},
    {.bitmap_index = 62164, .adv_w = 256, .box_w = 16, .box_h = 15, .ofs_x = 0, .ofs_y = -1},
    {.bitmap_index = 62284, .adv_w = 256, .box_w = 16, .box_h = 17, .ofs_x = 0, .ofs_y = -2},
    {.bitmap_index = 62420, .adv_w = 256, .box_w = 16, .box_h = 17, .ofs_x = 0, .ofs_y = -2},
    {.bitmap_index = 62556, .adv_w = 256, .box_w = 16, .box_h = 16, .ofs_x = 0, .ofs_y = -2},
    {.bitmap_index = 62684, .adv_w = 256, .box_w = 16, .box_h = 16, .ofs_x = 0, .ofs_y = -2},
    {.bitmap_index = 62812, .adv_w = 256, .box_w = 16, .box_h = 16, .ofs_x = 0, .ofs_y = -2},
    {.bitmap_index = 62940, .adv_w = 256, .box_w = 16, .box_h = 17, .ofs_x = 0, .ofs_y = -2},
    {.bitmap_index = 63076, .adv_w = 256, .box_w = 16, .box_h = 16, .ofs_x = 0, .ofs_y = -2},
    {.bitmap_index = 63204, .adv_w = 256, .box_w = 16, .box_h = 16, .ofs_x = 0, .ofs_y = -2},
    {.bitmap_index = 63332, .adv_w = 256, .box_w = 16, .box_h = 16, .ofs_x = 0, .ofs_y = -2},
    {.bitmap_index = 63460, .adv_w = 256, .box_w = 16, .box_h = 15, .ofs_x = 0, .ofs_y = -2},
    {.bitmap_index = 63580, .adv_w = 256, .box_w = 16, .box_h = 15, .ofs_x = 0, .ofs_y = -2},
    {.bitmap_index = 63700, .adv_w = 256, .box_w = 16, .box_h = 16, .ofs_x = 0, .ofs_y = -2},
    {.bitmap_index = 63828, .adv_w = 256, .box_w = 16, .box_h = 16, .ofs_x = 0, .ofs_y = -2},
    {.bitmap_index = 63956, .adv_w = 256, .box_w = 16, .box_h = 16, .ofs_x = 0, .ofs_y = -2},
    {.bitmap_index = 64084, .adv_w = 256, .box_w = 16, .box_h = 15, .ofs_x = 0, .ofs_y = -1},
    {.bitmap_index = 64204, .adv_w = 256, .box_w = 16, .box_h = 14, .ofs_x = 0, .ofs_y = -1},
    {.bitmap_index = 64316, .adv_w = 256, .box_w = 16, .box_h = 15, .ofs_x = 0, .ofs_y = -1},
    {.bitmap_index = 64436, .adv_w = 256, .box_w = 16, .box_h = 16, .ofs_x = 0, .ofs_y = -2},
    {.bitmap_index = 64564, .adv_w = 256, .box_w = 16, .box_h = 16, .ofs_x = 0, .ofs_y = -2},
    {.bitmap_index = 64692, .adv_w = 256, .box_w = 16, .box_h = 17, .ofs_x = 0, .ofs_y = -2},
    {.bitmap_index = 64828, .adv_w = 256, .box_w = 16, .box_h = 15, .ofs_x = 0, .ofs_y = -1},
    {.bitmap_index = 64948, .adv_w = 256, .box_w = 15, .box_h = 15, .ofs_x = 0, .ofs_y = -2},
    {.bitmap_index = 65061, .adv_w = 256, .box_w = 14, .box_h = 14, .ofs_x = 1, .ofs_y = -1},
    {.bitmap_index = 65159, .adv_w = 256, .box_w = 15, .box_h = 15, .ofs_x = 1, .ofs_y = -1},
    {.bitmap_index = 65272, .adv_w = 256, .box_w = 16, .box_h = 16, .ofs_x = 0, .ofs_y = -2},
    {.bitmap_index = 65400, .adv_w = 256, .box_w = 14, .box_h = 14, .ofs_x = 1, .ofs_y = -1},
    {.bitmap_index = 65498, .adv_w = 256, .box_w = 15, .box_h = 15, .ofs_x = 1, .ofs_y = -1},
    {.bitmap_index = 65611, .adv_w = 256, .box_w = 16, .box_h = 16, .ofs_x = 0, .ofs_y = -2},
    {.bitmap_index = 65739, .adv_w = 256, .box_w = 16, .box_h = 16, .ofs_x = 0, .ofs_y = -2},
    {.bitmap_index = 65867, .adv_w = 256, .box_w = 13, .box_h = 15, .ofs_x = 2, .ofs_y = -1},
    {.bitmap_index = 65965, .adv_w = 256, .box_w = 15, .box_h = 16, .ofs_x = 1, .ofs_y = -2},
    {.bitmap_index = 66085, .adv_w = 256, .box_w = 14, .box_h = 15, .ofs_x = 1, .ofs_y = -1},
    {.bitmap_index = 66190, .adv_w = 256, .box_w = 16, .box_h = 16, .ofs_x = 0, .ofs_y = -1},
    {.bitmap_index = 66318, .adv_w = 256, .box_w = 16, .box_h = 15, .ofs_x = 0, .ofs_y = -1},
    {.bitmap_index = 66438, .adv_w = 256, .box_w = 15, .box_h = 15, .ofs_x = 1, .ofs_y = -2},
    {.bitmap_index = 66551, .adv_w = 256, .box_w = 16, .box_h = 15, .ofs_x = 0, .ofs_y = -1},
    {.bitmap_index = 66671, .adv_w = 256, .box_w = 15, .box_h = 15, .ofs_x = 1, .ofs_y = -1},
    {.bitmap_index = 66784, .adv_w = 256, .box_w = 16, .box_h = 15, .ofs_x = 0, .ofs_y = -1},
    {.bitmap_index = 66904, .adv_w = 256, .box_w = 16, .box_h = 16, .ofs_x = 0, .ofs_y = -2},
    {.bitmap_index = 67032, .adv_w = 256, .box_w = 15, .box_h = 15, .ofs_x = 1, .ofs_y = -2},
    {.bitmap_index = 67145, .adv_w = 256, .box_w = 16, .box_h = 15, .ofs_x = 0, .ofs_y = -1},
    {.bitmap_index = 67265, .adv_w = 256, .box_w = 15, .box_h = 15, .ofs_x = 1, .ofs_y = -1},
    {.bitmap_index = 67378, .adv_w = 256, .box_w = 15, .box_h = 15, .ofs_x = 1, .ofs_y = -1},
    {.bitmap_index = 67491, .adv_w = 256, .box_w = 16, .box_h = 16, .ofs_x = 0, .ofs_y = -2},
    {.bitmap_index = 67619, .adv_w = 256, .box_w = 16, .box_h = 14, .ofs_x = 0, .ofs_y = -1},
    {.bitmap_index = 67731, .adv_w = 256, .box_w = 16, .box_h = 16, .ofs_x = 0, .ofs_y = -2},
    {.bitmap_index = 67859, .adv_w = 256, .box_w = 16, .box_h = 16, .ofs_x = 0, .ofs_y = -2},
    {.bitmap_index = 67987, .adv_w = 256, .box_w = 16, .box_h = 16, .ofs_x = 0, .ofs_y = -2},
    {.bitmap_index = 68115, .adv_w = 256, .box_w = 16, .box_h = 16, .ofs_x = 0, .ofs_y = -2},
    {.bitmap_index = 68243, .adv_w = 256, .box_w = 16, .box_h = 16, .ofs_x = 0, .ofs_y = -2},
    {.bitmap_index = 68371, .adv_w = 256, .box_w = 16, .box_h = 15, .ofs_x = 0, .ofs_y = -1},
    {.bitmap_index = 68491, .adv_w = 256, .box_w = 16, .box_h = 15, .ofs_x = 0, .ofs_y = -1},
    {.bitmap_index = 68611, .adv_w = 256, .box_w = 16, .box_h = 16, .ofs_x = 0, .ofs_y = -2},
    {.bitmap_index = 68739, .adv_w = 256, .box_w = 16, .box_h = 15, .ofs_x = 0, .ofs_y = -1},
    {.bitmap_index = 68859, .adv_w = 256, .box_w = 16, .box_h = 15, .ofs_x = 0, .ofs_y = -1},
    {.bitmap_index = 68979, .adv_w = 256, .box_w = 16, .box_h = 15, .ofs_x = 0, .ofs_y = -1},
    {.bitmap_index = 69099, .adv_w = 256, .box_w = 16, .box_h = 16, .ofs_x = 0, .ofs_y = -1},
    {.bitmap_index = 69227, .adv_w = 256, .box_w = 16, .box_h = 14, .ofs_x = 0, .ofs_y = -1},
    {.bitmap_index = 69339, .adv_w = 256, .box_w = 16, .box_h = 16, .ofs_x = 0, .ofs_y = -2},
    {.bitmap_index = 69467, .adv_w = 256, .box_w = 16, .box_h = 16, .ofs_x = 0, .ofs_y = -2},
    {.bitmap_index = 69595, .adv_w = 256, .box_w = 16, .box_h = 15, .ofs_x = 0, .ofs_y = -1},
    {.bitmap_index = 69715, .adv_w = 256, .box_w = 16, .box_h = 15, .ofs_x = 0, .ofs_y = -1},
    {.bitmap_index = 69835, .adv_w = 256, .box_w = 16, .box_h = 15, .ofs_x = 0, .ofs_y = -1},
    {.bitmap_index = 69955, .adv_w = 256, .box_w = 16, .box_h = 15, .ofs_x = 0, .ofs_y = -1},
    {.bitmap_index = 70075, .adv_w = 256, .box_w = 14, .box_h = 16, .ofs_x = 1, .ofs_y = -2},
    {.bitmap_index = 70187, .adv_w = 256, .box_w = 14, .box_h = 15, .ofs_x = 1, .ofs_y = -1},
    {.bitmap_index = 70292, .adv_w = 256, .box_w = 15, .box_h = 16, .ofs_x = 0, .ofs_y = -2},
    {.bitmap_index = 70412, .adv_w = 256, .box_w = 15, .box_h = 15, .ofs_x = 0, .ofs_y = -1},
    {.bitmap_index = 70525, .adv_w = 256, .box_w = 16, .box_h = 15, .ofs_x = 0, .ofs_y = -1},
    {.bitmap_index = 70645, .adv_w = 256, .box_w = 16, .box_h = 15, .ofs_x = 0, .ofs_y = -1},
    {.bitmap_index = 70765, .adv_w = 256, .box_w = 16, .box_h = 15, .ofs_x = 0, .ofs_y = -1},
    {.bitmap_index = 70885, .adv_w = 256, .box_w = 16, .box_h = 15, .ofs_x = 0, .ofs_y = -1},
    {.bitmap_index = 71005, .adv_w = 256, .box_w = 16, .box_h = 15, .ofs_x = 0, .ofs_y = -1},
    {.bitmap_index = 71125, .adv_w = 256, .box_w = 16, .box_h = 15, .ofs_x = 0, .ofs_y = -1},
    {.bitmap_index = 71245, .adv_w = 256, .box_w = 16, .box_h = 16, .ofs_x = 0, .ofs_y = -2},
    {.bitmap_index = 71373, .adv_w = 256, .box_w = 16, .box_h = 16, .ofs_x = 0, .ofs_y = -2},
    {.bitmap_index = 71501, .adv_w = 256, .box_w = 16, .box_h = 15, .ofs_x = 0, .ofs_y = -1},
    {.bitmap_index = 71621, .adv_w = 256, .box_w = 16, .box_h = 16, .ofs_x = 0, .ofs_y = -2},
    {.bitmap_index = 71749, .adv_w = 256, .box_w = 16, .box_h = 15, .ofs_x = 0, .ofs_y = -1},
    {.bitmap_index = 71869, .adv_w = 256, .box_w = 16, .box_h = 15, .ofs_x = 0, .ofs_y = -1},
    {.bitmap_index = 71989, .adv_w = 256, .box_w = 16, .box_h = 15, .ofs_x = 0, .ofs_y = -1},
    {.bitmap_index = 72109, .adv_w = 256, .box_w = 16, .box_h = 16, .ofs_x = 0, .ofs_y = -2},
    {.bitmap_index = 72237, .adv_w = 256, .box_w = 16, .box_h = 15, .ofs_x = 0, .ofs_y = -1},
    {.bitmap_index = 72357, .adv_w = 256, .box_w = 16, .box_h = 16, .ofs_x = 0, .ofs_y = -2},
    {.bitmap_index = 72485, .adv_w = 256, .box_w = 16, .box_h = 15, .ofs_x = 0, .ofs_y = -1},
    {.bitmap_index = 72605, .adv_w = 256, .box_w = 16, .box_h = 16, .ofs_x = 0, .ofs_y = -2},
    {.bitmap_index = 72733, .adv_w = 256, .box_w = 16, .box_h = 16, .ofs_x = 0, .ofs_y = -2},
    {.bitmap_index = 72861, .adv_w = 256, .box_w = 16, .box_h = 16, .ofs_x = 0, .ofs_y = -2},
    {.bitmap_index = 72989, .adv_w = 256, .box_w = 16, .box_h = 15, .ofs_x = 0, .ofs_y = -1},
    {.bitmap_index = 73109, .adv_w = 256, .box_w = 16, .box_h = 15, .ofs_x = 0, .ofs_y = -1},
    {.bitmap_index = 73229, .adv_w = 256, .box_w = 15, .box_h = 14, .ofs_x = 0, .ofs_y = -1},
    {.bitmap_index = 73334, .adv_w = 256, .box_w = 16, .box_h = 15, .ofs_x = 0, .ofs_y = -1},
    {.bitmap_index = 73454, .adv_w = 256, .box_w = 16, .box_h = 16, .ofs_x = 0, .ofs_y = -2},
    {.bitmap_index = 73582, .adv_w = 256, .box_w = 16, .box_h = 15, .ofs_x = 0, .ofs_y = -1},
    {.bitmap_index = 73702, .adv_w = 256, .box_w = 15, .box_h = 16, .ofs_x = 0, .ofs_y = -1},
    {.bitmap_index = 73822, .adv_w = 256, .box_w = 16, .box_h = 16, .ofs_x = 0, .ofs_y = -2},
    {.bitmap_index = 73950, .adv_w = 256, .box_w = 16, .box_h = 15, .ofs_x = 0, .ofs_y = -1},
    {.bitmap_index = 74070, .adv_w = 256, .box_w = 16, .box_h = 15, .ofs_x = 0, .ofs_y = -1},
    {.bitmap_index = 74190, .adv_w = 256, .box_w = 16, .box_h = 15, .ofs_x = 0, .ofs_y = -1},
    {.bitmap_index = 74310, .adv_w = 256, .box_w = 16, .box_h = 17, .ofs_x = 0, .ofs_y = -2},
    {.bitmap_index = 74446, .adv_w = 256, .box_w = 16, .box_h = 15, .ofs_x = 0, .ofs_y = -1},
    {.bitmap_index = 74566, .adv_w = 256, .box_w = 16, .box_h = 16, .ofs_x = 0, .ofs_y = -1},
    {.bitmap_index = 74694, .adv_w = 256, .box_w = 16, .box_h = 17, .ofs_x = 0, .ofs_y = -2},
    {.bitmap_index = 74830, .adv_w = 256, .box_w = 16, .box_h = 16, .ofs_x = 0, .ofs_y = -2},
    {.bitmap_index = 74958, .adv_w = 256, .box_w = 16, .box_h = 17, .ofs_x = 0, .ofs_y = -2},
    {.bitmap_index = 75094, .adv_w = 256, .box_w = 15, .box_h = 16, .ofs_x = 0, .ofs_y = -2},
    {.bitmap_index = 75214, .adv_w = 256, .box_w = 16, .box_h = 16, .ofs_x = 0, .ofs_y = -2},
    {.bitmap_index = 75342, .adv_w = 256, .box_w = 16, .box_h = 15, .ofs_x = 0, .ofs_y = -1},
    {.bitmap_index = 75462, .adv_w = 256, .box_w = 16, .box_h = 16, .ofs_x = 0, .ofs_y = -1},
    {.bitmap_index = 75590, .adv_w = 256, .box_w = 14, .box_h = 14, .ofs_x = 1, .ofs_y = -1},
    {.bitmap_index = 75688, .adv_w = 256, .box_w = 16, .box_h = 14, .ofs_x = 0, .ofs_y = -1},
    {.bitmap_index = 75800, .adv_w = 256, .box_w = 16, .box_h = 15, .ofs_x = 0, .ofs_y = -1},
    {.bitmap_index = 75920, .adv_w = 256, .box_w = 16, .box_h = 16, .ofs_x = 0, .ofs_y = -2},
    {.bitmap_index = 76048, .adv_w = 256, .box_w = 16, .box_h = 16, .ofs_x = 0, .ofs_y = -2},
    {.bitmap_index = 76176, .adv_w = 256, .box_w = 16, .box_h = 15, .ofs_x = 0, .ofs_y = -1},
    {.bitmap_index = 76296, .adv_w = 256, .box_w = 16, .box_h = 15, .ofs_x = 0, .ofs_y = -1},
    {.bitmap_index = 76416, .adv_w = 256, .box_w = 16, .box_h = 15, .ofs_x = 0, .ofs_y = -1},
    {.bitmap_index = 76536, .adv_w = 256, .box_w = 16, .box_h = 15, .ofs_x = 0, .ofs_y = -1},
    {.bitmap_index = 76656, .adv_w = 256, .box_w = 16, .box_h = 14, .ofs_x = 0, .ofs_y = -1},
    {.bitmap_index = 76768, .adv_w = 256, .box_w = 16, .box_h = 16, .ofs_x = 0, .ofs_y = -2},
    {.bitmap_index = 76896, .adv_w = 256, .box_w = 16, .box_h = 15, .ofs_x = 0, .ofs_y = -1},
    {.bitmap_index = 77016, .adv_w = 256, .box_w = 15, .box_h = 16, .ofs_x = 0, .ofs_y = -2},
    {.bitmap_index = 77136, .adv_w = 256, .box_w = 16, .box_h = 16, .ofs_x = 0, .ofs_y = -2},
    {.bitmap_index = 77264, .adv_w = 256, .box_w = 16, .box_h = 16, .ofs_x = 0, .ofs_y = -1},
    {.bitmap_index = 77392, .adv_w = 256, .box_w = 16, .box_h = 15, .ofs_x = 0, .ofs_y = -1},
    {.bitmap_index = 77512, .adv_w = 256, .box_w = 16, .box_h = 16, .ofs_x = 0, .ofs_y = -2},
    {.bitmap_index = 77640, .adv_w = 256, .box_w = 16, .box_h = 16, .ofs_x = 0, .ofs_y = -2},
    {.bitmap_index = 77768, .adv_w = 256, .box_w = 16, .box_h = 16, .ofs_x = 0, .ofs_y = -1},
    {.bitmap_index = 77896, .adv_w = 256, .box_w = 12, .box_h = 15, .ofs_x = 2, .ofs_y = -1},
    {.bitmap_index = 77986, .adv_w = 256, .box_w = 16, .box_h = 16, .ofs_x = 0, .ofs_y = -2},
    {.bitmap_index = 78114, .adv_w = 256, .box_w = 16, .box_h = 16, .ofs_x = 0, .ofs_y = -2},
    {.bitmap_index = 78242, .adv_w = 256, .box_w = 16, .box_h = 15, .ofs_x = 0, .ofs_y = -1},
    {.bitmap_index = 78362, .adv_w = 256, .box_w = 16, .box_h = 15, .ofs_x = 0, .ofs_y = -1},
    {.bitmap_index = 78482, .adv_w = 256, .box_w = 16, .box_h = 15, .ofs_x = 0, .ofs_y = -1},
    {.bitmap_index = 78602, .adv_w = 256, .box_w = 16, .box_h = 15, .ofs_x = 0, .ofs_y = -1},
    {.bitmap_index = 78722, .adv_w = 256, .box_w = 16, .box_h = 16, .ofs_x = 0, .ofs_y = -2},
    {.bitmap_index = 78850, .adv_w = 256, .box_w = 16, .box_h = 15, .ofs_x = 0, .ofs_y = -1},
    {.bitmap_index = 78970, .adv_w = 256, .box_w = 16, .box_h = 15, .ofs_x = 0, .ofs_y = -1},
    {.bitmap_index = 79090, .adv_w = 256, .box_w = 16, .box_h = 16, .ofs_x = 0, .ofs_y = -2},
    {.bitmap_index = 79218, .adv_w = 256, .box_w = 16, .box_h = 15, .ofs_x = 0, .ofs_y = -1},
    {.bitmap_index = 79338, .adv_w = 256, .box_w = 16, .box_h = 16, .ofs_x = 0, .ofs_y = -2},
    {.bitmap_index = 79466, .adv_w = 256, .box_w = 16, .box_h = 15, .ofs_x = 0, .ofs_y = -1},
    {.bitmap_index = 79586, .adv_w = 256, .box_w = 16, .box_h = 16, .ofs_x = 0, .ofs_y = -2},
    {.bitmap_index = 79714, .adv_w = 256, .box_w = 16, .box_h = 16, .ofs_x = 0, .ofs_y = -2},
    {.bitmap_index = 79842, .adv_w = 256, .box_w = 16, .box_h = 16, .ofs_x = 0, .ofs_y = -2},
    {.bitmap_index = 79970, .adv_w = 256, .box_w = 16, .box_h = 15, .ofs_x = 0, .ofs_y = -1},
    {.bitmap_index = 80090, .adv_w = 256, .box_w = 16, .box_h = 15, .ofs_x = 0, .ofs_y = -1},
    {.bitmap_index = 80210, .adv_w = 256, .box_w = 16, .box_h = 15, .ofs_x = 0, .ofs_y = -1},
    {.bitmap_index = 80330, .adv_w = 256, .box_w = 16, .box_h = 15, .ofs_x = 0, .ofs_y = -1},
    {.bitmap_index = 80450, .adv_w = 256, .box_w = 16, .box_h = 16, .ofs_x = 0, .ofs_y = -2},
    {.bitmap_index = 80578, .adv_w = 256, .box_w = 16, .box_h = 16, .ofs_x = 0, .ofs_y = -2},
    {.bitmap_index = 80706, .adv_w = 256, .box_w = 16, .box_h = 15, .ofs_x = 0, .ofs_y = -1},
    {.bitmap_index = 80826, .adv_w = 256, .box_w = 16, .box_h = 15, .ofs_x = 0, .ofs_y = -1},
    {.bitmap_index = 80946, .adv_w = 256, .box_w = 15, .box_h = 15, .ofs_x = 0, .ofs_y = -2},
    {.bitmap_index = 81059, .adv_w = 256, .box_w = 16, .box_h = 16, .ofs_x = 0, .ofs_y = -1},
    {.bitmap_index = 81187, .adv_w = 256, .box_w = 16, .box_h = 16, .ofs_x = 0, .ofs_y = -2},
    {.bitmap_index = 81315, .adv_w = 256, .box_w = 15, .box_h = 16, .ofs_x = 1, .ofs_y = -2},
    {.bitmap_index = 81435, .adv_w = 256, .box_w = 16, .box_h = 17, .ofs_x = 0, .ofs_y = -2},
    {.bitmap_index = 81571, .adv_w = 256, .box_w = 16, .box_h = 16, .ofs_x = 0, .ofs_y = -2},
    {.bitmap_index = 81699, .adv_w = 256, .box_w = 16, .box_h = 16, .ofs_x = 0, .ofs_y = -1},
    {.bitmap_index = 81827, .adv_w = 256, .box_w = 16, .box_h = 16, .ofs_x = 0, .ofs_y = -2},
    {.bitmap_index = 81955, .adv_w = 256, .box_w = 16, .box_h = 15, .ofs_x = 0, .ofs_y = -1},
    {.bitmap_index = 82075, .adv_w = 256, .box_w = 17, .box_h = 15, .ofs_x = -1, .ofs_y = -1},
    {.bitmap_index = 82203, .adv_w = 256, .box_w = 16, .box_h = 16, .ofs_x = 0, .ofs_y = -2},
    {.bitmap_index = 82331, .adv_w = 256, .box_w = 16, .box_h = 16, .ofs_x = 0, .ofs_y = -2},
    {.bitmap_index = 82459, .adv_w = 256, .box_w = 16, .box_h = 14, .ofs_x = 0, .ofs_y = -1},
    {.bitmap_index = 82571, .adv_w = 256, .box_w = 16, .box_h = 15, .ofs_x = 0, .ofs_y = -2},
    {.bitmap_index = 82691, .adv_w = 256, .box_w = 16, .box_h = 15, .ofs_x = 0, .ofs_y = -2},
    {.bitmap_index = 82811, .adv_w = 256, .box_w = 16, .box_h = 16, .ofs_x = 0, .ofs_y = -2},
    {.bitmap_index = 82939, .adv_w = 256, .box_w = 16, .box_h = 16, .ofs_x = 0, .ofs_y = -2},
    {.bitmap_index = 83067, .adv_w = 256, .box_w = 16, .box_h = 16, .ofs_x = 0, .ofs_y = -2},
    {.bitmap_index = 83195, .adv_w = 256, .box_w = 16, .box_h = 16, .ofs_x = 0, .ofs_y = -2},
    {.bitmap_index = 83323, .adv_w = 256, .box_w = 16, .box_h = 16, .ofs_x = 0, .ofs_y = -2},
    {.bitmap_index = 83451, .adv_w = 256, .box_w = 16, .box_h = 15, .ofs_x = 0, .ofs_y = -1},
    {.bitmap_index = 83571, .adv_w = 256, .box_w = 16, .box_h = 15, .ofs_x = 0, .ofs_y = -1},
    {.bitmap_index = 83691, .adv_w = 256, .box_w = 16, .box_h = 16, .ofs_x = 0, .ofs_y = -2},
    {.bitmap_index = 83819, .adv_w = 256, .box_w = 15, .box_h = 16, .ofs_x = 0, .ofs_y = -2},
    {.bitmap_index = 83939, .adv_w = 256, .box_w = 15, .box_h = 16, .ofs_x = 0, .ofs_y = -2},
    {.bitmap_index = 84059, .adv_w = 256, .box_w = 15, .box_h = 16, .ofs_x = 1, .ofs_y = -2},
    {.bitmap_index = 84179, .adv_w = 256, .box_w = 16, .box_h = 16, .ofs_x = 0, .ofs_y = -2},
    {.bitmap_index = 84307, .adv_w = 256, .box_w = 15, .box_h = 16, .ofs_x = 0, .ofs_y = -2},
    {.bitmap_index = 84427, .adv_w = 256, .box_w = 15, .box_h = 15, .ofs_x = 0, .ofs_y = -2},
    {.bitmap_index = 84540, .adv_w = 256, .box_w = 16, .box_h = 16, .ofs_x = 0, .ofs_y = -2},
    {.bitmap_index = 84668, .adv_w = 256, .box_w = 16, .box_h = 16, .ofs_x = 0, .ofs_y = -2},
    {.bitmap_index = 84796, .adv_w = 256, .box_w = 16, .box_h = 16, .ofs_x = 0, .ofs_y = -2},
    {.bitmap_index = 84924, .adv_w = 256, .box_w = 16, .box_h = 16, .ofs_x = 0, .ofs_y = -2},
    {.bitmap_index = 85052, .adv_w = 256, .box_w = 16, .box_h = 16, .ofs_x = 0, .ofs_y = -2},
    {.bitmap_index = 85180, .adv_w = 256, .box_w = 16, .box_h = 16, .ofs_x = 0, .ofs_y = -2},
    {.bitmap_index = 85308, .adv_w = 256, .box_w = 16, .box_h = 16, .ofs_x = 0, .ofs_y = -2},
    {.bitmap_index = 85436, .adv_w = 256, .box_w = 16, .box_h = 16, .ofs_x = 0, .ofs_y = -2},
    {.bitmap_index = 85564, .adv_w = 256, .box_w = 16, .box_h = 16, .ofs_x = 0, .ofs_y = -2},
    {.bitmap_index = 85692, .adv_w = 256, .box_w = 16, .box_h = 15, .ofs_x = 0, .ofs_y = -1},
    {.bitmap_index = 85812, .adv_w = 256, .box_w = 16, .box_h = 15, .ofs_x = 0, .ofs_y = -2},
    {.bitmap_index = 85932, .adv_w = 256, .box_w = 16, .box_h = 17, .ofs_x = 0, .ofs_y = -2},
    {.bitmap_index = 86068, .adv_w = 256, .box_w = 16, .box_h = 15, .ofs_x = 0, .ofs_y = -1},
    {.bitmap_index = 86188, .adv_w = 256, .box_w = 16, .box_h = 16, .ofs_x = 0, .ofs_y = -2},
    {.bitmap_index = 86316, .adv_w = 256, .box_w = 16, .box_h = 15, .ofs_x = 0, .ofs_y = -1},
    {.bitmap_index = 86436, .adv_w = 256, .box_w = 15, .box_h = 15, .ofs_x = 0, .ofs_y = -1},
    {.bitmap_index = 86549, .adv_w = 256, .box_w = 16, .box_h = 16, .ofs_x = 0, .ofs_y = -2},
    {.bitmap_index = 86677, .adv_w = 256, .box_w = 16, .box_h = 16, .ofs_x = 0, .ofs_y = -2},
    {.bitmap_index = 86805, .adv_w = 256, .box_w = 16, .box_h = 15, .ofs_x = 0, .ofs_y = -1},
    {.bitmap_index = 86925, .adv_w = 256, .box_w = 16, .box_h = 16, .ofs_x = 0, .ofs_y = -2},
    {.bitmap_index = 87053, .adv_w = 256, .box_w = 16, .box_h = 16, .ofs_x = 0, .ofs_y = -2},
    {.bitmap_index = 87181, .adv_w = 256, .box_w = 16, .box_h = 15, .ofs_x = 0, .ofs_y = -1},
    {.bitmap_index = 87301, .adv_w = 256, .box_w = 17, .box_h = 17, .ofs_x = -1, .ofs_y = -2},
    {.bitmap_index = 87446, .adv_w = 256, .box_w = 16, .box_h = 16, .ofs_x = 0, .ofs_y = -2},
    {.bitmap_index = 87574, .adv_w = 256, .box_w = 16, .box_h = 16, .ofs_x = 0, .ofs_y = -2},
    {.bitmap_index = 87702, .adv_w = 256, .box_w = 16, .box_h = 16, .ofs_x = 0, .ofs_y = -2},
    {.bitmap_index = 87830, .adv_w = 256, .box_w = 16, .box_h = 16, .ofs_x = 0, .ofs_y = -2},
    {.bitmap_index = 87958, .adv_w = 256, .box_w = 16, .box_h = 16, .ofs_x = 0, .ofs_y = -2},
    {.bitmap_index = 88086, .adv_w = 256, .box_w = 17, .box_h = 16, .ofs_x = -1, .ofs_y = -2},
    {.bitmap_index = 88222, .adv_w = 256, .box_w = 16, .box_h = 16, .ofs_x = 0, .ofs_y = -2},
    {.bitmap_index = 88350, .adv_w = 256, .box_w = 16, .box_h = 16, .ofs_x = 0, .ofs_y = -2},
    {.bitmap_index = 88478, .adv_w = 256, .box_w = 16, .box_h = 16, .ofs_x = 0, .ofs_y = -2},
    {.bitmap_index = 88606, .adv_w = 256, .box_w = 16, .box_h = 16, .ofs_x = 0, .ofs_y = -2},
    {.bitmap_index = 88734, .adv_w = 256, .box_w = 17, .box_h = 16, .ofs_x = -1, .ofs_y = -2},
    {.bitmap_index = 88870, .adv_w = 256, .box_w = 16, .box_h = 16, .ofs_x = 0, .ofs_y = -2},
    {.bitmap_index = 88998, .adv_w = 256, .box_w = 16, .box_h = 16, .ofs_x = 0, .ofs_y = -2},
    {.bitmap_index = 89126, .adv_w = 256, .box_w = 16, .box_h = 16, .ofs_x = 0, .ofs_y = -2},
    {.bitmap_index = 89254, .adv_w = 256, .box_w = 16, .box_h = 16, .ofs_x = 0, .ofs_y = -2},
    {.bitmap_index = 89382, .adv_w = 256, .box_w = 16, .box_h = 16, .ofs_x = 0, .ofs_y = -2},
    {.bitmap_index = 89510, .adv_w = 256, .box_w = 16, .box_h = 16, .ofs_x = 0, .ofs_y = -2},
    {.bitmap_index = 89638, .adv_w = 256, .box_w = 16, .box_h = 16, .ofs_x = 0, .ofs_y = -2},
    {.bitmap_index = 89766, .adv_w = 256, .box_w = 16, .box_h = 16, .ofs_x = 0, .ofs_y = -2},
    {.bitmap_index = 89894, .adv_w = 256, .box_w = 16, .box_h = 15, .ofs_x = 0, .ofs_y = -1},
    {.bitmap_index = 90014, .adv_w = 256, .box_w = 16, .box_h = 16, .ofs_x = 0, .ofs_y = -2},
    {.bitmap_index = 90142, .adv_w = 256, .box_w = 16, .box_h = 14, .ofs_x = 0, .ofs_y = -1},
    {.bitmap_index = 90254, .adv_w = 256, .box_w = 16, .box_h = 16, .ofs_x = 0, .ofs_y = -2},
    {.bitmap_index = 90382, .adv_w = 256, .box_w = 16, .box_h = 14, .ofs_x = 0, .ofs_y = -1},
    {.bitmap_index = 90494, .adv_w = 256, .box_w = 16, .box_h = 15, .ofs_x = 0, .ofs_y = -1},
    {.bitmap_index = 90614, .adv_w = 256, .box_w = 16, .box_h = 15, .ofs_x = 0, .ofs_y = -1},
    {.bitmap_index = 90734, .adv_w = 256, .box_w = 16, .box_h = 17, .ofs_x = 0, .ofs_y = -2},
    {.bitmap_index = 90870, .adv_w = 256, .box_w = 16, .box_h = 15, .ofs_x = 0, .ofs_y = -1},
    {.bitmap_index = 90990, .adv_w = 256, .box_w = 15, .box_h = 16, .ofs_x = 0, .ofs_y = -2},
    {.bitmap_index = 91110, .adv_w = 256, .box_w = 16, .box_h = 15, .ofs_x = 0, .ofs_y = -1},
    {.bitmap_index = 91230, .adv_w = 256, .box_w = 16, .box_h = 16, .ofs_x = 0, .ofs_y = -2},
    {.bitmap_index = 91358, .adv_w = 256, .box_w = 16, .box_h = 15, .ofs_x = 0, .ofs_y = -1},
    {.bitmap_index = 91478, .adv_w = 256, .box_w = 16, .box_h = 16, .ofs_x = 0, .ofs_y = -2},
    {.bitmap_index = 91606, .adv_w = 256, .box_w = 16, .box_h = 16, .ofs_x = 0, .ofs_y = -2},
    {.bitmap_index = 91734, .adv_w = 256, .box_w = 16, .box_h = 16, .ofs_x = 0, .ofs_y = -2},
    {.bitmap_index = 91862, .adv_w = 256, .box_w = 16, .box_h = 17, .ofs_x = 0, .ofs_y = -2},
    {.bitmap_index = 91998, .adv_w = 256, .box_w = 16, .box_h = 17, .ofs_x = 0, .ofs_y = -2},
    {.bitmap_index = 92134, .adv_w = 256, .box_w = 16, .box_h = 16, .ofs_x = 0, .ofs_y = -2},
    {.bitmap_index = 92262, .adv_w = 256, .box_w = 14, .box_h = 16, .ofs_x = 1, .ofs_y = -2},
    {.bitmap_index = 92374, .adv_w = 256, .box_w = 14, .box_h = 16, .ofs_x = 1, .ofs_y = -2},
    {.bitmap_index = 92486, .adv_w = 256, .box_w = 14, .box_h = 16, .ofs_x = 1, .ofs_y = -2},
    {.bitmap_index = 92598, .adv_w = 256, .box_w = 15, .box_h = 16, .ofs_x = 1, .ofs_y = -2},
    {.bitmap_index = 92718, .adv_w = 256, .box_w = 14, .box_h = 15, .ofs_x = 1, .ofs_y = -1},
    {.bitmap_index = 92823, .adv_w = 256, .box_w = 15, .box_h = 16, .ofs_x = 1, .ofs_y = -2},
    {.bitmap_index = 92943, .adv_w = 256, .box_w = 15, .box_h = 16, .ofs_x = 1, .ofs_y = -2},
    {.bitmap_index = 93063, .adv_w = 256, .box_w = 15, .box_h = 16, .ofs_x = 1, .ofs_y = -2},
    {.bitmap_index = 93183, .adv_w = 256, .box_w = 15, .box_h = 16, .ofs_x = 1, .ofs_y = -2},
    {.bitmap_index = 93303, .adv_w = 256, .box_w = 16, .box_h = 15, .ofs_x = 0, .ofs_y = -1},
    {.bitmap_index = 93423, .adv_w = 256, .box_w = 16, .box_h = 15, .ofs_x = 0, .ofs_y = -1},
    {.bitmap_index = 93543, .adv_w = 256, .box_w = 16, .box_h = 14, .ofs_x = 0, .ofs_y = -1},
    {.bitmap_index = 93655, .adv_w = 256, .box_w = 15, .box_h = 14, .ofs_x = 0, .ofs_y = -1},
    {.bitmap_index = 93760, .adv_w = 256, .box_w = 16, .box_h = 14, .ofs_x = 0, .ofs_y = -1},
    {.bitmap_index = 93872, .adv_w = 256, .box_w = 16, .box_h = 15, .ofs_x = 0, .ofs_y = -2},
    {.bitmap_index = 93992, .adv_w = 256, .box_w = 16, .box_h = 15, .ofs_x = 0, .ofs_y = -2},
    {.bitmap_index = 94112, .adv_w = 256, .box_w = 16, .box_h = 14, .ofs_x = 0, .ofs_y = -1},
    {.bitmap_index = 94224, .adv_w = 256, .box_w = 16, .box_h = 15, .ofs_x = 0, .ofs_y = -1},
    {.bitmap_index = 94344, .adv_w = 256, .box_w = 16, .box_h = 15, .ofs_x = 0, .ofs_y = -1},
    {.bitmap_index = 94464, .adv_w = 256, .box_w = 16, .box_h = 14, .ofs_x = 0, .ofs_y = -1},
    {.bitmap_index = 94576, .adv_w = 256, .box_w = 16, .box_h = 16, .ofs_x = 0, .ofs_y = -1},
    {.bitmap_index = 94704, .adv_w = 256, .box_w = 16, .box_h = 15, .ofs_x = 0, .ofs_y = -1},
    {.bitmap_index = 94824, .adv_w = 256, .box_w = 16, .box_h = 15, .ofs_x = 0, .ofs_y = -2},
    {.bitmap_index = 94944, .adv_w = 256, .box_w = 16, .box_h = 15, .ofs_x = 0, .ofs_y = -2},
    {.bitmap_index = 95064, .adv_w = 256, .box_w = 16, .box_h = 16, .ofs_x = 0, .ofs_y = -2},
    {.bitmap_index = 95192, .adv_w = 256, .box_w = 16, .box_h = 16, .ofs_x = 0, .ofs_y = -2},
    {.bitmap_index = 95320, .adv_w = 256, .box_w = 16, .box_h = 15, .ofs_x = 0, .ofs_y = -2},
    {.bitmap_index = 95440, .adv_w = 256, .box_w = 16, .box_h = 16, .ofs_x = 0, .ofs_y = -2},
    {.bitmap_index = 95568, .adv_w = 256, .box_w = 16, .box_h = 16, .ofs_x = 0, .ofs_y = -2},
    {.bitmap_index = 95696, .adv_w = 256, .box_w = 16, .box_h = 15, .ofs_x = 0, .ofs_y = -2},
    {.bitmap_index = 95816, .adv_w = 256, .box_w = 16, .box_h = 15, .ofs_x = 0, .ofs_y = -2},
    {.bitmap_index = 95936, .adv_w = 256, .box_w = 16, .box_h = 14, .ofs_x = 0, .ofs_y = -1},
    {.bitmap_index = 96048, .adv_w = 256, .box_w = 16, .box_h = 16, .ofs_x = 0, .ofs_y = -2},
    {.bitmap_index = 96176, .adv_w = 256, .box_w = 16, .box_h = 16, .ofs_x = 0, .ofs_y = -2},
    {.bitmap_index = 96304, .adv_w = 256, .box_w = 16, .box_h = 17, .ofs_x = 0, .ofs_y = -2},
    {.bitmap_index = 96440, .adv_w = 256, .box_w = 16, .box_h = 16, .ofs_x = 0, .ofs_y = -2},
    {.bitmap_index = 96568, .adv_w = 256, .box_w = 16, .box_h = 15, .ofs_x = 0, .ofs_y = -1},
    {.bitmap_index = 96688, .adv_w = 256, .box_w = 15, .box_h = 16, .ofs_x = 0, .ofs_y = -2},
    {.bitmap_index = 96808, .adv_w = 256, .box_w = 16, .box_h = 16, .ofs_x = 0, .ofs_y = -2},
    {.bitmap_index = 96936, .adv_w = 256, .box_w = 17, .box_h = 16, .ofs_x = 0, .ofs_y = -2},
    {.bitmap_index = 97072, .adv_w = 256, .box_w = 16, .box_h = 15, .ofs_x = 0, .ofs_y = -1},
    {.bitmap_index = 97192, .adv_w = 256, .box_w = 16, .box_h = 15, .ofs_x = 0, .ofs_y = -1},
    {.bitmap_index = 97312, .adv_w = 256, .box_w = 16, .box_h = 16, .ofs_x = 0, .ofs_y = -2},
    {.bitmap_index = 97440, .adv_w = 256, .box_w = 15, .box_h = 16, .ofs_x = 1, .ofs_y = -2},
    {.bitmap_index = 97560, .adv_w = 256, .box_w = 15, .box_h = 17, .ofs_x = 0, .ofs_y = -2},
    {.bitmap_index = 97688, .adv_w = 256, .box_w = 16, .box_h = 16, .ofs_x = 0, .ofs_y = -2},
    {.bitmap_index = 97816, .adv_w = 256, .box_w = 16, .box_h = 17, .ofs_x = 0, .ofs_y = -2},
    {.bitmap_index = 97952, .adv_w = 256, .box_w = 16, .box_h = 15, .ofs_x = 0, .ofs_y = -1},
    {.bitmap_index = 98072, .adv_w = 256, .box_w = 16, .box_h = 15, .ofs_x = 0, .ofs_y = -1},
    {.bitmap_index = 98192, .adv_w = 256, .box_w = 16, .box_h = 16, .ofs_x = 0, .ofs_y = -2},
    {.bitmap_index = 98320, .adv_w = 256, .box_w = 16, .box_h = 15, .ofs_x = 0, .ofs_y = -2},
    {.bitmap_index = 98440, .adv_w = 256, .box_w = 16, .box_h = 16, .ofs_x = 0, .ofs_y = -2},
    {.bitmap_index = 98568, .adv_w = 256, .box_w = 16, .box_h = 17, .ofs_x = 0, .ofs_y = -2},
    {.bitmap_index = 98704, .adv_w = 256, .box_w = 4, .box_h = 13, .ofs_x = 2, .ofs_y = -1},
    {.bitmap_index = 98730, .adv_w = 256, .box_w = 6, .box_h = 16, .ofs_x = 10, .ofs_y = -2},
    {.bitmap_index = 98778, .adv_w = 256, .box_w = 6, .box_h = 16, .ofs_x = 0, .ofs_y = -2},
    {.bitmap_index = 98826, .adv_w = 256, .box_w = 12, .box_h = 12, .ofs_x = 2, .ofs_y = 0},
    {.bitmap_index = 98898, .adv_w = 256, .box_w = 5, .box_h = 7, .ofs_x = 2, .ofs_y = -3},
    {.bitmap_index = 98916, .adv_w = 256, .box_w = 8, .box_h = 14, .ofs_x = 0, .ofs_y = -1}
};

/*---------------------
 *  CHARACTER MAPPING
 *--------------------*/

static const uint16_t unicode_list_1[] = {
    0x0, 0x1f6c, 0x1f6d, 0x1f76, 0x20e1, 0x20e3, 0x250c, 0x251f,
    0x2f50, 0x2f52, 0x2f5c, 0x2f5d, 0x2f60, 0x2f61, 0x4d50, 0x4d53,
    0x4d59, 0x4d5a, 0x4d5b, 0x4d5d, 0x4d68, 0x4d6c, 0x4d6d, 0x4d74,
    0x4d7a, 0x4d7d, 0x4d82, 0x4d8a, 0x4d8b, 0x4d95, 0x4d98, 0x4d9b,
    0x4d9c, 0x4daf, 0x4db6, 0x4dc1, 0x4dd6, 0x4ddb, 0x4ddc, 0x4dde,
    0x4de1, 0x4de4, 0x4deb, 0x4dfd, 0x4dfe, 0x4e0a, 0x4e10, 0x4e1a,
    0x4e1e, 0x4e35, 0x4e3c, 0x4e40, 0x4e46, 0x4e5f, 0x4e69, 0x4e6a,
    0x4e6e, 0x4e74, 0x4e76, 0x4e84, 0x4e88, 0x4e8c, 0x4e96, 0x4e9e,
    0x4e9f, 0x4eb0, 0x4f31, 0x4f3e, 0x4f62, 0x4f64, 0x4f69, 0x4f8c,
    0x4faa, 0x4fac, 0x4fc7, 0x501f, 0x508f, 0x5093, 0x5099, 0x509b,
    0x509d, 0x50a4, 0x50b5, 0x50b8, 0x50c1, 0x50c3, 0x50dd, 0x50e2,
    0x5100, 0x5107, 0x510b, 0x5119, 0x5130, 0x514a, 0x5150, 0x5156,
    0x5162, 0x516a, 0x517b, 0x5180, 0x5187, 0x518b, 0x519d, 0x51b9,
    0x51ba, 0x51f8, 0x5255, 0x5267, 0x5269, 0x528e, 0x5291, 0x5293,
    0x529a, 0x52a7, 0x52c0, 0x52d9, 0x52db, 0x52ea, 0x52ef, 0x530b,
    0x5318, 0x5321, 0x5328, 0x5330, 0x5333, 0x5334, 0x533a, 0x533c,
    0x533f, 0x5340, 0x5343, 0x5346, 0x5347, 0x534c, 0x5353, 0x5358,
    0x535e, 0x5363, 0x5367, 0x5377, 0x537c, 0x5385, 0x5389, 0x53b2,
    0x53c3, 0x53cc, 0x53dc, 0x5408, 0x5411, 0x541d, 0x5438, 0x543a,
    0x5481, 0x549a, 0x54b6, 0x54d0, 0x54d2, 0x54e8, 0x54ec, 0x54ed,
    0x556b, 0x55b8, 0x562b, 0x562e, 0x5632, 0x5644, 0x564e, 0x5656,
    0x5658, 0x5678, 0x5680, 0x568a, 0x569f, 0x56a0, 0x56a7, 0x56b1,
    0x56d2, 0x56eb, 0x5712, 0x571b, 0x571e, 0x5756, 0x5774, 0x57a4,
    0x57a8, 0x57e9, 0x5811, 0x5840, 0x5843, 0x5854, 0x5865, 0x5866,
    0x586a, 0x586c, 0x586f, 0x5877, 0x5879, 0x587a, 0x5884, 0x58c6,
    0x58cd, 0x58d2, 0x591b, 0x5968, 0x59ca, 0x5aa0, 0x5aa7, 0x5ad3,
    0x5ad5, 0x5ad9, 0x5adf, 0x5aea, 0x5af2, 0x5afb, 0x5b03, 0x5b06,
    0x5b09, 0x5b14, 0x5b49, 0x5b5f, 0x5b64, 0x5b66, 0x5b81, 0x5b8d,
    0x5b8e, 0x5b90, 0x5b92, 0x5b9b, 0x5b9f, 0x5bc1, 0x5bf9, 0x5c08,
    0x5c40, 0x5c66, 0x5c79, 0x5d2d, 0x5d2e, 0x5d35, 0x5d36, 0x5d3e,
    0x5d41, 0x5d42, 0x5d44, 0x5d47, 0x5d4e, 0x5d53, 0x5d76, 0x5da5,
    0x5db1, 0x5dc2, 0x5dc3, 0x5dc4, 0x5de0, 0x5de5, 0x5df6, 0x5df7,
    0x5e1a, 0x5e50, 0x5e70, 0x5e7f, 0x5eb9, 0x5ec1, 0x5ed0, 0x5ed8,
    0x5ee7, 0x5f13, 0x5f15, 0x5f16, 0x5f28, 0x5f29, 0x5f3b, 0x5f45,
    0x5f65, 0x5f75, 0x5f7a, 0x5f8b, 0x5ffc, 0x6043, 0x608f, 0x60b2,
    0x6112, 0x615f, 0x6160, 0x6161, 0x6187, 0x618f, 0x619b, 0x619e,
    0x61a1, 0x61a3, 0x61bb, 0x61bc, 0x61c0, 0x61da, 0x61e3, 0x61fc,
    0x6212, 0x6215, 0x6219, 0x6220, 0x6239, 0x6243, 0x624f, 0x6252,
    0x6257, 0x6259, 0x6261, 0x6271, 0x6274, 0x6275, 0x62b1, 0x62b2,
    0x62d9, 0x62e2, 0x62e6, 0x62f5, 0x6322, 0x6363, 0x6397, 0x63b9,
    0x6436, 0x6462, 0x6486, 0x648e, 0x6495, 0x649c, 0x64b2, 0x64b3,
    0x64b6, 0x64c0, 0x64c4, 0x64e1, 0x64ec, 0x64fd, 0x64ff, 0x6500,
    0x6509, 0x6515, 0x6527, 0x6530, 0x6535, 0x6537, 0x6539, 0x6546,
    0x654a, 0x655e, 0x656f, 0x6570, 0x657f, 0x6593, 0x65a2, 0x65aa,
    0x65bf, 0x65ce, 0x65e6, 0x6644, 0x664f, 0x6650, 0x6658, 0x6659,
    0x666b, 0x666d, 0x666f, 0x6678, 0x667a, 0x6685, 0x668a, 0x66a1,
    0x66b1, 0x66b5, 0x66b8, 0x66ce, 0x66cf, 0x66d1, 0x66e7, 0x66ea,
    0x66ec, 0x66ed, 0x66ff, 0x6706, 0x6723, 0x6724, 0x6743, 0x6761,
    0x6771, 0x6787, 0x6789, 0x6792, 0x67b3, 0x67b5, 0x67b6, 0x67d5,
    0x67f6, 0x67fd, 0x67ff, 0x6819, 0x682a, 0x68aa, 0x68cc, 0x692b,
    0x694d, 0x697a, 0x69e0, 0x6a71, 0x6a72, 0x6a97, 0x6a9c, 0x6ab3,
    0x6ab4, 0x6ab5, 0x6acb, 0x6adb, 0x6b0f, 0x6b1f, 0x6b24, 0x6b2b,
    0x6b61, 0x6b64, 0x6b84, 0x6baf, 0x6bcd, 0x6be9, 0x6bf1, 0x6c03,
    0x6c09, 0x6c0c, 0x6c0d, 0x6c19, 0x6c31, 0x6c32, 0x6c35, 0x6c40,
    0x6c48, 0x6c6e, 0x6c9e, 0x6ca3, 0x6cb6, 0x6cba, 0x6cc7, 0x6cd2,
    0x6cdc, 0x6ceb, 0x6d1b, 0x6d49, 0x6d55, 0x6d64, 0x6d79, 0x6d88,
    0x6da6, 0x6dce, 0x6dcf, 0x6de0, 0x6dec, 0x6dfa, 0x6e21, 0x6e2a,
    0x6e31, 0x6e39, 0x6e52, 0x6e56, 0x6e5f, 0x6e63, 0x6e70, 0x6ebd,
    0x6ebe, 0x6fbb, 0x6fbf, 0x6fc0, 0x6fe2, 0x7009, 0x702f, 0x7034,
    0x703b, 0x703d, 0x709c, 0x70b7, 0x717a, 0x717c, 0x7197, 0x719c,
    0x71a9, 0x71ab, 0x71b6, 0x71b9, 0x71c9, 0x7220, 0x7248, 0x725e,
    0x727a, 0x727b, 0x7284, 0x72eb, 0x72f9, 0x7300, 0x730b, 0x731d,
    0x733d, 0x7353, 0x7356, 0x73d3, 0x7433, 0x7446, 0x746c, 0x746f,
    0x7478, 0x7480, 0x7485, 0x7488, 0x748b, 0x74a9, 0x7576, 0x7588,
    0x75cd, 0x75d4, 0x75d6, 0x761f, 0x7626, 0x763f, 0x7644, 0x7649,
    0x765b, 0x766f, 0x768c, 0x7690, 0x76ab, 0x76b1, 0x773d, 0x7743,
    0x7752, 0x7766, 0x7784, 0x77bc, 0x77be, 0x77de, 0x77e1, 0x77e7,
    0x77f7, 0x7800, 0x7825, 0x788c, 0x78b8, 0x790b, 0x791b, 0x7922,
    0x796e, 0x7983, 0x798b, 0x79c9, 0x79ca, 0x79cf, 0x79d4, 0x79e7,
    0x79ef, 0x7a1b, 0x7a29, 0x7a49, 0x7a4f, 0x7a5b, 0x7a61, 0x7a7c,
    0x7a8c, 0x7a99, 0x7a9f, 0x7aa2, 0x7aab, 0x7ace, 0x7b2d, 0x7b3e,
    0x7b47, 0x7bd9, 0x7c25, 0x7c4b, 0x7c7b, 0x7c7f, 0x7df2, 0x7df7,
    0x7dfa, 0x7e03, 0x7e09, 0x7e0f, 0x7e16, 0x7e1f, 0x7e25, 0x7e29,
    0x7e37, 0x7e3d, 0x7e4f, 0x7e65, 0x7e66, 0x7e6d, 0x7e79, 0x7ea0,
    0x7ea1, 0x7ebe, 0x7eda, 0x7ede, 0x7eea, 0x7ef4, 0x7f11, 0x7f4b,
    0x7f51, 0x7faa, 0x7fea, 0x801c, 0x8031, 0x8043, 0x804d, 0x805a,
    0x806a, 0x8088, 0x80da, 0x813a, 0x8164, 0x8189, 0x81c2, 0x81d2,
    0x8201, 0x8224, 0x827b, 0x8286, 0x8299, 0x82a2, 0x82c7, 0x8307,
    0x832c, 0x8354, 0x8374, 0x838d, 0x83b1, 0x83e9, 0x842d, 0x84d4,
    0x851f, 0x85bb, 0x85bc, 0x85c9, 0x8650, 0x8652, 0x8662, 0x866c,
    0x868f, 0x86c4, 0x86c6, 0x8749, 0x879c, 0x87fb, 0x8849, 0x887a,
    0x88cf, 0x88d1, 0x8911, 0x8919, 0x8933, 0x8af4, 0x8af9, 0x8b00,
    0x8b02, 0x8b08, 0x8b0e, 0x8b16, 0x8b1d, 0x8b25, 0x8b35, 0x8b53,
    0x8c6d, 0x8c85, 0x8c89, 0x8caa, 0x8cb2, 0x8cc0, 0x8cc6, 0x8cc7,
    0x8cda, 0x8cef, 0x8d21, 0x8d2f, 0x8d34, 0x8d3f, 0x8d43, 0x8d79,
    0x8dbd, 0x8dfb, 0x8e0a, 0x8eb6, 0x8ebc, 0x8ebf, 0x8ecb, 0x8f09,
    0x8f0e, 0x8f17, 0x8f1e, 0x8f21, 0x8f24, 0x8f28, 0x8f29, 0x8f2b,
    0x8f2c, 0x8f2e, 0x8f47, 0x8f4d, 0x8f50, 0x8f52, 0x8f59, 0x8f6a,
    0x8f6f, 0x8fa3, 0x8ff3, 0x9038, 0x904d, 0x909d, 0x90b5, 0x911c,
    0x911d, 0x9121, 0x93d8, 0x93ef, 0x93f5, 0x9401, 0x9413, 0x942c,
    0x9446, 0x9451, 0x9458, 0x947e, 0x94ac, 0x94cf, 0x9538, 0x953d,
    0x954b, 0x956f, 0x9583, 0x9586, 0x95b1, 0x95b2, 0x95c6, 0x9610,
    0x9616, 0x9638, 0x963a, 0x9647, 0x964e, 0x9650, 0x966e, 0x96a2,
    0x96a9, 0x96b2, 0x96db, 0x9743, 0x97c5, 0x97c6, 0x97ca, 0x97cb,
    0x97e7, 0x97ec, 0x97ed, 0x981e, 0x9828, 0x982e, 0x98bd, 0x98cc,
    0x98cf, 0x98e5, 0x98e9, 0x99bc, 0x99cc, 0x99d6, 0x9a28, 0x9bcc,
    0x9d6f, 0x9d73, 0x9d7c, 0x9d8d, 0x9d95, 0x9daa, 0x9e0b, 0x9e14,
    0x9e21, 0x9e8b, 0x9ee9, 0xfe51, 0xfe58, 0xfe59, 0xfe5b, 0xfe5c,
    0xfe6f
};

/*Collect the unicode lists and glyph_id offsets*/
static const lv_font_fmt_txt_cmap_t cmaps[] =
{
    {
        .range_start = 32, .range_length = 95, .glyph_id_start = 1,
        .unicode_list = NULL, .glyph_id_ofs_list = NULL, .list_length = 0, .type = LV_FONT_FMT_TXT_CMAP_FORMAT0_TINY
    },
    {
        .range_start = 176, .range_length = 65136, .glyph_id_start = 96,
        .unicode_list = unicode_list_1, .glyph_id_ofs_list = NULL, .list_length = 785, .type = LV_FONT_FMT_TXT_CMAP_SPARSE_TINY
    }
};

/*-----------------
 *    KERNING
 *----------------*/


/*Map glyph_ids to kern left classes*/
static const uint8_t kern_left_class_mapping[] =
{
    0, 0, 0, 1, 0, 0, 0, 0,
    1, 2, 0, 0, 0, 3, 4, 3,
    5, 0, 0, 0, 0, 0, 0, 0,
    0, 0, 0, 6, 6, 0, 0, 0,
    0, 0, 7, 8, 9, 10, 11, 12,
    13, 0, 0, 14, 15, 16, 0, 0,
    10, 17, 10, 18, 19, 20, 21, 22,
    23, 24, 25, 26, 2, 27, 0, 0,
    0, 0, 28, 29, 30, 0, 31, 32,
    33, 34, 0, 0, 35, 36, 34, 34,
    29, 29, 37, 38, 39, 40, 37, 41,
    42, 43, 44, 45, 2, 0, 0, 0,
    0, 0, 0, 0, 0, 0, 0, 0,
    0, 0, 0, 0, 0, 0, 0, 0,
    0, 0, 0, 0, 0, 0, 0, 0,
    0, 0, 0, 0, 0, 0, 0, 0,
    0, 0, 0, 0, 0, 0, 0, 0,
    0, 0, 0, 0, 0, 0, 0, 0,
    0, 0, 0, 0, 0, 0, 0, 0,
    0, 0, 0, 0, 0, 0, 0, 0,
    0, 0, 0, 0, 0, 0, 0, 0,
    0, 0, 0, 0, 0, 0, 0, 0,
    0, 0, 0, 0, 0, 0, 0, 0,
    0, 0, 0, 0, 0, 0, 0, 0,
    0, 0, 0, 0, 0, 0, 0, 0,
    0, 0, 0, 0, 0, 0, 0, 0,
    0, 0, 0, 0, 0, 0, 0, 0,
    0, 0, 0, 0, 0, 0, 0, 0,
    0, 0, 0, 0, 0, 0, 0, 0,
    0, 0, 0, 0, 0, 0, 0, 0,
    0, 0, 0, 0, 0, 0, 0, 0,
    0, 0, 0, 0, 0, 0, 0, 0,
    0, 0, 0, 0, 0, 0, 0, 0,
    0, 0, 0, 0, 0, 0, 0, 0,
    0, 0, 0, 0, 0, 0, 0, 0,
    0, 0, 0, 0, 0, 0, 0, 0,
    0, 0, 0, 0, 0, 0, 0, 0,
    0, 0, 0, 0, 0, 0, 0, 0,
    0, 0, 0, 0, 0, 0, 0, 0,
    0, 0, 0, 0, 0, 0, 0, 0,
    0, 0, 0, 0, 0, 0, 0, 0,
    0, 0, 0, 0, 0, 0, 0, 0,
    0, 0, 0, 0, 0, 0, 0, 0,
    0, 0, 0, 0, 0, 0, 0, 0,
    0, 0, 0, 0, 0, 0, 0, 0,
    0, 0, 0, 0, 0, 0, 0, 0,
    0, 0, 0, 0, 0, 0, 0, 0,
    0, 0, 0, 0, 0, 0, 0, 0,
    0, 0, 0, 0, 0, 0, 0, 0,
    0, 0, 0, 0, 0, 0, 0, 0,
    0, 0, 0, 0, 0, 0, 0, 0,
    0, 0, 0, 0, 0, 0, 0, 0,
    0, 0, 0, 0, 0, 0, 0, 0,
    0, 0, 0, 0, 0, 0, 0, 0,
    0, 0, 0, 0, 0, 0, 0, 0,
    0, 0, 0, 0, 0, 0, 0, 0,
    0, 0, 0, 0, 0, 0, 0, 0,
    0, 0, 0, 0, 0, 0, 0, 0,
    0, 0, 0, 0, 0, 0, 0, 0,
    0, 0, 0, 0, 0, 0, 0, 0,
    0, 0, 0, 0, 0, 0, 0, 0,
    0, 0, 0, 0, 0, 0, 0, 0,
    0, 0, 0, 0, 0, 0, 0, 0,
    0, 0, 0, 0, 0, 0, 0, 0,
    0, 0, 0, 0, 0, 0, 0, 0,
    0, 0, 0, 0, 0, 0, 0, 0,
    0, 0, 0, 0, 0, 0, 0, 0,
    0, 0, 0, 0, 0, 0, 0, 0,
    0, 0, 0, 0, 0, 0, 0, 0,
    0, 0, 0, 0, 0, 0, 0, 0,
    0, 0, 0, 0, 0, 0, 0, 0,
    0, 0, 0, 0, 0, 0, 0, 0,
    0, 0, 0, 0, 0, 0, 0, 0,
    0, 0, 0, 0, 0, 0, 0, 0,
    0, 0, 0, 0, 0, 0, 0, 0,
    0, 0, 0, 0, 0, 0, 0, 0,
    0, 0, 0, 0, 0, 0, 0, 0,
    0, 0, 0, 0, 0, 0, 0, 0,
    0, 0, 0, 0, 0, 0, 0, 0,
    0, 0, 0, 0, 0, 0, 0, 0,
    0, 0, 0, 0, 0, 0, 0, 0,
    0, 0, 0, 0, 0, 0, 0, 0,
    0, 0, 0, 0, 0, 0, 0, 0,
    0, 0, 0, 0, 0, 0, 0, 0,
    0, 0, 0, 0, 0, 0, 0, 0,
    0, 0, 0, 0, 0, 0, 0, 0,
    0, 0, 0, 0, 0, 0, 0, 0,
    0, 0, 0, 0, 0, 0, 0, 0,
    0, 0, 0, 0, 0, 0, 0, 0,
    0, 0, 0, 0, 0, 0, 0, 0,
    0, 0, 0, 0, 0, 0, 0, 0,
    0, 0, 0, 0, 0, 0, 0, 0,
    0, 0, 0, 0, 0, 0, 0, 0,
    0, 0, 0, 0, 0, 0, 0, 0,
    0, 0, 0, 0, 0, 0, 0, 0,
    0, 0, 0, 0, 0, 0, 0, 0,
    0, 0, 0, 0, 0, 0, 0, 0,
    0, 0, 0, 0, 0, 0, 0, 0,
    0, 0, 0, 0, 0, 0, 0, 0,
    0, 0, 0, 0, 0, 0, 0, 0,
    0, 0, 0, 0, 0, 0, 0, 0,
    0, 0, 0, 0, 0, 0, 0, 0,
    0, 0, 0, 0, 0, 0, 0, 0,
    0, 0, 0, 0, 0, 0, 0, 0,
    0, 0, 0, 0, 0, 0, 0, 0,
    0, 0, 0, 0, 0, 0, 0, 0,
    0, 0, 0, 0, 0, 0, 0, 0,
    0, 0, 0, 0, 0, 0, 0, 0,
    0, 0, 0, 0, 0, 0, 0, 0,
    0, 0, 0, 0, 0, 0, 0, 0,
    0
};

/*Map glyph_ids to kern right classes*/
static const uint8_t kern_right_class_mapping[] =
{
    0, 0, 1, 2, 0, 0, 0, 0,
    2, 0, 3, 4, 0, 5, 6, 7,
    8, 0, 0, 0, 0, 0, 0, 0,
    0, 0, 0, 9, 10, 0, 0, 0,
    11, 0, 12, 0, 13, 0, 0, 0,
    13, 0, 0, 14, 0, 0, 0, 0,
    13, 0, 13, 0, 15, 16, 17, 18,
    19, 20, 21, 22, 0, 23, 3, 0,
    0, 0, 24, 0, 25, 25, 25, 26,
    27, 0, 28, 29, 0, 0, 30, 30,
    25, 30, 25, 30, 31, 32, 33, 34,
    35, 36, 37, 38, 0, 0, 3, 0,
    0, 0, 0, 0, 0, 0, 0, 0,
    0, 0, 0, 0, 0, 0, 0, 0,
    0, 0, 0, 0, 0, 0, 0, 0,
    0, 0, 0, 0, 0, 0, 0, 0,
    0, 0, 0, 0, 0, 0, 0, 0,
    0, 0, 0, 0, 0, 0, 0, 0,
    0, 0, 0, 0, 0, 0, 0, 0,
    0, 0, 0, 0, 0, 0, 0, 0,
    0, 0, 0, 0, 0, 0, 0, 0,
    0, 0, 0, 0, 0, 0, 0, 0,
    0, 0, 0, 0, 0, 0, 0, 0,
    0, 0, 0, 0, 0, 0, 0, 0,
    0, 0, 0, 0, 0, 0, 0, 0,
    0, 0, 0, 0, 0, 0, 0, 0,
    0, 0, 0, 0, 0, 0, 0, 0,
    0, 0, 0, 0, 0, 0, 0, 0,
    0, 0, 0, 0, 0, 0, 0, 0,
    0, 0, 0, 0, 0, 0, 0, 0,
    0, 0, 0, 0, 0, 0, 0, 0,
    0, 0, 0, 0, 0, 0, 0, 0,
    0, 0, 0, 0, 0, 0, 0, 0,
    0, 0, 0, 0, 0, 0, 0, 0,
    0, 0, 0, 0, 0, 0, 0, 0,
    0, 0, 0, 0, 0, 0, 0, 0,
    0, 0, 0, 0, 0, 0, 0, 0,
    0, 0, 0, 0, 0, 0, 0, 0,
    0, 0, 0, 0, 0, 0, 0, 0,
    0, 0, 0, 0, 0, 0, 0, 0,
    0, 0, 0, 0, 0, 0, 0, 0,
    0, 0, 0, 0, 0, 0, 0, 0,
    0, 0, 0, 0, 0, 0, 0, 0,
    0, 0, 0, 0, 0, 0, 0, 0,
    0, 0, 0, 0, 0, 0, 0, 0,
    0, 0, 0, 0, 0, 0, 0, 0,
    0, 0, 0, 0, 0, 0, 0, 0,
    0, 0, 0, 0, 0, 0, 0, 0,
    0, 0, 0, 0, 0, 0, 0, 0,
    0, 0, 0, 0, 0, 0, 0, 0,
    0, 0, 0, 0, 0, 0, 0, 0,
    0, 0, 0, 0, 0, 0, 0, 0,
    0, 0, 0, 0, 0, 0, 0, 0,
    0, 0, 0, 0, 0, 0, 0, 0,
    0, 0, 0, 0, 0, 0, 0, 0,
    0, 0, 0, 0, 0, 0, 0, 0,
    0, 0, 0, 0, 0, 0, 0, 0,
    0, 0, 0, 0, 0, 0, 0, 0,
    0, 0, 0, 0, 0, 0, 0, 0,
    0, 0, 0, 0, 0, 0, 0, 0,
    0, 0, 0, 0, 0, 0, 0, 0,
    0, 0, 0, 0, 0, 0, 0, 0,
    0, 0, 0, 0, 0, 0, 0, 0,
    0, 0, 0, 0, 0, 0, 0, 0,
    0, 0, 0, 0, 0, 0, 0, 0,
    0, 0, 0, 0, 0, 0, 0, 0,
    0, 0, 0, 0, 0, 0, 0, 0,
    0, 0, 0, 0, 0, 0, 0, 0,
    0, 0, 0, 0, 0, 0, 0, 0,
    0, 0, 0, 0, 0, 0, 0, 0,
    0, 0, 0, 0, 0, 0, 0, 0,
    0, 0, 0, 0, 0, 0, 0, 0,
    0, 0, 0, 0, 0, 0, 0, 0,
    0, 0, 0, 0, 0, 0, 0, 0,
    0, 0, 0, 0, 0, 0, 0, 0,
    0, 0, 0, 0, 0, 0, 0, 0,
    0, 0, 0, 0, 0, 0, 0, 0,
    0, 0, 0, 0, 0, 0, 0, 0,
    0, 0, 0, 0, 0, 0, 0, 0,
    0, 0, 0, 0, 0, 0, 0, 0,
    0, 0, 0, 0, 0, 0, 0, 0,
    0, 0, 0, 0, 0, 0, 0, 0,
    0, 0, 0, 0, 0, 0, 0, 0,
    0, 0, 0, 0, 0, 0, 0, 0,
    0, 0, 0, 0, 0, 0, 0, 0,
    0, 0, 0, 0, 0, 0, 0, 0,
    0, 0, 0, 0, 0, 0, 0, 0,
    0, 0, 0, 0, 0, 0, 0, 0,
    0, 0, 0, 0, 0, 0, 0, 0,
    0, 0, 0, 0, 0, 0, 0, 0,
    0, 0, 0, 0, 0, 0, 0, 0,
    0, 0, 0, 0, 0, 0, 0, 0,
    0, 0, 0, 0, 0, 0, 0, 0,
    0, 0, 0, 0, 0, 0, 0, 0,
    0, 0, 0, 0, 0, 0, 0, 0,
    0, 0, 0, 0, 0, 0, 0, 0,
    0, 0, 0, 0, 0, 0, 0, 0,
    0, 0, 0, 0, 0, 0, 0, 0,
    0, 0, 0, 0, 0, 0, 0, 0,
    0, 0, 0, 0, 0, 0, 0, 0,
    0, 0, 0, 0, 0, 0, 0, 0,
    0, 0, 0, 0, 0, 0, 0, 0,
    0, 0, 0, 0, 0, 0, 0, 0,
    0, 0, 0, 0, 0, 0, 0, 0,
    0, 0, 0, 0, 0, 0, 0, 0,
    0, 0, 0, 0, 0, 0, 0, 0,
    0, 0, 0, 0, 0, 0, 0, 0,
    0, 0, 0, 0, 0, 0, 0, 0,
    0, 0, 0, 0, 0, 0, 0, 0,
    0, 0, 0, 0, 0, 0, 0, 0,
    0
};

/*Kern values between classes*/
static const int8_t kern_class_values[] =
{
    0, 0, 0, 0, -37, 0, -37, 0,
    0, 0, 0, -20, 0, -31, -3, 0,
    0, 0, 0, -3, 0, 0, 0, 0,
    -6, 0, 0, 0, 0, 0, -6, 0,
    0, 0, 0, 0, 0, 0, 0, 0,
    0, 0, 0, 0, 0, 0, 0, 0,
    0, 0, 0, -6, 0, 0, 0, 0,
    0, 0, 0, 0, 0, 0, 0, 0,
    0, 0, 23, 0, 0, 0, 0, 0,
    0, 0, 0, 0, 0, -35, 0, -47,
    0, 0, 0, 0, 0, 0, 0, 0,
    0, 0, 0, -29, -7, -21, -11, 0,
    -31, 0, 0, 0, -3, 0, 0, 0,
    10, 0, 0, -17, 0, -16, -9, 0,
    -6, 0, 0, 0, 0, 0, 0, 0,
    0, 0, 0, 0, 0, 0, 0, -6,
    -7, -16, 0, -6, -3, -10, -21, -6,
    0, 0, 0, 0, 0, 0, 0, 0,
    0, -7, 0, -4, 0, -5, 0, 0,
    0, 0, 0, 0, 0, 0, 0, 0,
    0, 0, 0, -12, -3, -23, 0, 0,
    0, 0, 0, 0, 0, 0, 0, -8,
    -6, 0, -3, 4, 4, 0, 0, 0,
    -6, 0, 0, 0, 0, 0, 0, 0,
    0, -10, 0, 0, 0, 0, 0, 0,
    0, 0, 0, 0, 0, 0, 0, 0,
    0, 0, -10, 0, 0, 0, 0, 0,
    0, 0, 1, 0, 0, 0, 0, 0,
    0, 0, 0, 0, 0, -20, 0, -25,
    0, 0, 0, 0, 0, 0, -10, -1,
    -3, 0, 0, -20, -4, -5, 0, -1,
    -5, -1, -12, 5, 0, -3, 0, 0,
    0, 0, 5, -5, -1, -4, -2, -2,
    -4, 0, 0, 0, 0, -9, 0, 0,
    0, 0, 0, 0, 0, 0, 0, -5,
    -5, -8, 0, -3, -2, -2, -5, -2,
    0, 0, 0, 0, 0, 0, 0, 0,
    0, -3, 0, -5, -3, -3, -5, 0,
    0, 0, 0, 0, 0, -10, 0, 0,
    0, 0, 0, 0, -10, -3, -8, -4,
    -5, -2, -2, -2, -4, -3, 0, 0,
    0, 0, -6, 0, 0, 0, 0, -10,
    -3, -5, -3, 0, -5, 0, 0, 0,
    0, -8, 0, 0, 0, -4, 0, 0,
    0, -3, 0, -15, 0, -8, 0, -3,
    -1, -7, -6, -6, 0, 0, 0, 0,
    0, 0, 0, 0, 0, 0, 0, 0,
    0, -5, 0, -4, 0, 0, 0, 0,
    0, 0, 0, 0, 0, 0, 0, 0,
    0, 0, 0, 0, 0, 0, 0, 0,
    0, 0, 0, 0, -3, 0, 0, 0,
    0, 0, 0, -8, 0, -3, 0, -12,
    -3, 0, 0, 0, 0, 0, -25, 0,
    -25, -16, 0, 0, 0, -11, -3, -39,
    -7, 0, 0, -1, -1, -8, -3, -9,
    0, -11, -5, 0, -8, 0, 0, -6,
    -7, -3, -5, -9, -7, -10, -7, -13,
    0, 0, 0, -7, 0, 0, 0, 0,
    0, 0, 0, -2, 0, 0, 0, -6,
    0, -5, -2, 0, 0, 0, 0, 0,
    0, 0, 0, 0, 0, 0, 0, 0,
    0, 0, 0, 0, 0, 0, 0, 0,
    0, 0, -8, 0, -8, 0, 0, 0,
    0, 0, 0, -12, 0, 0, 0, 0,
    0, 0, 0, 0, 0, 0, 0, 0,
    0, 0, 0, 0, 0, 0, 0, 0,
    0, 0, 0, 0, 0, -9, 0, -12,
    0, -13, 0, 0, 0, 0, -4, -3,
    -7, 0, -5, -7, -5, -5, -3, 0,
    -7, 0, 0, 0, -4, 0, 0, 0,
    -3, 0, 0, -14, -4, -9, -7, -7,
    -9, -5, 0, -37, 0, -48, 0, -14,
    0, 0, 0, 0, -14, -1, -10, 0,
    -8, -35, -10, -23, -17, 0, -24, 0,
    -23, 0, -4, -5, -2, 0, 0, 0,
    0, -7, -3, -14, -11, 0, -14, 0,
    0, 0, 0, 0, -37, -8, -37, -17,
    0, 0, 0, -14, 0, -41, -3, -5,
    0, 0, 0, -8, -3, -17, 0, -10,
    -6, 0, -6, 0, 0, 0, -3, 0,
    0, 0, 0, -5, 0, -6, 0, 0,
    0, -3, 0, -9, 0, 0, 0, 0,
    0, -2, 0, -4, -4, -5, 0, -2,
    1, -2, -3, -3, 0, -2, -3, 0,
    -2, 0, 0, 0, 0, 0, 0, 0,
    0, -4, 0, -4, 0, 0, 0, -4,
    0, 5, 0, 0, 0, 0, 0, 0,
    0, -5, -5, -6, 0, 0, 0, 0,
    -5, 0, 0, 0, 0, 0, 0, 0,
    0, 0, 0, -8, 0, 0, 0, 0,
    0, -3, 0, 0, 0, 0, -33, -19,
    -33, -22, -6, -6, 0, -12, -8, -36,
    -8, 0, 0, 0, 0, -6, -5, -14,
    0, -19, -21, -4, -19, 0, 0, -13,
    -17, -4, -13, -8, -8, -8, -8, -19,
    0, 0, 0, 0, -7, 0, -7, -6,
    0, 0, 0, -4, 0, -16, -3, 0,
    0, -2, 0, -3, -5, 0, 0, -2,
    0, 0, -3, 0, 0, 0, -2, 0,
    0, 0, 0, -4, 0, 0, 0, 0,
    0, 0, -21, -6, -21, -9, 0, 0,
    0, -5, -3, -19, -3, 0, -3, 3,
    0, 0, 0, -6, 0, -9, -5, 0,
    -6, 0, 0, -6, -5, 0, -9, -3,
    -3, -5, -3, -6, 0, 0, 0, 0,
    -11, -3, -11, -4, 0, 0, 0, 0,
    -1, -15, -1, 0, 0, 0, 0, 0,
    0, -1, 0, -4, 0, 0, -2, 0,
    0, 0, 0, 0, 0, 0, 0, 0,
    0, -3, 0, -3, 0, -3, 0, -10,
    0, 0, 0, 0, 0, -1, -7, -3,
    -5, -6, -3, 0, 0, 0, 0, 0,
    0, -3, -4, -7, 0, 0, 0, 0,
    0, -7, -3, -7, -5, -3, -7, -5,
    0, 0, 0, 0, -31, -21, -31, -15,
    -9, -9, -4, -5, -5, -29, -5, -5,
    -3, 0, 0, 0, 0, -7, 0, -22,
    -15, 0, -17, 0, 0, -12, -15, -13,
    -11, -5, -8, -11, -5, -16, 0, 0,
    0, 0, 0, -8, 0, 0, 0, 0,
    0, -1, -6, -8, -9, 0, -3, -1,
    -1, 0, -5, -4, 0, -4, -5, -6,
    -4, 0, 0, 0, 0, -5, -5, -4,
    -4, -8, -4, 0, 0, 0, 0, 0,
    0, 0, 0, 0, 0, 0, 0, 0,
    0, 0, 0, -21, -6, -13, -6, 0,
    -19, 0, 0, 0, 0, 0, 8, 0,
    19, 0, 0, 0, 0, -6, -3, 0,
    2, 0, 0, 0, 0, -14, 0, 0,
    0, 0, 0, 0, -8, 0, 0, 0,
    0, -8, 0, -7, -2, 0, -8, 0,
    0, 0, 0, 0, 0, 0, 0, 0,
    0, -5, 0, 0, 0, 0, 0, 0,
    0, -6, 0, -4, -3, 1, -3, 0,
    0, 0, -8, 0, 0, 0, 0, -17,
    0, -6, 0, -2, -16, 0, -10, -4,
    0, -1, 0, 0, 0, 0, -1, -7,
    0, -2, -2, -7, -2, -3, 0, 0,
    0, 0, 0, -9, 0, 0, 0, 0,
    0, 0, 0, 0, 0, -6, 0, -5,
    0, 0, -8, 0, 0, -3, -8, 0,
    -3, 0, 0, 0, 0, -3, 0, 1,
    1, 0, 1, 0, 0, 0, 0, -8,
    0, 3, 0, 0, 0, 0, -4, 0,
    0, -6, -6, -8, 0, -7, -3, 0,
    -10, 0, -9, -4, 0, -1, -3, 0,
    0, 0, 0, -3, 0, -1, -1, -4,
    -1, -2, 2, 12, 12, 0, -18, -5,
    -18, -2, 0, 0, 7, 0, 0, 0,
    0, 13, 0, 18, 13, 8, 14, 0,
    12, -6, -3, 0, -4, 0, -3, 0,
    -2, 0, 0, 2, 0, -2, 0, -5,
    0, 0, 2, -8, 0, 0, 0, 10,
    0, 0, -13, 0, 0, 0, 0, -10,
    0, 0, 0, 0, -5, 0, 0, -5,
    -5, 0, 0, 0, 13, 0, 0, 0,
    0, -2, -2, 0, 2, -5, 0, 0,
    0, -8, 0, 0, 0, 0, 0, 0,
    -4, 0, 0, 0, 0, -8, 0, -3,
    0, 0, -7, 0, 0, 0, 0, 0,
    0, 0, 0, 0, 0, 0, 0, 0,
    0, 0, 0, 0, 0, 0, 0, -6,
    2, -21, 2, 0, 2, 2, -8, 0,
    0, 0, 0, -14, 0, 0, 0, 0,
    -5, 0, 0, -3, -7, 0, -3, 0,
    -3, 0, 0, -9, -5, 0, 0, -4,
    0, -4, 0, 0, 0, 0, 0, 0,
    0, 0, 0, 0, 0, 0, 0, 0,
    0, 0, 0, 0, 0, 0, 0, 0,
    0, 0, 0, 0, 0, 0, 3, 0,
    0, 0, 0, 0, 0, 0, 0, 0,
    0, 0, 0, -5, 0, 0, 0, 0,
    0, 0, 0, 0, 0, 0, 0, -6,
    0, -5, 0, 0, -9, 0, 0, 0,
    0, 0, 0, 0, 0, 0, 0, 0,
    0, 0, 0, 0, 0, 0, 0, 0,
    0, 0, -23, -8, -23, -8, 4, 4,
    0, -5, 0, -20, 0, 0, 0, 0,
    0, 0, 0, -3, 2, -8, -3, 0,
    -3, 0, 0, 0, -2, 0, 0, 4,
    3, 0, 4, -2, 0, 0, 0, -10,
    0, 3, 0, 0, 0, 0, -6, 0,
    0, 0, 0, -8, 0, -3, 0, 0,
    -6, 0, 0, 0, 0, 0, 0, 0,
    0, 0, 0, -6, 0, 0, 0, 0,
    0, 0, 0, 0, 0, 0, -2, -10,
    -2, 0, 2, 2, -10, 0, 0, 0,
    0, -5, 0, 0, 0, 0, -2, 0,
    0, -6, -5, 0, -3, 0, 0, 0,
    -3, -6, 0, 0, 0, -4, 0, 0,
    0, 0, 0, -3, -16, -4, -16, -6,
    0, 0, 0, -4, 0, -12, 0, -6,
    0, -3, 0, 0, -5, -3, 0, -6,
    -2, 0, 0, 0, -3, 0, 0, 0,
    0, 0, 0, 0, 0, -8, 0, 0,
    0, -3, -21, 0, -21, -1, 0, 0,
    0, -2, 0, -9, 0, -8, 0, -3,
    0, -5, -8, 0, 0, -3, -2, 0,
    0, 0, -3, 0, 0, 0, 0, 0,
    0, 0, 0, -7, -5, 0, 0, -6,
    4, -5, -4, 0, 0, 4, 0, 0,
    -3, 0, -2, -8, 0, -5, 0, -3,
    -11, 0, 0, -3, -7, 0, 0, 0,
    0, 0, 0, -8, 0, 0, 0, 0,
    -3, 0, 0, 0, 0, 0, -16, 0,
    -16, -2, 0, 0, 0, 0, 0, -12,
    0, -6, 0, -2, 0, -2, -4, 0,
    0, -6, -2, 0, 0, 0, -3, 0,
    0, 0, 0, 0, 0, -5, 0, -8,
    0, 0, 0, 0, 0, -7, 0, 0,
    0, 0, 0, 0, 0, 0, 0, -7,
    0, 0, 0, 0, -6, 0, 0, -5,
    -3, 0, -1, 0, 0, 0, 0, 0,
    -3, -2, 0, 0, -2, 0
};


/*Collect the kern class' data in one place*/
static const lv_font_fmt_txt_kern_classes_t kern_classes =
{
    .class_pair_values   = kern_class_values,
    .left_class_mapping  = kern_left_class_mapping,
    .right_class_mapping = kern_right_class_mapping,
    .left_class_cnt      = 45,
    .right_class_cnt     = 38,
};

/*--------------------
 *  ALL CUSTOM DATA
 *--------------------*/

#if LVGL_VERSION_MAJOR == 8
/*Store all the custom data of the font*/
static  lv_font_fmt_txt_glyph_cache_t cache;
#endif

#if LVGL_VERSION_MAJOR >= 8
static const lv_font_fmt_txt_dsc_t font_dsc = {
#else
static lv_font_fmt_txt_dsc_t font_dsc = {
#endif
    .glyph_bitmap = glyph_bitmap,
    .glyph_dsc = glyph_dsc,
    .cmaps = cmaps,
    .kern_dsc = &kern_classes,
    .kern_scale = 16,
    .cmap_num = 2,
    .bpp = 4,
    .kern_classes = 1,
    .bitmap_format = 0,
#if LVGL_VERSION_MAJOR == 8
    .cache = &cache
#endif
};



/*-----------------
 *  PUBLIC FONT
 *----------------*/

/*Initialize a public general font descriptor*/
#if LVGL_VERSION_MAJOR >= 8
const lv_font_t fa_font_ui = {
#else
lv_font_t fa_font_ui = {
#endif
    .get_glyph_dsc = lv_font_get_glyph_dsc_fmt_txt,    /*Function pointer to get glyph's data*/
    .get_glyph_bitmap = lv_font_get_bitmap_fmt_txt,    /*Function pointer to get glyph's bitmap*/
    .line_height = 19,          /*The maximum line height required by the font*/
    .base_line = 4,             /*Baseline measured from the bottom of the line*/
#if !(LVGL_VERSION_MAJOR == 6 && LVGL_VERSION_MINOR == 0)
    .subpx = LV_FONT_SUBPX_NONE,
#endif
#if LV_VERSION_CHECK(7, 4, 0) || LVGL_VERSION_MAJOR >= 8
    .underline_position = -2,
    .underline_thickness = 1,
#endif
    .dsc = &font_dsc,          /*The custom font data. Will be accessed by `get_glyph_bitmap/dsc` */
#if LV_VERSION_CHECK(8, 2, 0) || LVGL_VERSION_MAJOR >= 9
    .fallback = NULL,
#endif
    .user_data = NULL,
};



#endif /*#if FA_FONT_UI*/

