/*******************************************************************************
 * Size: 13 px
 * Bpp: 4
 * Opts: --font C:\Windows\Fonts\Noto Sans SC Medium (TrueType).otf --size 13 --bpp 4 --format lvgl --no-compress --lv-include lvgl.h --lv-font-name fa_font_tiny -o D:\Espressif\去远方-交接包-20260920\去远方-交接包-20260918\02-固件源码\main\fonts\fa_font_tiny.c --range 0x20-0x7E --symbols °“”…↑↓▼●　。「」【】一三上下不东两个中为主么之书了于云些亮什伏伙会伦伴似住你信元光克免兔入全共关再冒冰出刀分到刻剩剪动包匙半南原去又叠口只召可台右号后吧呼品响哨喀喜器四回图在地垂城堤塔塘墙壳夕外多夜够天头奶如始婺子它宏宫家寄对小尔就局层屏山岩岸峰崩川州工左差已巷巾布带幕幡干平庐度开张彩影往很得心必忆快念想慢戏成我手扎打扬把抬拂拉择拳拿按换掉排掖接攒收敦数斑断斯新方旅无日旧早时明映是景更替月有木未机村来杨松极林枚果枝枯染柳树校桂档桥桦梦槽横次欢正此残殿每气水江沙没河油沽泉波泰泸济浦浪海涂涌涛游湖湾源溜溪满滩漆漠潮火灯点烟烤煌照片牌牛物猎猪猫玛玩现玻班璃瓣瓶生田电甸白的皆盏看眼着短石砂砖确碗碧礼票秒稞稻穹空窄窗立站竹第等筒筛签篮糕红纪纳经绕给继续绿编罐置羊羚群翻老背胡能脊船色节花茶草荒获菜萄落葡蓝藏虬蜀蜒蜿行褪西要解认让记设词试调贝费赚赢走起趟路车转边达过返还这进远退选速那部配酥里金钟钥钱铜锁锈键镜长闭阳院陶集雨雪需霞青静面鞋页顶须额风飘饭饼馕鸣黄！（）＋，？
 ******************************************************************************/

#ifdef LV_LVGL_H_INCLUDE_SIMPLE
#include "lvgl.h"
#else
#include "lvgl.h"
#endif

#ifndef FA_FONT_TINY
#define FA_FONT_TINY 1
#endif

#if FA_FONT_TINY

/*-----------------
 *    BITMAPS
 *----------------*/

/*Store the image of the glyphs*/
static LV_ATTRIBUTE_LARGE_CONST const uint8_t glyph_bitmap[] = {
    /* U+0020 " " */

    /* U+0021 "!" */
    0x8f, 0x7, 0xe0, 0x7e, 0x6, 0xd0, 0x5c, 0x4,
    0xc0, 0x15, 0x7, 0xd1, 0x8d, 0x10,

    /* U+0022 "\"" */
    0xdb, 0xf, 0x8c, 0xa0, 0xe8, 0xa8, 0xd, 0x68,
    0x60, 0xa4,

    /* U+0023 "#" */
    0x0, 0x94, 0xe, 0x0, 0xc, 0x20, 0xd0, 0x2f,
    0xff, 0xff, 0xe0, 0xd, 0x5, 0x90, 0x2, 0xb0,
    0x77, 0x7, 0xff, 0xef, 0xfa, 0x6, 0x80, 0xa4,
    0x0, 0x86, 0xc, 0x20, 0xa, 0x40, 0xe0, 0x0,

    /* U+0024 "$" */
    0x0, 0xc, 0x40, 0x0, 0x3, 0xea, 0x20, 0x7,
    0xfa, 0xbf, 0x10, 0xea, 0x0, 0x10, 0xc, 0xd1,
    0x0, 0x0, 0x2d, 0xf7, 0x0, 0x0, 0x7, 0xfd,
    0x0, 0x0, 0x2, 0xf6, 0x3, 0x0, 0x1f, 0x71,
    0xfc, 0x9d, 0xe1, 0x1, 0x6e, 0x91, 0x0, 0x0,
    0xc4, 0x0,

    /* U+0025 "%" */
    0xa, 0xed, 0x30, 0x1, 0xd0, 0x0, 0x5d, 0x7,
    0xc0, 0xa, 0x50, 0x0, 0x7a, 0x3, 0xe0, 0x3b,
    0x0, 0x0, 0x5d, 0x18, 0xb0, 0xc3, 0x9d, 0x90,
    0x8, 0xdb, 0x26, 0x97, 0xb0, 0xb6, 0x0, 0x0,
    0xd, 0x1a, 0x60, 0x6a, 0x0, 0x0, 0x86, 0xb,
    0x60, 0x6a, 0x0, 0x2, 0xc0, 0x7, 0xa0, 0xa7,
    0x0, 0xb, 0x30, 0x0, 0xad, 0xa0,

    /* U+0026 "&" */
    0x0, 0x7e, 0xd5, 0x0, 0x0, 0x3f, 0x45, 0xf0,
    0x0, 0x4, 0xf0, 0x8c, 0x0, 0x0, 0xe, 0xcd,
    0x20, 0x0, 0x4, 0xff, 0x30, 0xb, 0x93, 0xf6,
    0x9e, 0x34, 0xf3, 0x8f, 0x0, 0x8f, 0xd9, 0x4,
    0xf9, 0x25, 0xff, 0xc5, 0x6, 0xdf, 0xd7, 0x2a,
    0xa0,

    /* U+0027 "'" */
    0xdb, 0xca, 0xa8, 0x86,

    /* U+0028 "(" */
    0x0, 0x10, 0x4, 0xd0, 0xc, 0x60, 0x3f, 0x0,
    0x8b, 0x0, 0xb9, 0x0, 0xc7, 0x0, 0xd6, 0x0,
    0xb8, 0x0, 0x9a, 0x0, 0x4e, 0x0, 0xd, 0x50,
    0x6, 0xc0, 0x0, 0x40,

    /* U+0029 ")" */
    0x1, 0x0, 0x3d, 0x0, 0xd, 0x50, 0x6, 0xd0,
    0x1, 0xf2, 0x0, 0xf5, 0x0, 0xd6, 0x0, 0xd6,
    0x0, 0xf5, 0x1, 0xf3, 0x4, 0xe0, 0xb, 0x70,
    0x2e, 0x0, 0x13, 0x0,

    /* U+002A "*" */
    0x0, 0x59, 0x0, 0x1a, 0xbd, 0x94, 0x4, 0xff,
    0x70, 0x5, 0xc9, 0xa0, 0x1, 0x10, 0x20,

    /* U+002B "+" */
    0x0, 0x5, 0x10, 0x0, 0x0, 0xd4, 0x0, 0x0,
    0xd, 0x40, 0x7, 0xee, 0xff, 0xed, 0x1, 0x1d,
    0x51, 0x10, 0x0, 0xd4, 0x0, 0x0, 0xd, 0x40,
    0x0,

    /* U+002C "," */
    0x9, 0x80, 0xc, 0xf1, 0x1, 0xf0, 0x1c, 0x60,
    0x3, 0x0,

    /* U+002D "-" */
    0x5e, 0xee, 0x0, 0x11, 0x10,

    /* U+002E "." */
    0xc, 0xa0, 0xca,

    /* U+002F "/" */
    0x0, 0x6, 0xa0, 0x0, 0xb5, 0x0, 0xf, 0x10,
    0x4, 0xc0, 0x0, 0x97, 0x0, 0xe, 0x20, 0x3,
    0xd0, 0x0, 0x78, 0x0, 0xc, 0x40, 0x1, 0xe0,
    0x0, 0x6a, 0x0, 0xb, 0x50, 0x0,

    /* U+0030 "0" */
    0x1, 0xae, 0xd4, 0x0, 0xbc, 0x38, 0xf2, 0x2f,
    0x40, 0xe, 0x84, 0xf1, 0x0, 0xba, 0x5f, 0x10,
    0xa, 0xc4, 0xf1, 0x0, 0xba, 0x1f, 0x50, 0xe,
    0x80, 0xbd, 0x38, 0xf2, 0x1, 0xae, 0xd4, 0x0,

    /* U+0031 "1" */
    0x28, 0xeb, 0x0, 0x49, 0xeb, 0x0, 0x0, 0xcb,
    0x0, 0x0, 0xcb, 0x0, 0x0, 0xcb, 0x0, 0x0,
    0xcb, 0x0, 0x0, 0xcb, 0x0, 0x22, 0xdc, 0x21,
    0xdf, 0xff, 0xf9,

    /* U+0032 "2" */
    0x6, 0xcf, 0xc3, 0x3, 0xd5, 0x4c, 0xe1, 0x0,
    0x0, 0x4f, 0x30, 0x0, 0x5, 0xf1, 0x0, 0x0,
    0xcb, 0x0, 0x0, 0x9e, 0x20, 0x0, 0x8f, 0x40,
    0x0, 0xaf, 0x62, 0x22, 0x6f, 0xff, 0xff, 0xb0,

    /* U+0033 "3" */
    0x6, 0xcf, 0xd5, 0x1, 0xc6, 0x3b, 0xf2, 0x0,
    0x0, 0x3f, 0x40, 0x0, 0x1a, 0xe0, 0x0, 0xaf,
    0xe2, 0x0, 0x1, 0x38, 0xf4, 0x0, 0x0, 0xe,
    0xa5, 0xc5, 0x38, 0xf6, 0x8, 0xcf, 0xd7, 0x0,

    /* U+0034 "4" */
    0x0, 0x4, 0xfc, 0x0, 0x0, 0x1e, 0xdc, 0x0,
    0x0, 0xca, 0x9c, 0x0, 0x8, 0xd1, 0x9c, 0x0,
    0x3f, 0x30, 0x9c, 0x0, 0xbf, 0xff, 0xff, 0xf0,
    0x12, 0x22, 0xad, 0x20, 0x0, 0x0, 0x9c, 0x0,
    0x0, 0x0, 0x9c, 0x0,

    /* U+0035 "5" */
    0xa, 0xff, 0xff, 0x30, 0xbb, 0x33, 0x30, 0xc,
    0x90, 0x0, 0x0, 0xdd, 0xdd, 0x60, 0x5, 0x63,
    0x9f, 0x50, 0x0, 0x0, 0xe9, 0x0, 0x0, 0xe,
    0x95, 0xc5, 0x4a, 0xf3, 0x8, 0xcf, 0xc4, 0x0,

    /* U+0036 "6" */
    0x0, 0x6d, 0xfb, 0x20, 0x6f, 0x63, 0x73, 0xe,
    0x60, 0x0, 0x2, 0xf6, 0xbd, 0x90, 0x4f, 0xc3,
    0x5f, 0x83, 0xf2, 0x0, 0xac, 0xf, 0x60, 0xb,
    0xb0, 0x9e, 0x34, 0xf6, 0x0, 0x9e, 0xe8, 0x0,

    /* U+0037 "7" */
    0x5f, 0xff, 0xff, 0xc1, 0x33, 0x35, 0xf5, 0x0,
    0x0, 0xba, 0x0, 0x0, 0x4f, 0x20, 0x0, 0xa,
    0xb0, 0x0, 0x0, 0xf7, 0x0, 0x0, 0x3f, 0x40,
    0x0, 0x5, 0xf2, 0x0, 0x0, 0x7f, 0x10, 0x0,

    /* U+0038 "8" */
    0x2, 0xbf, 0xe7, 0x0, 0xcc, 0x25, 0xf4, 0xe,
    0x60, 0xd, 0x60, 0x7d, 0x32, 0xe1, 0x1, 0xde,
    0xf7, 0x1, 0xe5, 0x6, 0xf5, 0x5f, 0x0, 0xb,
    0xb2, 0xf8, 0x24, 0xf9, 0x4, 0xcf, 0xe9, 0x0,

    /* U+0039 "9" */
    0x4, 0xdf, 0xc2, 0x2, 0xf9, 0x28, 0xe1, 0x6f,
    0x0, 0xd, 0x74, 0xf6, 0x3, 0xe9, 0x8, 0xff,
    0xac, 0xa0, 0x0, 0x0, 0xd8, 0x0, 0x0, 0x2f,
    0x50, 0xa5, 0x4d, 0xd0, 0x8, 0xde, 0xa1, 0x0,

    /* U+003A ":" */
    0xc, 0xa0, 0xca, 0x0, 0x0, 0x0, 0x0, 0x0,
    0xca, 0xc, 0xa0,

    /* U+003B ";" */
    0xc, 0xa0, 0xc, 0xa0, 0x0, 0x0, 0x0, 0x0,
    0x0, 0x0, 0x9, 0x80, 0xc, 0xf1, 0x1, 0xf0,
    0x1c, 0x60, 0x3, 0x0,

    /* U+003C "<" */
    0x0, 0x0, 0x1, 0x50, 0x0, 0x4a, 0xfb, 0x28,
    0xed, 0x72, 0x7, 0xf9, 0x10, 0x0, 0x4, 0xaf,
    0xb6, 0x10, 0x0, 0x6, 0xce, 0x0, 0x0, 0x0,
    0x10,

    /* U+003D "=" */
    0x7f, 0xff, 0xff, 0xe0, 0x0, 0x0, 0x0, 0x0,
    0x0, 0x0, 0x7, 0xee, 0xee, 0xed, 0x1, 0x11,
    0x11, 0x10,

    /* U+003E ">" */
    0x33, 0x0, 0x0, 0x5, 0xfd, 0x71, 0x0, 0x0,
    0x5a, 0xfb, 0x50, 0x0, 0x5, 0xee, 0x4, 0x9e,
    0xc6, 0x17, 0xe8, 0x20, 0x0, 0x10, 0x0, 0x0,
    0x0,

    /* U+003F "?" */
    0x7, 0xdf, 0xb1, 0x2a, 0x45, 0xf9, 0x0, 0x0,
    0xd9, 0x0, 0x7, 0xe2, 0x0, 0x4f, 0x30, 0x0,
    0x9b, 0x0, 0x0, 0x0, 0x0, 0x0, 0xbb, 0x0,
    0x0, 0xbb, 0x0,

    /* U+0040 "@" */
    0x0, 0x0, 0x7b, 0xee, 0xc6, 0x0, 0x0, 0x3d,
    0x92, 0x0, 0x3b, 0xb0, 0x1, 0xe4, 0x0, 0x0,
    0x0, 0xb6, 0xa, 0x80, 0x1a, 0xda, 0xb0, 0x4b,
    0xf, 0x10, 0xc7, 0xb, 0x80, 0x2d, 0x2e, 0x3,
    0xf0, 0xc, 0x40, 0x4b, 0x2e, 0x3, 0xf1, 0x3f,
    0x41, 0xc4, 0xf, 0x10, 0x8c, 0x85, 0xdc, 0x40,
    0x9, 0xa0, 0x0, 0x0, 0x0, 0x0, 0x0, 0xcb,
    0x30, 0x3, 0x40, 0x0, 0x0, 0x6, 0xbe, 0xeb,
    0x50, 0x0,

    /* U+0041 "A" */
    0x0, 0xf, 0xf1, 0x0, 0x0, 0x5, 0xdd, 0x60,
    0x0, 0x0, 0xb8, 0x8c, 0x0, 0x0, 0x1f, 0x32,
    0xf2, 0x0, 0x6, 0xe0, 0xd, 0x70, 0x0, 0xcf,
    0xff, 0xfd, 0x0, 0x1f, 0x52, 0x25, 0xf3, 0x7,
    0xf0, 0x0, 0xe, 0x80, 0xda, 0x0, 0x0, 0xae,
    0x0,

    /* U+0042 "B" */
    0xbf, 0xff, 0xd7, 0x0, 0xbc, 0x22, 0x7f, 0x60,
    0xbc, 0x0, 0xe, 0x80, 0xbc, 0x0, 0x5f, 0x40,
    0xbf, 0xef, 0xf9, 0x0, 0xbc, 0x12, 0x4d, 0xc0,
    0xbc, 0x0, 0x6, 0xf1, 0xbc, 0x12, 0x4d, 0xd0,
    0xbf, 0xff, 0xea, 0x10,

    /* U+0043 "C" */
    0x0, 0x2a, 0xee, 0xa1, 0x3, 0xfc, 0x55, 0xb6,
    0xd, 0xd0, 0x0, 0x0, 0x1f, 0x60, 0x0, 0x0,
    0x3f, 0x50, 0x0, 0x0, 0x1f, 0x60, 0x0, 0x0,
    0xd, 0xd0, 0x0, 0x0, 0x4, 0xfc, 0x55, 0xba,
    0x0, 0x3b, 0xee, 0xa1,

    /* U+0044 "D" */
    0xbf, 0xfe, 0xb4, 0x0, 0xbc, 0x35, 0xbf, 0x60,
    0xbc, 0x0, 0xb, 0xe0, 0xbc, 0x0, 0x5, 0xf3,
    0xbc, 0x0, 0x3, 0xf5, 0xbc, 0x0, 0x5, 0xf3,
    0xbc, 0x0, 0xb, 0xe0, 0xbc, 0x35, 0xbf, 0x50,
    0xbf, 0xfe, 0xb3, 0x0,

    /* U+0045 "E" */
    0xbf, 0xff, 0xfe, 0xb, 0xd3, 0x33, 0x30, 0xbc,
    0x0, 0x0, 0xb, 0xc0, 0x0, 0x0, 0xbf, 0xff,
    0xf4, 0xb, 0xd3, 0x33, 0x0, 0xbc, 0x0, 0x0,
    0xb, 0xd3, 0x33, 0x30, 0xbf, 0xff, 0xff, 0x0,

    /* U+0046 "F" */
    0xbf, 0xff, 0xfe, 0xbd, 0x33, 0x33, 0xbc, 0x0,
    0x0, 0xbc, 0x0, 0x0, 0xbf, 0xff, 0xf4, 0xbc,
    0x22, 0x20, 0xbc, 0x0, 0x0, 0xbc, 0x0, 0x0,
    0xbc, 0x0, 0x0,

    /* U+0047 "G" */
    0x0, 0x2a, 0xde, 0xb3, 0x0, 0x3f, 0xd6, 0x48,
    0xa0, 0xc, 0xd0, 0x0, 0x0, 0x1, 0xf6, 0x0,
    0x0, 0x0, 0x3f, 0x50, 0x1f, 0xff, 0x21, 0xf6,
    0x0, 0x25, 0xf2, 0xd, 0xd0, 0x0, 0x2f, 0x20,
    0x3f, 0xc6, 0x5a, 0xf2, 0x0, 0x2b, 0xef, 0xc5,
    0x0,

    /* U+0048 "H" */
    0xbc, 0x0, 0x2, 0xf5, 0xbc, 0x0, 0x2, 0xf5,
    0xbc, 0x0, 0x2, 0xf5, 0xbc, 0x0, 0x2, 0xf5,
    0xbf, 0xff, 0xff, 0xf5, 0xbd, 0x33, 0x35, 0xf5,
    0xbc, 0x0, 0x2, 0xf5, 0xbc, 0x0, 0x2, 0xf5,
    0xbc, 0x0, 0x2, 0xf5,

    /* U+0049 "I" */
    0xbc, 0xbc, 0xbc, 0xbc, 0xbc, 0xbc, 0xbc, 0xbc,
    0xbc,

    /* U+004A "J" */
    0x0, 0x0, 0x8e, 0x0, 0x0, 0x8e, 0x0, 0x0,
    0x8e, 0x0, 0x0, 0x8e, 0x0, 0x0, 0x8e, 0x0,
    0x0, 0x9e, 0x0, 0x0, 0xae, 0x4e, 0x66, 0xfa,
    0x8, 0xde, 0xa1,

    /* U+004B "K" */
    0xbc, 0x0, 0x1e, 0xb0, 0xbc, 0x0, 0xcc, 0x0,
    0xbc, 0xa, 0xe1, 0x0, 0xbc, 0x8f, 0x50, 0x0,
    0xbf, 0xfe, 0xc0, 0x0, 0xbf, 0x73, 0xf6, 0x0,
    0xbc, 0x0, 0x9f, 0x10, 0xbc, 0x0, 0x1e, 0xa0,
    0xbc, 0x0, 0x5, 0xf4,

    /* U+004C "L" */
    0xbc, 0x0, 0x0, 0xbc, 0x0, 0x0, 0xbc, 0x0,
    0x0, 0xbc, 0x0, 0x0, 0xbc, 0x0, 0x0, 0xbc,
    0x0, 0x0, 0xbc, 0x0, 0x0, 0xbd, 0x33, 0x32,
    0xbf, 0xff, 0xfd,

    /* U+004D "M" */
    0xbf, 0x20, 0x0, 0x6f, 0x8b, 0xf8, 0x0, 0xc,
    0xf8, 0xbb, 0xe0, 0x2, 0xfc, 0x8b, 0x8e, 0x50,
    0x8a, 0xc8, 0xb9, 0x8b, 0xe, 0x4d, 0x8b, 0x92,
    0xf5, 0xd0, 0xd8, 0xb9, 0xb, 0xe7, 0xd, 0x8b,
    0x90, 0x5f, 0x10, 0xd8, 0xb9, 0x0, 0x10, 0xd,
    0x80,

    /* U+004E "N" */
    0xbf, 0x20, 0x2, 0xf4, 0xbf, 0xb0, 0x2, 0xf4,
    0xba, 0xf4, 0x2, 0xf4, 0xb9, 0x8e, 0x2, 0xf4,
    0xba, 0xe, 0x82, 0xf4, 0xba, 0x5, 0xf3, 0xf4,
    0xba, 0x0, 0xca, 0xf4, 0xba, 0x0, 0x2f, 0xf4,
    0xba, 0x0, 0x9, 0xf4,

    /* U+004F "O" */
    0x0, 0x3b, 0xee, 0xa2, 0x0, 0x4, 0xfb, 0x55,
    0xdf, 0x20, 0xd, 0xc0, 0x0, 0x1e, 0xa0, 0x1f,
    0x60, 0x0, 0x9, 0xe0, 0x3f, 0x50, 0x0, 0x8,
    0xf0, 0x1f, 0x60, 0x0, 0x9, 0xe0, 0xd, 0xc0,
    0x0, 0x1f, 0xa0, 0x4, 0xfb, 0x56, 0xdf, 0x10,
    0x0, 0x3b, 0xee, 0xa1, 0x0,

    /* U+0050 "P" */
    0xbf, 0xff, 0xd8, 0xb, 0xc2, 0x36, 0xf8, 0xbc,
    0x0, 0xb, 0xcb, 0xc0, 0x4, 0xf8, 0xbf, 0xff,
    0xfa, 0xb, 0xc2, 0x20, 0x0, 0xbc, 0x0, 0x0,
    0xb, 0xc0, 0x0, 0x0, 0xbc, 0x0, 0x0, 0x0,

    /* U+0051 "Q" */
    0x0, 0x3b, 0xee, 0xa2, 0x0, 0x4, 0xfb, 0x56,
    0xdf, 0x20, 0xd, 0xc0, 0x0, 0x1e, 0xa0, 0x1f,
    0x60, 0x0, 0x9, 0xe0, 0x3f, 0x50, 0x0, 0x8,
    0xf0, 0x1f, 0x60, 0x0, 0x9, 0xe0, 0xd, 0xb0,
    0x0, 0xe, 0xa0, 0x5, 0xf9, 0x23, 0xbe, 0x20,
    0x0, 0x4c, 0xff, 0xa2, 0x0, 0x0, 0x0, 0x7f,
    0x71, 0x0, 0x0, 0x0, 0x7, 0xef, 0xf4, 0x0,
    0x0, 0x0, 0x2, 0x20,

    /* U+0052 "R" */
    0xbf, 0xff, 0xe9, 0x0, 0xbc, 0x23, 0x6f, 0x90,
    0xbc, 0x0, 0xb, 0xc0, 0xbc, 0x0, 0x3e, 0xa0,
    0xbf, 0xff, 0xf9, 0x10, 0xbc, 0x28, 0xf2, 0x0,
    0xbc, 0x0, 0xeb, 0x0, 0xbc, 0x0, 0x5f, 0x40,
    0xbc, 0x0, 0xc, 0xd0,

    /* U+0053 "S" */
    0x1, 0x9e, 0xeb, 0x30, 0xb, 0xf6, 0x59, 0xb0,
    0xe, 0xb0, 0x0, 0x0, 0x9, 0xf9, 0x20, 0x0,
    0x0, 0x5d, 0xfc, 0x20, 0x0, 0x0, 0x4d, 0xf1,
    0x1, 0x0, 0x4, 0xf4, 0x2f, 0xa5, 0x5c, 0xf1,
    0x4, 0xbe, 0xeb, 0x30,

    /* U+0054 "T" */
    0x9f, 0xff, 0xff, 0xf8, 0x23, 0x3d, 0xc3, 0x31,
    0x0, 0xc, 0xb0, 0x0, 0x0, 0xc, 0xb0, 0x0,
    0x0, 0xc, 0xb0, 0x0, 0x0, 0xc, 0xb0, 0x0,
    0x0, 0xc, 0xb0, 0x0, 0x0, 0xc, 0xb0, 0x0,
    0x0, 0xc, 0xb0, 0x0,

    /* U+0055 "U" */
    0xcb, 0x0, 0x2, 0xf4, 0xcb, 0x0, 0x2, 0xf4,
    0xcb, 0x0, 0x2, 0xf4, 0xcb, 0x0, 0x2, 0xf4,
    0xcb, 0x0, 0x2, 0xf4, 0xbc, 0x0, 0x3, 0xf4,
    0x9e, 0x0, 0x6, 0xf1, 0x3f, 0xb4, 0x6e, 0xb0,
    0x4, 0xcf, 0xe9, 0x10,

    /* U+0056 "V" */
    0xd, 0xb0, 0x0, 0xe, 0x90, 0x8f, 0x0, 0x3,
    0xf4, 0x3, 0xf5, 0x0, 0x8e, 0x0, 0xd, 0xa0,
    0xd, 0x90, 0x0, 0x8e, 0x2, 0xf4, 0x0, 0x3,
    0xf3, 0x7e, 0x0, 0x0, 0xd, 0x8b, 0x90, 0x0,
    0x0, 0x8d, 0xf4, 0x0, 0x0, 0x2, 0xfe, 0x0,
    0x0,

    /* U+0057 "W" */
    0x9e, 0x0, 0xe, 0xa0, 0x3, 0xf3, 0x6f, 0x20,
    0x3f, 0xe0, 0x6, 0xf0, 0x2f, 0x50, 0x7b, 0xf2,
    0x9, 0xc0, 0xf, 0x80, 0xb6, 0xd7, 0xd, 0x90,
    0xb, 0xb0, 0xf3, 0x9b, 0xf, 0x50, 0x8, 0xe3,
    0xe0, 0x5e, 0x3f, 0x20, 0x4, 0xf8, 0xb0, 0x1f,
    0x8f, 0x0, 0x1, 0xfe, 0x70, 0xd, 0xeb, 0x0,
    0x0, 0xdf, 0x20, 0x9, 0xf8, 0x0,

    /* U+0058 "X" */
    0x5f, 0x50, 0x7, 0xf1, 0xb, 0xd0, 0x1f, 0x80,
    0x2, 0xf6, 0x8e, 0x0, 0x0, 0x8e, 0xf5, 0x0,
    0x0, 0x3f, 0xe0, 0x0, 0x0, 0xbb, 0xf6, 0x0,
    0x5, 0xf2, 0x8f, 0x10, 0xd, 0xa0, 0xe, 0xa0,
    0x8f, 0x10, 0x6, 0xf3,

    /* U+0059 "Y" */
    0xc, 0xc0, 0x0, 0x9e, 0x0, 0x4f, 0x40, 0x1f,
    0x70, 0x0, 0xcb, 0x8, 0xe0, 0x0, 0x3, 0xf3,
    0xe6, 0x0, 0x0, 0xb, 0xee, 0x0, 0x0, 0x0,
    0x4f, 0x60, 0x0, 0x0, 0x2, 0xf5, 0x0, 0x0,
    0x0, 0x2f, 0x50, 0x0, 0x0, 0x2, 0xf5, 0x0,
    0x0,

    /* U+005A "Z" */
    0xf, 0xff, 0xff, 0xf4, 0x3, 0x33, 0x3e, 0xc0,
    0x0, 0x0, 0x7f, 0x20, 0x0, 0x3, 0xf7, 0x0,
    0x0, 0xd, 0xb0, 0x0, 0x0, 0x9f, 0x10, 0x0,
    0x4, 0xf5, 0x0, 0x0, 0x1e, 0xc3, 0x33, 0x31,
    0x6f, 0xff, 0xff, 0xf4,

    /* U+005B "[" */
    0xae, 0xc1, 0xa7, 0x0, 0xa7, 0x0, 0xa7, 0x0,
    0xa7, 0x0, 0xa7, 0x0, 0xa7, 0x0, 0xa7, 0x0,
    0xa7, 0x0, 0xa7, 0x0, 0xa7, 0x0, 0x9d, 0xc1,

    /* U+005C "\\" */
    0x97, 0x0, 0x4, 0xb0, 0x0, 0xe, 0x10, 0x0,
    0xa5, 0x0, 0x6, 0xa0, 0x0, 0x1e, 0x0, 0x0,
    0xc3, 0x0, 0x7, 0x80, 0x0, 0x2d, 0x0, 0x0,
    0xe2, 0x0, 0x9, 0x70, 0x0, 0x4c,

    /* U+005D "]" */
    0x6c, 0xf4, 0x0, 0xd4, 0x0, 0xd4, 0x0, 0xd4,
    0x0, 0xd4, 0x0, 0xd4, 0x0, 0xd4, 0x0, 0xd4,
    0x0, 0xd4, 0x0, 0xd4, 0x0, 0xd4, 0x6c, 0xe4,

    /* U+005E "^" */
    0x0, 0x7, 0x30, 0x0, 0x5, 0xfb, 0x0, 0x0,
    0xc7, 0xf2, 0x0, 0x2f, 0x1a, 0x80, 0x9, 0xa0,
    0x4e, 0x0, 0xe4, 0x0, 0xe5,

    /* U+005F "_" */
    0xbd, 0xdd, 0xdd, 0xd1,

    /* U+0060 "`" */
    0x0, 0x0, 0x1d, 0x40, 0x9, 0xf3, 0x0, 0x78,

    /* U+0061 "a" */
    0x5, 0xbe, 0xe7, 0x0, 0x86, 0x38, 0xf3, 0x0,
    0x2, 0x6f, 0x60, 0x5d, 0xc9, 0xf7, 0x2f, 0x50,
    0xf, 0x73, 0xf8, 0x39, 0xf7, 0x8, 0xfd, 0x7c,
    0x70,

    /* U+0062 "b" */
    0xd9, 0x0, 0x0, 0xd, 0x90, 0x0, 0x0, 0xd9,
    0x0, 0x0, 0xd, 0xba, 0xed, 0x40, 0xdf, 0x73,
    0xbf, 0x1d, 0x90, 0x3, 0xf6, 0xd9, 0x0, 0xf,
    0x8d, 0x90, 0x3, 0xf5, 0xdd, 0x54, 0xce, 0xd,
    0x8b, 0xfc, 0x20,

    /* U+0063 "c" */
    0x0, 0x9e, 0xea, 0x0, 0xbe, 0x53, 0x70, 0x2f,
    0x60, 0x0, 0x5, 0xf3, 0x0, 0x0, 0x3f, 0x60,
    0x0, 0x0, 0xce, 0x53, 0x80, 0x1, 0xae, 0xea,
    0x10,

    /* U+0064 "d" */
    0x0, 0x0, 0x6, 0xf1, 0x0, 0x0, 0x6, 0xf1,
    0x0, 0x0, 0x6, 0xf1, 0x1, 0xae, 0xda, 0xf1,
    0xc, 0xe5, 0x4c, 0xf1, 0x2f, 0x60, 0x6, 0xf1,
    0x4f, 0x30, 0x6, 0xf1, 0x3f, 0x50, 0x6, 0xf1,
    0xd, 0xd4, 0x4d, 0xf1, 0x2, 0xcf, 0xc6, 0xf1,

    /* U+0065 "e" */
    0x1, 0x9e, 0xe7, 0x0, 0xbd, 0x44, 0xe6, 0x2f,
    0x40, 0xa, 0xb5, 0xff, 0xff, 0xfc, 0x3f, 0x30,
    0x0, 0x0, 0xbd, 0x42, 0x61, 0x1, 0x9e, 0xfb,
    0x30,

    /* U+0066 "f" */
    0x1, 0xbf, 0xb0, 0x8f, 0x42, 0x9, 0xe0, 0x8,
    0xff, 0xf4, 0x1a, 0xe2, 0x0, 0x9d, 0x0, 0x9,
    0xd0, 0x0, 0x9d, 0x0, 0x9, 0xd0, 0x0, 0x9d,
    0x0,

    /* U+0067 "g" */
    0x2, 0xce, 0xff, 0xf3, 0xd, 0xa0, 0x6f, 0x10,
    0x1f, 0x50, 0x1f, 0x30, 0xd, 0xb1, 0x8f, 0x10,
    0x7, 0xee, 0xc4, 0x0, 0xe, 0x82, 0x21, 0x0,
    0x9, 0xff, 0xff, 0xc0, 0x2f, 0x10, 0x5, 0xf4,
    0x4f, 0x40, 0x19, 0xe0, 0x7, 0xef, 0xea, 0x20,

    /* U+0068 "h" */
    0xd9, 0x0, 0x0, 0xd, 0x90, 0x0, 0x0, 0xd9,
    0x0, 0x0, 0xd, 0xa9, 0xee, 0x40, 0xdf, 0x85,
    0xde, 0xd, 0xa0, 0x8, 0xf0, 0xd9, 0x0, 0x6f,
    0x1d, 0x90, 0x6, 0xf1, 0xd9, 0x0, 0x6f, 0x1d,
    0x90, 0x6, 0xf1,

    /* U+0069 "i" */
    0xd, 0x90, 0x85, 0x0, 0x0, 0xd9, 0xd, 0x90,
    0xd9, 0xd, 0x90, 0xd9, 0xd, 0x90, 0xd9,

    /* U+006A "j" */
    0x0, 0xd9, 0x0, 0x85, 0x0, 0x0, 0x0, 0xda,
    0x0, 0xda, 0x0, 0xda, 0x0, 0xda, 0x0, 0xda,
    0x0, 0xda, 0x0, 0xda, 0x0, 0xea, 0x14, 0xf7,
    0x7f, 0xb1,

    /* U+006B "k" */
    0xd9, 0x0, 0x0, 0xd, 0x90, 0x0, 0x0, 0xd9,
    0x0, 0x0, 0xd, 0x90, 0x1e, 0xa0, 0xd9, 0xc,
    0xc0, 0xd, 0x99, 0xe1, 0x0, 0xde, 0xff, 0x20,
    0xd, 0xf3, 0xcb, 0x0, 0xd9, 0x3, 0xf6, 0xd,
    0x90, 0x9, 0xe1,

    /* U+006C "l" */
    0xd9, 0xd, 0x90, 0xd9, 0xd, 0x90, 0xd9, 0xd,
    0x90, 0xd9, 0xd, 0x90, 0xcb, 0x6, 0xe5,

    /* U+006D "m" */
    0xd7, 0x9e, 0xc2, 0x6d, 0xe6, 0xd, 0xf8, 0x5e,
    0xfa, 0x4c, 0xf0, 0xda, 0x0, 0xae, 0x0, 0x5f,
    0x3d, 0x90, 0x9, 0xe0, 0x4, 0xf3, 0xd9, 0x0,
    0x9e, 0x0, 0x4f, 0x3d, 0x90, 0x9, 0xe0, 0x4,
    0xf3, 0xd9, 0x0, 0x9e, 0x0, 0x4f, 0x30,

    /* U+006E "n" */
    0xd7, 0x9e, 0xe4, 0xd, 0xf8, 0x5d, 0xe0, 0xda,
    0x0, 0x8f, 0xd, 0x90, 0x6, 0xf1, 0xd9, 0x0,
    0x6f, 0x1d, 0x90, 0x6, 0xf1, 0xd9, 0x0, 0x6f,
    0x10,

    /* U+006F "o" */
    0x1, 0x9e, 0xe9, 0x10, 0xb, 0xe4, 0x4e, 0xb0,
    0x3f, 0x70, 0x7, 0xf2, 0x5f, 0x30, 0x3, 0xf4,
    0x3f, 0x70, 0x7, 0xf2, 0xc, 0xe4, 0x4e, 0xb0,
    0x1, 0x9e, 0xe9, 0x10,

    /* U+0070 "p" */
    0xd8, 0xae, 0xd4, 0xd, 0xf7, 0x3b, 0xf2, 0xd9,
    0x0, 0x3f, 0x6d, 0x90, 0x0, 0xf8, 0xd9, 0x0,
    0x3f, 0x5d, 0xd5, 0x4c, 0xe0, 0xdb, 0xcf, 0xc2,
    0xd, 0x90, 0x0, 0x0, 0xd9, 0x0, 0x0, 0xd,
    0x90, 0x0, 0x0,

    /* U+0071 "q" */
    0x1, 0xaf, 0xd9, 0xf1, 0xc, 0xd2, 0x1b, 0xf1,
    0x2f, 0x50, 0x6, 0xf1, 0x4f, 0x30, 0x6, 0xf1,
    0x3f, 0x50, 0x6, 0xf1, 0xd, 0xd4, 0x5d, 0xf1,
    0x2, 0xcf, 0xc9, 0xf1, 0x0, 0x0, 0x6, 0xf1,
    0x0, 0x0, 0x6, 0xf1, 0x0, 0x0, 0x6, 0xf1,

    /* U+0072 "r" */
    0xd6, 0x9e, 0x3d, 0xea, 0x50, 0xdc, 0x0, 0xd,
    0x90, 0x0, 0xd9, 0x0, 0xd, 0x90, 0x0, 0xd9,
    0x0, 0x0,

    /* U+0073 "s" */
    0x6, 0xdf, 0xc3, 0x1f, 0x82, 0x62, 0x1f, 0xa1,
    0x0, 0x3, 0xbf, 0xa1, 0x0, 0x2, 0xda, 0x39,
    0x32, 0xda, 0x2a, 0xef, 0xb1,

    /* U+0074 "t" */
    0x6, 0xd0, 0x0, 0x8d, 0x0, 0xaf, 0xff, 0xb1,
    0xbe, 0x21, 0xa, 0xd0, 0x0, 0xad, 0x0, 0xa,
    0xe0, 0x0, 0x8f, 0x52, 0x1, 0xcf, 0xb0,

    /* U+0075 "u" */
    0xf8, 0x0, 0x8e, 0xf8, 0x0, 0x8e, 0xf8, 0x0,
    0x8e, 0xf8, 0x0, 0x8e, 0xe9, 0x0, 0x9e, 0xce,
    0x57, 0xfe, 0x3d, 0xe9, 0x6e,

    /* U+0076 "v" */
    0xad, 0x0, 0xb, 0xb4, 0xf2, 0x1, 0xf5, 0xe,
    0x80, 0x5f, 0x0, 0x9d, 0xb, 0xa0, 0x3, 0xf2,
    0xf5, 0x0, 0xd, 0xbe, 0x0, 0x0, 0x7f, 0x90,
    0x0,

    /* U+0077 "w" */
    0x8f, 0x0, 0x6f, 0x30, 0x1f, 0x43, 0xf3, 0xa,
    0xe8, 0x5, 0xf0, 0xf, 0x70, 0xe7, 0xc0, 0x9b,
    0x0, 0xbb, 0x3e, 0x2f, 0x1d, 0x70, 0x6, 0xf7,
    0xa0, 0xe6, 0xf3, 0x0, 0x2f, 0xd6, 0xa, 0xdf,
    0x0, 0x0, 0xdf, 0x20, 0x5f, 0xb0, 0x0,

    /* U+0078 "x" */
    0x5f, 0x40, 0x5f, 0x20, 0xad, 0xd, 0x80, 0x1,
    0xec, 0xe0, 0x0, 0xa, 0xf7, 0x0, 0x3, 0xfa,
    0xe1, 0x0, 0xd9, 0xe, 0xa0, 0x7f, 0x10, 0x5f,
    0x40,

    /* U+0079 "y" */
    0xae, 0x0, 0xb, 0xb3, 0xf3, 0x0, 0xf6, 0xd,
    0x90, 0x5f, 0x0, 0x6f, 0xa, 0xa0, 0x0, 0xf5,
    0xe5, 0x0, 0x9, 0xdf, 0x0, 0x0, 0x3f, 0x90,
    0x0, 0x2, 0xf3, 0x0, 0x4, 0xca, 0x0, 0x4,
    0xfb, 0x10, 0x0,

    /* U+007A "z" */
    0x1f, 0xff, 0xfd, 0x2, 0x26, 0xf5, 0x0, 0xd,
    0xa0, 0x0, 0x9e, 0x10, 0x5, 0xf4, 0x0, 0x1e,
    0xb2, 0x22, 0x7f, 0xff, 0xff,

    /* U+007B "{" */
    0x0, 0xce, 0x10, 0x5e, 0x0, 0x5, 0xd0, 0x0,
    0x5d, 0x0, 0x4, 0xe0, 0x0, 0x8c, 0x0, 0x7f,
    0x40, 0x0, 0x7c, 0x0, 0x4, 0xe0, 0x0, 0x5d,
    0x0, 0x5, 0xe0, 0x0, 0x1a, 0xd1,

    /* U+007C "|" */
    0xa5, 0xa5, 0xa5, 0xa5, 0xa5, 0xa5, 0xa5, 0xa5,
    0xa5, 0xa5, 0xa5, 0xa5, 0xa5, 0xa5,

    /* U+007D "}" */
    0x6e, 0x80, 0x0, 0x5f, 0x0, 0x3, 0xf0, 0x0,
    0x3f, 0x0, 0x4, 0xe0, 0x0, 0x2f, 0x30, 0x0,
    0xaf, 0x20, 0x2f, 0x20, 0x3, 0xe0, 0x0, 0x3f,
    0x0, 0x5, 0xf0, 0x6, 0xc7, 0x0,

    /* U+007E "~" */
    0x9, 0xd8, 0x22, 0x52, 0x82, 0x8f, 0xe5, 0x0,
    0x0, 0x0, 0x0,

    /* U+00B0 "°" */
    0x8, 0xc8, 0x4, 0xa0, 0xa4, 0x4a, 0xa, 0x40,
    0x8c, 0x80,

    /* U+201C "“" */
    0x6, 0x2, 0x49, 0x51, 0xb1, 0xe8, 0x6d, 0x39,
    0xc2, 0xe5,

    /* U+201D "”" */
    0x39, 0x17, 0x56, 0xf5, 0xce, 0xa, 0x32, 0xb5,
    0x50, 0x91,

    /* U+2026 "…" */
    0x59, 0x0, 0x2a, 0x20, 0x9, 0x58, 0xd0, 0x3,
    0xe3, 0x0, 0xd8,

    /* U+2191 "↑" */
    0x0, 0x0, 0x0, 0x0, 0x0, 0xb0, 0x0, 0x0,
    0xaf, 0xa0, 0x0, 0xac, 0xfc, 0xa0, 0x5c, 0x1f,
    0x1c, 0x50, 0x0, 0xf0, 0x0, 0x0, 0xf, 0x0,
    0x0, 0x0, 0xf0, 0x0, 0x0, 0xf, 0x0, 0x0,
    0x0, 0xf0, 0x0, 0x0, 0xf, 0x0, 0x0, 0x0,
    0xf0, 0x0, 0x0, 0xf, 0x0, 0x0,

    /* U+2193 "↓" */
    0x0, 0xf, 0x0, 0x0, 0x0, 0xf0, 0x0, 0x0,
    0xf, 0x0, 0x0, 0x0, 0xf0, 0x0, 0x0, 0xf,
    0x0, 0x0, 0x0, 0xf0, 0x0, 0x0, 0xf, 0x0,
    0x0, 0x0, 0xf0, 0x0, 0x6c, 0x2f, 0x2c, 0x50,
    0xac, 0xfc, 0xa0, 0x0, 0xaf, 0xa0, 0x0, 0x0,
    0xb0, 0x0, 0x0, 0x0, 0x0, 0x0,

    /* U+25BC "▼" */
    0x4b, 0xbb, 0xbb, 0xbb, 0xbb, 0xbb, 0x40, 0xdf,
    0xff, 0xff, 0xff, 0xff, 0xd0, 0x5, 0xff, 0xff,
    0xff, 0xff, 0xf5, 0x0, 0xc, 0xff, 0xff, 0xff,
    0xfb, 0x0, 0x0, 0x2f, 0xff, 0xff, 0xff, 0x20,
    0x0, 0x0, 0x9f, 0xff, 0xff, 0x90, 0x0, 0x0,
    0x1, 0xef, 0xff, 0xe1, 0x0, 0x0, 0x0, 0x7,
    0xff, 0xf6, 0x0, 0x0, 0x0, 0x0, 0xd, 0xfd,
    0x0, 0x0, 0x0, 0x0, 0x0, 0x4f, 0x40, 0x0,
    0x0, 0x0, 0x0, 0x0, 0x60, 0x0, 0x0, 0x0,

    /* U+25CF "●" */
    0x0, 0x1, 0x8c, 0xfd, 0x92, 0x0, 0x0, 0x3,
    0xef, 0xff, 0xff, 0xf6, 0x0, 0x1, 0xef, 0xff,
    0xff, 0xff, 0xf3, 0x0, 0xaf, 0xff, 0xff, 0xff,
    0xff, 0xd0, 0xe, 0xff, 0xff, 0xff, 0xff, 0xff,
    0x22, 0xff, 0xff, 0xff, 0xff, 0xff, 0xf5, 0x2f,
    0xff, 0xff, 0xff, 0xff, 0xff, 0x50, 0xff, 0xff,
    0xff, 0xff, 0xff, 0xf2, 0xa, 0xff, 0xff, 0xff,
    0xff, 0xfd, 0x0, 0x1e, 0xff, 0xff, 0xff, 0xff,
    0x30, 0x0, 0x3e, 0xff, 0xff, 0xff, 0x60, 0x0,
    0x0, 0x18, 0xcf, 0xd9, 0x20, 0x0,

    /* U+3000 "　" */

    /* U+3002 "。" */
    0xb, 0xda, 0x7, 0x70, 0x76, 0x77, 0x7, 0x60,
    0xbd, 0xb0,

    /* U+300C "「" */
    0xdf, 0xff, 0x5d, 0x71, 0x10, 0xd6, 0x0, 0xd,
    0x60, 0x0, 0xd6, 0x0, 0xd, 0x60, 0x0, 0xd6,
    0x0, 0xd, 0x60, 0x0, 0x42, 0x0, 0x0,

    /* U+300D "」" */
    0x0, 0x4, 0x20, 0x0, 0xd6, 0x0, 0xd, 0x60,
    0x0, 0xd6, 0x0, 0xd, 0x60, 0x0, 0xd6, 0x0,
    0xd, 0x61, 0x11, 0xd6, 0xcf, 0xff, 0x60,

    /* U+3010 "【" */
    0x0, 0x0, 0x5, 0xff, 0xf3, 0x5f, 0xf5, 0x5,
    0xfc, 0x0, 0x5f, 0x60, 0x5, 0xf2, 0x0, 0x5f,
    0x10, 0x5, 0xf1, 0x0, 0x5f, 0x20, 0x5, 0xf6,
    0x0, 0x5f, 0xc0, 0x5, 0xff, 0x50, 0x5f, 0xff,
    0x30,

    /* U+3011 "】" */
    0x3f, 0xff, 0x50, 0x5f, 0xf5, 0x0, 0xcf, 0x50,
    0x6, 0xf5, 0x0, 0x2f, 0x50, 0x1, 0xf5, 0x0,
    0x1f, 0x50, 0x2, 0xf5, 0x0, 0x6f, 0x50, 0xc,
    0xf5, 0x5, 0xff, 0x53, 0xff, 0xf5, 0x0, 0x0,
    0x0,

    /* U+4E00 "一" */
    0x2f, 0xff, 0xff, 0xff, 0xff, 0xff, 0xa1, 0x55,
    0x55, 0x55, 0x55, 0x55, 0x53,

    /* U+4E09 "三" */
    0x5, 0xee, 0xee, 0xee, 0xee, 0xe5, 0x0, 0x25,
    0x55, 0x55, 0x55, 0x55, 0x20, 0x0, 0x0, 0x0,
    0x0, 0x0, 0x0, 0x0, 0x0, 0x0, 0x0, 0x0,
    0x0, 0x0, 0x0, 0x24, 0x44, 0x44, 0x44, 0x10,
    0x0, 0x7, 0xff, 0xff, 0xff, 0xf5, 0x0, 0x0,
    0x0, 0x0, 0x0, 0x0, 0x0, 0x0, 0x0, 0x0,
    0x0, 0x0, 0x0, 0x0, 0x0, 0x0, 0x0, 0x0,
    0x0, 0x0, 0x1, 0xff, 0xff, 0xff, 0xff, 0xff,
    0xf1, 0x2, 0x22, 0x22, 0x22, 0x22, 0x22, 0x0,

    /* U+4E0A "上" */
    0x0, 0x0, 0x7, 0xd0, 0x0, 0x0, 0x0, 0x0,
    0x0, 0x7d, 0x0, 0x0, 0x0, 0x0, 0x0, 0x7,
    0xd0, 0x0, 0x0, 0x0, 0x0, 0x0, 0x7d, 0x0,
    0x0, 0x0, 0x0, 0x0, 0x7, 0xff, 0xff, 0xf6,
    0x0, 0x0, 0x0, 0x7d, 0x33, 0x33, 0x10, 0x0,
    0x0, 0x7, 0xd0, 0x0, 0x0, 0x0, 0x0, 0x0,
    0x7d, 0x0, 0x0, 0x0, 0x0, 0x0, 0x7, 0xd0,
    0x0, 0x0, 0x0, 0x0, 0x0, 0x7d, 0x0, 0x0,
    0x0, 0x1f, 0xff, 0xff, 0xff, 0xff, 0xff, 0x80,
    0x44, 0x44, 0x44, 0x44, 0x44, 0x42,

    /* U+4E0B "下" */
    0x3f, 0xff, 0xff, 0xff, 0xff, 0xff, 0x30, 0x44,
    0x44, 0x9e, 0x44, 0x44, 0x41, 0x0, 0x0, 0x6,
    0xd0, 0x0, 0x0, 0x0, 0x0, 0x0, 0x6f, 0x91,
    0x0, 0x0, 0x0, 0x0, 0x6, 0xfd, 0xf8, 0x0,
    0x0, 0x0, 0x0, 0x6d, 0x6, 0xfd, 0x30, 0x0,
    0x0, 0x6, 0xd0, 0x2, 0xb2, 0x0, 0x0, 0x0,
    0x6d, 0x0, 0x0, 0x0, 0x0, 0x0, 0x6, 0xd0,
    0x0, 0x0, 0x0, 0x0, 0x0, 0x6d, 0x0, 0x0,
    0x0, 0x0, 0x0, 0x6, 0xd0, 0x0, 0x0, 0x0,

    /* U+4E0D "不" */
    0x0, 0x0, 0x0, 0x0, 0x0, 0x0, 0x0, 0xff,
    0xff, 0xff, 0xff, 0xff, 0xf0, 0x3, 0x33, 0x33,
    0xdd, 0x33, 0x33, 0x0, 0x0, 0x0, 0x7f, 0x40,
    0x0, 0x0, 0x0, 0x0, 0x5f, 0xf7, 0x80, 0x0,
    0x0, 0x0, 0x6f, 0xaf, 0x6e, 0xc2, 0x0, 0x0,
    0x9f, 0x72, 0xf2, 0x1b, 0xf4, 0x2, 0xee, 0x40,
    0x2f, 0x20, 0x9, 0xf3, 0x7, 0x10, 0x2, 0xf2,
    0x0, 0x5, 0x0, 0x0, 0x0, 0x2f, 0x20, 0x0,
    0x0, 0x0, 0x0, 0x2, 0xf2, 0x0, 0x0, 0x0,
    0x0, 0x0, 0x2f, 0x20, 0x0, 0x0,

    /* U+4E1C "东" */
    0x0, 0x0, 0xb, 0x50, 0x0, 0x0, 0x0, 0x33,
    0x36, 0xf6, 0x33, 0x33, 0x30, 0xe, 0xff, 0xff,
    0xff, 0xff, 0xfe, 0x0, 0x0, 0x5f, 0x21, 0x20,
    0x0, 0x0, 0x0, 0xe, 0x70, 0x7b, 0x0, 0x0,
    0x0, 0xb, 0xf4, 0x4a, 0xc4, 0x44, 0x10, 0x0,
    0xee, 0xee, 0xff, 0xee, 0xe5, 0x0, 0x0, 0x10,
    0x7, 0xb0, 0x10, 0x0, 0x0, 0x3f, 0x30, 0x7b,
    0x1f, 0x50, 0x0, 0xc, 0xa0, 0x7, 0xb0, 0x4f,
    0x30, 0xb, 0xd1, 0x13, 0xab, 0x0, 0x8e, 0x10,
    0x52, 0x1, 0xfe, 0x60, 0x0, 0x40, 0x0, 0x0,
    0x0, 0x0, 0x0, 0x0, 0x0,

    /* U+4E24 "两" */
    0x0, 0x0, 0x0, 0x0, 0x0, 0x0, 0x2, 0xff,
    0xff, 0xff, 0xff, 0xff, 0xf3, 0x1, 0x11, 0xc8,
    0x18, 0xb1, 0x11, 0x0, 0x22, 0x2c, 0x82, 0x9c,
    0x22, 0x20, 0xa, 0xff, 0xff, 0xff, 0xff, 0xfb,
    0x0, 0xa8, 0xd, 0x50, 0x9a, 0x8, 0xb0, 0xa,
    0x80, 0xf9, 0xc, 0xd0, 0x8b, 0x0, 0xa8, 0x3f,
    0xe6, 0xfc, 0xb8, 0xb0, 0xa, 0x8b, 0x94, 0x9d,
    0xd, 0xdb, 0x0, 0xac, 0xe1, 0x1e, 0x30, 0x28,
    0xb0, 0xa, 0x81, 0x0, 0x10, 0x22, 0xaa, 0x0,
    0xa8, 0x0, 0x0, 0x8, 0xfe, 0x50,

    /* U+4E2A "个" */
    0x0, 0x0, 0x0, 0xb4, 0x0, 0x0, 0x0, 0x0,
    0x0, 0x8f, 0x90, 0x0, 0x0, 0x0, 0x0, 0x9e,
    0x6e, 0x90, 0x0, 0x0, 0x1, 0xbe, 0x20, 0x3e,
    0xc2, 0x0, 0x18, 0xfc, 0x22, 0xf1, 0x1c, 0xf9,
    0x12, 0xe6, 0x0, 0x2f, 0x10, 0x6, 0xe3, 0x0,
    0x0, 0x2, 0xf1, 0x0, 0x0, 0x0, 0x0, 0x0,
    0x2f, 0x10, 0x0, 0x0, 0x0, 0x0, 0x2, 0xf1,
    0x0, 0x0, 0x0, 0x0, 0x0, 0x2f, 0x10, 0x0,
    0x0, 0x0, 0x0, 0x2, 0xf1, 0x0, 0x0, 0x0,
    0x0, 0x0, 0x2f, 0x10, 0x0, 0x0,

    /* U+4E2D "中" */
    0x0, 0x0, 0x5e, 0x0, 0x0, 0x0, 0x0, 0x5,
    0xe0, 0x0, 0x0, 0xcd, 0xdd, 0xef, 0xdd, 0xdd,
    0x6e, 0x85, 0x58, 0xf5, 0x55, 0xd8, 0xe4, 0x0,
    0x5e, 0x0, 0xb, 0x8e, 0x40, 0x5, 0xe0, 0x0,
    0xb8, 0xe7, 0x33, 0x7f, 0x33, 0x3c, 0x8e, 0xff,
    0xff, 0xff, 0xff, 0xf8, 0x61, 0x0, 0x5e, 0x0,
    0x4, 0x20, 0x0, 0x5, 0xe0, 0x0, 0x0, 0x0,
    0x0, 0x5e, 0x0, 0x0, 0x0, 0x0, 0x5, 0xe0,
    0x0, 0x0,

    /* U+4E3A "为" */
    0x0, 0x72, 0xe, 0x50, 0x0, 0x0, 0x0, 0x9c,
    0xe, 0x50, 0x0, 0x0, 0x0, 0x8, 0x1e, 0x40,
    0x0, 0x0, 0xf, 0xff, 0xff, 0xff, 0xff, 0xf9,
    0x4, 0x44, 0x6f, 0x54, 0x44, 0xc9, 0x0, 0x0,
    0x5e, 0x1, 0x0, 0xb8, 0x0, 0x0, 0xba, 0x7d,
    0x0, 0xc7, 0x0, 0x2, 0xf3, 0xd, 0x80, 0xd6,
    0x0, 0xc, 0xc0, 0x4, 0x70, 0xe5, 0x0, 0x9f,
    0x20, 0x0, 0x0, 0xf3, 0xb, 0xf4, 0x0, 0x3,
    0x38, 0xf1, 0x1a, 0x20, 0x0, 0xa, 0xff, 0x70,
    0x0, 0x0, 0x0, 0x0, 0x0, 0x0,

    /* U+4E3B "主" */
    0x0, 0x0, 0x7, 0x30, 0x0, 0x0, 0x0, 0x0,
    0x0, 0x8f, 0x60, 0x0, 0x0, 0x1, 0x33, 0x33,
    0x9f, 0x43, 0x32, 0x0, 0x7f, 0xff, 0xff, 0xff,
    0xff, 0xb0, 0x0, 0x0, 0x0, 0xf4, 0x0, 0x0,
    0x0, 0x0, 0x0, 0xf, 0x40, 0x0, 0x0, 0x0,
    0xbd, 0xdd, 0xfe, 0xdd, 0xd2, 0x0, 0x4, 0x55,
    0x5f, 0x85, 0x55, 0x10, 0x0, 0x0, 0x0, 0xf4,
    0x0, 0x0, 0x0, 0x0, 0x0, 0xf, 0x40, 0x0,
    0x0, 0x1c, 0xcc, 0xcd, 0xfd, 0xcc, 0xcc, 0x50,
    0x55, 0x55, 0x55, 0x55, 0x55, 0x52,

    /* U+4E48 "么" */
    0x0, 0x0, 0x7, 0x60, 0x0, 0x0, 0x0, 0x0,
    0x3, 0xf4, 0x0, 0x0, 0x0, 0x0, 0x1, 0xe7,
    0x0, 0x20, 0x0, 0x0, 0x2, 0xdb, 0x0, 0x2f,
    0x80, 0x0, 0x3, 0xeb, 0x0, 0xc, 0xc0, 0x0,
    0x0, 0xea, 0x0, 0xa, 0xe1, 0x0, 0x0, 0x2,
    0x0, 0x8, 0xf3, 0x12, 0x0, 0x0, 0x0, 0x7,
    0xf4, 0x7, 0xe1, 0x0, 0x0, 0x7, 0xf4, 0x0,
    0xc, 0xb0, 0x0, 0x9, 0xf6, 0x35, 0x67, 0xaf,
    0x50, 0x7, 0xff, 0xff, 0xec, 0xba, 0xbe, 0x0,
    0x13, 0x10, 0x0, 0x0, 0x1, 0xa1,

    /* U+4E4B "之" */
    0x0, 0x0, 0x4, 0x80, 0x0, 0x0, 0x0, 0x0,
    0x0, 0x3f, 0x40, 0x0, 0x0, 0x2, 0x33, 0x33,
    0xb9, 0x33, 0x20, 0x0, 0xaf, 0xff, 0xff, 0xff,
    0xff, 0x20, 0x0, 0x0, 0x0, 0x0, 0x2f, 0x80,
    0x0, 0x0, 0x0, 0x0, 0x2e, 0xa0, 0x0, 0x0,
    0x0, 0x0, 0x2e, 0xb0, 0x0, 0x0, 0x0, 0x0,
    0x4e, 0xa0, 0x0, 0x0, 0x0, 0x0, 0x7f, 0x80,
    0x0, 0x0, 0x0, 0x6, 0xde, 0x40, 0x0, 0x0,
    0x0, 0xc, 0xda, 0xe8, 0x54, 0x44, 0x56, 0x31,
    0xc1, 0x4, 0xad, 0xee, 0xed, 0xd3, 0x0, 0x0,
    0x0, 0x0, 0x0, 0x0, 0x0,

    /* U+4E66 "书" */
    0x0, 0x0, 0xe, 0x40, 0x7, 0x30, 0x0, 0x0,
    0x0, 0xe4, 0x0, 0x7f, 0x80, 0x8, 0xee, 0xef,
    0xee, 0xee, 0x69, 0x0, 0x23, 0x33, 0xf7, 0x33,
    0xf3, 0x0, 0x0, 0x0, 0xe, 0x40, 0xf, 0x30,
    0x1, 0x33, 0x33, 0xf7, 0x33, 0xf6, 0x30, 0x5f,
    0xff, 0xff, 0xff, 0xff, 0xff, 0x0, 0x0, 0x0,
    0xe4, 0x0, 0x4, 0xf0, 0x0, 0x0, 0xe, 0x40,
    0x0, 0x6d, 0x0, 0x0, 0x0, 0xe4, 0x2, 0x2b,
    0xa0, 0x0, 0x0, 0xe, 0x40, 0xef, 0xd3, 0x0,
    0x0, 0x0, 0xe4, 0x0, 0x0, 0x0,

    /* U+4E86 "了" */
    0x0, 0x0, 0x0, 0x0, 0x0, 0xa, 0xff, 0xff,
    0xff, 0xff, 0xf5, 0x23, 0x33, 0x33, 0x36, 0xfb,
    0x0, 0x0, 0x0, 0x6, 0xf9, 0x0, 0x0, 0x0,
    0xc, 0xe4, 0x0, 0x0, 0x0, 0x1, 0xf3, 0x0,
    0x0, 0x0, 0x0, 0x1f, 0x20, 0x0, 0x0, 0x0,
    0x1, 0xf2, 0x0, 0x0, 0x0, 0x0, 0x1f, 0x20,
    0x0, 0x0, 0x0, 0x1, 0xf2, 0x0, 0x0, 0x0,
    0x23, 0x5f, 0x20, 0x0, 0x0, 0x7, 0xfe, 0xa0,
    0x0, 0x0,

    /* U+4E8E "于" */
    0x0, 0x0, 0x0, 0x0, 0x0, 0x0, 0x0, 0x2f,
    0xff, 0xff, 0xff, 0xff, 0x80, 0x0, 0x22, 0x22,
    0xd8, 0x22, 0x21, 0x0, 0x0, 0x0, 0xd, 0x60,
    0x0, 0x0, 0x0, 0x0, 0x0, 0xd6, 0x0, 0x0,
    0x1, 0xff, 0xff, 0xff, 0xff, 0xff, 0xf6, 0x3,
    0x33, 0x33, 0xd9, 0x33, 0x33, 0x10, 0x0, 0x0,
    0xd, 0x60, 0x0, 0x0, 0x0, 0x0, 0x0, 0xd6,
    0x0, 0x0, 0x0, 0x0, 0x0, 0xd, 0x60, 0x0,
    0x0, 0x0, 0x1, 0x34, 0xe6, 0x0, 0x0, 0x0,
    0x0, 0x3f, 0xfc, 0x10, 0x0, 0x0,

    /* U+4E91 "云" */
    0x0, 0x9f, 0xff, 0xff, 0xff, 0xf1, 0x0, 0x2,
    0x44, 0x44, 0x44, 0x44, 0x0, 0x0, 0x0, 0x0,
    0x0, 0x0, 0x0, 0x0, 0x44, 0x44, 0x44, 0x44,
    0x44, 0x42, 0x1f, 0xff, 0xff, 0xff, 0xff, 0xff,
    0x60, 0x0, 0x9, 0xf1, 0x0, 0x0, 0x0, 0x0,
    0x3, 0xf7, 0x0, 0x99, 0x0, 0x0, 0x0, 0xcc,
    0x0, 0x3, 0xf5, 0x0, 0x0, 0x9e, 0x21, 0x23,
    0x4c, 0xe1, 0x0, 0x4f, 0xff, 0xff, 0xfe, 0xde,
    0xa0, 0x0, 0x75, 0x42, 0x10, 0x0, 0x5d, 0x0,
    0x0, 0x0, 0x0, 0x0, 0x0, 0x0,

    /* U+4E9B "些" */
    0x0, 0x7, 0xb0, 0xe, 0x50, 0x0, 0x0, 0x34,
    0x7b, 0x0, 0xe5, 0x6, 0x40, 0x7, 0x97, 0xff,
    0x7e, 0xdf, 0xb5, 0x0, 0x79, 0x7b, 0x10, 0xe9,
    0x10, 0x0, 0x7, 0x97, 0xb0, 0xe, 0x50, 0x9,
    0x50, 0x79, 0x8c, 0x64, 0xe8, 0x23, 0xd6, 0x2f,
    0xff, 0xdb, 0x67, 0xef, 0xfd, 0x10, 0x33, 0x33,
    0x33, 0x33, 0x33, 0x0, 0x0, 0xaf, 0xff, 0xff,
    0xff, 0xf1, 0x0, 0x0, 0x0, 0x0, 0x0, 0x0,
    0x0, 0x3, 0x33, 0x33, 0x33, 0x33, 0x33, 0x11,
    0xff, 0xff, 0xff, 0xff, 0xff, 0xf7,

    /* U+4EAE "亮" */
    0x0, 0x0, 0x3, 0xc0, 0x0, 0x0, 0x2, 0xaa,
    0xaa, 0xaf, 0xca, 0xaa, 0xa2, 0x15, 0x55, 0x55,
    0x55, 0x55, 0x55, 0x10, 0x6, 0xfc, 0xcc, 0xcc,
    0xf7, 0x0, 0x0, 0x6d, 0x22, 0x22, 0x2d, 0x70,
    0x0, 0x4, 0xaa, 0xaa, 0xaa, 0xa5, 0x0, 0xa,
    0xaa, 0xaa, 0xaa, 0xaa, 0xaa, 0x0, 0xf5, 0x44,
    0x44, 0x44, 0x46, 0xf0, 0x7, 0x3, 0xff, 0xff,
    0xf2, 0x16, 0x0, 0x0, 0x7d, 0x0, 0x2f, 0x20,
    0x30, 0x0, 0x5e, 0x70, 0x2, 0xf3, 0x1f, 0x20,
    0xee, 0x60, 0x0, 0xd, 0xff, 0xb0, 0x1, 0x0,
    0x0, 0x0, 0x0, 0x0, 0x0,

    /* U+4EC0 "什" */
    0x0, 0x0, 0x0, 0x0, 0x0, 0x0, 0x0, 0x0,
    0xd5, 0x0, 0x5e, 0x0, 0x0, 0x0, 0x4f, 0x10,
    0x5, 0xe0, 0x0, 0x0, 0xc, 0x90, 0x0, 0x5e,
    0x0, 0x0, 0x5, 0xf5, 0x0, 0x5, 0xe0, 0x0,
    0x1, 0xff, 0x54, 0x44, 0x8f, 0x44, 0x41, 0x9d,
    0xe5, 0xcd, 0xde, 0xfd, 0xdd, 0x32, 0x2d, 0x50,
    0x0, 0x5e, 0x0, 0x0, 0x0, 0xd5, 0x0, 0x5,
    0xe0, 0x0, 0x0, 0xd, 0x50, 0x0, 0x5e, 0x0,
    0x0, 0x0, 0xd5, 0x0, 0x5, 0xe0, 0x0, 0x0,
    0xd, 0x50, 0x0, 0x5e, 0x0, 0x0, 0x0, 0xd5,
    0x0, 0x5, 0xe0, 0x0, 0x0, 0x0, 0x0, 0x0,
    0x0, 0x0, 0x0,

    /* U+4F0F "伏" */
    0x0, 0xd, 0x30, 0xe, 0x45, 0x30, 0x0, 0x5,
    0xe0, 0x0, 0xe4, 0x7d, 0x0, 0x0, 0xd8, 0x0,
    0xe, 0x40, 0xd5, 0x0, 0x7f, 0x42, 0x22, 0xe6,
    0x23, 0x20, 0x3f, 0xf4, 0xff, 0xff, 0xff, 0xff,
    0x8, 0xbe, 0x40, 0x1, 0xfa, 0x0, 0x0, 0x10,
    0xe4, 0x0, 0x4f, 0xf1, 0x0, 0x0, 0xe, 0x40,
    0x9, 0xbd, 0x60, 0x0, 0x0, 0xe4, 0x1, 0xf4,
    0x6d, 0x0, 0x0, 0xe, 0x40, 0xad, 0x0, 0xe9,
    0x0, 0x0, 0xe4, 0x8f, 0x30, 0x3, 0xf9, 0x0,
    0xe, 0x5c, 0x40, 0x0, 0x3, 0xa0, 0x0, 0x0,
    0x0, 0x0, 0x0, 0x0, 0x0,

    /* U+4F19 "伙" */
    0x0, 0x0, 0x0, 0x0, 0x0, 0x0, 0x0, 0x0,
    0xe5, 0x0, 0x7c, 0x0, 0x0, 0x0, 0x6e, 0x0,
    0x7, 0xc0, 0x0, 0x0, 0xd, 0x80, 0x91, 0x8c,
    0x0, 0x91, 0x9, 0xf5, 0x1f, 0x18, 0xc0, 0x5f,
    0x5, 0xff, 0x54, 0xf0, 0x9b, 0xa, 0xa0, 0x59,
    0xe5, 0x9a, 0xb, 0xc0, 0xf4, 0x0, 0xe, 0x53,
    0x30, 0xdf, 0x4, 0x0, 0x0, 0xe5, 0x0, 0x1f,
    0xf5, 0x0, 0x0, 0xe, 0x50, 0x8, 0xd8, 0xc0,
    0x0, 0x0, 0xe5, 0x3, 0xf5, 0xe, 0x80, 0x0,
    0xe, 0x57, 0xfa, 0x0, 0x5f, 0xb2, 0x0, 0xe6,
    0xc7, 0x0, 0x0, 0x4c, 0x10, 0x0, 0x0, 0x0,
    0x0, 0x0, 0x0,

    /* U+4F1A "会" */
    0x0, 0x0, 0x0, 0xb5, 0x0, 0x0, 0x0, 0x0,
    0x0, 0xbf, 0xb0, 0x0, 0x0, 0x0, 0x3, 0xdc,
    0x2b, 0xd3, 0x0, 0x0, 0x2a, 0xf9, 0x0, 0x7,
    0xfb, 0x40, 0x2f, 0xeb, 0xff, 0xff, 0xfb, 0xbf,
    0x40, 0x40, 0x12, 0x22, 0x22, 0x10, 0x20, 0x3,
    0x44, 0x44, 0x44, 0x44, 0x43, 0x0, 0xae, 0xef,
    0xff, 0xee, 0xee, 0xd0, 0x0, 0x0, 0xcc, 0x0,
    0x84, 0x0, 0x0, 0x0, 0xad, 0x10, 0x5, 0xf4,
    0x0, 0x1, 0xcf, 0xa9, 0xab, 0xcf, 0xf2, 0x0,
    0xd, 0xba, 0x97, 0x65, 0x3a, 0x90, 0x0, 0x0,
    0x0, 0x0, 0x0, 0x0, 0x0,

    /* U+4F26 "伦" */
    0x0, 0x8, 0x10, 0x6, 0x70, 0x0, 0x0, 0x4,
    0xf0, 0x1, 0xfc, 0x0, 0x0, 0x0, 0xb9, 0x0,
    0xca, 0xca, 0x0, 0x0, 0x4f, 0x30, 0xbc, 0x1,
    0xd9, 0x0, 0x1e, 0xf5, 0xcb, 0x0, 0x2, 0xdd,
    0x27, 0xdf, 0x79, 0xd4, 0x0, 0x11, 0x90, 0x2,
    0xf2, 0xe, 0x40, 0x7f, 0x70, 0x0, 0xf, 0x20,
    0xeb, 0xed, 0x50, 0x0, 0x0, 0xf2, 0xe, 0xb4,
    0x0, 0x0, 0x0, 0xf, 0x20, 0xe4, 0x0, 0x6,
    0x50, 0x0, 0xf2, 0xe, 0x71, 0x11, 0xb7, 0x0,
    0xf, 0x20, 0x8f, 0xff, 0xfd, 0x20,

    /* U+4F34 "伴" */
    0x0, 0x0, 0x0, 0x0, 0x0, 0x0, 0x0, 0x0,
    0xd7, 0x40, 0x6c, 0x3, 0x40, 0x0, 0x6e, 0x3f,
    0x16, 0xc0, 0xaa, 0x0, 0xe, 0x60, 0xb7, 0x6c,
    0x1f, 0x30, 0xa, 0xf3, 0x5, 0x56, 0xc2, 0x70,
    0x7, 0xff, 0x37, 0xff, 0xff, 0xff, 0xe0, 0x85,
    0xe3, 0x12, 0x28, 0xd2, 0x22, 0x0, 0xe, 0x30,
    0x0, 0x6c, 0x0, 0x0, 0x0, 0xe4, 0xdd, 0xde,
    0xfd, 0xdd, 0x60, 0xe, 0x34, 0x44, 0x9d, 0x44,
    0x41, 0x0, 0xe3, 0x0, 0x6, 0xc0, 0x0, 0x0,
    0xe, 0x30, 0x0, 0x6c, 0x0, 0x0, 0x0, 0xe3,
    0x0, 0x6, 0xc0, 0x0, 0x0, 0x0, 0x0, 0x0,
    0x0, 0x0, 0x0,

    /* U+4F3C "似" */
    0x0, 0x2, 0x0, 0x0, 0x0, 0x0, 0x0, 0x5,
    0xe2, 0x70, 0x10, 0xe, 0x40, 0x0, 0xc7, 0x3e,
    0x6b, 0x0, 0xf3, 0x0, 0x4f, 0x13, 0xe0, 0xf3,
    0xf, 0x20, 0x1e, 0xf0, 0x3e, 0x9, 0x91, 0xf1,
    0x9, 0xef, 0x3, 0xe0, 0x4b, 0x4f, 0x0, 0x43,
    0xf0, 0x3e, 0x0, 0x6, 0xc0, 0x0, 0x1f, 0x3,
    0xe0, 0x30, 0xbe, 0x0, 0x1, 0xf0, 0x4f, 0x8e,
    0x5f, 0xe7, 0x0, 0x1f, 0x7, 0xfb, 0x1a, 0xc5,
    0xe0, 0x1, 0xf0, 0x66, 0x8, 0xf3, 0xe, 0x50,
    0x1f, 0x0, 0x0, 0xa4, 0x0, 0x52,

    /* U+4F4F "住" */
    0x0, 0x6, 0x20, 0x8, 0x20, 0x0, 0x0, 0x3,
    0xf2, 0x0, 0xaa, 0x0, 0x0, 0x0, 0xbb, 0x23,
    0x36, 0xb3, 0x33, 0x0, 0x5f, 0x5b, 0xff, 0xff,
    0xff, 0xf1, 0x2f, 0xf4, 0x0, 0x7, 0xc0, 0x0,
    0x6, 0xae, 0x40, 0x0, 0x7c, 0x0, 0x0, 0x0,
    0xe4, 0x4e, 0xef, 0xfe, 0xea, 0x0, 0xe, 0x41,
    0x44, 0x9d, 0x44, 0x20, 0x0, 0xe4, 0x0, 0x7,
    0xc0, 0x0, 0x0, 0xe, 0x40, 0x0, 0x7c, 0x0,
    0x0, 0x0, 0xe5, 0x55, 0x5a, 0xd5, 0x55, 0x10,
    0xe, 0x5c, 0xcc, 0xcc, 0xcc, 0xc3,

    /* U+4F60 "你" */
    0x0, 0x7, 0x21, 0x80, 0x0, 0x0, 0x0, 0x3,
    0xf1, 0x6e, 0x0, 0x0, 0x0, 0x0, 0xb9, 0xb,
    0xb4, 0x44, 0x44, 0x10, 0x5f, 0x33, 0xfd, 0xdf,
    0xdd, 0xf5, 0x2f, 0xf2, 0xca, 0x2, 0xf0, 0xf,
    0x29, 0xbf, 0x39, 0x20, 0x2f, 0x2, 0x80, 0x11,
    0xf2, 0x8, 0xb2, 0xf1, 0xf2, 0x0, 0xf, 0x20,
    0xd6, 0x2f, 0xa, 0x90, 0x0, 0xf2, 0x4f, 0x12,
    0xf0, 0x4e, 0x0, 0xf, 0x2c, 0x80, 0x2f, 0x0,
    0xf3, 0x0, 0xf2, 0x10, 0x25, 0xf0, 0x2, 0x0,
    0xf, 0x20, 0x7, 0xfa, 0x0, 0x0, 0x0, 0x0,
    0x0, 0x0, 0x0, 0x0, 0x0,

    /* U+4FE1 "信" */
    0x0, 0x0, 0x0, 0x0, 0x0, 0x0, 0x0, 0xd,
    0x20, 0xc, 0x30, 0x0, 0x0, 0x6c, 0x0, 0x7,
    0x80, 0x0, 0x0, 0xd5, 0xee, 0xef, 0xfe, 0xee,
    0x7, 0xf2, 0x0, 0x0, 0x0, 0x0, 0x3f, 0xf2,
    0xe, 0xff, 0xff, 0xf0, 0x79, 0xe2, 0x1, 0x11,
    0x11, 0x10, 0x0, 0xe2, 0xd, 0xee, 0xee, 0xe0,
    0x0, 0xe2, 0x0, 0x0, 0x0, 0x0, 0x0, 0xe2,
    0x1f, 0xee, 0xee, 0xf2, 0x0, 0xe2, 0x1e, 0x0,
    0x0, 0xe2, 0x0, 0xe2, 0x1f, 0x33, 0x33, 0xf2,
    0x0, 0xe2, 0x1f, 0xcc, 0xcc, 0xe2,

    /* U+5143 "元" */
    0x0, 0xff, 0xff, 0xff, 0xff, 0xf1, 0x0, 0x3,
    0x33, 0x33, 0x33, 0x33, 0x0, 0x0, 0x0, 0x0,
    0x0, 0x0, 0x0, 0x0, 0x33, 0x33, 0x33, 0x33,
    0x33, 0x30, 0x2f, 0xff, 0xff, 0xff, 0xff, 0xff,
    0x30, 0x0, 0x2f, 0x20, 0x8b, 0x0, 0x0, 0x0,
    0x4, 0xf0, 0x8, 0xb0, 0x0, 0x0, 0x0, 0x9c,
    0x0, 0x8b, 0x0, 0x20, 0x0, 0x2f, 0x60, 0x8,
    0xb0, 0xb, 0x60, 0x4e, 0xa0, 0x0, 0x8c, 0x22,
    0xe4, 0x2f, 0x80, 0x0, 0x4, 0xef, 0xfc, 0x0,
    0x0, 0x0, 0x0, 0x0, 0x0, 0x0,

    /* U+5149 "光" */
    0x0, 0x30, 0x0, 0xf3, 0x0, 0x41, 0x0, 0xc,
    0x80, 0xf, 0x30, 0x1f, 0x50, 0x0, 0x5f, 0x10,
    0xf3, 0x8, 0xc0, 0x0, 0x0, 0xe5, 0xf, 0x30,
    0xf3, 0x0, 0x1, 0x13, 0x11, 0xf4, 0x12, 0x11,
    0x1, 0xff, 0xff, 0xff, 0xff, 0xff, 0xf7, 0x1,
    0x11, 0xd8, 0x15, 0xe1, 0x11, 0x0, 0x0, 0xf,
    0x50, 0x4e, 0x0, 0x0, 0x0, 0x4, 0xf1, 0x4,
    0xe0, 0x1, 0x0, 0x1, 0xda, 0x0, 0x4e, 0x0,
    0x88, 0x6, 0xdc, 0x0, 0x4, 0xf2, 0x2b, 0x81,
    0xd7, 0x0, 0x0, 0x1d, 0xff, 0xe2, 0x0, 0x0,
    0x0, 0x0, 0x0, 0x0, 0x0,

    /* U+514B "克" */
    0x0, 0x0, 0x2, 0xf1, 0x0, 0x0, 0x0, 0xee,
    0xee, 0xef, 0xee, 0xee, 0xe1, 0x2, 0x22, 0x24,
    0xf4, 0x22, 0x22, 0x0, 0x1, 0x11, 0x3f, 0x21,
    0x11, 0x0, 0x0, 0xaf, 0xff, 0xff, 0xff, 0xb0,
    0x0, 0xa, 0x80, 0x0, 0x0, 0x7b, 0x0, 0x0,
    0xaa, 0x33, 0x33, 0x39, 0xb0, 0x0, 0x8, 0xdf,
    0xed, 0xfe, 0xd9, 0x0, 0x0, 0x0, 0xe5, 0xb,
    0x70, 0x0, 0x0, 0x0, 0x6f, 0x10, 0xb7, 0x0,
    0x83, 0x3, 0x9f, 0x60, 0xb, 0x92, 0x2d, 0x52,
    0xfb, 0x40, 0x0, 0x6f, 0xff, 0xd0, 0x0, 0x0,
    0x0, 0x0, 0x0, 0x0, 0x0,

    /* U+514D "免" */
    0x0, 0x3, 0xd3, 0x0, 0x0, 0x0, 0x0, 0x0,
    0xdf, 0xff, 0xfb, 0x0, 0x0, 0x1, 0xcc, 0x10,
    0x3e, 0x30, 0x0, 0x2, 0xef, 0xee, 0xef, 0xfe,
    0xee, 0x50, 0x8, 0xf4, 0x24, 0xf4, 0x22, 0xe5,
    0x0, 0xf, 0x20, 0x4f, 0x0, 0xe, 0x50, 0x0,
    0xfd, 0xcd, 0xfc, 0xcc, 0xf5, 0x0, 0x4, 0x44,
    0xe9, 0xf7, 0x44, 0x10, 0x0, 0x0, 0x5f, 0x2e,
    0x40, 0x0, 0x0, 0x0, 0x4f, 0x70, 0xe4, 0x0,
    0xa3, 0x3, 0x9f, 0x80, 0xe, 0x61, 0x1e, 0x31,
    0xea, 0x30, 0x0, 0x9f, 0xff, 0xc0, 0x0, 0x0,
    0x0, 0x0, 0x0, 0x0, 0x0,

    /* U+5154 "兔" */
    0x0, 0x3, 0xd2, 0x0, 0x0, 0x0, 0x0, 0x0,
    0xdf, 0xff, 0xfa, 0x0, 0x0, 0x1, 0xbc, 0x10,
    0x3f, 0x30, 0x0, 0x2, 0xdf, 0xdc, 0xcf, 0xfc,
    0xcc, 0x40, 0x3c, 0xf4, 0x35, 0xf6, 0x33, 0xf5,
    0x0, 0x1f, 0x0, 0x3f, 0x10, 0xe, 0x50, 0x1,
    0xf2, 0x16, 0xf1, 0x11, 0xe5, 0x0, 0x1f, 0xff,
    0xff, 0xff, 0xff, 0x50, 0x0, 0x0, 0x1f, 0x8f,
    0x3b, 0x10, 0x0, 0x0, 0x2d, 0xb3, 0xf0, 0x9c,
    0x40, 0x3, 0x9f, 0xa0, 0x3f, 0x11, 0x3d, 0x42,
    0xea, 0x30, 0x1, 0xdf, 0xff, 0xd0, 0x0, 0x0,
    0x0, 0x0, 0x0, 0x0, 0x0,

    /* U+5165 "入" */
    0x0, 0x0, 0x70, 0x0, 0x0, 0x0, 0x0, 0x0,
    0x1e, 0xc0, 0x0, 0x0, 0x0, 0x0, 0x0, 0x2e,
    0xa0, 0x0, 0x0, 0x0, 0x0, 0x0, 0x5f, 0x40,
    0x0, 0x0, 0x0, 0x0, 0x8, 0xfd, 0x0, 0x0,
    0x0, 0x0, 0x0, 0xd9, 0xe6, 0x0, 0x0, 0x0,
    0x0, 0x5f, 0x26, 0xf1, 0x0, 0x0, 0x0, 0xd,
    0xb0, 0xd, 0x90, 0x0, 0x0, 0x8, 0xf2, 0x0,
    0x5f, 0x40, 0x0, 0x7, 0xf6, 0x0, 0x0, 0xaf,
    0x40, 0x1b, 0xf7, 0x0, 0x0, 0x0, 0xcf, 0x41,
    0xb4, 0x0, 0x0, 0x0, 0x0, 0x82,

    /* U+5168 "全" */
    0x0, 0x0, 0x1, 0xc2, 0x0, 0x0, 0x0, 0x0,
    0x0, 0xcf, 0xc1, 0x0, 0x0, 0x0, 0x1, 0xcb,
    0x1b, 0xd1, 0x0, 0x0, 0x4, 0xeb, 0x0, 0xa,
    0xe5, 0x0, 0x2a, 0xf9, 0x11, 0x11, 0x18, 0xfc,
    0x33, 0xb8, 0xff, 0xff, 0xff, 0xf9, 0xb3, 0x0,
    0x0, 0x2, 0xf2, 0x0, 0x0, 0x0, 0x0, 0x11,
    0x3f, 0x31, 0x10, 0x0, 0x0, 0x4e, 0xef, 0xff,
    0xee, 0x60, 0x0, 0x0, 0x0, 0x2f, 0x20, 0x0,
    0x0, 0x1, 0x11, 0x13, 0xf3, 0x11, 0x11, 0x0,
    0xff, 0xff, 0xff, 0xff, 0xff, 0xf0,

    /* U+5171 "共" */
    0x0, 0x3, 0xf0, 0x0, 0x9a, 0x0, 0x0, 0x0,
    0x3f, 0x0, 0x9, 0xa0, 0x0, 0x2, 0x36, 0xf3,
    0x33, 0xbb, 0x33, 0x0, 0x9f, 0xff, 0xff, 0xff,
    0xff, 0xf2, 0x0, 0x3, 0xf0, 0x0, 0x9a, 0x0,
    0x0, 0x0, 0x3f, 0x0, 0x9, 0xa0, 0x0, 0x3,
    0x36, 0xf3, 0x33, 0xbb, 0x33, 0x21, 0xff, 0xff,
    0xff, 0xff, 0xff, 0xf8, 0x0, 0x0, 0x40, 0x0,
    0x30, 0x0, 0x0, 0x0, 0x9f, 0x40, 0xc, 0xd3,
    0x0, 0x1, 0xbf, 0x40, 0x0, 0x9, 0xf5, 0x0,
    0xac, 0x20, 0x0, 0x0, 0x7, 0xe1, 0x0, 0x0,
    0x0, 0x0, 0x0, 0x0, 0x0,

    /* U+5173 "关" */
    0x0, 0x9, 0x20, 0x0, 0x1b, 0x20, 0x0, 0x0,
    0xac, 0x0, 0x9, 0xd0, 0x0, 0x0, 0x35, 0xe4,
    0x34, 0xf7, 0x31, 0x0, 0x4f, 0xff, 0xff, 0xff,
    0xff, 0x70, 0x0, 0x0, 0x1, 0xf4, 0x0, 0x0,
    0x0, 0x0, 0x0, 0x2f, 0x40, 0x0, 0x0, 0x1f,
    0xff, 0xff, 0xff, 0xff, 0xff, 0x20, 0x33, 0x33,
    0xbf, 0xd4, 0x33, 0x30, 0x0, 0x0, 0x3f, 0xad,
    0x70, 0x0, 0x0, 0x0, 0x6f, 0xc0, 0x2f, 0x91,
    0x0, 0x6, 0xdf, 0x90, 0x0, 0x3d, 0xe9, 0x21,
    0xd9, 0x20, 0x0, 0x0, 0x6, 0xc1, 0x0, 0x0,
    0x0, 0x0, 0x0, 0x0, 0x0,

    /* U+518D "再" */
    0xb, 0xff, 0xff, 0xff, 0xff, 0xff, 0x30, 0x11,
    0x11, 0x1e, 0x51, 0x11, 0x10, 0x0, 0xbf, 0xff,
    0xff, 0xff, 0xf2, 0x0, 0xb, 0x82, 0x2e, 0x52,
    0x2f, 0x20, 0x0, 0xbd, 0xbb, 0xfd, 0xbc, 0xf2,
    0x0, 0xb, 0x94, 0x4f, 0x74, 0x4f, 0x20, 0x2,
    0xc8, 0x22, 0xe5, 0x22, 0xf4, 0x13, 0xff, 0xff,
    0xff, 0xff, 0xff, 0xfb, 0x0, 0xb6, 0x0, 0x0,
    0x0, 0xf2, 0x0, 0xb, 0x60, 0x0, 0x2, 0x3f,
    0x20, 0x0, 0xb6, 0x0, 0x0, 0xef, 0xb0, 0x0,

    /* U+5192 "冒" */
    0x3f, 0xee, 0xee, 0xee, 0xef, 0xb3, 0xe2, 0x66,
    0x66, 0x66, 0x7b, 0x3e, 0x14, 0x44, 0x44, 0x47,
    0xb3, 0xe4, 0xdd, 0xdd, 0xdb, 0x7b, 0x17, 0x22,
    0x22, 0x22, 0x25, 0x50, 0x5f, 0xbb, 0xbb, 0xbd,
    0xe0, 0x5, 0xe8, 0x88, 0x88, 0xae, 0x0, 0x5d,
    0x44, 0x44, 0x47, 0xe0, 0x5, 0xfd, 0xdd, 0xdd,
    0xee, 0x0, 0x5d, 0x33, 0x33, 0x37, 0xe0, 0x5,
    0xfb, 0xbb, 0xbb, 0xcd, 0x0,

    /* U+51B0 "冰" */
    0x0, 0x0, 0x0, 0x6, 0xd0, 0x0, 0x0, 0xe8,
    0x0, 0x0, 0x6d, 0x0, 0x0, 0x3, 0xd9, 0x0,
    0x6, 0xe0, 0x7, 0x10, 0x1, 0x3d, 0xdd, 0x8f,
    0x28, 0xe1, 0x0, 0x0, 0x46, 0xf7, 0xfc, 0xe2,
    0x0, 0x0, 0x0, 0x6d, 0x6f, 0xf3, 0x0, 0x0,
    0x7a, 0xc, 0x86, 0xdb, 0x50, 0x0, 0x1f, 0x52,
    0xf2, 0x6d, 0x4e, 0x0, 0x9, 0xd0, 0xca, 0x6,
    0xd0, 0xcc, 0x11, 0xf4, 0x8e, 0x10, 0x6d, 0x1,
    0xeb, 0x2, 0x2, 0x20, 0x49, 0xd0, 0x1, 0x20,
    0x0, 0x0, 0xe, 0xe6, 0x0, 0x0,

    /* U+51FA "出" */
    0x0, 0x0, 0x6e, 0x0, 0x0, 0x2, 0x90, 0x6,
    0xe0, 0x3, 0x90, 0x4f, 0x0, 0x6e, 0x0, 0x6e,
    0x4, 0xf0, 0x6, 0xe0, 0x6, 0xe0, 0x4f, 0x33,
    0x8f, 0x33, 0x8e, 0x4, 0xff, 0xff, 0xff, 0xff,
    0xe0, 0x73, 0x0, 0x6e, 0x0, 0x6, 0x3e, 0x60,
    0x6, 0xe0, 0x0, 0xe6, 0xe6, 0x0, 0x6e, 0x0,
    0xe, 0x6e, 0x60, 0x6, 0xe0, 0x0, 0xe6, 0xef,
    0xff, 0xff, 0xff, 0xff, 0x63, 0x33, 0x33, 0x33,
    0x33, 0xe6,

    /* U+5200 "刀" */
    0x3, 0x55, 0x55, 0x55, 0x55, 0x54, 0x9, 0xdd,
    0xef, 0xed, 0xdd, 0xed, 0x0, 0x0, 0x2f, 0x30,
    0x0, 0x6d, 0x0, 0x0, 0x3f, 0x10, 0x0, 0x7c,
    0x0, 0x0, 0x5f, 0x0, 0x0, 0x8c, 0x0, 0x0,
    0x9b, 0x0, 0x0, 0x9b, 0x0, 0x0, 0xe7, 0x0,
    0x0, 0xaa, 0x0, 0x7, 0xf1, 0x0, 0x0, 0xb9,
    0x0, 0x3f, 0x70, 0x0, 0x0, 0xe7, 0x5, 0xfc,
    0x0, 0x4, 0x47, 0xf4, 0x1e, 0x90, 0x0, 0xb,
    0xff, 0x90, 0x0, 0x0, 0x0, 0x0, 0x0, 0x0,

    /* U+5206 "分" */
    0x0, 0x0, 0x82, 0x1, 0x80, 0x0, 0x0, 0x0,
    0x8f, 0x10, 0xd, 0x90, 0x0, 0x0, 0x1f, 0x80,
    0x0, 0x4f, 0x30, 0x0, 0xb, 0xd0, 0x0, 0x0,
    0x9e, 0x10, 0xb, 0xf4, 0x11, 0x11, 0x12, 0xdd,
    0x22, 0xdb, 0xff, 0xff, 0xff, 0xfa, 0xb1, 0x0,
    0x1, 0x5f, 0x11, 0x1c, 0x80, 0x0, 0x0, 0x8,
    0xc0, 0x0, 0xd7, 0x0, 0x0, 0x0, 0xe7, 0x0,
    0xe, 0x60, 0x0, 0x0, 0x9e, 0x10, 0x0, 0xf4,
    0x0, 0x3, 0xbf, 0x30, 0x22, 0x6f, 0x10, 0x0,
    0xdb, 0x20, 0x7, 0xff, 0x90, 0x0, 0x0, 0x0,
    0x0, 0x0, 0x0, 0x0, 0x0,

    /* U+5230 "到" */
    0x0, 0x0, 0x0, 0x0, 0x0, 0x3e, 0x1f, 0xff,
    0xff, 0xf9, 0x94, 0x3e, 0x0, 0x7d, 0x18, 0x10,
    0xc5, 0x3e, 0x1, 0xe3, 0xa, 0x90, 0xc5, 0x3e,
    0xa, 0xfe, 0xff, 0xf4, 0xc5, 0x3e, 0x3, 0x44,
    0x70, 0x41, 0xc5, 0x3e, 0x2, 0x26, 0xd2, 0x20,
    0xc5, 0x3e, 0xa, 0xde, 0xfd, 0xd4, 0xc5, 0x3e,
    0x0, 0x4, 0xd0, 0x0, 0xc5, 0x3e, 0x0, 0x4,
    0xe6, 0x95, 0x0, 0x3e, 0x19, 0xcf, 0xfc, 0x93,
    0x2, 0x6e, 0x9, 0x63, 0x0, 0x0, 0xe, 0xf8,
    0x0, 0x0, 0x0, 0x0, 0x0, 0x0,

    /* U+523B "刻" */
    0x0, 0x0, 0x10, 0x0, 0x0, 0x0, 0x0, 0x0,
    0x7c, 0x0, 0x0, 0x0, 0xf2, 0x2, 0x24, 0xf4,
    0x22, 0x13, 0xf, 0x22, 0xff, 0xff, 0xff, 0xe4,
    0xd0, 0xf2, 0x0, 0x3e, 0x20, 0x20, 0x4d, 0xf,
    0x20, 0x2e, 0x51, 0x8c, 0x4, 0xd0, 0xf2, 0xc,
    0xff, 0xff, 0x20, 0x4d, 0xf, 0x20, 0x10, 0x5f,
    0x47, 0x84, 0xd0, 0xf2, 0x0, 0x8e, 0x43, 0xf3,
    0x4d, 0xf, 0x20, 0xcc, 0x14, 0xf6, 0x4, 0xc0,
    0xf2, 0x2, 0x7, 0xfe, 0x90, 0x0, 0xf, 0x20,
    0x5c, 0xe4, 0x1c, 0xb0, 0x13, 0xf2, 0xc, 0x81,
    0x0, 0x3, 0xd, 0xfb, 0x0, 0x0, 0x0, 0x0,
    0x0, 0x0, 0x0,

    /* U+5269 "剩" */
    0x0, 0x0, 0x0, 0x0, 0x0, 0x0, 0x0, 0x13,
    0x59, 0xe5, 0x0, 0x2f, 0xc, 0xed, 0xf9, 0x62,
    0x3, 0x2f, 0x14, 0x45, 0xf5, 0x44, 0x4d, 0x2f,
    0x3b, 0xbc, 0xfc, 0xbb, 0x6d, 0x2f, 0x1, 0xa5,
    0xf5, 0x82, 0x3d, 0x2f, 0xb, 0xe5, 0xf6, 0xe9,
    0x4d, 0x2f, 0x4, 0xc5, 0xf6, 0x94, 0x5d, 0x2f,
    0x19, 0xc7, 0xf4, 0xdd, 0x5d, 0x2f, 0x0, 0x1d,
    0xfd, 0x30, 0x3d, 0x2f, 0x1, 0xca, 0xf5, 0xe8,
    0x0, 0x2f, 0x2e, 0xb1, 0xf0, 0x28, 0x1, 0x4f,
    0x6, 0x1, 0xf0, 0x0, 0xd, 0xfa, 0x0, 0x0,
    0x0, 0x0, 0x0, 0x0,

    /* U+526A "剪" */
    0x0, 0xa, 0x70, 0x0, 0x89, 0x0, 0x1, 0xaa,
    0xde, 0xaa, 0xaf, 0xca, 0xa1, 0x4, 0x66, 0x66,
    0x44, 0x44, 0x94, 0x0, 0x3e, 0x99, 0xe4, 0x69,
    0xf, 0x10, 0x3, 0xea, 0xae, 0x46, 0x90, 0xf1,
    0x0, 0x3d, 0x66, 0xd4, 0x69, 0xf, 0x10, 0x3,
    0xd4, 0x6d, 0x42, 0x33, 0xf1, 0x0, 0x16, 0x4,
    0x60, 0x0, 0x97, 0x0, 0xd, 0xff, 0xff, 0xff,
    0xff, 0xf5, 0x0, 0x0, 0x3, 0xf2, 0x0, 0xf,
    0x30, 0x0, 0x38, 0xf7, 0x0, 0x3, 0xf0, 0x1,
    0xfd, 0x92, 0x0, 0x7f, 0xf8, 0x0, 0x0, 0x0,
    0x0, 0x0, 0x0, 0x0, 0x0,

    /* U+52A8 "动" */
    0x0, 0x0, 0x0, 0x0, 0x6c, 0x0, 0x0, 0x9f,
    0xff, 0xf5, 0x6, 0xc0, 0x0, 0x1, 0x11, 0x11,
    0x11, 0x7c, 0x11, 0x0, 0x0, 0x0, 0x3, 0xff,
    0xff, 0xf6, 0x1f, 0xff, 0xff, 0x90, 0x8a, 0xc,
    0x60, 0x28, 0xc2, 0x21, 0x9, 0x90, 0xd5, 0x0,
    0xb6, 0x29, 0x0, 0xb7, 0xd, 0x50, 0xf, 0x10,
    0xe2, 0xf, 0x40, 0xe4, 0x5, 0xc3, 0x7e, 0x73,
    0xf0, 0xf, 0x30, 0xdf, 0xfb, 0xab, 0xaa, 0x1,
    0xf2, 0x6, 0x40, 0x0, 0x5f, 0x42, 0x6f, 0x0,
    0x0, 0x0, 0xa, 0x71, 0xff, 0x80, 0x0, 0x0,
    0x0, 0x0, 0x0, 0x0, 0x0,

    /* U+5305 "包" */
    0x0, 0x3, 0xd1, 0x0, 0x0, 0x0, 0x0, 0x0,
    0xcc, 0x22, 0x22, 0x22, 0x10, 0x0, 0x7f, 0xff,
    0xff, 0xff, 0xf8, 0x0, 0x7f, 0x50, 0x0, 0x0,
    0xb, 0x70, 0x2f, 0xbf, 0xff, 0xff, 0x10, 0xc7,
    0x0, 0x14, 0xe1, 0x13, 0xf1, 0xd, 0x60, 0x0,
    0x4e, 0x0, 0x2f, 0x10, 0xe5, 0x0, 0x4, 0xff,
    0xff, 0xf2, 0x2f, 0x30, 0x0, 0x4e, 0x0, 0x0,
    0x9f, 0xc0, 0x0, 0x4, 0xe0, 0x0, 0x0, 0x0,
    0x85, 0x0, 0x3f, 0x42, 0x11, 0x11, 0x3e, 0x60,
    0x0, 0x9e, 0xff, 0xff, 0xff, 0xb0,

    /* U+5319 "匙" */
    0xa, 0xcc, 0xcc, 0x86, 0xb0, 0x0, 0x0, 0xc4,
    0x0, 0x7b, 0x6b, 0x0, 0x0, 0xc, 0xdc, 0xce,
    0xb6, 0xb0, 0x36, 0x0, 0xc5, 0x0, 0x7b, 0x6c,
    0x8f, 0x80, 0xb, 0xdd, 0xdd, 0x96, 0xfb, 0x30,
    0x2, 0x44, 0x44, 0x44, 0x7b, 0x0, 0x0, 0x5b,
    0xbd, 0xeb, 0xb7, 0xb0, 0x0, 0x0, 0x74, 0x7a,
    0x0, 0x6b, 0x0, 0x71, 0xb, 0x67, 0xff, 0xf6,
    0xd2, 0x2e, 0x30, 0xec, 0x8a, 0x0, 0x2d, 0xee,
    0xb0, 0x4e, 0x8f, 0xc3, 0x10, 0x0, 0x0, 0x8,
    0x70, 0x4b, 0xef, 0xff, 0xff, 0xf3, 0x0, 0x0,
    0x0, 0x0, 0x0, 0x0, 0x0,

    /* U+534A "半" */
    0x0, 0x63, 0x0, 0xf4, 0x0, 0x92, 0x0, 0x8,
    0xd0, 0xf, 0x40, 0x7e, 0x0, 0x0, 0xf, 0x50,
    0xf4, 0x1e, 0x50, 0x0, 0x0, 0x52, 0xf, 0x41,
    0x60, 0x0, 0x4, 0xff, 0xff, 0xff, 0xff, 0xfb,
    0x0, 0x3, 0x33, 0x3f, 0x73, 0x33, 0x20, 0x0,
    0x0, 0x0, 0xf4, 0x0, 0x0, 0x1, 0xff, 0xff,
    0xff, 0xff, 0xff, 0xf7, 0x3, 0x33, 0x33, 0xf7,
    0x33, 0x33, 0x10, 0x0, 0x0, 0xf, 0x40, 0x0,
    0x0, 0x0, 0x0, 0x0, 0xf4, 0x0, 0x0, 0x0,
    0x0, 0x0, 0xf, 0x40, 0x0, 0x0,

    /* U+5357 "南" */
    0x0, 0x0, 0x2, 0xf2, 0x0, 0x0, 0x2, 0xee,
    0xee, 0xef, 0xee, 0xee, 0xe2, 0x3, 0x33, 0x35,
    0xf5, 0x33, 0x33, 0x0, 0x12, 0x22, 0x5f, 0x42,
    0x22, 0x10, 0x9, 0xff, 0xff, 0xff, 0xff, 0xf9,
    0x0, 0x99, 0x9, 0x50, 0x49, 0xa, 0x90, 0x9,
    0x91, 0x7a, 0x2c, 0x71, 0xa9, 0x0, 0x99, 0x5c,
    0xcf, 0xcc, 0x5a, 0x90, 0x9, 0x91, 0x13, 0xf1,
    0x11, 0xa9, 0x0, 0x99, 0xad, 0xef, 0xed, 0xaa,
    0x90, 0x9, 0x90, 0x1, 0xf0, 0x0, 0xb9, 0x0,
    0x99, 0x0, 0x1f, 0x7, 0xfe, 0x40,

    /* U+539F "原" */
    0x2, 0xff, 0xff, 0xff, 0xff, 0xff, 0x60, 0x2f,
    0x11, 0x15, 0xd2, 0x11, 0x10, 0x2, 0xf0, 0xff,
    0xff, 0xee, 0xf4, 0x0, 0x2f, 0xf, 0x30, 0x0,
    0xe, 0x40, 0x3, 0xf0, 0xfe, 0xdd, 0xdd, 0xf4,
    0x0, 0x4f, 0xf, 0x30, 0x0, 0xe, 0x40, 0x5,
    0xd0, 0xee, 0xef, 0xfe, 0xe4, 0x0, 0x7b, 0x3,
    0x50, 0xe3, 0x42, 0x0, 0xb, 0x71, 0xe8, 0xe,
    0x37, 0xe2, 0x1, 0xf3, 0xdb, 0x0, 0xf3, 0x9,
    0xe1, 0x17, 0x4, 0x7, 0xfd, 0x10, 0x6, 0x0,

    /* U+53BB "去" */
    0x0, 0x0, 0x0, 0xe5, 0x0, 0x0, 0x0, 0x0,
    0x0, 0xe, 0x50, 0x0, 0x0, 0x0, 0xff, 0xff,
    0xff, 0xff, 0xf9, 0x0, 0x3, 0x33, 0x3f, 0x73,
    0x33, 0x20, 0x0, 0x0, 0x0, 0xe5, 0x0, 0x0,
    0x0, 0x66, 0x66, 0x6f, 0x96, 0x66, 0x63, 0x1d,
    0xdd, 0xdf, 0xed, 0xdd, 0xdd, 0x70, 0x0, 0xa,
    0xd0, 0x5, 0x20, 0x0, 0x0, 0x4, 0xf3, 0x0,
    0x8e, 0x10, 0x0, 0x1, 0xe6, 0x0, 0x0, 0xcb,
    0x0, 0x1, 0xdf, 0xbc, 0xde, 0xff, 0xf6, 0x0,
    0xb, 0x98, 0x65, 0x43, 0x18, 0xb0, 0x0, 0x0,
    0x0, 0x0, 0x0, 0x0, 0x0,

    /* U+53C8 "又" */
    0x0, 0x0, 0x0, 0x0, 0x0, 0x0, 0x0, 0xaf,
    0xff, 0xff, 0xff, 0xff, 0x10, 0x1, 0xab, 0x11,
    0x11, 0x18, 0xd0, 0x0, 0x3, 0xf1, 0x0, 0x0,
    0xe7, 0x0, 0x0, 0xc, 0x80, 0x0, 0x5f, 0x10,
    0x0, 0x0, 0x5f, 0x20, 0xd, 0x80, 0x0, 0x0,
    0x0, 0xac, 0xb, 0xc0, 0x0, 0x0, 0x0, 0x1,
    0xed, 0xe1, 0x0, 0x0, 0x0, 0x0, 0x1c, 0xfc,
    0x10, 0x0, 0x0, 0x0, 0x7f, 0xc5, 0xdf, 0x60,
    0x0, 0x29, 0xff, 0x70, 0x0, 0x8f, 0xe9, 0x21,
    0xb6, 0x0, 0x0, 0x0, 0x16, 0xb1,

    /* U+53E0 "叠" */
    0x0, 0x0, 0x0, 0x0, 0x0, 0x0, 0x0, 0x1,
    0xde, 0xcb, 0xcf, 0xc1, 0x0, 0x0, 0x27, 0xcd,
    0xab, 0xc5, 0x0, 0x0, 0x7c, 0xec, 0xb3, 0xbb,
    0xec, 0x70, 0x1, 0xb9, 0xd3, 0x9, 0xb9, 0xb0,
    0x0, 0xac, 0x7a, 0xb4, 0xc9, 0x6c, 0x60, 0xe,
    0xcb, 0xbc, 0xcc, 0xbb, 0xce, 0x0, 0xc3, 0xaa,
    0xaa, 0xaa, 0xa2, 0xd0, 0x0, 0xf, 0x76, 0x66,
    0x8f, 0x0, 0x0, 0x0, 0xf7, 0x66, 0x68, 0xf0,
    0x0, 0x0, 0xf, 0xa9, 0x99, 0xaf, 0x0, 0x2,
    0xde, 0xfe, 0xdd, 0xde, 0xfd, 0xd3,

    /* U+53E3 "口" */
    0x26, 0x66, 0x66, 0x66, 0x66, 0x25, 0xfd, 0xdd,
    0xdd, 0xdd, 0xf6, 0x5e, 0x0, 0x0, 0x0, 0xe,
    0x65, 0xe0, 0x0, 0x0, 0x0, 0xe6, 0x5e, 0x0,
    0x0, 0x0, 0xe, 0x65, 0xe0, 0x0, 0x0, 0x0,
    0xe6, 0x5e, 0x0, 0x0, 0x0, 0xe, 0x65, 0xe0,
    0x0, 0x0, 0x0, 0xe6, 0x5f, 0x55, 0x55, 0x55,
    0x5f, 0x65, 0xfd, 0xdd, 0xdd, 0xdd, 0xf6, 0x5e,
    0x0, 0x0, 0x0, 0xe, 0x50,

    /* U+53EA "只" */
    0x0, 0xef, 0xff, 0xff, 0xff, 0xf0, 0x0, 0xf,
    0x62, 0x22, 0x22, 0x6f, 0x0, 0x0, 0xf4, 0x0,
    0x0, 0x4, 0xf0, 0x0, 0xf, 0x40, 0x0, 0x0,
    0x4f, 0x0, 0x0, 0xf5, 0x11, 0x11, 0x16, 0xf0,
    0x0, 0xf, 0xff, 0xff, 0xff, 0xff, 0x0, 0x0,
    0x0, 0x0, 0x0, 0x0, 0x0, 0x0, 0x0, 0x2c,
    0x30, 0x1c, 0x40, 0x0, 0x0, 0x2e, 0xb0, 0x0,
    0x7f, 0x60, 0x0, 0x5f, 0xa0, 0x0, 0x0, 0x5f,
    0x70, 0x1c, 0x60, 0x0, 0x0, 0x0, 0x5c, 0x0,
    0x0, 0x0, 0x0, 0x0, 0x0, 0x0,

    /* U+53EC "召" */
    0xd, 0xff, 0xff, 0xff, 0xff, 0xf1, 0x1, 0x11,
    0x6f, 0x21, 0x15, 0xf0, 0x0, 0x0, 0xc9, 0x0,
    0x5, 0xe0, 0x0, 0x9, 0xe1, 0x0, 0x8, 0xb0,
    0x5, 0xde, 0x30, 0xd, 0xdf, 0x60, 0x6e, 0xa4,
    0x22, 0x25, 0x64, 0x10, 0x0, 0xef, 0xee, 0xee,
    0xef, 0xb0, 0x0, 0xe4, 0x0, 0x0, 0x9, 0xb0,
    0x0, 0xe4, 0x0, 0x0, 0x9, 0xb0, 0x0, 0xed,
    0xcc, 0xcc, 0xce, 0xb0, 0x0, 0xe7, 0x44, 0x44,
    0x4a, 0xb0,

    /* U+53EF "可" */
    0x0, 0x0, 0x0, 0x0, 0x0, 0x0, 0x1, 0xff,
    0xff, 0xff, 0xff, 0xff, 0xf7, 0x3, 0x33, 0x33,
    0x33, 0x37, 0xf3, 0x10, 0x1, 0x11, 0x11, 0x0,
    0x5e, 0x0, 0x0, 0xcf, 0xff, 0xf8, 0x5, 0xe0,
    0x0, 0xc, 0x60, 0xa, 0x80, 0x5e, 0x0, 0x0,
    0xc5, 0x0, 0xa8, 0x5, 0xe0, 0x0, 0xc, 0x73,
    0x3b, 0x80, 0x5e, 0x0, 0x0, 0xcf, 0xff, 0xf8,
    0x5, 0xe0, 0x0, 0xa, 0x40, 0x0, 0x0, 0x5e,
    0x0, 0x0, 0x0, 0x0, 0x4, 0x49, 0xe0, 0x0,
    0x0, 0x0, 0x0, 0xcf, 0xe7, 0x0,

    /* U+53F0 "台" */
    0x0, 0x0, 0x0, 0x0, 0x0, 0x0, 0x0, 0x5c,
    0x0, 0x0, 0x0, 0x0, 0x2f, 0x60, 0x14, 0x0,
    0x0, 0xc, 0x90, 0x4, 0xf5, 0x0, 0xb, 0xa0,
    0x0, 0x16, 0xf5, 0xb, 0xff, 0xff, 0xff, 0xfe,
    0xf2, 0x45, 0x43, 0x21, 0x0, 0xa, 0x50, 0x44,
    0x44, 0x44, 0x44, 0x10, 0xe, 0xed, 0xdd, 0xdd,
    0xf5, 0x0, 0xe4, 0x0, 0x0, 0xe, 0x50, 0xe,
    0x40, 0x0, 0x0, 0xe5, 0x0, 0xef, 0xff, 0xff,
    0xff, 0x50, 0xe, 0x73, 0x33, 0x33, 0xe5, 0x0,

    /* U+53F3 "右" */
    0x0, 0x0, 0x8, 0x30, 0x0, 0x0, 0x0, 0x0,
    0x1, 0xf3, 0x0, 0x0, 0x0, 0x5, 0x55, 0x8f,
    0x65, 0x55, 0x55, 0x11, 0xcc, 0xcf, 0xec, 0xcc,
    0xcc, 0xc2, 0x0, 0x3, 0xf2, 0x0, 0x0, 0x0,
    0x0, 0x0, 0xca, 0x11, 0x11, 0x11, 0x0, 0x0,
    0x7f, 0xff, 0xff, 0xff, 0xf4, 0x0, 0x7f, 0xcb,
    0x11, 0x11, 0x1f, 0x40, 0x5f, 0x48, 0xa0, 0x0,
    0x0, 0xf4, 0x0, 0x20, 0x8a, 0x0, 0x0, 0xf,
    0x40, 0x0, 0x8, 0xff, 0xff, 0xff, 0xf4, 0x0,
    0x0, 0x8b, 0x33, 0x33, 0x3e, 0x40,

    /* U+53F7 "号" */
    0x0, 0x9f, 0xff, 0xff, 0xff, 0x90, 0x0, 0x9,
    0x90, 0x0, 0x0, 0xa9, 0x0, 0x0, 0x9d, 0xaa,
    0xaa, 0xae, 0x90, 0x0, 0x2, 0x33, 0x33, 0x33,
    0x32, 0x0, 0x2f, 0xff, 0xff, 0xff, 0xff, 0xff,
    0x10, 0x22, 0xca, 0x22, 0x22, 0x22, 0x20, 0x0,
    0xf, 0x83, 0x33, 0x33, 0x20, 0x0, 0x4, 0xee,
    0xee, 0xee, 0xf8, 0x0, 0x0, 0x0, 0x0, 0x0,
    0xe, 0x60, 0x0, 0x0, 0x0, 0x1, 0x16, 0xf2,
    0x0, 0x0, 0x0, 0x1, 0xff, 0xe8, 0x0, 0x0,
    0x0, 0x0, 0x0, 0x0, 0x0, 0x0,

    /* U+540E "后" */
    0x0, 0x0, 0x1, 0x24, 0x7a, 0xa0, 0x0, 0xc,
    0xef, 0xfe, 0xdb, 0x85, 0x10, 0x0, 0xf5, 0x10,
    0x0, 0x0, 0x0, 0x0, 0xf, 0x53, 0x33, 0x33,
    0x33, 0x31, 0x1, 0xff, 0xff, 0xff, 0xff, 0xff,
    0x60, 0x2f, 0x20, 0x0, 0x0, 0x0, 0x0, 0x3,
    0xf0, 0x44, 0x44, 0x44, 0x41, 0x0, 0x4f, 0xe,
    0xdc, 0xcc, 0xcf, 0x50, 0x7, 0xd0, 0xe4, 0x0,
    0x0, 0xe5, 0x0, 0xc9, 0xe, 0x40, 0x0, 0xe,
    0x50, 0x5f, 0x30, 0xef, 0xff, 0xff, 0xf5, 0x2,
    0xa0, 0xe, 0x62, 0x22, 0x2e, 0x50, 0x0, 0x0,
    0x0, 0x0, 0x0, 0x0, 0x0,

    /* U+5427 "吧" */
    0xee, 0xec, 0x4f, 0xff, 0xff, 0xf0, 0xf4, 0x6d,
    0x4c, 0x1e, 0x43, 0xf0, 0xf1, 0x4d, 0x4c, 0xe,
    0x22, 0xf0, 0xf1, 0x4d, 0x4c, 0xe, 0x22, 0xf0,
    0xf1, 0x4d, 0x4c, 0xe, 0x22, 0xf0, 0xf1, 0x4d,
    0x4f, 0xff, 0xff, 0xf0, 0xf5, 0x7d, 0x4d, 0x22,
    0x24, 0xe0, 0xfe, 0xdb, 0x4c, 0x0, 0x0, 0x0,
    0x91, 0x0, 0x4c, 0x0, 0x0, 0x86, 0x0, 0x0,
    0x3e, 0x21, 0x12, 0xd5, 0x0, 0x0, 0xc, 0xff,
    0xff, 0xc0,

    /* U+547C "呼" */
    0x0, 0x0, 0x0, 0x24, 0x68, 0xc8, 0x0, 0xdd,
    0xd4, 0xfe, 0xdf, 0x95, 0x20, 0xf, 0x5f, 0x25,
    0x10, 0xf1, 0x28, 0x0, 0xf0, 0xe2, 0xa8, 0xf,
    0x18, 0xb0, 0xf, 0xe, 0x24, 0xd1, 0xf2, 0xe4,
    0x0, 0xf0, 0xe2, 0x19, 0x1f, 0x39, 0x0, 0xf,
    0xe, 0x7d, 0xdd, 0xfe, 0xdd, 0x50, 0xfd, 0xf4,
    0x44, 0x5f, 0x54, 0x41, 0xf, 0x54, 0x0, 0x0,
    0xf1, 0x0, 0x0, 0x70, 0x0, 0x0, 0xf, 0x10,
    0x0, 0x0, 0x0, 0x0, 0x23, 0xf1, 0x0, 0x0,
    0x0, 0x0, 0xe, 0xfb, 0x0, 0x0, 0x0, 0x0,
    0x0, 0x0, 0x0, 0x0, 0x0,

    /* U+54C1 "品" */
    0x0, 0xff, 0xff, 0xff, 0xf2, 0x0, 0xf, 0x52,
    0x22, 0x3f, 0x20, 0x0, 0xf4, 0x11, 0x11, 0xf2,
    0x0, 0xf, 0xff, 0xff, 0xff, 0x20, 0x0, 0x11,
    0x11, 0x11, 0x10, 0xd, 0xee, 0xed, 0xd, 0xee,
    0xee, 0xe6, 0x47, 0xe0, 0xe6, 0x46, 0xfe, 0x30,
    0x4e, 0xe, 0x30, 0x3f, 0xe3, 0x4, 0xe0, 0xe3,
    0x3, 0xfe, 0xff, 0xfe, 0xe, 0xff, 0xff, 0xe6,
    0x36, 0xd0, 0xe6, 0x35, 0xe0,

    /* U+54CD "响" */
    0x0, 0x0, 0x0, 0x0, 0x0, 0x0, 0x0, 0x0,
    0x0, 0x0, 0x5f, 0x10, 0x0, 0xe, 0xee, 0x10,
    0xa, 0xa0, 0x0, 0x0, 0xf3, 0xe1, 0xef, 0xff,
    0xff, 0xf0, 0xf, 0xe, 0x1e, 0x41, 0x11, 0x3f,
    0x0, 0xf0, 0xe1, 0xe3, 0x9a, 0xa1, 0xf0, 0xf,
    0xe, 0x1e, 0x3d, 0x3d, 0x1f, 0x0, 0xf0, 0xe1,
    0xe3, 0xd0, 0xd1, 0xf0, 0xf, 0x8f, 0x1e, 0x3d,
    0xd, 0x1f, 0x0, 0xfa, 0xa0, 0xe3, 0xdd, 0xf1,
    0xf0, 0x9, 0x0, 0xe, 0x35, 0x0, 0x1f, 0x0,
    0x0, 0x0, 0xe3, 0x0, 0x2, 0xf0, 0x0, 0x0,
    0xe, 0x30, 0x5, 0xfc, 0x0, 0x0, 0x0, 0x0,
    0x0, 0x0, 0x0,

    /* U+54E8 "哨" */
    0x0, 0x0, 0x5, 0x20, 0xf2, 0x9, 0x20, 0xcc,
    0xcb, 0x8a, 0xf, 0x24, 0xf1, 0xf, 0x57, 0xe1,
    0xf2, 0xf2, 0xb9, 0x0, 0xf1, 0x3e, 0x7, 0x3f,
    0x46, 0x30, 0xf, 0x13, 0xe5, 0xff, 0xff, 0xfe,
    0x0, 0xf1, 0x3e, 0x5b, 0x0, 0x3, 0xe0, 0xf,
    0x13, 0xe5, 0xff, 0xff, 0xfe, 0x0, 0xf9, 0xae,
    0x5b, 0x0, 0x4, 0xe0, 0xf, 0x76, 0x65, 0xff,
    0xff, 0xfe, 0x0, 0x70, 0x0, 0x5c, 0x11, 0x15,
    0xe0, 0x0, 0x0, 0x5, 0xb0, 0x1, 0x5e, 0x0,
    0x0, 0x0, 0x5b, 0x0, 0xdf, 0x90, 0x0, 0x0,
    0x0, 0x0, 0x0, 0x0, 0x0,

    /* U+5580 "喀" */
    0x0, 0x0, 0x0, 0x0, 0x0, 0x0, 0x0, 0x0,
    0x0, 0x3f, 0x10, 0x0, 0xff, 0xf4, 0xdd, 0xdf,
    0xed, 0xd3, 0xf0, 0xe4, 0xf3, 0xa3, 0x11, 0xd4,
    0xf0, 0xd3, 0x9a, 0xfb, 0xba, 0x92, 0xf0, 0xd2,
    0xaf, 0xc3, 0xac, 0x0, 0xf0, 0xd4, 0xa2, 0xbc,
    0xe1, 0x0, 0xf0, 0xd1, 0x28, 0xdd, 0xe9, 0x40,
    0xf0, 0xd9, 0xfe, 0x61, 0x3b, 0xf6, 0xfd, 0xf2,
    0x4f, 0xdd, 0xdf, 0x30, 0xf3, 0x20, 0x1e, 0x0,
    0xe, 0x20, 0x60, 0x0, 0x1e, 0x11, 0x1e, 0x20,
    0x0, 0x0, 0x1f, 0xdd, 0xdf, 0x20,

    /* U+559C "喜" */
    0x0, 0x0, 0x0, 0xe4, 0x0, 0x0, 0x0, 0x9d,
    0xdd, 0xdf, 0xed, 0xdd, 0xd2, 0x0, 0x56, 0x66,
    0xf9, 0x66, 0x62, 0x0, 0x5, 0x77, 0x77, 0x77,
    0x77, 0x20, 0x0, 0x3f, 0xcc, 0xcc, 0xce, 0xb0,
    0x0, 0x3, 0xe2, 0x22, 0x22, 0x8b, 0x0, 0x0,
    0x2b, 0xfa, 0xaa, 0xde, 0x70, 0x0, 0x77, 0x8f,
    0x87, 0x7d, 0xc7, 0x74, 0x6, 0x66, 0x66, 0x66,
    0x66, 0x66, 0x30, 0x7, 0xfd, 0xdd, 0xdd, 0xef,
    0x0, 0x0, 0x7b, 0x0, 0x0, 0x3, 0xf0, 0x0,
    0x7, 0xfd, 0xdd, 0xdd, 0xef, 0x0,

    /* U+5668 "器" */
    0x1, 0xff, 0xff, 0xa, 0xff, 0xf9, 0x0, 0x1f,
    0x2, 0xf0, 0xa7, 0x9, 0x90, 0x1, 0xff, 0xff,
    0xa, 0xff, 0xf9, 0x0, 0x0, 0x0, 0x9b, 0xa,
    0xb1, 0x0, 0x4, 0x44, 0x5f, 0x94, 0x5d, 0xa4,
    0x20, 0xcc, 0xdf, 0xdc, 0xcf, 0xdc, 0xc6, 0x0,
    0x6e, 0x70, 0x0, 0x5e, 0x82, 0x2, 0xff, 0xff,
    0xf0, 0xaf, 0xff, 0xf8, 0x3, 0xf1, 0x3f, 0xa,
    0x80, 0x9a, 0x0, 0x1f, 0x3, 0xf0, 0xa7, 0x9,
    0x90, 0x1, 0xff, 0xfe, 0xa, 0xff, 0xf8, 0x0,

    /* U+56DB "四" */
    0xef, 0xff, 0xff, 0xff, 0xff, 0xee, 0x73, 0xd8,
    0x3f, 0x63, 0x7e, 0xe4, 0xc, 0x50, 0xe3, 0x5,
    0xee, 0x40, 0xd4, 0xe, 0x30, 0x5e, 0xe4, 0xf,
    0x20, 0xe3, 0x5, 0xee, 0x45, 0xe0, 0xd, 0x40,
    0x6e, 0xe8, 0xe7, 0x0, 0x8f, 0xfe, 0xee, 0x88,
    0x0, 0x0, 0x0, 0x5e, 0xe7, 0x44, 0x44, 0x44,
    0x48, 0xee, 0xee, 0xee, 0xee, 0xee, 0xee, 0x62,
    0x0, 0x0, 0x0, 0x1, 0x50,

    /* U+56DE "回" */
    0xef, 0xff, 0xff, 0xff, 0xff, 0xee, 0x73, 0x33,
    0x33, 0x33, 0x8e, 0xe5, 0x2, 0x22, 0x22, 0x5,
    0xee, 0x51, 0xfe, 0xee, 0xf0, 0x5e, 0xe5, 0x1f,
    0x0, 0x2f, 0x5, 0xee, 0x51, 0xf0, 0x2, 0xf0,
    0x5e, 0xe5, 0x1f, 0xee, 0xef, 0x5, 0xee, 0x50,
    0x22, 0x22, 0x20, 0x5e, 0xe5, 0x0, 0x0, 0x0,
    0x5, 0xee, 0xff, 0xff, 0xff, 0xff, 0xfe, 0xe7,
    0x22, 0x22, 0x22, 0x27, 0xe0,

    /* U+56FE "图" */
    0xef, 0xff, 0xff, 0xff, 0xff, 0xee, 0x41, 0x3d,
    0x21, 0x11, 0x5e, 0xe3, 0x2d, 0xee, 0xef, 0x84,
    0xee, 0x6e, 0xbb, 0x3a, 0xb0, 0x4e, 0xe3, 0x13,
    0xdf, 0xe4, 0x4, 0xee, 0x9e, 0xc9, 0x25, 0xae,
    0x9e, 0xe4, 0x10, 0x8c, 0xb2, 0x4, 0xee, 0x32,
    0xc9, 0x76, 0x0, 0x4e, 0xe3, 0x1, 0x36, 0xae,
    0x14, 0xee, 0xdc, 0xcc, 0xcc, 0xcc, 0xde, 0xe7,
    0x44, 0x44, 0x44, 0x47, 0xe0,

    /* U+5728 "在" */
    0x0, 0x0, 0x2c, 0x10, 0x0, 0x0, 0x0, 0x0,
    0x8, 0xd0, 0x0, 0x0, 0x0, 0x2f, 0xff, 0xff,
    0xff, 0xff, 0xff, 0x20, 0x22, 0x8e, 0x22, 0x22,
    0x22, 0x20, 0x0, 0x1f, 0x60, 0x4, 0xd0, 0x0,
    0x0, 0xc, 0xc0, 0x0, 0x4e, 0x0, 0x0, 0x1c,
    0xfa, 0x1f, 0xff, 0xff, 0xfa, 0x5, 0xdb, 0xa0,
    0x22, 0x6e, 0x22, 0x10, 0x1, 0x9a, 0x0, 0x4,
    0xe0, 0x0, 0x0, 0x9, 0xa0, 0x0, 0x4e, 0x0,
    0x0, 0x0, 0x9a, 0x12, 0x26, 0xe2, 0x22, 0x0,
    0x9, 0xa9, 0xff, 0xff, 0xff, 0xf2,

    /* U+5730 "地" */
    0x0, 0x0, 0x0, 0x0, 0x20, 0x0, 0x0, 0xe,
    0x30, 0x0, 0xe, 0x30, 0x0, 0x0, 0xe3, 0x2,
    0x50, 0xe3, 0x0, 0x0, 0xe, 0x30, 0x4d, 0xe,
    0x35, 0x70, 0x7f, 0xff, 0xa4, 0xd2, 0xff, 0xed,
    0x1, 0x3f, 0x52, 0x6f, 0xff, 0x54, 0xd0, 0x0,
    0xe3, 0xaf, 0xe3, 0xe3, 0x4d, 0x0, 0xe, 0x33,
    0x7d, 0xe, 0x35, 0xc0, 0x0, 0xe6, 0x54, 0xd0,
    0xe4, 0x8b, 0x2, 0x7f, 0xf8, 0x4d, 0xc, 0x6b,
    0x50, 0x6d, 0x71, 0x4, 0xd0, 0x0, 0xa, 0x50,
    0x0, 0x0, 0x4e, 0x21, 0x11, 0xe4, 0x0, 0x0,
    0x0, 0xcf, 0xff, 0xfb, 0x0,

    /* U+5782 "垂" */
    0x0, 0x0, 0x0, 0x12, 0x46, 0x80, 0x0, 0xd,
    0xef, 0xff, 0xfd, 0xb9, 0x20, 0x0, 0x22, 0x21,
    0xe5, 0x0, 0x0, 0x0, 0x6f, 0xff, 0xff, 0xff,
    0xff, 0xd0, 0x0, 0x2f, 0x62, 0xe7, 0x2d, 0x81,
    0x0, 0x44, 0xf7, 0x4e, 0x84, 0xd9, 0x42, 0x1d,
    0xdf, 0xed, 0xfe, 0xdf, 0xed, 0x60, 0x0, 0xe4,
    0xd, 0x50, 0xc6, 0x0, 0x7, 0xff, 0xff, 0xff,
    0xff, 0xff, 0x0, 0x12, 0x22, 0x2e, 0x72, 0x22,
    0x20, 0x0, 0x22, 0x22, 0xe7, 0x22, 0x20, 0x0,
    0xe, 0xff, 0xff, 0xff, 0xff, 0x40,

    /* U+57CE "城" */
    0x0, 0xd1, 0x0, 0x0, 0x6c, 0xb4, 0x0, 0xf,
    0x10, 0x0, 0x6, 0xb4, 0xd0, 0x0, 0xf1, 0x3f,
    0xff, 0xff, 0xff, 0x63, 0xcf, 0xc6, 0xe1, 0x16,
    0xd1, 0x10, 0x28, 0xf8, 0x5e, 0x11, 0x4d, 0x3,
    0x0, 0xf, 0x13, 0xfe, 0xf5, 0xe2, 0xf1, 0x0,
    0xf1, 0x3e, 0xd, 0x3f, 0x8b, 0x0, 0xf, 0x15,
    0xc0, 0xd2, 0xef, 0x50, 0x2, 0xfd, 0xdb, 0x1f,
    0x1c, 0xc0, 0x5, 0xfc, 0x5b, 0x9d, 0xa5, 0xf9,
    0x39, 0x2, 0x2, 0xf3, 0x6, 0xf8, 0xe8, 0x80,
    0x0, 0x7a, 0x0, 0xd4, 0x8, 0xe3, 0x0, 0x0,
    0x0, 0x0, 0x0, 0x0, 0x0,

    /* U+5824 "堤" */
    0x0, 0xe3, 0x0, 0x0, 0x0, 0x0, 0x0, 0xe,
    0x30, 0xce, 0xee, 0xef, 0x50, 0x0, 0xe3, 0xc,
    0x96, 0x66, 0xd5, 0x5, 0x9f, 0xa6, 0xc7, 0x44,
    0x4d, 0x50, 0x37, 0xf9, 0x4b, 0xee, 0xee, 0xe5,
    0x0, 0xe, 0x31, 0x22, 0x22, 0x22, 0x20, 0x0,
    0xe3, 0xad, 0xde, 0xfd, 0xdd, 0x10, 0xe, 0x32,
    0x75, 0x4d, 0x0, 0x0, 0x2, 0xff, 0xcd, 0x54,
    0xfe, 0xe5, 0x6, 0xfd, 0x62, 0xfa, 0x5c, 0x0,
    0x0, 0x14, 0x0, 0xb8, 0xbd, 0xd1, 0x0, 0x0,
    0x0, 0x4c, 0x0, 0x8e, 0xff, 0xf3, 0x0, 0x0,
    0x0, 0x0, 0x0, 0x0, 0x0,

    /* U+5854 "塔" */
    0x0, 0xd2, 0x0, 0xf0, 0x9, 0x80, 0x0, 0xf,
    0x2c, 0xdf, 0xdd, 0xee, 0xd2, 0x0, 0xf2, 0x23,
    0xf4, 0x4a, 0x93, 0x4, 0xff, 0xf6, 0x7, 0xce,
    0x43, 0x0, 0x2, 0xf5, 0x11, 0xcb, 0x8d, 0x30,
    0x0, 0xf, 0x37, 0xfb, 0x10, 0x6f, 0xa1, 0x0,
    0xf4, 0xc6, 0xcf, 0xff, 0x69, 0x0, 0xf, 0x20,
    0x0, 0x0, 0x0, 0x0, 0x0, 0xfc, 0x89, 0xff,
    0xff, 0xf3, 0x4, 0xfe, 0x82, 0x97, 0x0, 0xe,
    0x30, 0x15, 0x0, 0x9, 0x94, 0x44, 0xf3, 0x0,
    0x0, 0x0, 0x9d, 0xbb, 0xbf, 0x30,

    /* U+5858 "塘" */
    0x0, 0x0, 0x0, 0x0, 0x10, 0x0, 0x0, 0xf,
    0x10, 0x0, 0x6d, 0x0, 0x0, 0x0, 0xf1, 0xd,
    0xde, 0xfe, 0xdd, 0x80, 0xf, 0x10, 0xf2, 0x2b,
    0x42, 0x21, 0x5d, 0xfe, 0x8f, 0x5c, 0xfc, 0xc9,
    0x2, 0x5f, 0x63, 0xf1, 0x2e, 0x45, 0xd0, 0x0,
    0xf1, 0x1f, 0xad, 0xfd, 0xef, 0x80, 0xf, 0x12,
    0xe3, 0x7f, 0x89, 0xc0, 0x0, 0xf4, 0x7d, 0x25,
    0xf6, 0x54, 0x0, 0x6f, 0xfc, 0xb8, 0xef, 0xee,
    0xd0, 0x6f, 0xa2, 0x97, 0x95, 0x0, 0x3e, 0x1,
    0x30, 0xe, 0x39, 0x62, 0x25, 0xe0, 0x0, 0x3,
    0xa0, 0x9d, 0xcc, 0xde, 0x0,

    /* U+5899 "墙" */
    0x0, 0x0, 0x0, 0x1, 0x10, 0x0, 0x0, 0x1f,
    0x0, 0x0, 0x6b, 0x0, 0x0, 0x1, 0xf0, 0x6f,
    0xff, 0xff, 0xfa, 0x0, 0x1f, 0x0, 0x94, 0x7b,
    0x1a, 0x20, 0x6f, 0xff, 0x24, 0xd6, 0xb8, 0x90,
    0x0, 0x2f, 0x1b, 0xcd, 0xef, 0xdd, 0xc3, 0x1,
    0xf0, 0x33, 0x33, 0x33, 0x33, 0x0, 0x1f, 0x4,
    0xdd, 0xdd, 0xdd, 0x80, 0x1, 0xf6, 0x7c, 0x33,
    0x33, 0x9a, 0x1, 0x8f, 0xc7, 0xb9, 0xb9, 0xd7,
    0xa0, 0x4c, 0x40, 0x5b, 0x9a, 0x8d, 0x7a, 0x0,
    0x0, 0x5, 0xc5, 0x55, 0x59, 0xa0, 0x0, 0x0,
    0x5e, 0xbb, 0xbb, 0xd9, 0x0,

    /* U+58F3 "壳" */
    0x0, 0x0, 0x2, 0xf1, 0x0, 0x0, 0x2, 0xff,
    0xff, 0xff, 0xff, 0xff, 0xf2, 0x0, 0x0, 0x3,
    0xf2, 0x0, 0x0, 0x0, 0x1f, 0xff, 0xff, 0xff,
    0xff, 0x20, 0x1, 0x22, 0x22, 0x22, 0x22, 0x21,
    0x0, 0xff, 0xff, 0xff, 0xff, 0xff, 0xf0, 0xf,
    0x31, 0x11, 0x11, 0x11, 0x3f, 0x0, 0xb1, 0x3f,
    0xff, 0xff, 0x32, 0xb0, 0x0, 0x3, 0xf0, 0x0,
    0xf3, 0x0, 0x0, 0x0, 0x7d, 0x0, 0xe, 0x30,
    0x31, 0x2, 0x8f, 0x40, 0x0, 0xe5, 0x1b, 0x65,
    0xfb, 0x30, 0x0, 0xa, 0xff, 0xe2, 0x1, 0x0,
    0x0, 0x0, 0x0, 0x0, 0x0,

    /* U+5915 "夕" */
    0x0, 0x0, 0x0, 0x0, 0x0, 0x0, 0x0, 0x0,
    0x9, 0xa0, 0x0, 0x0, 0x0, 0x0, 0x1f, 0x60,
    0x0, 0x0, 0x0, 0x0, 0xbf, 0xff, 0xff, 0xf6,
    0x0, 0x8, 0xf4, 0x33, 0x36, 0xf2, 0x0, 0x8f,
    0x40, 0x0, 0x9, 0xc0, 0xb, 0xf5, 0x9c, 0x20,
    0x2f, 0x60, 0x3, 0x30, 0x1a, 0xf6, 0xcc, 0x0,
    0x0, 0x0, 0x0, 0x7f, 0xe1, 0x0, 0x0, 0x0,
    0x1, 0xbf, 0x40, 0x0, 0x0, 0x0, 0x5e, 0xd2,
    0x0, 0x0, 0x1, 0x8e, 0xf9, 0x0, 0x0, 0x0,
    0x0, 0xc8, 0x10, 0x0, 0x0, 0x0,

    /* U+5916 "外" */
    0x0, 0x0, 0x0, 0x0, 0x0, 0x0, 0x0, 0x4,
    0xe0, 0x0, 0x3f, 0x10, 0x0, 0x0, 0x8c, 0x0,
    0x3, 0xf1, 0x0, 0x0, 0xd, 0xff, 0xfc, 0x3f,
    0x10, 0x0, 0x2, 0xf3, 0x2a, 0xa3, 0xf1, 0x0,
    0x0, 0xab, 0x0, 0xd7, 0x3f, 0xd3, 0x0, 0x4f,
    0x95, 0x2f, 0x33, 0xf9, 0xf4, 0x0, 0x44, 0xed,
    0xd0, 0x3f, 0x18, 0xf3, 0x0, 0x3, 0xf6, 0x3,
    0xf1, 0x7, 0x10, 0x0, 0xbe, 0x0, 0x3f, 0x10,
    0x0, 0x0, 0x8f, 0x30, 0x3, 0xf1, 0x0, 0x2,
    0xcf, 0x60, 0x0, 0x3f, 0x10, 0x0, 0x1a, 0x30,
    0x0, 0x3, 0xf1, 0x0, 0x0,

    /* U+591A "多" */
    0x0, 0x0, 0x0, 0x0, 0x0, 0x0, 0x0, 0x0,
    0x0, 0xbb, 0x0, 0x0, 0x0, 0x0, 0x2, 0xcf,
    0xff, 0xff, 0x30, 0x0, 0x19, 0xf7, 0x11, 0x2d,
    0xa0, 0x0, 0x3, 0xb2, 0xd7, 0x3d, 0xb0, 0x0,
    0x0, 0x0, 0x5, 0xff, 0x94, 0x0, 0x0, 0x3,
    0x7c, 0xf9, 0x4c, 0xd2, 0x11, 0x0, 0x9b, 0x61,
    0x4e, 0xff, 0xff, 0xf1, 0x0, 0x3, 0xaf, 0x60,
    0x2, 0xe6, 0x0, 0x2, 0xe8, 0x4e, 0x43, 0xea,
    0x0, 0x0, 0x0, 0x0, 0x9f, 0xf6, 0x0, 0x0,
    0x24, 0x6a, 0xee, 0x92, 0x0, 0x0, 0xd, 0xec,
    0x94, 0x0, 0x0, 0x0, 0x0, 0x0, 0x0, 0x0,
    0x0, 0x0, 0x0,

    /* U+591C "夜" */
    0x0, 0x0, 0x3, 0x90, 0x0, 0x0, 0x0, 0x55,
    0x55, 0x6f, 0x85, 0x55, 0x51, 0x2c, 0xce, 0xdc,
    0xce, 0xdc, 0xcc, 0x20, 0x0, 0xc8, 0x3, 0xf3,
    0x11, 0x0, 0x0, 0x6e, 0x10, 0xcf, 0xff, 0xfc,
    0x0, 0x2e, 0xa0, 0x7e, 0x53, 0xc, 0x60, 0x2e,
    0xfa, 0x7f, 0xd3, 0xe5, 0xf1, 0x4, 0xb9, 0xa8,
    0x4b, 0x92, 0xd7, 0x0, 0x0, 0x8a, 0x0, 0x1e,
    0xcc, 0x0, 0x0, 0x8, 0xa0, 0x2, 0xdf, 0x90,
    0x0, 0x0, 0x8a, 0x29, 0xfa, 0x4d, 0xd7, 0x10,
    0x8, 0xa8, 0xb4, 0x0, 0x7, 0xd3, 0x0, 0x0,
    0x0, 0x0, 0x0, 0x0, 0x0,

    /* U+591F "够" */
    0x0, 0x90, 0x0, 0x0, 0x84, 0x0, 0x0, 0x6e,
    0x22, 0x20, 0x5f, 0xdc, 0x80, 0xd, 0xff, 0xfe,
    0x6e, 0x43, 0xe4, 0x7, 0xe0, 0x3, 0xe7, 0x6b,
    0xbb, 0x0, 0x4f, 0xff, 0x5e, 0x4, 0xeb, 0x0,
    0x0, 0xd1, 0xd5, 0xd9, 0xeb, 0xb0, 0x0, 0xd,
    0x1d, 0x5d, 0x22, 0xef, 0xcc, 0x20, 0xd1, 0xd6,
    0xc3, 0xe8, 0x38, 0xe0, 0xd, 0xfe, 0x6c, 0xb7,
    0xa2, 0xe7, 0x0, 0x80, 0x7, 0xb0, 0x9, 0xfc,
    0x0, 0x0, 0x1, 0xa9, 0x6, 0xfc, 0x10, 0x0,
    0x4, 0xfe, 0x4e, 0xe7, 0x0, 0x0, 0x0, 0x0,
    0x0, 0x20, 0x0, 0x0, 0x0,

    /* U+5929 "天" */
    0x9, 0xff, 0xff, 0xff, 0xff, 0xf8, 0x0, 0x24,
    0x44, 0x7f, 0x44, 0x44, 0x20, 0x0, 0x0, 0x4,
    0xf0, 0x0, 0x0, 0x0, 0x0, 0x0, 0x5f, 0x0,
    0x0, 0x0, 0x1f, 0xff, 0xff, 0xff, 0xff, 0xff,
    0x10, 0x22, 0x22, 0xcf, 0xa2, 0x22, 0x20, 0x0,
    0x0, 0x2f, 0xaf, 0x10, 0x0, 0x0, 0x0, 0xc,
    0xd0, 0xbc, 0x0, 0x0, 0x0, 0x1c, 0xe2, 0x1,
    0xdc, 0x10, 0x1, 0x8f, 0xd2, 0x0, 0x2, 0xcf,
    0x82, 0x2c, 0x60, 0x0, 0x0, 0x0, 0x6c, 0x20,

    /* U+5934 "头" */
    0x0, 0x6, 0x10, 0xf, 0x30, 0x0, 0x0, 0x2,
    0xbf, 0x81, 0xf2, 0x0, 0x0, 0x0, 0x0, 0x4b,
    0x1f, 0x20, 0x0, 0x0, 0x4e, 0x70, 0x1, 0xf1,
    0x0, 0x0, 0x0, 0x4d, 0xc0, 0x3f, 0x0, 0x0,
    0x0, 0x0, 0x14, 0x5, 0xf0, 0x0, 0x0, 0x1f,
    0xff, 0xff, 0xff, 0xff, 0xff, 0x70, 0x0, 0x0,
    0x1e, 0x60, 0x0, 0x0, 0x0, 0x0, 0x9, 0xe7,
    0x80, 0x0, 0x0, 0x0, 0x1a, 0xf3, 0x3b, 0xe7,
    0x0, 0x3, 0x9f, 0xc2, 0x0, 0x4, 0xec, 0x10,
    0xba, 0x40, 0x0, 0x0, 0x1, 0x91,

    /* U+5976 "奶" */
    0x0, 0x0, 0x0, 0x0, 0x0, 0x0, 0x0, 0xe,
    0x40, 0x0, 0x0, 0x0, 0x0, 0x0, 0xf2, 0xd,
    0xff, 0xff, 0xa0, 0x0, 0x4f, 0x22, 0x3b, 0x93,
    0xc6, 0x0, 0x5f, 0xff, 0xf0, 0xb7, 0xe, 0x30,
    0x0, 0x8a, 0x2f, 0xb, 0x71, 0xf3, 0x20, 0xb,
    0x64, 0xd0, 0xc5, 0x5f, 0xff, 0x10, 0xf3, 0x7a,
    0xe, 0x30, 0x1, 0xf0, 0xc, 0xbd, 0x51, 0xf1,
    0x0, 0x2f, 0x0, 0xb, 0xf3, 0x5d, 0x0, 0x3,
    0xe0, 0x0, 0xce, 0xab, 0x80, 0x0, 0x5c, 0x0,
    0xad, 0x16, 0xf2, 0x2, 0x2a, 0xa0, 0x3c, 0x20,
    0x97, 0x0, 0xbf, 0xd3, 0x0, 0x0, 0x0, 0x0,
    0x0, 0x0, 0x0,

    /* U+5982 "如" */
    0x0, 0x0, 0x0, 0x0, 0x0, 0x0, 0x0, 0x6c,
    0x0, 0x0, 0x0, 0x0, 0x0, 0x8a, 0x0, 0x18,
    0x88, 0x88, 0x12, 0xb9, 0x22, 0x2f, 0xbb, 0xcf,
    0x5f, 0xff, 0xff, 0x5f, 0x0, 0x3f, 0x1, 0xf1,
    0xf, 0x3f, 0x0, 0x3f, 0x5, 0xd0, 0x3f, 0x2f,
    0x0, 0x3f, 0x9, 0x90, 0x7c, 0x1f, 0x0, 0x3f,
    0x8, 0xf5, 0xd6, 0x1f, 0x0, 0x3f, 0x0, 0x6f,
    0xf1, 0x1f, 0x0, 0x3f, 0x0, 0x1e, 0xf9, 0x2f,
    0x33, 0x5f, 0x3, 0xdb, 0x4e, 0x3f, 0xff, 0xff,
    0x2f, 0xa0, 0x0, 0x1f, 0x0, 0x2c, 0x2, 0x0,
    0x0, 0x0, 0x0, 0x0,

    /* U+59CB "始" */
    0x0, 0x0, 0x0, 0x0, 0x0, 0x0, 0x0, 0xe,
    0x30, 0x0, 0x3f, 0x20, 0x0, 0x0, 0xf1, 0x0,
    0xa, 0xb0, 0x0, 0x1, 0x4f, 0x22, 0x2, 0xf4,
    0x2d, 0x10, 0x6f, 0xff, 0xf0, 0xba, 0x0, 0xba,
    0x0, 0x79, 0x2e, 0x7f, 0x98, 0x9b, 0xf3, 0xb,
    0x54, 0xc8, 0xcb, 0x98, 0x7b, 0x90, 0xf2, 0x89,
    0x1, 0x11, 0x11, 0x20, 0x1c, 0xcd, 0x50, 0xff,
    0xff, 0xfe, 0x0, 0xa, 0xf4, 0xf, 0x10, 0x3,
    0xe0, 0x0, 0xdb, 0xf2, 0xf1, 0x0, 0x3e, 0x2,
    0xdc, 0x3, 0xf, 0xdc, 0xcd, 0xe0, 0x1b, 0x10,
    0x0, 0xf5, 0x33, 0x6e, 0x0,

    /* U+5A7A "婺" */
    0x0, 0x0, 0x0, 0x0, 0x50, 0x0, 0x0, 0xbd,
    0xde, 0xe1, 0x8c, 0x22, 0x20, 0x1, 0x9a, 0xd1,
    0x6f, 0xa9, 0xf9, 0x15, 0xde, 0xff, 0xfd, 0x7c,
    0x8a, 0x0, 0x4, 0xea, 0x9c, 0x10, 0xcf, 0x30,
    0x5, 0xe5, 0x88, 0x6, 0xea, 0x7e, 0xb1, 0x1,
    0x49, 0x7d, 0x52, 0x0, 0x6, 0x6, 0xee, 0xef,
    0xfe, 0xee, 0xee, 0xe1, 0x0, 0xa, 0xb0, 0x2,
    0xe5, 0x0, 0x0, 0x3, 0xee, 0xa6, 0xca, 0x0,
    0x0, 0x0, 0x2, 0x8f, 0xff, 0xe9, 0x40, 0x2,
    0xfe, 0xca, 0x61, 0x4, 0x9e, 0x70, 0x0, 0x0,
    0x0, 0x0, 0x0, 0x0, 0x0,

    /* U+5B50 "子" */
    0x0, 0x0, 0x0, 0x0, 0x0, 0x0, 0x0, 0xc,
    0xff, 0xff, 0xff, 0xff, 0x40, 0x0, 0x22, 0x22,
    0x23, 0xaf, 0x80, 0x0, 0x0, 0x0, 0x4, 0xde,
    0x40, 0x0, 0x0, 0x0, 0x0, 0xda, 0x0, 0x0,
    0x0, 0x33, 0x33, 0x3e, 0x83, 0x33, 0x32, 0x1f,
    0xff, 0xff, 0xff, 0xff, 0xff, 0x80, 0x0, 0x0,
    0xd, 0x60, 0x0, 0x0, 0x0, 0x0, 0x0, 0xd6,
    0x0, 0x0, 0x0, 0x0, 0x0, 0xd, 0x60, 0x0,
    0x0, 0x0, 0x1, 0x33, 0xe6, 0x0, 0x0, 0x0,
    0x0, 0x2f, 0xfc, 0x10, 0x0, 0x0, 0x0, 0x0,
    0x0, 0x0, 0x0, 0x0, 0x0,

    /* U+5B83 "它" */
    0x0, 0x0, 0x4d, 0x0, 0x0, 0x2, 0x22, 0x23,
    0xf7, 0x22, 0x22, 0xef, 0xff, 0xff, 0xff, 0xff,
    0xee, 0x40, 0x0, 0x0, 0x0, 0x5e, 0x84, 0x91,
    0x0, 0x0, 0x3, 0x80, 0x2f, 0x10, 0x2, 0x9c,
    0x10, 0x2, 0xf4, 0x7c, 0xfc, 0x50, 0x0, 0x2f,
    0xfb, 0x72, 0x0, 0x0, 0x2, 0xf2, 0x0, 0x0,
    0x1, 0x0, 0x2f, 0x20, 0x0, 0x0, 0x8b, 0x1,
    0xf7, 0x33, 0x33, 0x3d, 0x80, 0x8, 0xef, 0xff,
    0xff, 0xc1,

    /* U+5B8F "宏" */
    0x0, 0x0, 0x0, 0x10, 0x0, 0x0, 0x0, 0x0,
    0x0, 0x3f, 0x30, 0x0, 0x0, 0xc, 0xcc, 0xcc,
    0xfe, 0xcc, 0xcc, 0x0, 0xf6, 0x44, 0x95, 0x44,
    0x47, 0xf0, 0xb, 0x10, 0x2f, 0x30, 0x0, 0x2b,
    0x0, 0x22, 0x27, 0xf3, 0x22, 0x22, 0x20, 0x2f,
    0xff, 0xff, 0xff, 0xff, 0xff, 0x20, 0x0, 0x4f,
    0x22, 0x60, 0x0, 0x0, 0x0, 0xd, 0x90, 0xcb,
    0x0, 0x0, 0x0, 0x7, 0xf1, 0x5f, 0x25, 0xb0,
    0x0, 0x6, 0xf5, 0x1e, 0x60, 0xd, 0x90, 0x3,
    0xf7, 0x1c, 0xe7, 0x9a, 0xdf, 0x40, 0x4, 0x1,
    0xdb, 0x98, 0x65, 0x8b, 0x0, 0x0, 0x0, 0x0,
    0x0, 0x0, 0x0,

    /* U+5BAB "宫" */
    0x0, 0x0, 0x49, 0x0, 0x0, 0x4, 0x44, 0x47,
    0xf6, 0x44, 0x44, 0xee, 0xee, 0xee, 0xee, 0xee,
    0xee, 0x41, 0x11, 0x11, 0x11, 0x5e, 0x75, 0xfd,
    0xdd, 0xdd, 0xf5, 0x70, 0x3e, 0x0, 0x0, 0xf,
    0x20, 0x2, 0xee, 0xee, 0xee, 0xe2, 0x0, 0x11,
    0x11, 0x11, 0x11, 0x10, 0xf, 0xff, 0xff, 0xff,
    0xff, 0x0, 0xf2, 0x0, 0x0, 0x2, 0xf0, 0xf,
    0x64, 0x44, 0x44, 0x6f, 0x0, 0xfd, 0xcc, 0xcc,
    0xcd, 0xf0,

    /* U+5BB6 "家" */
    0x0, 0x0, 0x0, 0x10, 0x0, 0x0, 0x0, 0x0,
    0x0, 0x5f, 0x10, 0x0, 0x0, 0xe, 0xff, 0xff,
    0xff, 0xff, 0xff, 0x0, 0xe4, 0x11, 0x11, 0x11,
    0x14, 0xf0, 0xe, 0x6e, 0xee, 0xee, 0xee, 0x6f,
    0x0, 0x0, 0x28, 0xfa, 0x22, 0x33, 0x0, 0x4,
    0x9e, 0xba, 0xb0, 0x2d, 0xb0, 0x0, 0x78, 0x13,
    0xcf, 0x9f, 0xa0, 0x0, 0x1, 0x6c, 0xd4, 0x9f,
    0xbb, 0x0, 0x0, 0xbb, 0x41, 0xae, 0xd1, 0xf4,
    0x0, 0x0, 0x39, 0xe8, 0x4e, 0x7, 0xe3, 0x0,
    0xde, 0x93, 0x2a, 0xc0, 0x7, 0xf4, 0x3, 0x0,
    0x6f, 0xd3, 0x0, 0x3, 0x0, 0x0, 0x0, 0x0,
    0x0, 0x0, 0x0,

    /* U+5BC4 "寄" */
    0x0, 0x0, 0x2, 0xe1, 0x0, 0x0, 0x0, 0xee,
    0xee, 0xff, 0xfe, 0xee, 0xe0, 0xf, 0x31, 0x12,
    0xb2, 0x11, 0x3f, 0x0, 0x79, 0xff, 0xff, 0xff,
    0xf9, 0x70, 0x0, 0x0, 0x4e, 0xfa, 0x50, 0x0,
    0x0, 0x8, 0xdd, 0x50, 0x5b, 0xe5, 0x0, 0x2d,
    0xef, 0xdd, 0xdd, 0xdf, 0xdd, 0x20, 0x44, 0x44,
    0x44, 0x44, 0xc9, 0x40, 0x0, 0xbf, 0xee, 0xf9,
    0xb, 0x70, 0x0, 0xb, 0x50, 0x8, 0x90, 0xb7,
    0x0, 0x0, 0xbf, 0xee, 0xe9, 0x1c, 0x70, 0x0,
    0x7, 0x30, 0x0, 0x6f, 0xe3, 0x0,

    /* U+5BF9 "对" */
    0x0, 0x0, 0x0, 0x0, 0x6, 0xb0, 0x0, 0x55,
    0x55, 0x30, 0x0, 0x6b, 0x0, 0xd, 0xdd, 0xec,
    0x0, 0x6, 0xb0, 0x0, 0x0, 0x9, 0x9e, 0xff,
    0xff, 0xf3, 0x4, 0x20, 0xc7, 0x33, 0x38, 0xc3,
    0x0, 0x8e, 0x3f, 0x33, 0x30, 0x6b, 0x0, 0x0,
    0x9f, 0xe0, 0x7c, 0x6, 0xb0, 0x0, 0x0, 0xde,
    0x10, 0xe4, 0x6b, 0x0, 0x0, 0x4f, 0xdb, 0x6,
    0x36, 0xb0, 0x0, 0x1d, 0x82, 0xf2, 0x0, 0x6b,
    0x0, 0x1d, 0xd0, 0x1, 0x1, 0x4a, 0xb0, 0x1,
    0xb1, 0x0, 0x0, 0x3f, 0xe5, 0x0,

    /* U+5C0F "小" */
    0x0, 0x0, 0x1, 0xf3, 0x0, 0x0, 0x0, 0x0,
    0x0, 0x1f, 0x30, 0x0, 0x0, 0x0, 0x0, 0x1,
    0xf3, 0x0, 0x0, 0x0, 0x8, 0xa0, 0x1f, 0x30,
    0xb7, 0x0, 0x0, 0xd8, 0x1, 0xf3, 0x7, 0xe0,
    0x0, 0x1f, 0x40, 0x1f, 0x30, 0x1f, 0x70, 0x8,
    0xe0, 0x1, 0xf3, 0x0, 0x9e, 0x1, 0xf8, 0x0,
    0x1f, 0x30, 0x3, 0xf3, 0x4e, 0x10, 0x1, 0xf3,
    0x0, 0xe, 0x80, 0x0, 0x0, 0x1f, 0x30, 0x0,
    0x20, 0x0, 0x2, 0x36, 0xf2, 0x0, 0x0, 0x0,
    0x0, 0x4f, 0xfa, 0x0, 0x0, 0x0, 0x0, 0x0,
    0x0, 0x0, 0x0, 0x0, 0x0,

    /* U+5C14 "尔" */
    0x0, 0x0, 0x0, 0x0, 0x0, 0x0, 0x0, 0x0,
    0x9c, 0x0, 0x0, 0x0, 0x0, 0x0, 0x1f, 0x60,
    0x0, 0x0, 0x0, 0x0, 0x9, 0xfe, 0xee, 0xee,
    0xee, 0xe2, 0x5, 0xf6, 0x33, 0xf6, 0x33, 0xad,
    0x3, 0xf8, 0x0, 0xf, 0x30, 0x1f, 0x50, 0x18,
    0x6, 0x20, 0xf3, 0x6, 0x50, 0x0, 0x4, 0xf3,
    0xf, 0x31, 0xf6, 0x0, 0x0, 0xca, 0x0, 0xf3,
    0x6, 0xf2, 0x0, 0x9e, 0x20, 0xf, 0x30, 0xc,
    0xb0, 0x1d, 0x40, 0x0, 0xf3, 0x0, 0x3e, 0x10,
    0x0, 0x3, 0x4f, 0x30, 0x0, 0x0, 0x0, 0x0,
    0xff, 0xb0, 0x0, 0x0, 0x0, 0x0, 0x0, 0x0,
    0x0, 0x0, 0x0,

    /* U+5C31 "就" */
    0x0, 0x0, 0x0, 0x0, 0x0, 0x0, 0x0, 0x0,
    0xc4, 0x0, 0x2, 0xf1, 0x0, 0x2, 0x2a, 0xa2,
    0x10, 0x3f, 0x79, 0x1, 0xee, 0xee, 0xeb, 0x3,
    0xe0, 0xe1, 0x1, 0x33, 0x33, 0x15, 0x8e, 0x57,
    0x30, 0x6e, 0xbb, 0xf5, 0xbc, 0xfb, 0xb6, 0x6,
    0x90, 0xc, 0x40, 0x6e, 0x60, 0x0, 0x6f, 0xff,
    0xf4, 0x9, 0xda, 0x0, 0x1, 0x58, 0x87, 0x0,
    0xd8, 0xa0, 0x0, 0x5b, 0x88, 0xc5, 0x2e, 0x5a,
    0x0, 0xc, 0x58, 0x85, 0x8a, 0x95, 0xa1, 0x80,
    0xa0, 0x88, 0x5, 0xf1, 0x5b, 0x4c, 0x0, 0x8f,
    0x50, 0xc4, 0x1, 0xbc, 0x50, 0x0, 0x0, 0x0,
    0x0, 0x0, 0x0,

    /* U+5C40 "局" */
    0x0, 0xff, 0xff, 0xff, 0xff, 0xf0, 0x0, 0xf2,
    0x0, 0x0, 0x3, 0xf0, 0x0, 0xff, 0xff, 0xff,
    0xff, 0xf0, 0x1, 0xf3, 0x11, 0x11, 0x11, 0x10,
    0x2, 0xff, 0xee, 0xee, 0xee, 0xed, 0x3, 0xf2,
    0x22, 0x22, 0x22, 0x7d, 0x4, 0xc0, 0xff, 0xff,
    0xf0, 0x6c, 0x8, 0x90, 0xf1, 0x2, 0xf0, 0x7b,
    0xd, 0x40, 0xf4, 0x24, 0xf0, 0x9a, 0x6d, 0x0,
    0xfd, 0xcc, 0xe1, 0xc8, 0x14, 0x0, 0x30, 0x0,
    0x8f, 0xd2, 0x0, 0x0, 0x0, 0x0, 0x0, 0x0,

    /* U+5C42 "层" */
    0x4, 0xff, 0xff, 0xff, 0xff, 0xf8, 0x0, 0x4e,
    0x0, 0x0, 0x0, 0xa, 0x80, 0x4, 0xff, 0xff,
    0xff, 0xff, 0xf8, 0x0, 0x5e, 0x11, 0x11, 0x11,
    0x11, 0x0, 0x5, 0xd0, 0xff, 0xff, 0xff, 0xf5,
    0x0, 0x6c, 0x0, 0x0, 0x0, 0x0, 0x0, 0x7,
    0xbb, 0xee, 0xee, 0xee, 0xee, 0x30, 0xa9, 0x12,
    0xcb, 0x22, 0x93, 0x10, 0xd, 0x50, 0x6e, 0x10,
    0xa, 0xb0, 0x4, 0xf1, 0x4f, 0xcb, 0xbc, 0xef,
    0x50, 0x27, 0x2, 0x86, 0x54, 0x21, 0x77, 0x0,

    /* U+5C4F "屏" */
    0x4, 0xff, 0xff, 0xff, 0xff, 0xfa, 0x0, 0x4f,
    0x11, 0x11, 0x11, 0x1a, 0xa0, 0x4, 0xff, 0xff,
    0xff, 0xff, 0xfa, 0x0, 0x4f, 0x5, 0xc0, 0x0,
    0xc5, 0x0, 0x4, 0xe7, 0xcd, 0xbb, 0xcf, 0xcb,
    0x0, 0x5d, 0x23, 0xf6, 0x36, 0xf3, 0x30, 0x6,
    0xc0, 0xe, 0x30, 0x3f, 0x0, 0x0, 0x8b, 0xdf,
    0xff, 0xff, 0xff, 0xf4, 0xb, 0x71, 0x6e, 0x11,
    0x4f, 0x11, 0x2, 0xf3, 0x4e, 0x70, 0x3, 0xf0,
    0x0, 0x4a, 0xb, 0x80, 0x0, 0x3f, 0x0, 0x0,
    0x0, 0x0, 0x0, 0x0, 0x0, 0x0,

    /* U+5C71 "山" */
    0x0, 0x0, 0x5e, 0x0, 0x0, 0x0, 0x0, 0x5,
    0xe0, 0x0, 0x0, 0x21, 0x0, 0x5e, 0x0, 0x2,
    0x1d, 0x60, 0x5, 0xe0, 0x0, 0xd5, 0xd6, 0x0,
    0x5e, 0x0, 0xd, 0x5d, 0x60, 0x5, 0xe0, 0x0,
    0xd5, 0xd6, 0x0, 0x5e, 0x0, 0xd, 0x5d, 0x60,
    0x5, 0xe0, 0x0, 0xd5, 0xd6, 0x0, 0x5e, 0x0,
    0xd, 0x5d, 0x82, 0x27, 0xe2, 0x22, 0xe5, 0xdf,
    0xff, 0xff, 0xff, 0xff, 0x50, 0x0, 0x0, 0x0,
    0x0, 0xe5,

    /* U+5CA9 "岩" */
    0x0, 0x0, 0x0, 0xf4, 0x0, 0x0, 0x0, 0x3f,
    0x0, 0xf, 0x40, 0x9, 0xa0, 0x3, 0xfc, 0xcc,
    0xfd, 0xcc, 0xea, 0x0, 0x14, 0x44, 0x44, 0x44,
    0x44, 0x30, 0x2, 0x22, 0x22, 0x22, 0x22, 0x22,
    0x11, 0xff, 0xff, 0xff, 0xff, 0xff, 0xf6, 0x0,
    0x4, 0xf3, 0x0, 0x0, 0x0, 0x0, 0x2, 0xff,
    0xdd, 0xdd, 0xdd, 0x70, 0x6, 0xfe, 0xb4, 0x44,
    0x44, 0xc9, 0x3, 0xe4, 0x99, 0x0, 0x0, 0xa,
    0x90, 0x0, 0x9, 0xec, 0xcc, 0xcc, 0xe9, 0x0,
    0x0, 0x9b, 0x44, 0x44, 0x4b, 0x80,

    /* U+5CB8 "岸" */
    0x0, 0x0, 0x1, 0xf3, 0x0, 0x0, 0x0, 0x4e,
    0x0, 0x1f, 0x30, 0xe, 0x50, 0x4, 0xff, 0xff,
    0xff, 0xff, 0xf5, 0x0, 0x1, 0x11, 0x11, 0x11,
    0x11, 0x0, 0x5, 0xff, 0xff, 0xff, 0xff, 0xff,
    0x0, 0x5d, 0x11, 0x11, 0x11, 0x11, 0x10, 0x5,
    0xd3, 0xff, 0xff, 0xff, 0xf8, 0x0, 0x7c, 0x1,
    0x11, 0xf4, 0x11, 0x0, 0x8, 0xaa, 0xdd, 0xdf,
    0xdd, 0xdd, 0x20, 0xc8, 0x33, 0x33, 0xf6, 0x33,
    0x30, 0x3f, 0x20, 0x0, 0xf, 0x30, 0x0, 0x1,
    0x70, 0x0, 0x0, 0xf3, 0x0, 0x0,

    /* U+5CF0 "峰" */
    0x0, 0x0, 0x0, 0x0, 0x0, 0x0, 0x6, 0x70,
    0x0, 0xb8, 0x0, 0x0, 0x6, 0x70, 0x5, 0xfe,
    0xef, 0x40, 0xe6, 0x7d, 0x5f, 0xe1, 0x8d, 0x0,
    0xe6, 0x7e, 0x85, 0x8e, 0xf2, 0x0, 0xe6, 0x7e,
    0x4, 0xbe, 0xf9, 0x30, 0xe6, 0x7e, 0xbf, 0x86,
    0x5b, 0xf2, 0xe6, 0x7e, 0x2b, 0xaf, 0xca, 0x70,
    0xe6, 0x7e, 0x4, 0x4e, 0x84, 0x20, 0xe6, 0x7e,
    0xb, 0xcf, 0xdc, 0x60, 0xfe, 0xff, 0x47, 0x7e,
    0xa7, 0x70, 0x31, 0x6, 0x47, 0x7e, 0x97, 0x70,
    0x0, 0x0, 0x0, 0xd, 0x40, 0x0,

    /* U+5D29 "崩" */
    0x0, 0x0, 0x0, 0xe4, 0x0, 0x0, 0x5, 0xd0,
    0x0, 0xe4, 0x0, 0x4f, 0x5, 0xe9, 0x99, 0xfb,
    0x99, 0xbf, 0x1, 0x55, 0x55, 0x55, 0x55, 0x55,
    0x3, 0xff, 0xff, 0x1a, 0xff, 0xfe, 0x3, 0xd0,
    0xf, 0x1a, 0x70, 0x3e, 0x3, 0xff, 0xff, 0x1a,
    0xff, 0xfe, 0x4, 0xd0, 0xf, 0x1b, 0x60, 0x3e,
    0x5, 0xfe, 0xff, 0x1c, 0xfe, 0xfe, 0x8, 0x80,
    0xf, 0x1e, 0x30, 0x4e, 0xd, 0x40, 0x1f, 0x5e,
    0x0, 0x4e, 0x2c, 0x4, 0xfc, 0x87, 0x8, 0xfa,
    0x0, 0x0, 0x0, 0x0, 0x0, 0x0,

    /* U+5DDD "川" */
    0x0, 0x0, 0x0, 0x0, 0x0, 0x0, 0x0, 0xe4,
    0x0, 0x82, 0x0, 0xe5, 0x0, 0xe4, 0x0, 0xe4,
    0x0, 0xe5, 0x0, 0xe4, 0x0, 0xe4, 0x0, 0xe5,
    0x0, 0xe4, 0x0, 0xe4, 0x0, 0xe5, 0x0, 0xf4,
    0x0, 0xe4, 0x0, 0xe5, 0x0, 0xf3, 0x0, 0xe4,
    0x0, 0xe5, 0x1, 0xf1, 0x0, 0xe4, 0x0, 0xe5,
    0x3, 0xf0, 0x0, 0xe4, 0x0, 0xe5, 0x8, 0xc0,
    0x0, 0xe4, 0x0, 0xe5, 0x1f, 0x70, 0x0, 0xe4,
    0x0, 0xe5, 0x4c, 0x0, 0x0, 0x0, 0x0, 0xe5,
    0x0, 0x0, 0x0, 0x0, 0x0, 0x0,

    /* U+5DDE "州" */
    0x0, 0x0, 0x0, 0x0, 0x0, 0x0, 0x0, 0xe,
    0x30, 0x0, 0x0, 0x4e, 0x0, 0xe, 0x30, 0x4e,
    0x0, 0x4e, 0x0, 0xe, 0x30, 0x4e, 0x0, 0x4e,
    0x2, 0x1e, 0x30, 0x4e, 0x0, 0x4e, 0xa, 0x6f,
    0xa8, 0x4e, 0xb6, 0x4e, 0xe, 0x3f, 0x6e, 0x4e,
    0x4e, 0x5e, 0x5d, 0x1f, 0x1e, 0x7e, 0xe, 0xae,
    0x24, 0x3f, 0x5, 0x5e, 0x3, 0x5e, 0x0, 0x7b,
    0x0, 0x4e, 0x0, 0x4e, 0x0, 0xd5, 0x0, 0x4e,
    0x0, 0x4e, 0x8, 0xd0, 0x0, 0x4e, 0x0, 0x4e,
    0x1d, 0x20, 0x0, 0x28, 0x0, 0x4e, 0x0, 0x0,
    0x0, 0x0, 0x0, 0x0,

    /* U+5DE5 "工" */
    0x1, 0x44, 0x44, 0x44, 0x44, 0x44, 0x0, 0x5f,
    0xff, 0xff, 0xff, 0xff, 0xd0, 0x0, 0x0, 0x0,
    0xf5, 0x0, 0x0, 0x0, 0x0, 0x0, 0xf, 0x50,
    0x0, 0x0, 0x0, 0x0, 0x0, 0xf5, 0x0, 0x0,
    0x0, 0x0, 0x0, 0xf, 0x50, 0x0, 0x0, 0x0,
    0x0, 0x0, 0xf5, 0x0, 0x0, 0x0, 0x0, 0x0,
    0xf, 0x50, 0x0, 0x0, 0x1, 0x11, 0x11, 0xf7,
    0x11, 0x11, 0x11, 0xff, 0xff, 0xff, 0xff, 0xff,
    0xf8, 0x1, 0x11, 0x11, 0x11, 0x11, 0x11, 0x0,

    /* U+5DE6 "左" */
    0x0, 0x0, 0x0, 0x0, 0x0, 0x0, 0x0, 0x0,
    0x6, 0xe0, 0x0, 0x0, 0x0, 0x0, 0x0, 0x9b,
    0x0, 0x0, 0x0, 0x1, 0xdd, 0xdf, 0xfd, 0xdd,
    0xdd, 0xd1, 0x4, 0x45, 0xf7, 0x44, 0x44, 0x44,
    0x0, 0x0, 0x5f, 0x0, 0x0, 0x0, 0x0, 0x0,
    0xb, 0xc3, 0x33, 0x33, 0x32, 0x0, 0x1, 0xfc,
    0xff, 0xff, 0xff, 0xc0, 0x0, 0x7d, 0x0, 0xc,
    0x70, 0x0, 0x0, 0x1e, 0x60, 0x0, 0xc7, 0x0,
    0x0, 0xa, 0xc0, 0x0, 0xc, 0x70, 0x0, 0x6,
    0xe1, 0x22, 0x22, 0xc8, 0x22, 0x20, 0x13, 0xe,
    0xff, 0xff, 0xff, 0xff, 0x50,

    /* U+5DEE "差" */
    0x0, 0x7, 0x40, 0x0, 0x5a, 0x0, 0x0, 0x12,
    0x8e, 0x22, 0x2e, 0x92, 0x10, 0x9, 0xff, 0xff,
    0xff, 0xff, 0xfa, 0x0, 0x1, 0x11, 0x8d, 0x11,
    0x11, 0x0, 0x0, 0xff, 0xff, 0xff, 0xff, 0xf0,
    0x0, 0x22, 0x24, 0xf4, 0x22, 0x22, 0x20, 0x2f,
    0xff, 0xff, 0xff, 0xff, 0xff, 0x20, 0x0, 0x6f,
    0x52, 0x22, 0x22, 0x0, 0x0, 0x5f, 0xdf, 0xff,
    0xff, 0xf3, 0x1, 0xaf, 0x80, 0x0, 0xe5, 0x0,
    0x0, 0x2c, 0x6c, 0xcc, 0xcf, 0xdc, 0xcc, 0x20,
    0x0, 0x55, 0x55, 0x55, 0x55, 0x50,

    /* U+5DF2 "已" */
    0x8f, 0xff, 0xff, 0xff, 0xfe, 0x0, 0x12, 0x22,
    0x22, 0x22, 0x7e, 0x0, 0x6, 0x0, 0x0, 0x0,
    0x4e, 0x0, 0x2f, 0x10, 0x0, 0x0, 0x4e, 0x0,
    0x2f, 0xff, 0xff, 0xff, 0xfe, 0x0, 0x2f, 0x53,
    0x33, 0x33, 0x7e, 0x0, 0x2f, 0x10, 0x0, 0x0,
    0x1, 0x0, 0x2f, 0x10, 0x0, 0x0, 0x0, 0x63,
    0x2f, 0x10, 0x0, 0x0, 0x0, 0xd7, 0xf, 0x83,
    0x22, 0x22, 0x36, 0xf3, 0x7, 0xef, 0xff, 0xff,
    0xfe, 0x80,

    /* U+5DF7 "巷" */
    0x0, 0x0, 0xe4, 0x0, 0xe4, 0x0, 0x0, 0x13,
    0x3e, 0x73, 0x3e, 0x73, 0x30, 0x4, 0xdd, 0xfe,
    0xdd, 0xfe, 0xda, 0x0, 0x0, 0xe, 0x40, 0xe,
    0x40, 0x0, 0x1f, 0xff, 0xff, 0xff, 0xff, 0xff,
    0x90, 0x11, 0x9e, 0x31, 0x19, 0xd2, 0x11, 0x0,
    0x7f, 0xfe, 0xee, 0xff, 0xc2, 0x1, 0xce, 0xbb,
    0x0, 0x8, 0xaa, 0xf7, 0x7, 0x17, 0xfc, 0xcc,
    0xea, 0x4, 0x10, 0x0, 0x7c, 0x22, 0x22, 0x16,
    0x50, 0x0, 0x6, 0xd2, 0x11, 0x12, 0xc8, 0x0,
    0x0, 0x1c, 0xff, 0xff, 0xfd, 0x20,

    /* U+5DFE "巾" */
    0x0, 0x0, 0xf, 0x40, 0x0, 0x0, 0x0, 0x0,
    0xf4, 0x0, 0x0, 0x14, 0x44, 0x4f, 0x74, 0x44,
    0x35, 0xff, 0xff, 0xff, 0xff, 0xfe, 0x5e, 0x0,
    0xf, 0x40, 0x5, 0xe5, 0xe0, 0x0, 0xf4, 0x0,
    0x5e, 0x5e, 0x0, 0xf, 0x40, 0x5, 0xe5, 0xe0,
    0x0, 0xf4, 0x0, 0x5e, 0x5e, 0x0, 0xf, 0x40,
    0x6, 0xe5, 0xe0, 0x0, 0xf4, 0x8f, 0xfa, 0x12,
    0x0, 0xf, 0x40, 0x21, 0x0, 0x0, 0x0, 0xf4,
    0x0, 0x0,

    /* U+5E03 "布" */
    0x0, 0x0, 0x1d, 0x20, 0x0, 0x0, 0x0, 0x0,
    0x6, 0xe0, 0x0, 0x0, 0x0, 0x2f, 0xff, 0xff,
    0xff, 0xff, 0xff, 0x30, 0x22, 0x7f, 0x34, 0x62,
    0x22, 0x20, 0x0, 0x1e, 0x60, 0x7b, 0x0, 0x0,
    0x0, 0xb, 0xfd, 0xde, 0xfd, 0xdd, 0x70, 0xb,
    0xff, 0x54, 0x9d, 0x44, 0xc8, 0x6, 0xe4, 0xf1,
    0x7, 0xb0, 0xa, 0x80, 0x1, 0x1f, 0x10, 0x7b,
    0x0, 0xa8, 0x0, 0x1, 0xf1, 0x7, 0xb2, 0x3c,
    0x80, 0x0, 0x1f, 0x10, 0x7b, 0x4d, 0xb2, 0x0,
    0x0, 0x0, 0x7, 0xb0, 0x0, 0x0,

    /* U+5E26 "带" */
    0x0, 0xf, 0x20, 0xe4, 0xa, 0x80, 0x0, 0x9a,
    0xfa, 0x9f, 0xb9, 0xed, 0x95, 0x6, 0x7f, 0x86,
    0xf9, 0x6d, 0xb6, 0x30, 0x0, 0xa1, 0x9, 0x20,
    0x75, 0x0, 0xa, 0xdd, 0xdd, 0xdd, 0xdd, 0xdd,
    0x20, 0xc8, 0x22, 0x2f, 0x62, 0x22, 0xf3, 0xa,
    0x61, 0x11, 0xf5, 0x11, 0x1d, 0x20, 0x6, 0xff,
    0xff, 0xff, 0xff, 0x0, 0x0, 0x6c, 0x0, 0xf4,
    0x2, 0xf0, 0x0, 0x6, 0xc0, 0xf, 0x41, 0x4f,
    0x0, 0x0, 0x5b, 0x0, 0xf4, 0x6d, 0x90, 0x0,
    0x0, 0x0, 0xf, 0x40, 0x0, 0x0,

    /* U+5E55 "幕" */
    0x0, 0x3, 0xe0, 0x0, 0xf2, 0x0, 0x1, 0xcc,
    0xdf, 0xcc, 0xcf, 0xdc, 0xc1, 0x0, 0x69, 0xc8,
    0x88, 0xb8, 0x70, 0x0, 0xd, 0x84, 0x44, 0x44,
    0x7f, 0x0, 0x0, 0xdd, 0xbb, 0xbb, 0xbc, 0xf0,
    0x0, 0xd, 0xa7, 0x77, 0x77, 0x9f, 0x0, 0x0,
    0x45, 0xdb, 0x55, 0x55, 0x50, 0x3, 0xee, 0xff,
    0xef, 0xef, 0xfe, 0xe3, 0x1, 0xaf, 0x65, 0xf3,
    0x5f, 0x91, 0x4, 0xfc, 0xfb, 0xcf, 0xbb, 0xfd,
    0xf4, 0x2, 0x3e, 0x2, 0xf0, 0x2d, 0x61, 0x0,
    0x3, 0xb0, 0x2f, 0xa, 0xa2, 0x0,

    /* U+5E61 "幡" */
    0x5, 0xb0, 0x1, 0x24, 0x69, 0x80, 0x5, 0xb0,
    0x7e, 0xdf, 0xc9, 0x70, 0x7a, 0xd7, 0x1b, 0x5c,
    0x4b, 0x70, 0xf8, 0xcc, 0xcf, 0xef, 0xff, 0xe6,
    0xe5, 0xba, 0x43, 0xee, 0xdc, 0x10, 0xe5, 0xba,
    0x6e, 0x7c, 0x5c, 0xc2, 0xe5, 0xba, 0xd7, 0x8,
    0x30, 0xa6, 0xe5, 0xba, 0x7f, 0xef, 0xee, 0xf0,
    0xe5, 0xbe, 0x5d, 0xb, 0x31, 0xf0, 0x75, 0xb3,
    0x3f, 0xcf, 0xdc, 0xf0, 0x5, 0xb0, 0x3d, 0x1c,
    0x42, 0xf0, 0x5, 0xb0, 0x3f, 0xdd, 0xdd, 0xf0,
    0x0, 0x0, 0x0, 0x0, 0x0, 0x0,

    /* U+5E72 "干" */
    0x0, 0x0, 0x0, 0x0, 0x0, 0x0, 0x0, 0x6f,
    0xff, 0xff, 0xff, 0xff, 0xd0, 0x1, 0x33, 0x33,
    0xf7, 0x33, 0x33, 0x0, 0x0, 0x0, 0xf, 0x40,
    0x0, 0x0, 0x0, 0x0, 0x0, 0xf4, 0x0, 0x0,
    0x1, 0xee, 0xee, 0xef, 0xee, 0xee, 0xe6, 0x5,
    0x55, 0x55, 0xf8, 0x55, 0x55, 0x20, 0x0, 0x0,
    0xf, 0x40, 0x0, 0x0, 0x0, 0x0, 0x0, 0xf4,
    0x0, 0x0, 0x0, 0x0, 0x0, 0xf, 0x40, 0x0,
    0x0, 0x0, 0x0, 0x0, 0xf4, 0x0, 0x0, 0x0,
    0x0, 0x0, 0xf, 0x40, 0x0, 0x0,

    /* U+5E73 "平" */
    0x0, 0x0, 0x0, 0x0, 0x0, 0x0, 0x0, 0x6f,
    0xff, 0xff, 0xff, 0xff, 0xc0, 0x0, 0x24, 0x11,
    0xf6, 0x13, 0x41, 0x0, 0x5, 0xe0, 0xe, 0x40,
    0x7e, 0x0, 0x0, 0xe, 0x40, 0xe4, 0xd, 0x60,
    0x0, 0x0, 0xa7, 0xe, 0x43, 0xd0, 0x0, 0x6,
    0x66, 0x66, 0xf9, 0x66, 0x66, 0x31, 0xdd, 0xdd,
    0xdf, 0xed, 0xdd, 0xd7, 0x0, 0x0, 0x0, 0xe4,
    0x0, 0x0, 0x0, 0x0, 0x0, 0xe, 0x40, 0x0,
    0x0, 0x0, 0x0, 0x0, 0xe4, 0x0, 0x0, 0x0,
    0x0, 0x0, 0xe, 0x40, 0x0, 0x0,

    /* U+5E90 "庐" */
    0x0, 0x0, 0x0, 0x1, 0x0, 0x0, 0x0, 0x0,
    0x0, 0xa, 0xd0, 0x0, 0x0, 0x2, 0xcc, 0xcc,
    0xdf, 0xcc, 0xcc, 0x50, 0x3f, 0x44, 0x44, 0xa7,
    0x44, 0x42, 0x3, 0xf0, 0x0, 0xb, 0x90, 0x0,
    0x0, 0x3f, 0xd, 0xff, 0xff, 0xff, 0xe0, 0x3,
    0xf0, 0xd5, 0x0, 0x0, 0x4e, 0x0, 0x4e, 0xd,
    0x73, 0x33, 0x36, 0xe0, 0x5, 0xd0, 0xfe, 0xdd,
    0xdd, 0xee, 0x0, 0x6c, 0xf, 0x20, 0x0, 0x0,
    0x20, 0x9, 0x93, 0xf0, 0x0, 0x0, 0x0, 0x0,
    0xe6, 0x8a, 0x0, 0x0, 0x0, 0x0, 0x1d, 0xc,
    0x20, 0x0, 0x0, 0x0, 0x0, 0x0, 0x0, 0x0,
    0x0, 0x0, 0x0,

    /* U+5EA6 "度" */
    0x0, 0x0, 0x0, 0x0, 0x0, 0x0, 0x0, 0x0,
    0x0, 0xa, 0xb0, 0x0, 0x0, 0x2, 0xee, 0xee,
    0xff, 0xee, 0xee, 0x50, 0x2f, 0x33, 0x64, 0x33,
    0x64, 0x31, 0x2, 0xf0, 0xe, 0x40, 0xe, 0x40,
    0x0, 0x3f, 0xae, 0xff, 0xee, 0xff, 0xe3, 0x3,
    0xf0, 0xe, 0x41, 0x1e, 0x40, 0x0, 0x4e, 0x0,
    0xaa, 0xaa, 0xa2, 0x0, 0x5, 0xd6, 0xbb, 0xbb,
    0xbb, 0xb2, 0x0, 0x7b, 0x27, 0xe5, 0x35, 0xdc,
    0x0, 0xb, 0x80, 0x6, 0xe8, 0xeb, 0x10, 0x1,
    0xf4, 0x69, 0xcf, 0xdf, 0xc9, 0x72, 0x19, 0x9,
    0x85, 0x10, 0x15, 0x9b, 0x20,

    /* U+5F00 "开" */
    0xa, 0xff, 0xff, 0xff, 0xff, 0xff, 0x10, 0x12,
    0x3f, 0x42, 0x29, 0xc2, 0x20, 0x0, 0x1, 0xf2,
    0x0, 0x8b, 0x0, 0x0, 0x0, 0x1f, 0x20, 0x8,
    0xb0, 0x0, 0x4, 0x45, 0xf6, 0x44, 0xad, 0x44,
    0x21, 0xdd, 0xef, 0xed, 0xdf, 0xfd, 0xd7, 0x0,
    0x4, 0xf0, 0x0, 0x8b, 0x0, 0x0, 0x0, 0xab,
    0x0, 0x8, 0xb0, 0x0, 0x0, 0x3f, 0x40, 0x0,
    0x8b, 0x0, 0x0, 0x4e, 0xa0, 0x0, 0x8, 0xb0,
    0x0, 0xa, 0x80, 0x0, 0x0, 0x8b, 0x0, 0x0,
    0x0, 0x0, 0x0, 0x0, 0x0, 0x0,

    /* U+5F20 "张" */
    0x0, 0x0, 0x2, 0x0, 0x0, 0x0, 0xdf, 0xfc,
    0xe, 0x40, 0x9, 0x70, 0x11, 0x7c, 0xe, 0x40,
    0x9d, 0x10, 0x6c, 0xec, 0xe, 0x6d, 0xc1, 0x0,
    0x9a, 0x44, 0x2e, 0x66, 0x22, 0x20, 0xa6, 0x1,
    0xff, 0xff, 0xff, 0xf3, 0xc8, 0x44, 0x3f, 0x79,
    0xc3, 0x30, 0xbc, 0xec, 0xe, 0x42, 0xf1, 0x0,
    0x0, 0x7b, 0xe, 0x40, 0xc7, 0x0, 0x0, 0x8a,
    0xe, 0x42, 0x6e, 0x10, 0x0, 0xc8, 0xf, 0xee,
    0x1b, 0xd2, 0xaf, 0xd2, 0x4d, 0x60, 0x0, 0xa1,
    0x0, 0x0, 0x0, 0x0, 0x0, 0x0,

    /* U+5F69 "彩" */
    0x0, 0x1, 0x46, 0xa1, 0x0, 0x47, 0x1, 0xef,
    0xfd, 0xa7, 0x20, 0x4f, 0x70, 0x5, 0x14, 0x50,
    0x84, 0x9f, 0x70, 0x0, 0x99, 0x4d, 0x2f, 0x29,
    0x30, 0x0, 0x1, 0xd1, 0xa7, 0x90, 0x0, 0x6e,
    0x20, 0x0, 0x3f, 0x0, 0x0, 0x8f, 0x40, 0x1f,
    0xff, 0xff, 0xf8, 0xdd, 0x30, 0x0, 0x12, 0xef,
    0xc2, 0x3, 0x0, 0x52, 0x0, 0xae, 0xfa, 0xc0,
    0x0, 0x4f, 0x40, 0xbd, 0x4f, 0xb, 0x20, 0x6f,
    0x50, 0x3d, 0x23, 0xf0, 0x3, 0xcf, 0x60, 0x0,
    0x0, 0x3f, 0x0, 0x7a, 0x10, 0x0, 0x0, 0x0,
    0x0, 0x0, 0x0, 0x0, 0x0,

    /* U+5F71 "影" */
    0x0, 0x0, 0x0, 0x0, 0x0, 0x0, 0x0, 0x7e,
    0xcc, 0xcf, 0x70, 0x1c, 0xa0, 0x7, 0xeb, 0xbb,
    0xe7, 0x5e, 0xa0, 0x0, 0x7d, 0x88, 0x8e, 0x8b,
    0x60, 0x0, 0x1, 0x36, 0xe4, 0x31, 0x0, 0x5e,
    0x11, 0xff, 0xff, 0xff, 0xe0, 0x5f, 0x40, 0x2,
    0x88, 0x88, 0x83, 0xbe, 0x40, 0x0, 0x5d, 0x33,
    0x3e, 0x45, 0x0, 0x52, 0x5, 0xed, 0xed, 0xe4,
    0x0, 0x5f, 0x20, 0x3b, 0x2f, 0x48, 0x0, 0x4f,
    0x50, 0xd, 0x72, 0xf0, 0xe4, 0xaf, 0x60, 0x0,
    0x53, 0xfc, 0x3, 0x4b, 0x20, 0x0,

    /* U+5F80 "往" */
    0x0, 0x27, 0x0, 0x8, 0x20, 0x0, 0x0, 0x1d,
    0x90, 0x0, 0xab, 0x0, 0x0, 0x2d, 0xb0, 0x23,
    0x36, 0xd4, 0x33, 0x3, 0x91, 0xa9, 0xee, 0xff,
    0xee, 0xd0, 0x0, 0xcb, 0x0, 0x6, 0xd0, 0x0,
    0x1, 0xcf, 0x50, 0x0, 0x6d, 0x0, 0x0, 0x8c,
    0xf4, 0x1e, 0xef, 0xfe, 0xe7, 0x1, 0xe, 0x40,
    0x33, 0x8e, 0x33, 0x20, 0x0, 0xe4, 0x0, 0x6,
    0xd0, 0x0, 0x0, 0xe, 0x40, 0x0, 0x6d, 0x0,
    0x0, 0x0, 0xe4, 0x44, 0x49, 0xe4, 0x44, 0x10,
    0xe, 0x4c, 0xdd, 0xdd, 0xdd, 0xd3,

    /* U+5F88 "很" */
    0x0, 0x24, 0x0, 0x0, 0x0, 0x0, 0x0, 0x1d,
    0x90, 0xff, 0xff, 0xff, 0x10, 0x4e, 0x90, 0xf,
    0x20, 0x1, 0xf1, 0x3, 0x53, 0xd2, 0xff, 0xff,
    0xff, 0x10, 0x1, 0xd8, 0xf, 0x20, 0x1, 0xf1,
    0x2, 0xdf, 0x40, 0xfe, 0xdd, 0xdf, 0x10, 0xab,
    0xe4, 0xf, 0x4b, 0x82, 0x52, 0x1, 0xe, 0x40,
    0xf2, 0x5d, 0x4e, 0x70, 0x0, 0xe4, 0xf, 0x20,
    0xee, 0x40, 0x0, 0xe, 0x40, 0xf2, 0x5, 0xf4,
    0x0, 0x0, 0xe4, 0x3f, 0xdf, 0x38, 0xf8, 0x0,
    0xe, 0x45, 0xc7, 0x20, 0x5, 0xa0, 0x0, 0x0,
    0x0, 0x0, 0x0, 0x0, 0x0,

    /* U+5F97 "得" */
    0x0, 0x12, 0x0, 0x0, 0x0, 0x0, 0x0, 0x1d,
    0xb0, 0xee, 0xdd, 0xdf, 0x50, 0x5f, 0xa0, 0xe,
    0xed, 0xdd, 0xf5, 0x3, 0x52, 0xe1, 0xe4, 0x0,
    0xd, 0x50, 0x0, 0xd9, 0xd, 0xff, 0xff, 0xf5,
    0x0, 0xbf, 0x32, 0x33, 0x33, 0x33, 0x20, 0xae,
    0xf3, 0x7c, 0xcc, 0xcf, 0xdb, 0x5, 0x2e, 0x33,
    0x33, 0x33, 0xf7, 0x30, 0x0, 0xe3, 0xbc, 0xcc,
    0xcf, 0xdc, 0x10, 0xe, 0x30, 0x99, 0x0, 0xe4,
    0x0, 0x0, 0xe3, 0x0, 0xc4, 0x1f, 0x40, 0x0,
    0xe, 0x30, 0x0, 0x6f, 0xd1, 0x0, 0x0, 0x0,
    0x0, 0x0, 0x0, 0x0, 0x0,

    /* U+5FC3 "心" */
    0x0, 0x0, 0x2, 0x0, 0x0, 0x0, 0x0, 0x0,
    0x5, 0xf6, 0x0, 0x0, 0x0, 0x0, 0x0, 0x5,
    0xea, 0x0, 0x0, 0x0, 0x0, 0x0, 0x2, 0xe8,
    0x0, 0x0, 0x0, 0x2, 0xf1, 0x1, 0x0, 0x60,
    0x0, 0x6c, 0x2f, 0x10, 0x0, 0x1f, 0x40, 0x9,
    0xa2, 0xf1, 0x0, 0x0, 0xab, 0x0, 0xc7, 0x2f,
    0x10, 0x0, 0x4, 0xf0, 0x1f, 0x42, 0xf1, 0x0,
    0x7, 0x1f, 0x54, 0xf0, 0x2f, 0x10, 0x0, 0xf2,
    0x83, 0x1, 0x1, 0xf5, 0x11, 0x5f, 0x0, 0x0,
    0x0, 0xa, 0xff, 0xff, 0x70, 0x0,

    /* U+5FC5 "必" */
    0x0, 0x0, 0x64, 0x0, 0x0, 0x0, 0x0, 0x0,
    0x7, 0xf9, 0x0, 0x3d, 0x10, 0x0, 0x0, 0x3,
    0xeb, 0xd, 0xa0, 0x0, 0x0, 0x1c, 0x21, 0x27,
    0xe1, 0x0, 0x4, 0xd1, 0xf2, 0x3, 0xf5, 0x30,
    0x0, 0x8b, 0x1f, 0x22, 0xe9, 0x4f, 0x20, 0xd,
    0x71, 0xf4, 0xe9, 0x0, 0xba, 0x4, 0xf1, 0x1f,
    0xe9, 0x0, 0x3, 0xf2, 0x26, 0x5, 0xf9, 0x0,
    0x4, 0xd, 0x50, 0x2b, 0xff, 0x20, 0x0, 0xd5,
    0x0, 0x4f, 0xb3, 0xf7, 0x32, 0x4f, 0x20, 0x0,
    0x30, 0x9, 0xff, 0xff, 0xa0, 0x0,

    /* U+5FC6 "忆" */
    0x0, 0xe4, 0x0, 0x0, 0x0, 0x0, 0x0, 0xe,
    0x40, 0xff, 0xff, 0xff, 0x80, 0x25, 0xec, 0x52,
    0x22, 0x3c, 0xe1, 0x5, 0xae, 0x9b, 0x0, 0x7,
    0xf2, 0x0, 0x78, 0xe4, 0xb0, 0x3, 0xf5, 0x0,
    0xb, 0x4e, 0x40, 0x1, 0xe8, 0x0, 0x0, 0x10,
    0xe4, 0x0, 0xbb, 0x0, 0x0, 0x0, 0xe, 0x40,
    0x6e, 0x10, 0x0, 0x0, 0x0, 0xe4, 0xe, 0x50,
    0x0, 0xc, 0x0, 0xe, 0x46, 0xe0, 0x0, 0x1,
    0xf0, 0x0, 0xe4, 0x5f, 0x64, 0x44, 0x8c, 0x0,
    0xe, 0x40, 0x8c, 0xdd, 0xdc, 0x40,

    /* U+5FEB "快" */
    0x0, 0xe4, 0x0, 0xa, 0x70, 0x0, 0x0, 0xe,
    0x40, 0x0, 0xa7, 0x0, 0x0, 0x4, 0xec, 0xe,
    0xff, 0xff, 0xf3, 0x3, 0xbe, 0xc7, 0x22, 0xb9,
    0x2e, 0x30, 0x69, 0xe7, 0x80, 0xa, 0x70, 0xe3,
    0x9, 0x5e, 0x40, 0x0, 0xb7, 0xe, 0x40, 0x0,
    0xe4, 0xef, 0xff, 0xff, 0xff, 0x20, 0xe, 0x41,
    0x12, 0xff, 0x41, 0x10, 0x0, 0xe4, 0x0, 0x7d,
    0x9b, 0x0, 0x0, 0xe, 0x40, 0x3f, 0x51, 0xf6,
    0x0, 0x0, 0xe4, 0x5e, 0x90, 0x6, 0xf8, 0x0,
    0xe, 0x5d, 0x70, 0x0, 0x4, 0xc0, 0x0, 0x0,
    0x0, 0x0, 0x0, 0x0, 0x0,

    /* U+5FF5 "念" */
    0x0, 0x0, 0x1, 0xb3, 0x0, 0x0, 0x0, 0x0,
    0x2, 0xdc, 0xe3, 0x0, 0x0, 0x0, 0x17, 0xf7,
    0x24, 0xea, 0x20, 0x1, 0x9f, 0xd4, 0x3e, 0x61,
    0xaf, 0xc4, 0xa, 0x63, 0x22, 0x59, 0x23, 0x28,
    0x20, 0x6, 0xdd, 0xdd, 0xde, 0xf6, 0x0, 0x0,
    0x0, 0x2, 0x0, 0xbb, 0x0, 0x0, 0x0, 0x1,
    0xca, 0x6c, 0x0, 0x0, 0x2, 0xc5, 0xe1, 0xd9,
    0x0, 0xe3, 0x0, 0x7b, 0x4e, 0x2, 0x70, 0x57,
    0xd0, 0xe, 0x54, 0xe1, 0x11, 0x2f, 0x2e, 0x60,
    0x80, 0x1d, 0xff, 0xff, 0xa0, 0x42,

    /* U+60F3 "想" */
    0x0, 0xf, 0x20, 0x0, 0x0, 0x0, 0x0, 0x0,
    0xf2, 0x5, 0xff, 0xff, 0xe0, 0x3c, 0xcf, 0xcc,
    0x6c, 0x0, 0x4e, 0x0, 0x38, 0xf5, 0x36, 0xfd,
    0xde, 0xe0, 0x0, 0xef, 0xd3, 0x5d, 0x11, 0x5e,
    0x0, 0xa9, 0xf7, 0xe7, 0xfc, 0xcd, 0xe0, 0x5d,
    0x1f, 0x21, 0x5d, 0x22, 0x5e, 0x0, 0x0, 0x91,
    0x7, 0xcc, 0xcc, 0xb0, 0x4, 0x52, 0x55, 0xe3,
    0x0, 0xc5, 0x0, 0xa9, 0x6c, 0x7, 0xb1, 0x57,
    0xe0, 0x2f, 0x36, 0xd1, 0x11, 0x6e, 0xe, 0x60,
    0x50, 0x2d, 0xff, 0xff, 0x70, 0x20,

    /* U+6162 "慢" */
    0x0, 0xe3, 0x0, 0x0, 0x0, 0x0, 0x0, 0xe,
    0x31, 0xfd, 0xbb, 0xbf, 0x40, 0x3, 0xea, 0x1f,
    0xb9, 0x99, 0xf4, 0x2, 0xae, 0xb5, 0xca, 0x99,
    0x9c, 0x30, 0x48, 0xe5, 0xbc, 0xcc, 0xcc, 0xcb,
    0x7, 0x5e, 0x3b, 0x41, 0xd2, 0xa2, 0xe0, 0x0,
    0xe3, 0xbd, 0xcf, 0xce, 0xce, 0x0, 0xe, 0x34,
    0x55, 0x55, 0x55, 0x20, 0x0, 0xe3, 0xbf, 0xfc,
    0xcd, 0xf6, 0x0, 0xe, 0x30, 0x3d, 0xb4, 0xd9,
    0x0, 0x0, 0xe3, 0x14, 0x8f, 0xfd, 0x62, 0x0,
    0xe, 0x5e, 0xb7, 0x31, 0x5a, 0xd1, 0x0, 0x0,
    0x0, 0x0, 0x0, 0x0, 0x0,

    /* U+620F "戏" */
    0x0, 0x0, 0x0, 0xf, 0x47, 0x70, 0x1, 0x33,
    0x34, 0x10, 0xe5, 0x4f, 0x50, 0x3d, 0xdd, 0xf8,
    0xe, 0x50, 0x64, 0x0, 0x30, 0xd, 0x52, 0xda,
    0x79, 0xb2, 0x1e, 0x52, 0xf7, 0xff, 0xda, 0x86,
    0x10, 0x5f, 0x8d, 0x0, 0x9a, 0x7, 0x80, 0x0,
    0x9f, 0x70, 0x7, 0xd0, 0xe4, 0x0, 0x4, 0xf8,
    0x0, 0x5f, 0x9c, 0x0, 0x0, 0xdc, 0xf3, 0x1,
    0xff, 0x20, 0x0, 0xbe, 0xa, 0x90, 0x6f, 0xa0,
    0xa4, 0x5e, 0x20, 0x12, 0xaf, 0x9f, 0x7e, 0x30,
    0x10, 0x0, 0x1a, 0x20, 0x8f, 0xd0, 0x0, 0x0,
    0x0, 0x0, 0x0, 0x11, 0x0,

    /* U+6210 "成" */
    0x0, 0x0, 0x0, 0x0, 0x0, 0x0, 0x0, 0x0,
    0x0, 0x0, 0xf4, 0xd6, 0x0, 0x0, 0x0, 0x0,
    0xf, 0x33, 0xd6, 0x0, 0x5f, 0xff, 0xff, 0xff,
    0xff, 0xf6, 0x5, 0xf3, 0x33, 0x3e, 0x83, 0x33,
    0x10, 0x5f, 0x11, 0x10, 0xc7, 0x8, 0x50, 0x5,
    0xff, 0xff, 0x3a, 0x92, 0xf4, 0x0, 0x5e, 0x0,
    0xf2, 0x7c, 0x9d, 0x0, 0x6, 0xc0, 0xf, 0x24,
    0xff, 0x40, 0x0, 0x8b, 0x2, 0xf0, 0x1f, 0xa0,
    0x41, 0xb, 0x9b, 0xfc, 0xb, 0xfb, 0x9, 0x71,
    0xf5, 0x12, 0x3d, 0xc4, 0xf8, 0xd4, 0x3d, 0x0,
    0x6, 0xa0, 0x5, 0xec, 0x0, 0x0, 0x0, 0x0,
    0x0, 0x0, 0x0,

    /* U+6211 "我" */
    0x0, 0x14, 0x8c, 0x6a, 0x93, 0x60, 0x0, 0xdf,
    0xfe, 0x73, 0x9a, 0x3f, 0x60, 0x2, 0x17, 0xc0,
    0x8, 0xa0, 0x4e, 0x0, 0x22, 0x8c, 0x22, 0x9c,
    0x22, 0x31, 0x1f, 0xff, 0xff, 0xff, 0xff, 0xff,
    0x60, 0x0, 0x7c, 0x0, 0x4f, 0x2, 0x30, 0x0,
    0x7, 0xd5, 0x81, 0xf2, 0xd7, 0x1, 0x9c, 0xff,
    0xc8, 0xe, 0xdb, 0x0, 0xa, 0x79, 0xc0, 0x0,
    0xce, 0x11, 0x0, 0x0, 0x7c, 0x3, 0xdf, 0xf1,
    0x5a, 0x1, 0x39, 0xb5, 0xfa, 0x1d, 0xa9, 0x80,
    0x4f, 0xe6, 0x4, 0x0, 0x3e, 0xe2, 0x0, 0x0,
    0x0, 0x0, 0x0, 0x0, 0x0,

    /* U+624B "手" */
    0x0, 0x0, 0x1, 0x35, 0x7a, 0xb0, 0x0, 0x2e,
    0xff, 0xff, 0xda, 0x74, 0x0, 0x0, 0x32, 0x10,
    0xe5, 0x0, 0x0, 0x0, 0x3, 0x33, 0x3e, 0x73,
    0x33, 0x20, 0x3, 0xff, 0xff, 0xff, 0xff, 0xfc,
    0x0, 0x0, 0x0, 0xe, 0x50, 0x0, 0x0, 0x3,
    0x33, 0x33, 0xe8, 0x33, 0x33, 0x21, 0xff, 0xff,
    0xff, 0xff, 0xff, 0xf8, 0x0, 0x0, 0x0, 0xe5,
    0x0, 0x0, 0x0, 0x0, 0x0, 0xe, 0x50, 0x0,
    0x0, 0x0, 0x1, 0x23, 0xf5, 0x0, 0x0, 0x0,
    0x0, 0x5f, 0xfc, 0x10, 0x0, 0x0, 0x0, 0x0,
    0x0, 0x0, 0x0, 0x0, 0x0,

    /* U+624E "扎" */
    0x0, 0x1f, 0x0, 0xe, 0x20, 0x0, 0x0, 0x1,
    0xf0, 0x0, 0xf2, 0x0, 0x0, 0x2, 0x4f, 0x32,
    0xf, 0x20, 0x0, 0x1, 0xff, 0xff, 0xb0, 0xf2,
    0x0, 0x0, 0x0, 0x1f, 0x0, 0xf, 0x20, 0x0,
    0x0, 0x1, 0xf0, 0x10, 0xf2, 0x0, 0x0, 0x1,
    0x6f, 0xec, 0xf, 0x20, 0x0, 0x1, 0xfe, 0xf5,
    0x0, 0xf2, 0x0, 0x0, 0x1, 0x1f, 0x0, 0xf,
    0x20, 0x3, 0x0, 0x1, 0xf0, 0x0, 0xf2, 0x0,
    0xc4, 0x1, 0x3f, 0x0, 0xf, 0x41, 0x1f, 0x20,
    0x7f, 0xb0, 0x0, 0xaf, 0xff, 0xb0,

    /* U+6253 "打" */
    0x0, 0x4e, 0x0, 0x0, 0x0, 0x0, 0x0, 0x4,
    0xe0, 0x4d, 0xdd, 0xdd, 0xd8, 0x2, 0x6e, 0x24,
    0x77, 0x7f, 0xa7, 0x41, 0xff, 0xff, 0x80, 0x0,
    0xe5, 0x0, 0x0, 0x4e, 0x0, 0x0, 0xe, 0x50,
    0x0, 0x4, 0xe0, 0x20, 0x0, 0xe5, 0x0, 0x3,
    0x9f, 0xfa, 0x0, 0xe, 0x50, 0x1, 0xfd, 0xf2,
    0x0, 0x0, 0xe5, 0x0, 0x0, 0x4e, 0x0, 0x0,
    0xe, 0x50, 0x0, 0x4, 0xe0, 0x0, 0x0, 0xe5,
    0x0, 0x1, 0x6e, 0x0, 0x3, 0x3f, 0x50, 0x0,
    0xaf, 0x90, 0x1, 0xff, 0xd1, 0x0, 0x0, 0x0,
    0x0, 0x0, 0x0, 0x0, 0x0,

    /* U+626C "扬" */
    0x0, 0xa7, 0x0, 0x0, 0x0, 0x0, 0x0, 0xa,
    0x70, 0xff, 0xff, 0xfe, 0x10, 0x3, 0xc9, 0x22,
    0x23, 0xbd, 0x30, 0x2, 0xbe, 0xda, 0x6, 0xd7,
    0x0, 0x0, 0x0, 0xa7, 0xc, 0xff, 0xff, 0xff,
    0x50, 0xa, 0x95, 0x25, 0xf3, 0xd7, 0xe4, 0x18,
    0xef, 0xb0, 0xa8, 0x2f, 0xf, 0x33, 0xbd, 0x70,
    0x7e, 0x19, 0x80, 0xf2, 0x0, 0xa7, 0x4e, 0x23,
    0xe1, 0x2f, 0x0, 0xa, 0x70, 0x11, 0xe5, 0x4,
    0xe0, 0x2, 0xc7, 0x2, 0xd8, 0x2, 0xab, 0x0,
    0xde, 0x30, 0xb6, 0x2, 0xed, 0x30,

    /* U+628A "把" */
    0x0, 0xa8, 0x0, 0x0, 0x0, 0x0, 0x0, 0xa,
    0x80, 0x8f, 0xff, 0xff, 0xf2, 0x2, 0xb9, 0x28,
    0xb2, 0xe5, 0x4f, 0x21, 0xff, 0xfc, 0x89, 0xe,
    0x22, 0xf2, 0x0, 0xa8, 0x8, 0x90, 0xe2, 0x2f,
    0x20, 0xa, 0x81, 0x8b, 0x2e, 0x54, 0xf2, 0x5,
    0xdf, 0xf9, 0xff, 0xff, 0xff, 0x22, 0xff, 0xb1,
    0x89, 0x0, 0x2, 0xf2, 0x1, 0xa8, 0x8, 0x90,
    0x0, 0x0, 0x0, 0xa, 0x80, 0x8a, 0x0, 0x0,
    0x68, 0x1, 0xb8, 0x7, 0xd3, 0x22, 0x3c, 0x90,
    0xbe, 0x40, 0x2d, 0xff, 0xff, 0xd2,

    /* U+62AC "抬" */
    0x0, 0x0, 0x0, 0x0, 0x0, 0x0, 0x0, 0xb,
    0x70, 0x0, 0x7c, 0x0, 0x0, 0x0, 0xb7, 0x0,
    0xe, 0x70, 0x0, 0x0, 0x2c, 0x82, 0x6, 0xe0,
    0x1c, 0x10, 0x3f, 0xff, 0xd1, 0xe6, 0x0, 0xaa,
    0x0, 0xb, 0x70, 0xbf, 0x88, 0xac, 0xf4, 0x0,
    0xb7, 0x1c, 0xca, 0x97, 0x69, 0xb0, 0x3d, 0xfd,
    0x1, 0x11, 0x11, 0x20, 0x3e, 0xe9, 0x3, 0xff,
    0xff, 0xfe, 0x0, 0xb, 0x70, 0x3f, 0x0, 0x4,
    0xe0, 0x0, 0xb7, 0x3, 0xf0, 0x0, 0x4e, 0x0,
    0x2c, 0x70, 0x3f, 0xcc, 0xcd, 0xe0, 0xd, 0xe3,
    0x3, 0xf3, 0x33, 0x7d, 0x0,

    /* U+62C2 "拂" */
    0x1, 0xf0, 0x0, 0xc4, 0x3e, 0x0, 0x0, 0x1f,
    0x0, 0x1d, 0x54, 0xe1, 0x10, 0x25, 0xf4, 0x7f,
    0xff, 0xff, 0xfc, 0x4, 0xbf, 0xa0, 0xc, 0x43,
    0xe3, 0xc0, 0x1, 0xf0, 0x5d, 0xfe, 0xef, 0xec,
    0x0, 0x1f, 0x69, 0x8d, 0x76, 0xf3, 0x30, 0x3a,
    0xfe, 0xc5, 0xd4, 0x4e, 0x0, 0x7, 0xbf, 0xd,
    0xff, 0xff, 0xff, 0xf2, 0x1, 0xf0, 0x3, 0xe0,
    0x3e, 0xf, 0x10, 0x1f, 0x0, 0x9a, 0x3, 0xe2,
    0xf0, 0x4, 0xf0, 0x5f, 0x30, 0x3e, 0x98, 0x3,
    0xfa, 0xc, 0x60, 0x3, 0xe0, 0x0, 0x0, 0x0,
    0x0, 0x0, 0x0, 0x0, 0x0,

    /* U+62C9 "拉" */
    0x0, 0x0, 0x0, 0x0, 0x0, 0x0, 0x0, 0x8,
    0xa0, 0x0, 0x2f, 0x10, 0x0, 0x0, 0x8a, 0x0,
    0x0, 0xe5, 0x0, 0x0, 0x29, 0xb2, 0x47, 0x7b,
    0x87, 0x73, 0x1f, 0xff, 0xe6, 0xaa, 0xaa, 0xaa,
    0x40, 0x8, 0xa0, 0x6, 0x30, 0x8, 0x40, 0x0,
    0x8a, 0x10, 0x98, 0x0, 0xe5, 0x0, 0x5c, 0xfe,
    0x6, 0xc0, 0x1f, 0x20, 0xc, 0xdb, 0x0, 0x3f,
    0x3, 0xe0, 0x0, 0x8, 0xa0, 0x1, 0xf1, 0x7a,
    0x0, 0x0, 0x8a, 0x0, 0x8, 0x1b, 0x60, 0x0,
    0x19, 0xa2, 0xdd, 0xdd, 0xfe, 0xda, 0xa, 0xe5,
    0x4, 0x44, 0x44, 0x44, 0x30,

    /* U+62E9 "择" */
    0x0, 0xb7, 0x0, 0x0, 0x0, 0x0, 0x0, 0xb,
    0x70, 0xbf, 0xff, 0xff, 0xa0, 0x2, 0xc8, 0x20,
    0x9b, 0x15, 0xf2, 0x4, 0xff, 0xfe, 0x0, 0xbb,
    0xe4, 0x0, 0x0, 0xb7, 0x1, 0x7d, 0xde, 0x93,
    0x0, 0xb, 0x86, 0xfa, 0x36, 0x4a, 0xf7, 0x16,
    0xef, 0xc1, 0x11, 0xf5, 0x11, 0x4, 0xee, 0x80,
    0x7f, 0xff, 0xff, 0x90, 0x0, 0xb7, 0x0, 0x0,
    0xf4, 0x0, 0x0, 0xb, 0x72, 0xff, 0xff, 0xff,
    0xf7, 0x1, 0xc7, 0x0, 0x0, 0xf3, 0x0, 0x0,
    0xee, 0x30, 0x0, 0xf, 0x30, 0x0, 0x0, 0x0,
    0x0, 0x0, 0x0, 0x0, 0x0,

    /* U+62F3 "拳" */
    0x0, 0x17, 0x0, 0xd3, 0x6, 0x10, 0x0, 0x0,
    0xd5, 0x4f, 0x4, 0xe1, 0x0, 0x4, 0xde, 0xde,
    0xfd, 0xfe, 0xd4, 0x0, 0x12, 0x25, 0xf4, 0x22,
    0x22, 0x0, 0x2f, 0xff, 0xff, 0xff, 0xff, 0xff,
    0x30, 0x3, 0xdb, 0x12, 0x5c, 0xb1, 0x0, 0x7,
    0xeb, 0xdd, 0xfa, 0x5b, 0xd6, 0x3, 0xc5, 0x88,
    0x9f, 0x88, 0x86, 0xc6, 0x0, 0x15, 0x56, 0xf6,
    0x55, 0x10, 0x0, 0x7e, 0xee, 0xef, 0xee, 0xee,
    0x60, 0x0, 0x0, 0x2, 0xf1, 0x0, 0x0, 0x0,
    0x0, 0xd, 0xfc, 0x0, 0x0, 0x0,

    /* U+62FF "拿" */
    0x0, 0x0, 0x3, 0xc3, 0x0, 0x0, 0x0, 0x0,
    0x29, 0xe8, 0xd8, 0x10, 0x0, 0x17, 0xcf, 0xe7,
    0x67, 0xef, 0xc8, 0x21, 0x95, 0x47, 0x77, 0x77,
    0x45, 0x91, 0x0, 0x7d, 0x99, 0x99, 0x9e, 0x70,
    0x0, 0x6, 0xc9, 0x99, 0x99, 0xc6, 0x0, 0x0,
    0x99, 0xaa, 0xbc, 0xcc, 0x50, 0x0, 0x28, 0x77,
    0x7f, 0x64, 0x44, 0x20, 0x3, 0x77, 0x78, 0xf8,
    0x77, 0x73, 0x2, 0xdd, 0xdd, 0xdf, 0xdd, 0xdd,
    0xd2, 0x0, 0x0, 0x1, 0xf1, 0x0, 0x0, 0x0,
    0x0, 0xc, 0xec, 0x0, 0x0, 0x0,

    /* U+6309 "按" */
    0x0, 0x0, 0x0, 0x0, 0x0, 0x0, 0x0, 0x8,
    0x90, 0x0, 0x2f, 0x10, 0x0, 0x0, 0x89, 0x2,
    0x33, 0xf7, 0x33, 0x0, 0x29, 0xa2, 0xcf, 0xff,
    0xff, 0xf4, 0x3f, 0xff, 0xec, 0x44, 0x50, 0xe,
    0x40, 0x8, 0x90, 0x31, 0xc7, 0x0, 0x41, 0x0,
    0x89, 0x2f, 0xff, 0xff, 0xff, 0x60, 0x1a, 0xee,
    0x3a, 0xb2, 0x4f, 0x31, 0x3f, 0xfc, 0x31, 0xf4,
    0x7, 0xc0, 0x0, 0x28, 0x90, 0x2c, 0xe6, 0xe5,
    0x0, 0x0, 0x89, 0x0, 0x7, 0xff, 0x30, 0x0,
    0x19, 0x90, 0x38, 0xfa, 0x9f, 0x80, 0xd, 0xe5,
    0xc, 0xa4, 0x0, 0x4c, 0x10, 0x0, 0x0, 0x0,
    0x0, 0x0, 0x0,

    /* U+6362 "换" */
    0x0, 0x0, 0x0, 0x0, 0x0, 0x0, 0x0, 0xb,
    0x70, 0x2, 0xe2, 0x0, 0x0, 0x0, 0xb7, 0x0,
    0xcf, 0xee, 0xe5, 0x1, 0x8e, 0xc5, 0xad, 0x10,
    0x9d, 0x0, 0x18, 0xdb, 0x7f, 0xed, 0xdf, 0xec,
    0x0, 0xb, 0x70, 0x8a, 0x1e, 0x45, 0xe0, 0x0,
    0xb9, 0x48, 0xa0, 0xe3, 0x4e, 0x1, 0x8e, 0xf9,
    0x8a, 0xf, 0x24, 0xe0, 0x1a, 0xd7, 0x5f, 0xff,
    0xff, 0xff, 0xb0, 0xb, 0x70, 0x11, 0xbf, 0xb1,
    0x10, 0x0, 0xb7, 0x0, 0x7d, 0x1d, 0x80, 0x0,
    0x2c, 0x71, 0xae, 0x20, 0x2e, 0xc3, 0xc, 0xe3,
    0xca, 0x10, 0x0, 0x8, 0xa0, 0x0, 0x0, 0x0,
    0x0, 0x0, 0x0,

    /* U+6389 "掉" */
    0x0, 0xa7, 0x0, 0x0, 0xf1, 0x0, 0x0, 0xa,
    0x70, 0x0, 0xf, 0xff, 0xf7, 0x17, 0xdb, 0x60,
    0x0, 0xf2, 0x0, 0x1, 0xae, 0xd8, 0xce, 0xff,
    0xfe, 0xd0, 0x0, 0xa7, 0xc, 0x50, 0x0, 0x4e,
    0x0, 0xa, 0x83, 0xce, 0xee, 0xee, 0xe0, 0x16,
    0xef, 0xcc, 0x50, 0x0, 0x4e, 0x1, 0xcd, 0x80,
    0xce, 0xff, 0xfe, 0xd0, 0x0, 0xa7, 0x1, 0x12,
    0xf3, 0x11, 0x10, 0xa, 0x77, 0xff, 0xff, 0xff,
    0xfa, 0x1, 0xc7, 0x0, 0x0, 0xf2, 0x0, 0x0,
    0xfe, 0x30, 0x0, 0xf, 0x20, 0x0, 0x0, 0x0,
    0x0, 0x0, 0x10, 0x0, 0x0,

    /* U+6392 "排" */
    0x0, 0x8a, 0x0, 0xd, 0x3a, 0x60, 0x0, 0x8,
    0xa0, 0x0, 0xe3, 0xb6, 0x0, 0x2, 0x9b, 0x27,
    0xaf, 0x3b, 0xca, 0x31, 0xff, 0xfe, 0x57, 0xf3,
    0xbb, 0x72, 0x0, 0x8a, 0x0, 0x1e, 0x3b, 0x71,
    0x0, 0x8, 0xa2, 0xaf, 0xf3, 0xbf, 0xf3, 0x4,
    0xcf, 0xe0, 0xe, 0x3b, 0x60, 0x2, 0xfe, 0xc1,
    0x22, 0xe3, 0xb7, 0x10, 0x0, 0x8a, 0xe, 0xef,
    0x3b, 0xff, 0x70, 0x8, 0xa0, 0x0, 0xe3, 0xb6,
    0x0, 0x0, 0x9a, 0x0, 0xe, 0x3b, 0x60, 0x0,
    0xbf, 0x50, 0x0, 0xe3, 0xb6, 0x0, 0x0, 0x0,
    0x0, 0x0, 0x0, 0x0, 0x0,

    /* U+6396 "掖" */
    0x0, 0x0, 0x0, 0x0, 0x0, 0x0, 0x0, 0x1f,
    0x0, 0x0, 0xb6, 0x0, 0x0, 0x1, 0xf0, 0x23,
    0x3a, 0xc3, 0x33, 0x0, 0x3f, 0x2b, 0xdd, 0xdd,
    0xdd, 0xd2, 0x4c, 0xfb, 0x4, 0xb0, 0xb4, 0x0,
    0x0, 0x1f, 0x0, 0xa6, 0x2f, 0xff, 0xe0, 0x1,
    0xf3, 0x3f, 0x29, 0xa5, 0x4b, 0x2, 0x9f, 0xfe,
    0xf6, 0xf9, 0xcc, 0x70, 0x4b, 0xf1, 0x9e, 0xc8,
    0xe3, 0xf1, 0x0, 0x1f, 0x0, 0xe2, 0x9, 0xe8,
    0x0, 0x1, 0xf0, 0xe, 0x10, 0x8f, 0x60, 0x0,
    0x3f, 0x0, 0xe2, 0x9e, 0x6f, 0x80, 0x3f, 0xa0,
    0xe, 0x7b, 0x20, 0x3c, 0x20, 0x0, 0x0, 0x0,
    0x0, 0x0, 0x0,

    /* U+63A5 "接" */
    0x3, 0xe0, 0x0, 0x9, 0x70, 0x0, 0x0, 0x3e,
    0x3, 0xdd, 0xef, 0xdd, 0xa0, 0x6a, 0xf9, 0x14,
    0xb2, 0x29, 0x82, 0x5, 0xaf, 0x80, 0xd, 0x41,
    0xf3, 0x0, 0x3, 0xe0, 0x8d, 0xed, 0xef, 0xdd,
    0x10, 0x3e, 0x21, 0x22, 0xd4, 0x22, 0x20, 0x18,
    0xff, 0x21, 0x5f, 0x11, 0x11, 0xb, 0xef, 0x3c,
    0xef, 0xee, 0xff, 0xe3, 0x3, 0xe0, 0x7, 0xd0,
    0xd, 0x70, 0x0, 0x3e, 0x0, 0x8e, 0xca, 0xd0,
    0x0, 0x5, 0xe0, 0x13, 0x7e, 0xdf, 0x91, 0x4,
    0xf9, 0xc, 0xd9, 0x30, 0x2a, 0x90, 0x0, 0x0,
    0x0, 0x0, 0x0, 0x0, 0x0,

    /* U+6512 "攒" */
    0x0, 0x0, 0x0, 0x0, 0x0, 0x0, 0x0, 0x1f,
    0x6, 0x5e, 0x5, 0x88, 0x0, 0x1, 0xf0, 0xdd,
    0xfa, 0xde, 0xed, 0x1, 0x4f, 0x28, 0x5e, 0x58,
    0x7a, 0x42, 0x7f, 0xff, 0x4d, 0x98, 0x2c, 0xd3,
    0x10, 0x1f, 0x5, 0xa9, 0xc6, 0x9c, 0x24, 0x1,
    0xf1, 0x91, 0x61, 0x91, 0x6b, 0x33, 0x8f, 0xf3,
    0xef, 0xff, 0xff, 0x60, 0x7c, 0xf1, 0xe, 0x21,
    0x80, 0xc6, 0x0, 0x1f, 0x0, 0xe2, 0x3e, 0xc,
    0x60, 0x1, 0xf0, 0xb, 0x16, 0xc0, 0x84, 0x0,
    0x3f, 0x0, 0x49, 0xe5, 0xe9, 0x30, 0x4f, 0xa0,
    0xcc, 0x81, 0x1, 0x8e, 0x20, 0x0, 0x0, 0x0,
    0x0, 0x0, 0x0,

    /* U+6536 "收" */
    0x0, 0x0, 0x0, 0x1, 0x0, 0x0, 0x0, 0x0,
    0xf, 0x20, 0xd7, 0x0, 0x0, 0x7, 0x20, 0xf2,
    0x1f, 0x40, 0x0, 0x0, 0xe4, 0xf, 0x24, 0xf5,
    0x33, 0x30, 0xe, 0x40, 0xf2, 0x9f, 0xee, 0xff,
    0x30, 0xe4, 0xf, 0x4f, 0xb0, 0xf, 0x30, 0xe,
    0x40, 0xfb, 0xef, 0x13, 0xf0, 0x0, 0xe4, 0xf,
    0x64, 0xa8, 0x8b, 0x0, 0xe, 0x55, 0xf2, 0x3,
    0xee, 0x40, 0x2, 0xff, 0xdf, 0x20, 0xc, 0xd0,
    0x0, 0x19, 0x20, 0xf2, 0x6, 0xff, 0x60, 0x0,
    0x0, 0xf, 0x49, 0xf4, 0x4f, 0x90, 0x0, 0x0,
    0xf6, 0xc3, 0x0, 0x3b, 0x10, 0x0, 0x0, 0x0,
    0x0, 0x0, 0x0,

    /* U+6566 "敦" */
    0x0, 0xc, 0x30, 0x0, 0xb4, 0x0, 0x1, 0x77,
    0xcc, 0x77, 0x1f, 0x20, 0x0, 0x19, 0x99, 0x99,
    0x96, 0xe4, 0x33, 0x10, 0x7d, 0xdd, 0xd3, 0xce,
    0xdf, 0xe4, 0x8, 0x93, 0x3d, 0x9f, 0xa0, 0xc5,
    0x0, 0x48, 0x88, 0x8c, 0xbe, 0xf, 0x20, 0xc,
    0xee, 0xee, 0x60, 0xd8, 0xe0, 0x0, 0x0, 0x3d,
    0x70, 0x8, 0xf8, 0x0, 0x2, 0x4b, 0xda, 0xb0,
    0x5f, 0x30, 0x6, 0xec, 0xdc, 0x64, 0x1d, 0xfc,
    0x0, 0x0, 0x9, 0x80, 0x2d, 0xc1, 0xeb, 0x10,
    0x1e, 0xe5, 0xa, 0xa0, 0x2, 0xc4, 0x0, 0x0,
    0x0, 0x0, 0x0, 0x0, 0x0,

    /* U+6570 "数" */
    0x6, 0x1b, 0x55, 0x40, 0xc1, 0x0, 0x0, 0x97,
    0xb6, 0xe3, 0x3f, 0x0, 0x0, 0x18, 0x9d, 0xaa,
    0x57, 0xd3, 0x33, 0x13, 0x9c, 0xff, 0xa9, 0xaf,
    0xef, 0xf4, 0x5, 0xde, 0xbd, 0x4f, 0xb0, 0xc5,
    0x4, 0xc2, 0x83, 0x29, 0xcf, 0x1f, 0x20, 0x0,
    0x4d, 0x0, 0x54, 0xc8, 0xe0, 0x1, 0xef, 0xfe,
    0xf5, 0x7, 0xf8, 0x0, 0x3, 0xf1, 0x4e, 0x0,
    0x3f, 0x30, 0x0, 0x3c, 0xde, 0x50, 0xc, 0xfb,
    0x0, 0x2, 0x9f, 0xda, 0x2c, 0xc1, 0xda, 0x3,
    0xfa, 0x20, 0x2e, 0xa0, 0x2, 0xd4, 0x0, 0x0,
    0x0, 0x10, 0x0, 0x0, 0x0,

    /* U+6591 "斑" */
    0x0, 0x0, 0x4, 0x20, 0x0, 0x0, 0x5, 0xcc,
    0xc2, 0x9a, 0xc, 0xdd, 0xd1, 0x26, 0xf5, 0x46,
    0xb3, 0x59, 0xc4, 0x0, 0x1f, 0xc, 0xde, 0xf5,
    0x6b, 0x0, 0x1, 0xf0, 0x52, 0x89, 0x6, 0xb0,
    0x3, 0xcf, 0xc7, 0xbb, 0x54, 0x9d, 0x50, 0x16,
    0xf4, 0xe, 0xf1, 0x9d, 0xfc, 0x0, 0x1f, 0x0,
    0x7e, 0x0, 0x6b, 0x0, 0x1, 0xf0, 0x9, 0xf2,
    0x6, 0xb0, 0x1, 0x6f, 0xe6, 0xfb, 0x90, 0x6b,
    0x0, 0x7c, 0x83, 0xb9, 0x26, 0x59, 0xd5, 0x10,
    0x0, 0x3d, 0x0, 0x7c, 0xcc, 0xc2, 0x0, 0x0,
    0x0, 0x0, 0x0, 0x0, 0x0,

    /* U+65AD "断" */
    0x0, 0x0, 0x0, 0x0, 0x0, 0x0, 0x0, 0xe,
    0x10, 0x0, 0x19, 0xb0, 0xe5, 0x3e, 0x36, 0x5b,
    0xfe, 0x90, 0xe6, 0x8e, 0x96, 0xd8, 0x10, 0x0,
    0xe4, 0x7f, 0x83, 0xd4, 0x0, 0x0, 0xe8, 0xbf,
    0xb9, 0xde, 0xdd, 0xd3, 0xe1, 0x6f, 0xa0, 0xd8,
    0x4f, 0x71, 0xe3, 0xdf, 0xa8, 0xd3, 0xe, 0x30,
    0xec, 0x6e, 0x24, 0xe2, 0xe, 0x30, 0xe5, 0xe,
    0x10, 0xf1, 0xe, 0x30, 0xe3, 0x15, 0x13, 0xe0,
    0xe, 0x30, 0xef, 0xff, 0xff, 0xb0, 0xe, 0x30,
    0x0, 0x0, 0x6, 0x50, 0xe, 0x30, 0x0, 0x0,
    0x0, 0x0, 0x0, 0x0,

    /* U+65AF "斯" */
    0x0, 0x0, 0x0, 0x0, 0x0, 0x0, 0x0, 0x3d,
    0x0, 0xf0, 0x0, 0x2a, 0xe1, 0x5, 0xd1, 0x2f,
    0x24, 0xcf, 0xc5, 0x4, 0xff, 0xff, 0xfe, 0x9a,
    0x10, 0x0, 0x3, 0xd0, 0xf, 0x9, 0x70, 0x0,
    0x0, 0x3f, 0xff, 0xf0, 0x9b, 0x66, 0x62, 0x3,
    0xd0, 0xf, 0x9, 0xdb, 0xfc, 0x50, 0x3f, 0xef,
    0xf0, 0xa7, 0xe, 0x30, 0x5, 0xd1, 0x2f, 0x2b,
    0x50, 0xe3, 0x6, 0xff, 0xff, 0xff, 0xd4, 0xe,
    0x30, 0x0, 0xb2, 0x74, 0x1f, 0x10, 0xe3, 0x0,
    0xac, 0x4, 0xe9, 0xb0, 0xe, 0x30, 0x1a, 0x10,
    0x2, 0xe2, 0x0, 0xe3, 0x0, 0x0, 0x0, 0x0,
    0x0, 0x0, 0x0,

    /* U+65B0 "新" */
    0x0, 0x1, 0x0, 0x0, 0x0, 0x0, 0x0, 0x0,
    0xe3, 0x0, 0x2, 0x6b, 0xa0, 0xc, 0xcf, 0xec,
    0x8b, 0xea, 0x72, 0x0, 0x5b, 0x36, 0xc2, 0xb5,
    0x0, 0x0, 0x0, 0xf0, 0x98, 0xb, 0x50, 0x0,
    0x4, 0xef, 0xef, 0xfc, 0xbe, 0xcc, 0xc5, 0x1,
    0x1b, 0x61, 0x1b, 0x94, 0xf7, 0x20, 0x44, 0xc8,
    0x42, 0xc4, 0xf, 0x30, 0x2c, 0xce, 0xdc, 0x8d,
    0x30, 0xf3, 0x0, 0x56, 0xb6, 0x90, 0xe2, 0xf,
    0x30, 0xe, 0x4b, 0x5c, 0x6f, 0x0, 0xf3, 0x2,
    0x80, 0xb5, 0x39, 0xc0, 0xf, 0x30, 0x0, 0xae,
    0x20, 0x95, 0x0, 0xf3, 0x0, 0x0, 0x0, 0x0,
    0x0, 0x3, 0x0,

    /* U+65B9 "方" */
    0x0, 0x0, 0x0, 0x10, 0x0, 0x0, 0x0, 0x0,
    0x0, 0x3f, 0x20, 0x0, 0x0, 0x0, 0x0, 0x0,
    0xd7, 0x0, 0x0, 0x2, 0xff, 0xff, 0xff, 0xff,
    0xff, 0xf2, 0x3, 0x33, 0xda, 0x33, 0x33, 0x33,
    0x0, 0x0, 0xd, 0x70, 0x0, 0x0, 0x0, 0x0,
    0x0, 0xef, 0xee, 0xee, 0xd0, 0x0, 0x0, 0x2f,
    0x53, 0x33, 0x8d, 0x0, 0x0, 0x6, 0xf0, 0x0,
    0x7, 0xc0, 0x0, 0x0, 0xd9, 0x0, 0x0, 0x8a,
    0x0, 0x0, 0x6f, 0x20, 0x0, 0xb, 0x80, 0x0,
    0x6f, 0x60, 0x2, 0x23, 0xf5, 0x0, 0x2e, 0x60,
    0x0, 0xbf, 0xfb, 0x0, 0x0, 0x0, 0x0, 0x0,
    0x0, 0x0, 0x0,

    /* U+65C5 "旅" */
    0x0, 0x0, 0x0, 0x0, 0x0, 0x0, 0x0, 0x3,
    0xd0, 0x0, 0xc5, 0x0, 0x0, 0x0, 0xe, 0x20,
    0x2f, 0x75, 0x55, 0x21, 0xff, 0xff, 0xe9, 0xdb,
    0xbb, 0xb5, 0x2, 0xd6, 0x26, 0xf2, 0x4, 0xab,
    0x0, 0xc, 0x62, 0x39, 0xaf, 0xf8, 0x30, 0x0,
    0xdf, 0xf9, 0x4d, 0x4e, 0x5, 0x0, 0xe, 0x38,
    0x94, 0xc0, 0xfa, 0xe3, 0x0, 0xf1, 0x88, 0x4c,
    0xb, 0xd1, 0x0, 0x2f, 0x9, 0x84, 0xc0, 0x6d,
    0x0, 0x7, 0xb0, 0xa7, 0x4c, 0x14, 0xf5, 0x0,
    0xd6, 0xc, 0x56, 0xff, 0x77, 0xf4, 0x2c, 0x1f,
    0xd1, 0x8a, 0x20, 0x8, 0x30, 0x0, 0x0, 0x0,
    0x0, 0x0, 0x0,

    /* U+65E0 "无" */
    0x0, 0x0, 0x0, 0x0, 0x0, 0x0, 0x0, 0x4f,
    0xff, 0xff, 0xff, 0xff, 0xc0, 0x0, 0x11, 0x14,
    0xf2, 0x11, 0x11, 0x0, 0x0, 0x0, 0x3f, 0x0,
    0x0, 0x0, 0x3, 0x33, 0x37, 0xf3, 0x33, 0x33,
    0x11, 0xff, 0xff, 0xff, 0xff, 0xff, 0xf8, 0x0,
    0x0, 0xb, 0xbf, 0x0, 0x0, 0x0, 0x0, 0x1,
    0xf6, 0xf0, 0x0, 0x0, 0x0, 0x0, 0xbc, 0x3f,
    0x0, 0x1, 0x0, 0x0, 0x8f, 0x32, 0xf0, 0x0,
    0x89, 0x2, 0xaf, 0x40, 0x2f, 0x52, 0x3c, 0x71,
    0xec, 0x30, 0x0, 0xcf, 0xff, 0xd2, 0x1, 0x0,
    0x0, 0x0, 0x0, 0x0, 0x0,

    /* U+65E5 "日" */
    0xef, 0xff, 0xff, 0xff, 0xee, 0x73, 0x33, 0x33,
    0x8e, 0xe4, 0x0, 0x0, 0x5, 0xee, 0x40, 0x0,
    0x0, 0x5e, 0xee, 0xee, 0xee, 0xef, 0xee, 0x84,
    0x44, 0x44, 0x8e, 0xe4, 0x0, 0x0, 0x5, 0xee,
    0x40, 0x0, 0x0, 0x5e, 0xe7, 0x22, 0x22, 0x27,
    0xee, 0xff, 0xff, 0xff, 0xfe, 0xe5, 0x0, 0x0,
    0x5, 0xd0,

    /* U+65E7 "旧" */
    0x0, 0x0, 0x0, 0x0, 0x0, 0x5, 0xe0, 0x3f,
    0xff, 0xff, 0xfe, 0x5e, 0x3, 0xf1, 0x11, 0x16,
    0xe5, 0xe0, 0x3f, 0x0, 0x0, 0x5e, 0x5e, 0x3,
    0xf0, 0x0, 0x5, 0xe5, 0xe0, 0x3f, 0xee, 0xee,
    0xee, 0x5e, 0x3, 0xf3, 0x33, 0x37, 0xe5, 0xe0,
    0x3f, 0x0, 0x0, 0x5e, 0x5e, 0x3, 0xf0, 0x0,
    0x5, 0xe5, 0xe0, 0x3f, 0x0, 0x0, 0x6e, 0x5e,
    0x3, 0xff, 0xff, 0xff, 0xe5, 0xe0, 0x3f, 0x0,
    0x0, 0x5c,

    /* U+65E9 "早" */
    0x0, 0xcf, 0xff, 0xff, 0xff, 0xf3, 0x0, 0xc,
    0x71, 0x11, 0x11, 0x2f, 0x30, 0x0, 0xcf, 0xff,
    0xff, 0xff, 0xf3, 0x0, 0xc, 0x60, 0x0, 0x0,
    0xf, 0x30, 0x0, 0xcf, 0xff, 0xff, 0xff, 0xf3,
    0x0, 0x1, 0x11, 0x1f, 0x51, 0x11, 0x0, 0x0,
    0x0, 0x0, 0xf5, 0x0, 0x0, 0x1, 0xff, 0xff,
    0xff, 0xff, 0xff, 0xf9, 0x1, 0x11, 0x11, 0xf5,
    0x11, 0x11, 0x0, 0x0, 0x0, 0xe, 0x40, 0x0,
    0x0, 0x0, 0x0, 0x0, 0xe4, 0x0, 0x0, 0x0,

    /* U+65F6 "时" */
    0x0, 0x0, 0x0, 0x0, 0x3f, 0x0, 0xde, 0xee,
    0x20, 0x0, 0x3f, 0x0, 0xf7, 0x5f, 0x43, 0x33,
    0x6f, 0x41, 0xf2, 0xe, 0x7f, 0xff, 0xff, 0xf7,
    0xf4, 0x1e, 0x30, 0x0, 0x3f, 0x0, 0xff, 0xff,
    0x3b, 0x70, 0x3f, 0x0, 0xf2, 0xe, 0x33, 0xf2,
    0x3f, 0x0, 0xf2, 0xe, 0x30, 0x9c, 0x3f, 0x0,
    0xf5, 0x3f, 0x30, 0x13, 0x3f, 0x0, 0xfe, 0xdd,
    0x20, 0x0, 0x3f, 0x0, 0xa1, 0x0, 0x0, 0x23,
    0x6f, 0x0, 0x0, 0x0, 0x0, 0x8f, 0xe9, 0x0,
    0x0, 0x0, 0x0, 0x0, 0x0, 0x0,

    /* U+660E "明" */
    0x0, 0x0, 0x1, 0x33, 0x33, 0x30, 0xff, 0xff,
    0x25, 0xfe, 0xee, 0xf1, 0xf4, 0x1e, 0x25, 0xd0,
    0x1, 0xf1, 0xf2, 0xe, 0x25, 0xe5, 0x56, 0xf1,
    0xff, 0xff, 0x25, 0xfb, 0xbc, 0xf1, 0xf4, 0x1e,
    0x25, 0xd0, 0x1, 0xf1, 0xf2, 0xe, 0x26, 0xd0,
    0x2, 0xf1, 0xf6, 0x4f, 0x28, 0xff, 0xff, 0xf1,
    0xfd, 0xdd, 0x2d, 0x82, 0x23, 0xf1, 0xe2, 0x0,
    0x5f, 0x10, 0x1, 0xf1, 0x0, 0x4, 0xf8, 0x0,
    0x24, 0xf0, 0x0, 0xc, 0x90, 0x0, 0xdf, 0xa0,
    0x0, 0x0, 0x0, 0x0, 0x0, 0x0,

    /* U+6620 "映" */
    0x1, 0x11, 0x0, 0x0, 0xe2, 0x0, 0x0, 0xff,
    0xf4, 0x0, 0xe, 0x20, 0x0, 0xf, 0x1c, 0x42,
    0xff, 0xff, 0xfe, 0x0, 0xf1, 0xc4, 0x2e, 0x2e,
    0x45, 0xe0, 0xf, 0x8e, 0x42, 0xe0, 0xe2, 0x3e,
    0x0, 0xf9, 0xe4, 0x2e, 0xf, 0x23, 0xe0, 0xf,
    0x1c, 0x7e, 0xfe, 0xfe, 0xef, 0x80, 0xf1, 0xc5,
    0x33, 0x6f, 0xc3, 0x31, 0xf, 0x5d, 0x40, 0xa,
    0xef, 0x30, 0x0, 0xfc, 0xc3, 0x7, 0xf4, 0xac,
    0x0, 0xa, 0x0, 0x2a, 0xf6, 0x1, 0xec, 0x20,
    0x0, 0x9, 0xb3, 0x0, 0x1, 0xc5, 0x0, 0x0,
    0x0, 0x0, 0x0, 0x0, 0x0,

    /* U+662F "是" */
    0x0, 0xee, 0xee, 0xee, 0xee, 0xd0, 0x0, 0xe,
    0xed, 0xdd, 0xdd, 0xed, 0x0, 0x0, 0xe4, 0x0,
    0x0, 0x6, 0xd0, 0x0, 0xe, 0xff, 0xff, 0xff,
    0xfd, 0x0, 0x1, 0x11, 0x11, 0x11, 0x11, 0x11,
    0x2, 0xff, 0xff, 0xff, 0xff, 0xff, 0xf3, 0x0,
    0x2a, 0x0, 0xf3, 0x0, 0x0, 0x0, 0x8, 0xe0,
    0xf, 0xff, 0xff, 0x50, 0x0, 0xef, 0x70, 0xf4,
    0x0, 0x0, 0x0, 0xad, 0x3f, 0xbf, 0x52, 0x22,
    0x21, 0x4e, 0x30, 0x29, 0xdf, 0xff, 0xff, 0x40,
    0x10, 0x0, 0x0, 0x0, 0x0, 0x0,

    /* U+666F "景" */
    0x0, 0xcd, 0xcc, 0xcc, 0xce, 0xc0, 0x0, 0xc,
    0xdb, 0xbb, 0xbb, 0xdc, 0x0, 0x0, 0xcb, 0x88,
    0x88, 0x8b, 0xc0, 0x0, 0x4, 0x44, 0x7e, 0x54,
    0x44, 0x0, 0x3e, 0xee, 0xee, 0xee, 0xee, 0xee,
    0x20, 0x4, 0x88, 0x88, 0x88, 0x84, 0x0, 0x0,
    0x8b, 0x33, 0x33, 0x3b, 0x90, 0x0, 0x8, 0xfd,
    0xdd, 0xdd, 0xf9, 0x0, 0x0, 0x8, 0x41, 0xf1,
    0x65, 0x0, 0x0, 0x7e, 0xb1, 0x1f, 0x14, 0xcd,
    0x50, 0x19, 0x40, 0x9f, 0xc0, 0x0, 0x59, 0x0,

    /* U+66F4 "更" */
    0x1f, 0xff, 0xff, 0xff, 0xff, 0xff, 0x10, 0x11,
    0x11, 0x2f, 0x51, 0x11, 0x10, 0x0, 0xff, 0xff,
    0xff, 0xff, 0xf4, 0x0, 0xf, 0x20, 0xf, 0x30,
    0xe, 0x40, 0x0, 0xff, 0xef, 0xff, 0xee, 0xf4,
    0x0, 0xf, 0x30, 0x1f, 0x40, 0xe, 0x40, 0x0,
    0xef, 0xef, 0xff, 0xee, 0xe4, 0x0, 0x5, 0xc1,
    0x7d, 0x0, 0x0, 0x0, 0x0, 0xa, 0xdf, 0x50,
    0x0, 0x0, 0x0, 0x16, 0xcf, 0xfd, 0x96, 0x43,
    0x21, 0x1f, 0xd8, 0x10, 0x49, 0xcd, 0xef, 0x40,
    0x0, 0x0, 0x0, 0x0, 0x0, 0x0,

    /* U+66FF "替" */
    0x0, 0xe, 0x30, 0x0, 0x5c, 0x0, 0x0, 0xbe,
    0xfe, 0xc3, 0xee, 0xfe, 0xb0, 0x1, 0x1f, 0x41,
    0x1, 0x6c, 0x11, 0x3, 0xee, 0xff, 0xe8, 0xef,
    0xfe, 0xe3, 0x0, 0x9f, 0xa1, 0x3, 0xfd, 0x90,
    0x0, 0x5f, 0x5c, 0xb5, 0xe9, 0x1e, 0x80, 0x3f,
    0x84, 0x57, 0xab, 0x44, 0x5d, 0x40, 0xa, 0xeb,
    0xbb, 0xbb, 0xea, 0x0, 0x0, 0xa9, 0x33, 0x33,
    0x3a, 0xa0, 0x0, 0xa, 0xda, 0xaa, 0xaa, 0xda,
    0x0, 0x0, 0xaa, 0x33, 0x33, 0x3a, 0xa0, 0x0,
    0xa, 0xec, 0xcc, 0xcc, 0xe9, 0x0,

    /* U+6708 "月" */
    0x0, 0x4f, 0xff, 0xff, 0xff, 0xe0, 0x4, 0xf2,
    0x22, 0x22, 0x7e, 0x0, 0x4f, 0x22, 0x22, 0x27,
    0xe0, 0x4, 0xff, 0xff, 0xff, 0xfe, 0x0, 0x4e,
    0x0, 0x0, 0x5, 0xe0, 0x5, 0xd1, 0x11, 0x11,
    0x6e, 0x0, 0x8f, 0xff, 0xff, 0xff, 0xe0, 0xc,
    0x81, 0x11, 0x11, 0x6e, 0x3, 0xf2, 0x0, 0x0,
    0x5, 0xe1, 0xda, 0x0, 0x0, 0x33, 0x9e, 0x3c,
    0x0, 0x0, 0xd, 0xfe, 0x70, 0x0, 0x0, 0x0,
    0x0, 0x0,

    /* U+6709 "有" */
    0x0, 0x0, 0x2a, 0x0, 0x0, 0x0, 0x0, 0x22,
    0x28, 0xe2, 0x22, 0x22, 0x20, 0x2f, 0xff, 0xff,
    0xff, 0xff, 0xff, 0x20, 0x0, 0x7d, 0x0, 0x0,
    0x0, 0x0, 0x0, 0x2f, 0xff, 0xff, 0xff, 0xa0,
    0x0, 0x2e, 0xf7, 0x11, 0x11, 0x8a, 0x0, 0x3e,
    0x9c, 0xec, 0xcc, 0xce, 0xa0, 0x0, 0x60, 0xc8,
    0x22, 0x22, 0x9a, 0x0, 0x0, 0xc, 0xdb, 0xbb,
    0xbd, 0xa0, 0x0, 0x0, 0xc9, 0x44, 0x44, 0x9a,
    0x0, 0x0, 0xc, 0x60, 0x1, 0x29, 0xa0, 0x0,
    0x0, 0xc6, 0x0, 0x4f, 0xe5, 0x0,

    /* U+6728 "木" */
    0x0, 0x0, 0x2, 0xf1, 0x0, 0x0, 0x0, 0x0,
    0x0, 0x2f, 0x10, 0x0, 0x0, 0x0, 0x0, 0x2,
    0xf1, 0x0, 0x0, 0x1, 0xff, 0xff, 0xff, 0xff,
    0xff, 0xf1, 0x3, 0x33, 0x4e, 0xfe, 0x43, 0x33,
    0x0, 0x0, 0x7, 0xff, 0xe8, 0x0, 0x0, 0x0,
    0x3, 0xf6, 0xf5, 0xf4, 0x0, 0x0, 0x2, 0xe7,
    0x2f, 0x17, 0xe2, 0x0, 0x2, 0xeb, 0x2, 0xf1,
    0xb, 0xe3, 0x5, 0xf9, 0x0, 0x2f, 0x10, 0xb,
    0xf4, 0x6, 0x0, 0x2, 0xf1, 0x0, 0x6, 0x0,
    0x0, 0x0, 0x2f, 0x10, 0x0, 0x0,

    /* U+672A "未" */
    0x0, 0x0, 0x2, 0xf1, 0x0, 0x0, 0x0, 0x0,
    0x0, 0x2f, 0x10, 0x0, 0x0, 0x3, 0xff, 0xff,
    0xff, 0xff, 0xf5, 0x0, 0x3, 0x33, 0x5f, 0x53,
    0x33, 0x10, 0x0, 0x0, 0x2, 0xf1, 0x0, 0x0,
    0x2, 0xee, 0xee, 0xef, 0xee, 0xee, 0xe3, 0x4,
    0x44, 0x6f, 0xff, 0x64, 0x44, 0x10, 0x0, 0x1d,
    0xcf, 0xcd, 0x10, 0x0, 0x0, 0x1c, 0xb2, 0xf2,
    0xcc, 0x10, 0x0, 0x6f, 0xc0, 0x2f, 0x10, 0xcf,
    0x60, 0x4f, 0x70, 0x2, 0xf1, 0x0, 0x8f, 0x40,
    0x10, 0x0, 0x2f, 0x10, 0x0, 0x20,

    /* U+673A "机" */
    0x0, 0xf, 0x10, 0x0, 0x0, 0x0, 0x0, 0x0,
    0xf1, 0x5, 0xff, 0xff, 0x10, 0x2, 0x3f, 0x42,
    0x5d, 0x23, 0xf1, 0x1, 0xff, 0xff, 0xe5, 0xc0,
    0x1f, 0x10, 0x0, 0x6f, 0x10, 0x5c, 0x1, 0xf1,
    0x0, 0xc, 0xf9, 0x6, 0xc0, 0x1f, 0x10, 0x2,
    0xef, 0xd7, 0x8b, 0x1, 0xf1, 0x0, 0xb7, 0xf4,
    0xb9, 0x90, 0x1f, 0x10, 0x3e, 0x1f, 0x10, 0xc7,
    0x1, 0xf1, 0x30, 0x50, 0xf1, 0x1f, 0x20, 0x1f,
    0x1e, 0x0, 0xf, 0x1a, 0xb0, 0x1, 0xf4, 0xd0,
    0x0, 0xf2, 0xc1, 0x0, 0xc, 0xf8,

    /* U+6751 "村" */
    0x0, 0x1f, 0x10, 0x0, 0x0, 0xf3, 0x0, 0x1,
    0xf1, 0x0, 0x0, 0xf, 0x30, 0x2, 0x4f, 0x42,
    0x23, 0x33, 0xf6, 0x23, 0xff, 0xff, 0xea, 0xee,
    0xff, 0xf8, 0x0, 0x7f, 0x10, 0x0, 0x0, 0xf3,
    0x0, 0xd, 0xf9, 0x3, 0x90, 0xf, 0x30, 0x4,
    0xdf, 0xd7, 0x1e, 0x50, 0xf3, 0x0, 0xd6, 0xf4,
    0xb0, 0x7d, 0xf, 0x30, 0x6c, 0x1f, 0x10, 0x1,
    0x60, 0xf3, 0x1, 0x31, 0xf1, 0x0, 0x0, 0xf,
    0x30, 0x0, 0x1f, 0x10, 0x0, 0x44, 0xf3, 0x0,
    0x1, 0xf1, 0x0, 0xf, 0xfb, 0x0, 0x0, 0x0,
    0x0, 0x0, 0x0, 0x0, 0x0,

    /* U+6765 "来" */
    0x0, 0x0, 0x2, 0xf2, 0x0, 0x0, 0x0, 0x23,
    0x33, 0x5f, 0x53, 0x33, 0x20, 0x9, 0xff, 0xff,
    0xff, 0xff, 0xfb, 0x0, 0x5, 0x90, 0x2f, 0x20,
    0x89, 0x0, 0x0, 0x1f, 0x32, 0xf2, 0x1f, 0x40,
    0x0, 0x33, 0xb7, 0x5f, 0x57, 0xb3, 0x30, 0x3f,
    0xff, 0xff, 0xff, 0xff, 0xff, 0x30, 0x0, 0x7,
    0xff, 0xf7, 0x0, 0x0, 0x0, 0x7, 0xe4, 0xf4,
    0xe8, 0x0, 0x0, 0x2b, 0xe2, 0x2f, 0x22, 0xeb,
    0x20, 0x4f, 0xb1, 0x2, 0xf2, 0x1, 0xbf, 0x40,
    0x40, 0x0, 0x2f, 0x20, 0x0, 0x50,

    /* U+6768 "杨" */
    0x0, 0xe3, 0x0, 0x0, 0x0, 0x0, 0x0, 0xe,
    0x33, 0xff, 0xff, 0xfc, 0x0, 0x24, 0xf6, 0x32,
    0x24, 0xda, 0x10, 0x5, 0xaf, 0xb6, 0x18, 0xd4,
    0x0, 0x0, 0x3, 0xfb, 0x1f, 0xff, 0xff, 0xff,
    0x20, 0x8f, 0xe5, 0x38, 0xc3, 0xf5, 0xf1, 0xd,
    0xf6, 0x80, 0xe4, 0x6b, 0x3f, 0x4, 0xbe, 0x30,
    0xab, 0xd, 0x44, 0xe0, 0x95, 0xe3, 0x9c, 0x6,
    0xb0, 0x6c, 0x1, 0xe, 0x30, 0x3, 0xe2, 0x8,
    0xa0, 0x0, 0xe3, 0x4, 0xe4, 0x12, 0xd7, 0x0,
    0xe, 0x31, 0xc3, 0x6, 0xfd, 0x10, 0x0, 0x0,
    0x0, 0x0, 0x0, 0x0, 0x0,

    /* U+677E "松" */
    0x0, 0x4d, 0x0, 0x6, 0x14, 0x60, 0x0, 0x4,
    0xd0, 0x2, 0xf2, 0x5e, 0x0, 0x2, 0x6e, 0x21,
    0x7d, 0x0, 0xf3, 0x3, 0xff, 0xff, 0x6d, 0x80,
    0xb, 0xb0, 0x0, 0x9e, 0x6, 0xf1, 0x82, 0x3f,
    0x40, 0xe, 0xfa, 0xa7, 0x3f, 0x20, 0x94, 0x3,
    0xfe, 0xe5, 0x8, 0xd0, 0x0, 0x0, 0xba, 0xd6,
    0x50, 0xe7, 0x16, 0x0, 0x3e, 0x5d, 0x0, 0x5f,
    0x1, 0xf3, 0x0, 0x44, 0xd0, 0xc, 0x80, 0x1a,
    0xb0, 0x0, 0x4d, 0x6, 0xfe, 0xff, 0xef, 0x20,
    0x4, 0xd0, 0x27, 0x52, 0x0, 0x82,

    /* U+6781 "极" */
    0x0, 0xc4, 0x0, 0x0, 0x0, 0x0, 0x0, 0xc,
    0x43, 0xff, 0xff, 0xf7, 0x0, 0x26, 0xd9, 0x41,
    0xe5, 0x1f, 0x20, 0x3, 0x8f, 0xb5, 0xf, 0x23,
    0xe0, 0x0, 0x2, 0xfc, 0x0, 0xf2, 0x8f, 0xe9,
    0x0, 0x7f, 0xd6, 0x2f, 0x61, 0x2b, 0x80, 0xd,
    0xe6, 0x75, 0xfd, 0x0, 0xe3, 0x5, 0xbc, 0x40,
    0x89, 0xc6, 0x6d, 0x0, 0xa4, 0xc4, 0xd, 0x43,
    0xfe, 0x40, 0x1, 0xc, 0x43, 0xf0, 0x1e, 0xf3,
    0x0, 0x0, 0xc5, 0xd7, 0x4e, 0xb8, 0xf7, 0x0,
    0xc, 0x7b, 0x8, 0x80, 0x4, 0xb0, 0x0, 0x0,
    0x0, 0x0, 0x0, 0x0, 0x0,

    /* U+6797 "林" */
    0x0, 0xf, 0x20, 0x0, 0x4e, 0x0, 0x0, 0x0,
    0xf2, 0x0, 0x4, 0xe0, 0x0, 0x2, 0x3f, 0x42,
    0x12, 0x6e, 0x22, 0x3, 0xff, 0xff, 0xe8, 0xff,
    0xff, 0xf4, 0x0, 0x7f, 0x60, 0x0, 0xcf, 0x60,
    0x0, 0xd, 0xff, 0x50, 0x3f, 0xfc, 0x0, 0x4,
    0xdf, 0x7f, 0xa, 0xde, 0xe3, 0x0, 0xd6, 0xf2,
    0x33, 0xf5, 0xe8, 0xb0, 0x6d, 0xf, 0x21, 0xe7,
    0x4e, 0x1f, 0x51, 0x30, 0xf2, 0x3b, 0x4, 0xe0,
    0x63, 0x0, 0xf, 0x20, 0x0, 0x4e, 0x0, 0x0,
    0x0, 0xf2, 0x0, 0x4, 0xe0, 0x0,

    /* U+679A "枚" */
    0x0, 0x0, 0x0, 0x0, 0x0, 0x0, 0x0, 0x2,
    0xf0, 0x0, 0xa8, 0x0, 0x0, 0x0, 0x2f, 0x0,
    0xf, 0x50, 0x0, 0x0, 0x25, 0xf2, 0x14, 0xf8,
    0x77, 0x72, 0x1f, 0xff, 0xf9, 0xbd, 0xaa, 0xed,
    0x30, 0x8, 0xf0, 0x6f, 0xb0, 0xe, 0x50, 0x0,
    0xdf, 0x5a, 0xaf, 0x2, 0xf1, 0x0, 0x3e, 0xfe,
    0x40, 0xb6, 0x8b, 0x0, 0xa, 0x9f, 0x5d, 0x5,
    0xde, 0x40, 0x3, 0xe3, 0xf0, 0x40, 0xe, 0xd0,
    0x0, 0x15, 0x2f, 0x0, 0x9, 0xff, 0x70, 0x0,
    0x2, 0xf0, 0x3c, 0xe3, 0x5f, 0xa2, 0x0, 0x2f,
    0xa, 0xa1, 0x0, 0x4d, 0x20, 0x0, 0x0, 0x0,
    0x0, 0x0, 0x0,

    /* U+679C "果" */
    0x0, 0xef, 0xff, 0xff, 0xff, 0xf0, 0x0, 0xe,
    0x50, 0x2f, 0x20, 0x4f, 0x0, 0x0, 0xef, 0xef,
    0xff, 0xef, 0xf0, 0x0, 0xe, 0x50, 0x1f, 0x20,
    0x4f, 0x0, 0x0, 0xef, 0xff, 0xff, 0xff, 0xf0,
    0x0, 0x11, 0x11, 0x3f, 0x31, 0x11, 0x10, 0x2f,
    0xff, 0xff, 0xff, 0xff, 0xff, 0x20, 0x0, 0x1a,
    0xef, 0xdb, 0x10, 0x0, 0x0, 0x4d, 0xb2, 0xf2,
    0xae, 0x50, 0x3, 0xde, 0x70, 0x1f, 0x20, 0x5e,
    0xe3, 0x6, 0x0, 0x1, 0xf2, 0x0, 0x5, 0x0,

    /* U+679D "枝" */
    0x0, 0x0, 0x0, 0x0, 0x0, 0x0, 0x0, 0xe,
    0x40, 0x0, 0x3e, 0x0, 0x0, 0x0, 0xe4, 0x0,
    0x3, 0xe0, 0x0, 0x2, 0x3e, 0x72, 0xbc, 0xdf,
    0xcc, 0xb0, 0x8e, 0xfe, 0xb5, 0x58, 0xf5, 0x55,
    0x0, 0x2f, 0x80, 0x1, 0x4f, 0x11, 0x0, 0x7,
    0xfe, 0x4b, 0xff, 0xff, 0xf7, 0x0, 0xdf, 0x7d,
    0x4e, 0x10, 0x2f, 0x10, 0x5b, 0xe4, 0x20, 0xd9,
    0xb, 0xa0, 0xb, 0x4e, 0x40, 0x3, 0xfa, 0xd1,
    0x0, 0x20, 0xe4, 0x0, 0x1c, 0xf8, 0x0, 0x0,
    0xe, 0x42, 0x8e, 0xb6, 0xec, 0x50, 0x0, 0xe4,
    0x8b, 0x40, 0x1, 0x8d, 0x10, 0x0, 0x0, 0x0,
    0x0, 0x0, 0x0,

    /* U+67AF "枯" */
    0x0, 0x0, 0x0, 0x0, 0x0, 0x0, 0x0, 0xc,
    0x50, 0x0, 0x4f, 0x0, 0x0, 0x0, 0xc5, 0x0,
    0x4, 0xf0, 0x0, 0x4, 0x7e, 0xa4, 0x22, 0x6f,
    0x22, 0x20, 0x6a, 0xfc, 0x8f, 0xff, 0xff, 0xff,
    0x30, 0x2f, 0x80, 0x0, 0x4f, 0x0, 0x0, 0x7,
    0xff, 0x20, 0x4, 0xf0, 0x0, 0x0, 0xcf, 0xba,
    0x44, 0x8f, 0x44, 0x20, 0x4c, 0xc5, 0x2d, 0xed,
    0xdd, 0xf8, 0xb, 0x5c, 0x50, 0xd5, 0x0, 0xa,
    0x80, 0x10, 0xc5, 0xd, 0x50, 0x0, 0xa8, 0x0,
    0xc, 0x50, 0xde, 0xee, 0xef, 0x80, 0x0, 0xc5,
    0xd, 0x83, 0x33, 0xb8, 0x0,

    /* U+67D3 "染" */
    0x0, 0x0, 0x0, 0x0, 0x0, 0x0, 0x0, 0x3b,
    0x40, 0x6, 0xc0, 0x0, 0x0, 0x1, 0x7e, 0x34,
    0x9d, 0x44, 0x10, 0x2, 0xa5, 0x6, 0xcf, 0xec,
    0xf3, 0x0, 0x5, 0xb2, 0x1, 0xf3, 0xf, 0x31,
    0x0, 0x7, 0xb0, 0xab, 0x0, 0xf3, 0xa5, 0x9,
    0xd3, 0xdd, 0x30, 0xd, 0xdf, 0x30, 0x71, 0x4,
    0x2f, 0x10, 0x2, 0x10, 0x3f, 0xff, 0xff, 0xff,
    0xff, 0xff, 0x30, 0x11, 0x2a, 0xef, 0xea, 0x21,
    0x10, 0x0, 0x1b, 0xc3, 0xf3, 0xcc, 0x20, 0x2,
    0xaf, 0x90, 0x1f, 0x10, 0x9f, 0xb2, 0x1a, 0x20,
    0x1, 0xf1, 0x0, 0x28, 0x0,

    /* U+67F3 "柳" */
    0x0, 0xe1, 0x0, 0x4b, 0x10, 0x0, 0x0, 0xe,
    0x10, 0x9e, 0x52, 0xaa, 0xa0, 0x2, 0xe3, 0x2f,
    0x19, 0x3e, 0x6f, 0x3, 0xff, 0xf5, 0xe0, 0xf3,
    0xc0, 0xf0, 0x1, 0xf3, 0x1e, 0xf, 0x3c, 0xf,
    0x0, 0x5f, 0xd1, 0xe0, 0xf3, 0xc0, 0xf0, 0x9,
    0xfb, 0x7e, 0xe, 0x3c, 0xf, 0x0, 0xdf, 0x32,
    0xe2, 0xd3, 0xc0, 0xf0, 0x6a, 0xe1, 0x5f, 0xeb,
    0x3d, 0x1f, 0x3, 0x3e, 0x14, 0x6b, 0x63, 0xdd,
    0xb0, 0x0, 0xe1, 0x6, 0xd0, 0x3c, 0x0, 0x0,
    0xe, 0x12, 0xb1, 0x3, 0xc0, 0x0, 0x0, 0x0,
    0x0, 0x0, 0x0, 0x0, 0x0,

    /* U+6811 "树" */
    0x0, 0xf1, 0x0, 0x0, 0x0, 0x97, 0x0, 0xf,
    0x12, 0x55, 0x30, 0x9, 0x70, 0x2, 0xf3, 0x5c,
    0xdc, 0x0, 0x98, 0x4, 0xff, 0xf3, 0x6, 0xaf,
    0xff, 0xf6, 0x2, 0xf3, 0x79, 0x98, 0x0, 0x98,
    0x0, 0x6f, 0xc1, 0xee, 0x49, 0x39, 0x70, 0xa,
    0xfc, 0x46, 0xf1, 0x5b, 0x97, 0x0, 0xdf, 0x42,
    0x5f, 0x50, 0xeb, 0x70, 0x68, 0xf1, 0xb, 0xbd,
    0x1, 0x97, 0x2, 0x1f, 0x14, 0xf1, 0x91, 0x9,
    0x70, 0x0, 0xf1, 0xd6, 0x0, 0x1, 0xa7, 0x0,
    0xf, 0x12, 0x0, 0x2, 0xfe, 0x30, 0x0, 0x0,
    0x0, 0x0, 0x0, 0x0, 0x0,

    /* U+6821 "校" */
    0x0, 0x0, 0x0, 0x0, 0x0, 0x0, 0x0, 0xc,
    0x40, 0x0, 0x89, 0x0, 0x0, 0x0, 0xc4, 0x0,
    0x2, 0xe1, 0x0, 0x1, 0x2d, 0x61, 0xff, 0xff,
    0xff, 0xf1, 0x6f, 0xff, 0xa2, 0x86, 0x29, 0x52,
    0x0, 0x2f, 0x60, 0x2f, 0x30, 0x6e, 0x20, 0x7,
    0xfe, 0x3e, 0xa0, 0x3, 0xad, 0x0, 0xce, 0xcb,
    0x6c, 0x70, 0xd6, 0x50, 0x3c, 0xc5, 0x50, 0x3e,
    0x6e, 0x0, 0xa, 0x6c, 0x40, 0x0, 0xbf, 0x60,
    0x0, 0x40, 0xc4, 0x0, 0x2d, 0xfb, 0x10, 0x0,
    0xc, 0x40, 0x7e, 0xa2, 0xce, 0x81, 0x0, 0xc4,
    0x4d, 0x50, 0x0, 0x6b, 0x0, 0x0, 0x0, 0x0,
    0x0, 0x0, 0x0,

    /* U+6842 "桂" */
    0x0, 0x0, 0x0, 0x0, 0x0, 0x0, 0x0, 0xd,
    0x30, 0x0, 0x4e, 0x0, 0x0, 0x0, 0xd3, 0x1,
    0x26, 0xf2, 0x21, 0x1, 0x3e, 0x62, 0xcf, 0xff,
    0xff, 0x60, 0x6e, 0xfe, 0xa0, 0x15, 0xf1, 0x10,
    0x0, 0x2f, 0x50, 0x44, 0x7f, 0x44, 0x40, 0x7,
    0xfe, 0x3d, 0xde, 0xfd, 0xdd, 0x0, 0xce, 0xb7,
    0x0, 0x4e, 0x0, 0x0, 0x4a, 0xd5, 0x15, 0x58,
    0xf5, 0x53, 0xb, 0x3d, 0x30, 0xcc, 0xdf, 0xcc,
    0x70, 0x20, 0xd3, 0x0, 0x4, 0xe0, 0x0, 0x0,
    0xd, 0x3b, 0xcc, 0xdf, 0xcc, 0xc1, 0x0, 0xd3,
    0x55, 0x55, 0x55, 0x55, 0x0,

    /* U+6863 "档" */
    0x0, 0xc5, 0x0, 0x3, 0xe0, 0x0, 0x0, 0xc,
    0x50, 0xc2, 0x3e, 0x5, 0xd0, 0x23, 0xd7, 0x37,
    0x93, 0xe0, 0xb8, 0x8, 0xef, 0xfd, 0x3d, 0x3e,
    0x3f, 0x10, 0x2, 0xf8, 0x2, 0x35, 0xe2, 0x52,
    0x0, 0x7f, 0xf5, 0xef, 0xff, 0xff, 0xe0, 0xd,
    0xe9, 0xe0, 0x0, 0x0, 0x4e, 0x6, 0xcc, 0x52,
    0x8c, 0xcc, 0xcd, 0xe0, 0xb5, 0xc5, 0x3, 0x44,
    0x44, 0x7e, 0x3, 0xc, 0x50, 0x0, 0x0, 0x4,
    0xe0, 0x0, 0xc5, 0x2f, 0xff, 0xff, 0xfe, 0x0,
    0xc, 0x50, 0x22, 0x22, 0x25, 0xc0,

    /* U+6865 "桥" */
    0x0, 0xc4, 0x0, 0x13, 0x58, 0xb2, 0x0, 0xc,
    0x40, 0x8e, 0xee, 0x96, 0x20, 0x48, 0xea, 0x60,
    0x9, 0x90, 0x0, 0x4, 0x7f, 0x95, 0xcc, 0xfe,
    0xcc, 0xc2, 0x3, 0xfb, 0x4, 0xad, 0x4b, 0xb4,
    0x0, 0x7f, 0xe5, 0x2f, 0x40, 0x2f, 0x30, 0xd,
    0xe8, 0xbe, 0xc3, 0x2, 0xbe, 0x24, 0xcc, 0x40,
    0x68, 0xa0, 0x8a, 0x50, 0xa5, 0xc4, 0x0, 0xa9,
    0x8, 0xa0, 0x2, 0xc, 0x40, 0xe, 0x50, 0x8a,
    0x0, 0x0, 0xc4, 0x9, 0xd0, 0x8, 0xa0, 0x0,
    0xc, 0x43, 0xd2, 0x0, 0x8a, 0x0, 0x0, 0x0,
    0x0, 0x0, 0x0, 0x0, 0x0,

    /* U+6866 "桦" */
    0x0, 0x20, 0x0, 0x10, 0x0, 0x0, 0x0, 0xe,
    0x30, 0xe, 0x3a, 0x70, 0x0, 0x0, 0xe3, 0x4,
    0xe0, 0xa7, 0x99, 0x1, 0x3f, 0x62, 0xb9, 0xa,
    0xde, 0x20, 0x6e, 0xfe, 0xcf, 0x90, 0xce, 0x20,
    0x0, 0x1f, 0x69, 0xda, 0xdf, 0x70, 0x50, 0x6,
    0xff, 0x48, 0x93, 0x99, 0x2f, 0x0, 0xcf, 0x89,
    0x77, 0x27, 0xbc, 0x70, 0x5c, 0xe3, 0x0, 0x7,
    0xc0, 0x0, 0xa, 0x5e, 0x38, 0xff, 0xff, 0xff,
    0xf1, 0x20, 0xe3, 0x0, 0x7, 0xc0, 0x0, 0x0,
    0xe, 0x30, 0x0, 0x7c, 0x0, 0x0, 0x0, 0xe3,
    0x0, 0x7, 0xc0, 0x0, 0x0,

    /* U+68A6 "梦" */
    0x0, 0xf, 0x10, 0x0, 0x3e, 0x0, 0x3, 0xdd,
    0xfe, 0xd8, 0xde, 0xfd, 0xd6, 0x2, 0xbf, 0xc3,
    0x13, 0xef, 0xc2, 0x10, 0x7d, 0xfa, 0xd1, 0xcc,
    0xec, 0x90, 0x4e, 0x2f, 0x24, 0xba, 0x3e, 0x1d,
    0x80, 0x10, 0x91, 0x97, 0x2, 0x90, 0x0, 0x0,
    0x3, 0xdf, 0xee, 0xee, 0xb0, 0x0, 0x4c, 0xd6,
    0x11, 0x14, 0xf6, 0x0, 0x2, 0x61, 0xdb, 0x35,
    0xe9, 0x0, 0x0, 0x0, 0x1, 0xcf, 0xe5, 0x0,
    0x0, 0x5, 0x8b, 0xfd, 0x71, 0x0, 0x0, 0x0,
    0x7a, 0x73, 0x0, 0x0, 0x0, 0x0,

    /* U+69FD "槽" */
    0x0, 0xe3, 0x0, 0x3c, 0x3c, 0x0, 0x0, 0xe,
    0x3a, 0xef, 0xff, 0xfe, 0xe1, 0x12, 0xe5, 0x24,
    0x7d, 0x7d, 0x43, 0x7, 0xff, 0xf9, 0xfa, 0xeb,
    0xdb, 0xb0, 0x2, 0xf3, 0x1f, 0xae, 0xbd, 0xbb,
    0x0, 0x7f, 0xa1, 0xe4, 0xd6, 0xb7, 0xb0, 0xc,
    0xfd, 0x6d, 0xdd, 0xdd, 0xd9, 0x3, 0xce, 0x74,
    0x59, 0x99, 0x99, 0x20, 0xa5, 0xe3, 0x9, 0xa4,
    0x44, 0xf3, 0x3, 0xe, 0x30, 0x9e, 0xdd, 0xdf,
    0x30, 0x0, 0xe3, 0x9, 0x80, 0x0, 0xf3, 0x0,
    0xe, 0x30, 0x9e, 0xdd, 0xdf, 0x30, 0x0, 0x0,
    0x0, 0x0, 0x0, 0x0, 0x0,

    /* U+6A2A "横" */
    0x0, 0xd4, 0x0, 0x97, 0xc, 0x40, 0x0, 0xd,
    0x40, 0xef, 0xfe, 0xff, 0xb0, 0x36, 0xe9, 0x40,
    0xa7, 0xd, 0x50, 0x5, 0xbf, 0xcd, 0xef, 0xfe,
    0xfe, 0xe1, 0x2, 0xf5, 0x1, 0x15, 0xd1, 0x11,
    0x0, 0x6f, 0xd0, 0xdf, 0xff, 0xff, 0x90, 0xb,
    0xfd, 0x6d, 0x23, 0xd0, 0x79, 0x2, 0xdd, 0x75,
    0xdd, 0xdf, 0xde, 0x90, 0xa7, 0xd4, 0xd, 0x34,
    0xd0, 0x89, 0x5, 0xd, 0x40, 0xac, 0xcc, 0xcc,
    0x70, 0x0, 0xd4, 0x5, 0xe5, 0xa, 0xa1, 0x0,
    0xd, 0x48, 0xc5, 0x0, 0x7, 0xc0, 0x0, 0x0,
    0x0, 0x0, 0x0, 0x0, 0x0,

    /* U+6B21 "次" */
    0x0, 0x0, 0x0, 0x0, 0x0, 0x0, 0x0, 0x0,
    0x0, 0x8b, 0x0, 0x0, 0x0, 0x3f, 0x60, 0xd,
    0x80, 0x0, 0x0, 0x0, 0x4e, 0x81, 0xff, 0xff,
    0xff, 0xb0, 0x0, 0x21, 0x8e, 0x37, 0x53, 0xc9,
    0x0, 0x0, 0x1e, 0x70, 0xe5, 0xf, 0x40, 0x0,
    0x3, 0xb0, 0xf, 0x63, 0xc0, 0x0, 0x7, 0xa0,
    0x2, 0xfa, 0x0, 0x0, 0x2, 0xf5, 0x0, 0x7f,
    0xf1, 0x0, 0x0, 0xbc, 0x0, 0x2f, 0x8a, 0x90,
    0x0, 0x6f, 0x20, 0x1d, 0xd0, 0x1f, 0x70, 0x0,
    0x50, 0x5e, 0xd1, 0x0, 0x4e, 0xb1, 0x0, 0x8,
    0x90, 0x0, 0x0, 0x18, 0x0,

    /* U+6B22 "欢" */
    0x0, 0x0, 0x0, 0x1c, 0x0, 0x0, 0x2, 0x77,
    0x77, 0x35, 0xe0, 0x0, 0x0, 0x39, 0x99, 0xe7,
    0x8f, 0xff, 0xff, 0x20, 0x60, 0xe, 0x4d, 0x64,
    0x24, 0xf0, 0x1e, 0x52, 0xf6, 0xf0, 0xe3, 0x7a,
    0x0, 0x5f, 0x9b, 0x15, 0xf, 0x30, 0x10, 0x0,
    0xaf, 0x60, 0x1, 0xf7, 0x0, 0x0, 0x6, 0xf6,
    0x0, 0x5f, 0xb0, 0x0, 0x1, 0xeb, 0xe0, 0xc,
    0x9e, 0x20, 0x1, 0xcb, 0xb, 0x27, 0xe0, 0x8c,
    0x0, 0x6c, 0x0, 0x7, 0xf4, 0x1, 0xdb, 0x10,
    0x0, 0x1, 0xd4, 0x0, 0x0, 0xb3, 0x0, 0x0,
    0x0, 0x0, 0x0, 0x0, 0x0,

    /* U+6B63 "正" */
    0x0, 0x0, 0x0, 0x0, 0x0, 0x0, 0x0, 0xaf,
    0xff, 0xff, 0xff, 0xff, 0xf0, 0x1, 0x22, 0x22,
    0xba, 0x22, 0x22, 0x0, 0x0, 0x0, 0xa, 0x80,
    0x0, 0x0, 0x0, 0x5a, 0x0, 0xa8, 0x0, 0x0,
    0x0, 0x6, 0xc0, 0xa, 0xfd, 0xdd, 0x40, 0x0,
    0x6c, 0x0, 0xab, 0x44, 0x41, 0x0, 0x6, 0xc0,
    0xa, 0x80, 0x0, 0x0, 0x0, 0x6c, 0x0, 0xa8,
    0x0, 0x0, 0x0, 0x6, 0xc0, 0xa, 0x80, 0x0,
    0x0, 0x1e, 0xff, 0xee, 0xff, 0xee, 0xee, 0x70,
    0x44, 0x44, 0x44, 0x44, 0x44, 0x42,

    /* U+6B64 "此" */
    0x0, 0x0, 0xe4, 0x5, 0xe0, 0x0, 0x0, 0x0,
    0xe, 0x40, 0x5e, 0x0, 0x0, 0x1, 0x40, 0xe4,
    0x5, 0xe0, 0x0, 0x0, 0x3e, 0xe, 0x40, 0x5e,
    0x6, 0xe2, 0x3, 0xe0, 0xef, 0xf5, 0xfb, 0xe6,
    0x0, 0x3e, 0xe, 0x62, 0x5f, 0x91, 0x0, 0x3,
    0xe0, 0xe4, 0x5, 0xe0, 0x0, 0x0, 0x3e, 0xe,
    0x40, 0x5e, 0x0, 0x0, 0x3, 0xe0, 0xe4, 0x5,
    0xe0, 0x2, 0x20, 0x3e, 0xe, 0x41, 0x5e, 0x0,
    0x5c, 0x5, 0xf8, 0xff, 0xf5, 0xf3, 0x29, 0xa2,
    0xfe, 0xb8, 0x52, 0x1d, 0xff, 0xe3, 0x1, 0x0,
    0x0, 0x0, 0x0, 0x0, 0x0,

    /* U+6B8B "残" */
    0x0, 0x0, 0x0, 0x4, 0xe2, 0x50, 0x2, 0xff,
    0xff, 0xe0, 0x3f, 0x4d, 0x80, 0x1, 0xc7, 0x11,
    0x15, 0xf6, 0x8a, 0x0, 0xf, 0xfe, 0x7e, 0xcf,
    0x74, 0x20, 0x4, 0xc2, 0xc5, 0x0, 0xf2, 0x36,
    0x30, 0xc6, 0xe, 0x46, 0x9f, 0xfe, 0xb4, 0x4e,
    0x98, 0xf4, 0xb8, 0xd7, 0x7, 0x20, 0x33, 0xe9,
    0x0, 0x9, 0x98, 0xe1, 0x0, 0x1e, 0x40, 0x0,
    0x6f, 0xe3, 0x0, 0xa, 0xb0, 0x0, 0x4c, 0xf5,
    0x12, 0x9, 0xe1, 0x6, 0xce, 0x7a, 0xc7, 0x91,
    0xb2, 0x0, 0x77, 0x0, 0x1b, 0xd3,

    /* U+6BBF "殿" */
    0x0, 0x0, 0x0, 0x0, 0x0, 0x0, 0x0, 0xee,
    0xee, 0xe8, 0xcf, 0xff, 0x0, 0xe, 0x31, 0x17,
    0x8c, 0x41, 0xf0, 0x0, 0xed, 0xdd, 0xd7, 0xe2,
    0xf, 0x0, 0xe, 0x2c, 0xc, 0x6d, 0x0, 0xdd,
    0x40, 0xe9, 0xe7, 0xf7, 0x53, 0x33, 0x40, 0xf,
    0x8e, 0x7f, 0x8f, 0xdd, 0xeb, 0x0, 0xf2, 0xe0,
    0xe0, 0xd3, 0xd, 0x60, 0x1f, 0xee, 0xee, 0x97,
    0xd7, 0xe0, 0x3, 0xc1, 0x91, 0x90, 0xe, 0xf5,
    0x0, 0x87, 0x8b, 0xa, 0x68, 0xfe, 0xd4, 0x6,
    0x3d, 0x30, 0x2b, 0xc2, 0x8, 0xf2, 0x0, 0x0,
    0x0, 0x0, 0x0, 0x1, 0x0,

    /* U+6BCF "每" */
    0x0, 0x1, 0x0, 0x0, 0x0, 0x0, 0x0, 0x0,
    0xe5, 0x0, 0x0, 0x0, 0x0, 0x0, 0x7f, 0xed,
    0xdd, 0xdd, 0xdc, 0x0, 0x1e, 0x63, 0x33, 0x33,
    0x33, 0x30, 0xc, 0xb2, 0x22, 0x22, 0x22, 0x10,
    0x5, 0xe6, 0xfd, 0xee, 0xdd, 0xf9, 0x0, 0x0,
    0x7c, 0x7, 0xc5, 0xa, 0x80, 0x7, 0xde, 0xec,
    0xcd, 0xec, 0xee, 0xd4, 0x24, 0xd9, 0x4e, 0x83,
    0x3c, 0x94, 0x10, 0xe, 0x40, 0x4d, 0x60, 0xd5,
    0x0, 0x1, 0xff, 0xff, 0xff, 0xff, 0xfc, 0x0,
    0x1, 0x11, 0x11, 0x14, 0xf3, 0x10, 0x0, 0x0,
    0x0, 0xe, 0xf9, 0x0, 0x0,

    /* U+6C14 "气" */
    0x0, 0x0, 0x0, 0x0, 0x0, 0x0, 0x0, 0x1,
    0xf4, 0x0, 0x0, 0x0, 0x0, 0x0, 0x7f, 0xcc,
    0xcc, 0xcc, 0xcc, 0x0, 0x1e, 0x84, 0x44, 0x44,
    0x44, 0x40, 0xb, 0xc9, 0xee, 0xee, 0xee, 0xe0,
    0x6, 0xf2, 0x12, 0x22, 0x22, 0x22, 0x0, 0x2,
    0xef, 0xff, 0xff, 0xff, 0x10, 0x0, 0x1, 0x11,
    0x11, 0x13, 0xf1, 0x0, 0x0, 0x0, 0x0, 0x0,
    0xf, 0x20, 0x0, 0x0, 0x0, 0x0, 0x0, 0xe4,
    0x0, 0x0, 0x0, 0x0, 0x0, 0xb, 0x84, 0x30,
    0x0, 0x0, 0x0, 0x0, 0x6e, 0xa6, 0x0, 0x0,
    0x0, 0x0, 0x0, 0xae, 0x20,

    /* U+6C34 "水" */
    0x0, 0x0, 0x1, 0xf2, 0x0, 0x0, 0x0, 0x0,
    0x0, 0x1f, 0x20, 0x0, 0x0, 0x0, 0x0, 0x1,
    0xf2, 0x0, 0x81, 0x1, 0xee, 0xed, 0x4f, 0x60,
    0x8e, 0x30, 0x5, 0x57, 0xf2, 0xfd, 0x8e, 0x30,
    0x0, 0x0, 0x7c, 0x1f, 0xee, 0x20, 0x0, 0x0,
    0xd, 0x71, 0xf5, 0xf3, 0x0, 0x0, 0x6, 0xf1,
    0x1f, 0x28, 0xe1, 0x0, 0x2, 0xf7, 0x1, 0xf2,
    0xd, 0xd3, 0x3, 0xeb, 0x0, 0x1f, 0x20, 0x1d,
    0xf5, 0x8, 0x0, 0x56, 0xf2, 0x0, 0x7, 0x10,
    0x0, 0xb, 0xfa, 0x0, 0x0, 0x0,

    /* U+6C5F "江" */
    0x6, 0x91, 0x0, 0x0, 0x0, 0x0, 0x0, 0x2b,
    0xe4, 0xff, 0xff, 0xff, 0xa0, 0x0, 0x3, 0x13,
    0x3a, 0xd3, 0x32, 0x0, 0x30, 0x0, 0x0, 0x8c,
    0x0, 0x0, 0x3f, 0xa1, 0x0, 0x8, 0xc0, 0x0,
    0x0, 0x2b, 0x20, 0x0, 0x8c, 0x0, 0x0, 0x0,
    0x0, 0x0, 0x8, 0xc0, 0x0, 0x0, 0x1, 0xc1,
    0x0, 0x8c, 0x0, 0x0, 0x0, 0x8c, 0x0, 0x8,
    0xc0, 0x0, 0x0, 0x2f, 0x30, 0x0, 0x8c, 0x0,
    0x0, 0xb, 0xb0, 0xef, 0xff, 0xff, 0xff, 0x50,
    0x82, 0x3, 0x33, 0x33, 0x33, 0x31,

    /* U+6C99 "沙" */
    0x4, 0xc4, 0x0, 0x5, 0xe0, 0x0, 0x0, 0x7,
    0xf4, 0x0, 0x5e, 0x1, 0x0, 0x0, 0x2, 0x9,
    0x85, 0xe0, 0xd5, 0x0, 0x40, 0x0, 0xd6, 0x5e,
    0x6, 0xe0, 0x1d, 0xd4, 0x2f, 0x15, 0xe0, 0xe,
    0x50, 0x7, 0x59, 0xb0, 0x5e, 0x1, 0x85, 0x0,
    0x1, 0xa4, 0x5, 0xe0, 0x9a, 0x0, 0x0, 0xe3,
    0x0, 0x4d, 0x2f, 0x30, 0x0, 0x7d, 0x0, 0x0,
    0x2e, 0x90, 0x0, 0x1f, 0x40, 0x0, 0x7e, 0xa0,
    0x0, 0xa, 0xc0, 0x59, 0xee, 0x50, 0x0, 0x0,
    0x23, 0x8, 0xa5, 0x0, 0x0, 0x0,

    /* U+6CA1 "没" */
    0x1, 0x0, 0x0, 0x0, 0x0, 0x0, 0x0, 0x9d,
    0x50, 0x3f, 0xff, 0xf3, 0x0, 0x0, 0x6b, 0x4,
    0xe1, 0x1e, 0x30, 0x0, 0x0, 0x0, 0x9b, 0x0,
    0xe4, 0x0, 0x4c, 0x50, 0x8f, 0x30, 0xa, 0xff,
    0x50, 0x5e, 0x48, 0x52, 0x22, 0x24, 0x10, 0x0,
    0x0, 0x7f, 0xff, 0xff, 0xf5, 0x0, 0x1, 0xa0,
    0xb9, 0x0, 0x8d, 0x0, 0x0, 0x9b, 0x1, 0xe7,
    0x5f, 0x40, 0x0, 0x2f, 0x20, 0x4, 0xff, 0x60,
    0x0, 0xb, 0xa0, 0x38, 0xed, 0xdf, 0xa5, 0x0,
    0x92, 0x3f, 0xb5, 0x0, 0x6b, 0xf2, 0x0, 0x0,
    0x0, 0x0, 0x0, 0x0, 0x0,

    /* U+6CB3 "河" */
    0x4, 0x20, 0x0, 0x0, 0x0, 0x0, 0x0, 0x8f,
    0x9e, 0xff, 0xff, 0xff, 0xf7, 0x0, 0x37, 0x22,
    0x22, 0x22, 0xc9, 0x10, 0x0, 0x0, 0x22, 0x22,
    0xb, 0x70, 0x4c, 0x50, 0x3f, 0xff, 0xe0, 0xb7,
    0x0, 0x6d, 0x33, 0xd0, 0x3e, 0xb, 0x70, 0x0,
    0x0, 0x3d, 0x3, 0xe0, 0xb7, 0x0, 0x2, 0xd4,
    0xfe, 0xfe, 0xb, 0x70, 0x0, 0xb9, 0x3d, 0x22,
    0x20, 0xb7, 0x0, 0x4f, 0x21, 0x60, 0x0, 0xb,
    0x70, 0xd, 0x90, 0x0, 0x2, 0x33, 0xd7, 0x0,
    0x91, 0x0, 0x0, 0x5f, 0xfc, 0x20, 0x0, 0x0,
    0x0, 0x0, 0x0, 0x0, 0x0,

    /* U+6CB9 "油" */
    0x4, 0x91, 0x0, 0x3, 0xf0, 0x0, 0x0, 0x2c,
    0xf3, 0x0, 0x3f, 0x0, 0x0, 0x0, 0x6, 0x13,
    0x36, 0xf3, 0x33, 0x0, 0x10, 0x3, 0xff, 0xff,
    0xff, 0xf0, 0x1e, 0xa2, 0x3e, 0x3, 0xf0, 0x1f,
    0x0, 0x18, 0x63, 0xe0, 0x3f, 0x1, 0xf0, 0x0,
    0x0, 0x3f, 0xde, 0xfd, 0xdf, 0x0, 0x0, 0x73,
    0xf4, 0x7f, 0x46, 0xf0, 0x0, 0x7d, 0x3e, 0x3,
    0xf0, 0x1f, 0x0, 0x1e, 0x53, 0xe0, 0x3f, 0x1,
    0xf0, 0x9, 0xc0, 0x3f, 0xff, 0xff, 0xff, 0x0,
    0x54, 0x3, 0xf3, 0x33, 0x34, 0xe0,

    /* U+6CBD "沽" */
    0x7, 0x60, 0x0, 0x8, 0xb0, 0x0, 0x0, 0x4e,
    0xc0, 0x0, 0x8b, 0x0, 0x0, 0x0, 0x17, 0x22,
    0x29, 0xc2, 0x22, 0x0, 0x0, 0xe, 0xff, 0xff,
    0xff, 0xf4, 0x5e, 0x60, 0x0, 0x8, 0xb0, 0x0,
    0x0, 0x5e, 0x30, 0x0, 0x8b, 0x0, 0x0, 0x0,
    0x10, 0x4, 0x4a, 0xd4, 0x42, 0x0, 0x0, 0x83,
    0xfd, 0xdd, 0xdf, 0x80, 0x0, 0x8c, 0x2f, 0x0,
    0x0, 0xa8, 0x0, 0x3f, 0x32, 0xf0, 0x0, 0xa,
    0x80, 0xd, 0x90, 0x2f, 0xee, 0xee, 0xf8, 0x0,
    0x50, 0x2, 0xf4, 0x33, 0x3b, 0x80,

    /* U+6CC9 "泉" */
    0x0, 0x0, 0x0, 0x0, 0x0, 0x0, 0x0, 0x0,
    0x0, 0x7d, 0x0, 0x0, 0x0, 0x0, 0xcd, 0xdf,
    0xfd, 0xdd, 0xc0, 0x0, 0xe, 0x51, 0x11, 0x11,
    0x6e, 0x0, 0x0, 0xee, 0xee, 0xee, 0xee, 0xe0,
    0x0, 0xe, 0x40, 0x0, 0x0, 0x4e, 0x0, 0x0,
    0xef, 0xee, 0xee, 0xef, 0xe0, 0x0, 0x12, 0x22,
    0x3f, 0x40, 0x1b, 0x40, 0x1f, 0xff, 0xf4, 0xfd,
    0x3d, 0xa1, 0x0, 0x0, 0xba, 0x2f, 0xbf, 0x60,
    0x0, 0x0, 0xae, 0x12, 0xf1, 0xad, 0x40, 0x4,
    0xed, 0x21, 0x4f, 0x0, 0x7e, 0xd3, 0x16, 0x0,
    0xdf, 0xb0, 0x0, 0x6, 0x0,

    /* U+6CE2 "波" */
    0x3, 0xa1, 0x0, 0x2, 0xf0, 0x0, 0x0, 0x2b,
    0xe2, 0x11, 0x4f, 0x11, 0x10, 0x0, 0x4, 0x3f,
    0xff, 0xff, 0xff, 0x60, 0x20, 0x3, 0xe0, 0x3f,
    0x2, 0xf1, 0x1e, 0xc3, 0x3e, 0x2, 0xf0, 0x37,
    0x0, 0x9, 0x34, 0xff, 0xff, 0xff, 0x80, 0x0,
    0x0, 0x5d, 0xc8, 0x12, 0xf4, 0x0, 0x2, 0xa6,
    0xb5, 0xf1, 0x8e, 0x0, 0x0, 0xa9, 0x89, 0xb,
    0xcf, 0x40, 0x0, 0x2f, 0x2d, 0x60, 0x5f, 0xd1,
    0x0, 0xb, 0xa3, 0xf4, 0x9f, 0x8c, 0xe7, 0x10,
    0x72, 0x68, 0x8b, 0x30, 0x6, 0xd4, 0x0, 0x0,
    0x0, 0x0, 0x0, 0x0, 0x0,

    /* U+6CF0 "泰" */
    0x0, 0x0, 0x0, 0x0, 0x0, 0x0, 0x0, 0x0,
    0x0, 0x7c, 0x0, 0x0, 0x0, 0xb, 0xee, 0xef,
    0xfe, 0xee, 0xe6, 0x0, 0x1, 0x11, 0xf5, 0x11,
    0x11, 0x0, 0x2, 0xff, 0xff, 0xff, 0xff, 0xf0,
    0x0, 0x0, 0xd, 0x80, 0x0, 0x0, 0x0, 0x8f,
    0xff, 0xff, 0xff, 0xff, 0xff, 0x10, 0x7, 0xe2,
    0x29, 0x9, 0xc1, 0x0, 0x1a, 0xe7, 0x4, 0xe0,
    0x4b, 0xe8, 0x15, 0xb2, 0xd9, 0x4f, 0x5e, 0x43,
    0xa0, 0x0, 0x6, 0xdf, 0xfe, 0xd3, 0x0, 0x0,
    0x7f, 0xc6, 0x5e, 0x7, 0xfa, 0x0, 0x2, 0x20,
    0xaf, 0xa0, 0x1, 0x40, 0x0,

    /* U+6CF8 "泸" */
    0x6, 0x81, 0x0, 0x4, 0xe0, 0x0, 0x0, 0x3b,
    0xe1, 0x0, 0x4f, 0xff, 0xf2, 0x0, 0x3, 0x0,
    0x4, 0xe0, 0x0, 0x0, 0x40, 0x0, 0xdd, 0xef,
    0xdd, 0xc0, 0x3f, 0xa1, 0xf, 0x64, 0x44, 0x7e,
    0x0, 0x2d, 0x61, 0xf2, 0x0, 0x3, 0xe0, 0x0,
    0x10, 0x2f, 0x65, 0x55, 0x8e, 0x0, 0x3, 0x73,
    0xfc, 0xcc, 0xcd, 0xe0, 0x0, 0xc9, 0x5e, 0x0,
    0x0, 0x0, 0x0, 0x5e, 0x19, 0xb0, 0x0, 0x0,
    0x0, 0xe, 0x71, 0xf5, 0x0, 0x0, 0x0, 0x0,
    0x40, 0x2a, 0x0, 0x0, 0x0, 0x0,

    /* U+6D4E "济" */
    0x1, 0x10, 0x0, 0x8, 0x20, 0x0, 0x0, 0x8f,
    0x54, 0x44, 0xca, 0x44, 0x41, 0x0, 0x56, 0xce,
    0xec, 0xce, 0xfc, 0x40, 0x0, 0x0, 0x2e, 0x31,
    0xe5, 0x0, 0x3e, 0x50, 0x0, 0x5f, 0xca, 0x0,
    0x0, 0x5e, 0x11, 0x49, 0xfe, 0xd8, 0x41, 0x0,
    0x1, 0xfd, 0xa2, 0x6, 0xbd, 0x30, 0x5, 0x40,
    0x5d, 0x0, 0x99, 0x0, 0x0, 0xd6, 0x5, 0xd0,
    0x9, 0x90, 0x0, 0x5e, 0x0, 0x9a, 0x0, 0x99,
    0x0, 0xd, 0x80, 0x6f, 0x30, 0x9, 0x90, 0x0,
    0xa1, 0x4d, 0x40, 0x0, 0x99, 0x0, 0x0, 0x0,
    0x0, 0x0, 0x0, 0x0, 0x0,

    /* U+6D66 "浦" */
    0x0, 0x0, 0x0, 0x0, 0x0, 0x0, 0x0, 0x77,
    0x0, 0x0, 0x6c, 0x5c, 0x20, 0x4, 0xec, 0x22,
    0x27, 0xc2, 0xab, 0x0, 0x1, 0x4f, 0xff, 0xff,
    0xff, 0xf6, 0x2, 0x0, 0x1, 0x17, 0xc1, 0x11,
    0x3, 0xfb, 0x26, 0xff, 0xff, 0xff, 0xd0, 0x1,
    0xa2, 0x6c, 0x6, 0xc0, 0x5d, 0x0, 0x0, 0x6,
    0xff, 0xff, 0xff, 0xd0, 0x0, 0x4c, 0x6b, 0x6,
    0xc0, 0x5d, 0x0, 0xc, 0x86, 0xff, 0xff, 0xff,
    0xd0, 0x4, 0xf1, 0x6c, 0x17, 0xc1, 0x6d, 0x0,
    0xd8, 0x6, 0xb0, 0x6c, 0x6, 0xd0, 0x8, 0x10,
    0x6b, 0x6, 0xc8, 0xf8, 0x0,

    /* U+6D6A "浪" */
    0x0, 0x10, 0x0, 0x8, 0x40, 0x0, 0x0, 0x5f,
    0x51, 0x44, 0xac, 0x44, 0x10, 0x0, 0x4c, 0x5f,
    0xbb, 0xbb, 0xf5, 0x0, 0x0, 0x5, 0xe0, 0x0,
    0xd, 0x50, 0xc, 0x70, 0x5f, 0xff, 0xff, 0xf5,
    0x0, 0x4d, 0x65, 0xe0, 0x0, 0xd, 0x50, 0x0,
    0x0, 0x5f, 0xff, 0xff, 0xf5, 0x0, 0x4, 0xa5,
    0xe0, 0x4d, 0x4, 0x50, 0x0, 0xb9, 0x5d, 0x0,
    0xdb, 0xe4, 0x0, 0x3f, 0x25, 0xd0, 0x14, 0xf5,
    0x0, 0xb, 0xa0, 0x7f, 0xcf, 0x27, 0xf9, 0x10,
    0x42, 0x9, 0xc6, 0x0, 0x4, 0xb1, 0x0, 0x0,
    0x0, 0x0, 0x0, 0x0, 0x0,

    /* U+6D77 "海" */
    0x0, 0x40, 0x3, 0x80, 0x0, 0x0, 0x0, 0x3e,
    0xc1, 0xac, 0x44, 0x44, 0x41, 0x0, 0x8, 0x2f,
    0xcc, 0xcc, 0xcc, 0x40, 0x0, 0xc, 0xb1, 0x11,
    0x11, 0x10, 0x9, 0x50, 0xaa, 0xfe, 0xee, 0xfc,
    0x0, 0x4c, 0x30, 0xa7, 0x2b, 0x26, 0xb0, 0x0,
    0x1, 0xff, 0xff, 0xff, 0xff, 0xa0, 0x5, 0xa2,
    0xf4, 0xb6, 0x29, 0xa1, 0x0, 0xb7, 0x1f, 0x2,
    0xd1, 0x98, 0x0, 0x2f, 0x14, 0xff, 0xff, 0xff,
    0xf5, 0x8, 0xb0, 0x1, 0x11, 0x12, 0xf4, 0x0,
    0x74, 0x0, 0x0, 0xc, 0xfb, 0x0, 0x0, 0x0,
    0x0, 0x0, 0x0, 0x0, 0x0,

    /* U+6D82 "涂" */
    0x0, 0x0, 0x0, 0x0, 0x0, 0x0, 0x0, 0x45,
    0x0, 0x0, 0x98, 0x0, 0x0, 0x5, 0xec, 0x10,
    0x6e, 0xe5, 0x0, 0x0, 0x1, 0x60, 0x9d, 0x13,
    0xe8, 0x0, 0x1, 0x4, 0xec, 0x10, 0x2, 0xce,
    0x34, 0xf9, 0x47, 0xcf, 0xff, 0xfc, 0x60, 0x2,
    0xa2, 0x0, 0x19, 0xa1, 0x0, 0x0, 0x0, 0xb,
    0xcc, 0xee, 0xcc, 0xc1, 0x0, 0x4a, 0x45, 0x5b,
    0xc5, 0x55, 0x0, 0xc, 0x81, 0xe2, 0x8a, 0x3d,
    0x0, 0x5, 0xe0, 0xbb, 0x8, 0xa0, 0xb9, 0x0,
    0xe7, 0x3e, 0x21, 0x9a, 0x2, 0xe1, 0x7, 0x0,
    0x10, 0xfe, 0x50, 0x0, 0x0, 0x0, 0x0, 0x0,
    0x0, 0x0, 0x0,

    /* U+6D8C "涌" */
    0x0, 0x10, 0x0, 0x0, 0x0, 0x0, 0x0, 0x5e,
    0x72, 0xff, 0xff, 0xff, 0x90, 0x0, 0x2b, 0x20,
    0x66, 0x4c, 0x90, 0x0, 0x10, 0x0, 0x14, 0x9e,
    0xd3, 0x10, 0x1e, 0xb3, 0x3f, 0xff, 0xff, 0xff,
    0x0, 0x18, 0x73, 0xe0, 0x3f, 0x1, 0xf0, 0x0,
    0x0, 0x3f, 0xff, 0xff, 0xff, 0x0, 0x1, 0xe4,
    0xe0, 0x3f, 0x1, 0xf0, 0x0, 0x9b, 0x3f, 0xde,
    0xfd, 0xef, 0x0, 0x2f, 0x33, 0xe2, 0x5f, 0x24,
    0xf0, 0xa, 0xb0, 0x3e, 0x3, 0xf0, 0x2f, 0x0,
    0x62, 0x3, 0xe0, 0x2e, 0x2f, 0xc0,

    /* U+6D9B "涛" */
    0x0, 0x0, 0x0, 0x1, 0x0, 0x0, 0x0, 0x79,
    0x10, 0x0, 0xc7, 0x0, 0x0, 0x1, 0xbd, 0x7d,
    0xdf, 0xed, 0xdd, 0x10, 0x0, 0x10, 0x11, 0xf4,
    0x11, 0x10, 0x1, 0x0, 0x3f, 0xff, 0xff, 0xfc,
    0x3, 0xf9, 0x0, 0x6, 0xd0, 0x0, 0x0, 0x3,
    0xc2, 0xef, 0xff, 0xff, 0xff, 0x60, 0x0, 0x0,
    0xe, 0x50, 0xb, 0x10, 0x0, 0x1b, 0x6, 0xff,
    0xff, 0xff, 0x50, 0x9, 0xa0, 0xd8, 0x92, 0x1f,
    0x30, 0x2, 0xf2, 0xae, 0xb, 0xb0, 0xf2, 0x0,
    0xc9, 0x3e, 0x30, 0x16, 0x2f, 0x20, 0x8, 0x10,
    0x0, 0x0, 0xaf, 0xc0, 0x0,

    /* U+6E38 "游" */
    0x7, 0x40, 0x3c, 0x0, 0x4c, 0x0, 0x0, 0x6f,
    0x60, 0xd6, 0x9, 0xd4, 0x42, 0x0, 0x2a, 0xff,
    0xfe, 0xee, 0xdd, 0x70, 0x20, 0x1a, 0xa2, 0x8f,
    0x0, 0x0, 0x3f, 0xa0, 0xa9, 0x13, 0xbe, 0xef,
    0x40, 0x29, 0xb, 0xff, 0xa1, 0x2c, 0xa0, 0x0,
    0x0, 0xc5, 0x79, 0x3, 0xf0, 0x0, 0xb, 0x1d,
    0x28, 0xaf, 0xff, 0xf9, 0x3, 0xe1, 0xf0, 0x98,
    0x25, 0xe2, 0x10, 0x99, 0x5c, 0xa, 0x70, 0x3e,
    0x0, 0xe, 0x4d, 0x71, 0xd5, 0x3, 0xe0, 0x1,
    0xb2, 0xc2, 0xfd, 0x1b, 0xfa, 0x0, 0x0, 0x0,
    0x0, 0x0, 0x1, 0x0, 0x0,

    /* U+6E56 "湖" */
    0x1, 0x0, 0x0, 0x0, 0x0, 0x0, 0x0, 0xad,
    0x30, 0xc4, 0x8, 0xee, 0xe1, 0x0, 0x65, 0xc,
    0x40, 0x98, 0x2f, 0x10, 0x0, 0x9e, 0xff, 0xd9,
    0x82, 0xf1, 0x3e, 0x70, 0xc, 0x50, 0x9f, 0xef,
    0x10, 0x4c, 0x10, 0xc4, 0x9, 0x70, 0xf1, 0x0,
    0x2, 0xdf, 0xe8, 0xa8, 0x1f, 0x10, 0x5, 0x4e,
    0x38, 0x9b, 0xff, 0xf1, 0x0, 0xe7, 0xd0, 0x69,
    0xc4, 0xf, 0x10, 0x6d, 0x3f, 0xff, 0xbf, 0x0,
    0xf1, 0xd, 0x62, 0xd1, 0x18, 0xb0, 0xf, 0x10,
    0xa0, 0x3, 0x0, 0xd2, 0x3f, 0xc0, 0x0, 0x0,
    0x0, 0x0, 0x0, 0x0, 0x0,

    /* U+6E7E "湾" */
    0x0, 0x0, 0x0, 0x0, 0x10, 0x0, 0x0, 0xa3,
    0x0, 0x0, 0x9a, 0x0, 0x0, 0x7, 0xe0, 0xef,
    0xff, 0xff, 0xff, 0x40, 0x9, 0x13, 0x7b, 0x67,
    0xb7, 0x20, 0x2, 0x1, 0xe6, 0xb5, 0x6a, 0x6d,
    0x5, 0xe0, 0x38, 0xb, 0x56, 0xa0, 0x82, 0xc,
    0x80, 0x23, 0x44, 0x44, 0x31, 0x0, 0x33, 0x8,
    0xaa, 0xaa, 0xae, 0x60, 0x0, 0x91, 0x19, 0x99,
    0x99, 0xe6, 0x0, 0x4e, 0x6, 0xd4, 0x44, 0x44,
    0x10, 0xa, 0x90, 0x9f, 0xff, 0xff, 0xfd, 0x1,
    0xf3, 0x0, 0x0, 0x0, 0xa, 0x90, 0x5, 0x0,
    0x0, 0x0, 0xbf, 0xd2, 0x0,

    /* U+6E90 "源" */
    0x4, 0x10, 0x0, 0x0, 0x0, 0x0, 0x0, 0xaf,
    0x5d, 0xff, 0xff, 0xff, 0xf1, 0x0, 0x53, 0xd6,
    0x11, 0xd4, 0x11, 0x0, 0x0, 0xd, 0x5b, 0xcf,
    0xbb, 0xa0, 0x6e, 0x60, 0xd6, 0xf2, 0x22, 0x5e,
    0x0, 0x5a, 0xe, 0x4f, 0xdd, 0xde, 0xe0, 0x0,
    0x0, 0xf3, 0xf0, 0x0, 0x3e, 0x0, 0x7, 0x2f,
    0x2e, 0xef, 0xee, 0xc0, 0x2, 0xf6, 0xf0, 0x61,
    0xe3, 0x43, 0x0, 0x9a, 0x8a, 0x4e, 0xe, 0x36,
    0xc0, 0x2f, 0x4e, 0x5d, 0x50, 0xe3, 0xd, 0x22,
    0x82, 0xa0, 0x12, 0xfd, 0x10, 0x0,

    /* U+6E9C "溜" */
    0x1, 0x0, 0x3, 0x70, 0x0, 0x0, 0x9, 0xc1,
    0xcd, 0x8a, 0xff, 0xfb, 0x0, 0x97, 0xe2, 0x30,
    0x97, 0x6a, 0x0, 0x0, 0xe2, 0xd1, 0xb5, 0x6a,
    0x4a, 0x10, 0xfa, 0xf7, 0xe2, 0x88, 0x9, 0xd3,
    0xf8, 0x39, 0xb9, 0xe5, 0x0, 0x20, 0x33, 0x35,
    0x56, 0x60, 0x0, 0x31, 0x7e, 0xbf, 0xcb, 0xf3,
    0x0, 0xd6, 0x7a, 0x2d, 0x62, 0xe3, 0x5, 0xe0,
    0x7e, 0xbf, 0xcb, 0xf3, 0xe, 0x60, 0x7a, 0x2d,
    0x62, 0xe3, 0x1a, 0x0, 0x7e, 0xcc, 0xcc, 0xf3,

    /* U+6EAA "溪" */
    0x4, 0x50, 0x1, 0x24, 0x69, 0xc3, 0x0, 0x5e,
    0xa8, 0xed, 0xcb, 0x78, 0x20, 0x0, 0x14, 0x2b,
    0xa, 0x70, 0xe3, 0x0, 0x10, 0x0, 0xd4, 0x87,
    0x3a, 0x0, 0x4f, 0x91, 0x2, 0xd7, 0x49, 0x0,
    0x0, 0x2b, 0x22, 0xfe, 0xbc, 0x54, 0x0, 0x0,
    0x0, 0x7, 0xea, 0x46, 0xf4, 0x0, 0x7, 0x48,
    0xfe, 0xfd, 0x98, 0xd0, 0x0, 0xe6, 0x54, 0x3c,
    0x93, 0x34, 0x10, 0x5e, 0x2b, 0xbd, 0xff, 0xdb,
    0xb3, 0xd, 0x70, 0x5, 0xe9, 0x4e, 0x60, 0x0,
    0xa1, 0x4e, 0xd6, 0x0, 0x4b, 0xf3, 0x0, 0x0,
    0x20, 0x0, 0x0, 0x1, 0x0,

    /* U+6EE1 "满" */
    0x4, 0x50, 0x0, 0xf1, 0xf, 0x30, 0x0, 0x4e,
    0xaf, 0xff, 0xff, 0xff, 0xf3, 0x0, 0x23, 0x0,
    0xe1, 0xd, 0x20, 0x0, 0x10, 0x2b, 0xbb, 0xbb,
    0xbb, 0xb4, 0x2f, 0x91, 0x33, 0x99, 0x5d, 0x33,
    0x10, 0x29, 0xb, 0xde, 0xed, 0xfd, 0xd0, 0x0,
    0x0, 0xe7, 0xa8, 0x7c, 0x4f, 0x0, 0x7, 0x9e,
    0x4c, 0x87, 0xd1, 0xf0, 0x0, 0xe6, 0xe6, 0xec,
    0xdd, 0x8f, 0x0, 0x6e, 0xe, 0xc7, 0x4d, 0x28,
    0xf0, 0xe, 0x70, 0xe4, 0x1, 0x30, 0x1f, 0x0,
    0x71, 0xe, 0x40, 0x0, 0x4d, 0xc0,

    /* U+6EE9 "滩" */
    0x5, 0x0, 0x0, 0x0, 0x72, 0x10, 0x0, 0xcd,
    0x10, 0x0, 0x2f, 0x5d, 0x0, 0x0, 0x79, 0xdd,
    0x89, 0xa1, 0xc4, 0x0, 0x0, 0x23, 0xab, 0xff,
    0xef, 0xe3, 0x4d, 0x67, 0x2c, 0xdd, 0x52, 0xd0,
    0x0, 0x27, 0x5d, 0xf2, 0xaf, 0xff, 0xf0, 0x0,
    0x0, 0xce, 0xa, 0x63, 0xe0, 0x0, 0x8, 0x9,
    0xe0, 0xa6, 0x3e, 0x10, 0x4, 0xe1, 0xfe, 0x5a,
    0xff, 0xff, 0x10, 0xb8, 0xbb, 0x4b, 0xa5, 0x2d,
    0x0, 0x3f, 0x2a, 0x10, 0xa, 0xee, 0xfe, 0x60,
    0x60, 0x0, 0x0, 0xa7, 0x22, 0x20,

    /* U+6F06 "漆" */
    0x8, 0x91, 0x0, 0xa, 0x70, 0x0, 0x0, 0x2b,
    0xad, 0xff, 0xff, 0xff, 0xf1, 0x0, 0x0, 0x3,
    0xde, 0xed, 0x40, 0x0, 0x40, 0x18, 0xf6, 0xa7,
    0x5e, 0x70, 0x4f, 0xb3, 0xb2, 0xc, 0x60, 0x28,
    0x0, 0x18, 0x0, 0x1c, 0xad, 0x90, 0x0, 0x0,
    0x1, 0xae, 0x64, 0x49, 0xea, 0x10, 0x7, 0x76,
    0x91, 0x98, 0x1a, 0x70, 0x0, 0xe5, 0x6, 0xaa,
    0xbd, 0x50, 0x0, 0x6e, 0x0, 0x6e, 0xee, 0xe3,
    0x0, 0xe, 0x60, 0xda, 0x29, 0x84, 0xe6, 0x0,
    0x90, 0x0, 0xb, 0xe5, 0x1, 0x20,

    /* U+6F20 "漠" */
    0x6, 0x30, 0x1, 0xf1, 0xf, 0x20, 0x0, 0x6f,
    0x7e, 0xff, 0xff, 0xff, 0xf2, 0x0, 0x34, 0x0,
    0xd1, 0xd, 0x10, 0x0, 0x10, 0x4, 0xee, 0xee,
    0xee, 0x60, 0x4f, 0x60, 0x5c, 0x11, 0x11, 0xb7,
    0x0, 0x6e, 0x15, 0xfd, 0xdd, 0xdf, 0x70, 0x0,
    0x10, 0x5e, 0x88, 0x88, 0xd7, 0x0, 0xb, 0x51,
    0x33, 0xc9, 0x33, 0x10, 0x2, 0xf4, 0xff, 0xff,
    0xff, 0xff, 0x30, 0xaa, 0x0, 0x1b, 0xda, 0xb1,
    0x0, 0x1f, 0x31, 0x6c, 0xd2, 0xc, 0xd7, 0x10,
    0x30, 0x3b, 0x60, 0x0, 0x4, 0xb1,

    /* U+6F6E "潮" */
    0x6, 0x10, 0xc, 0x50, 0x0, 0x0, 0x0, 0xce,
    0x44, 0xd8, 0x47, 0xff, 0xf1, 0x0, 0x96, 0xbf,
    0xdb, 0x7a, 0x1f, 0x10, 0x0, 0x16, 0xd9, 0x57,
    0xb5, 0xf1, 0x4e, 0x53, 0xd6, 0x8c, 0x7d, 0xaf,
    0x10, 0x4a, 0x3f, 0xcd, 0xc7, 0x90, 0xf1, 0x0,
    0x3, 0xc0, 0x3c, 0x8b, 0x5f, 0x10, 0xa, 0x4d,
    0xfe, 0xa9, 0xec, 0xf1, 0x3, 0xe1, 0x1c, 0x61,
    0xa6, 0xf, 0x10, 0x99, 0xaf, 0xff, 0xff, 0x30,
    0xf1, 0xf, 0x30, 0xc, 0x53, 0xe1, 0x3f, 0x11,
    0xa0, 0x0, 0xc5, 0x67, 0x3f, 0xb0, 0x0, 0x0,
    0x0, 0x0, 0x0, 0x0, 0x0,

    /* U+706B "火" */
    0x0, 0x0, 0x3, 0xf2, 0x0, 0x0, 0x0, 0x0,
    0x0, 0x3f, 0x10, 0x0, 0x0, 0x0, 0x34, 0x3,
    0xf0, 0x0, 0x33, 0x0, 0xa, 0x90, 0x4f, 0x0,
    0xc, 0xa0, 0x1, 0xf5, 0x7, 0xe0, 0x3, 0xf2,
    0x0, 0xad, 0x0, 0xaf, 0x20, 0xb9, 0x0, 0x3,
    0x30, 0xd, 0xf8, 0x5, 0x10, 0x0, 0x0, 0x4,
    0xf6, 0xf1, 0x0, 0x0, 0x0, 0x1, 0xea, 0xb,
    0xc0, 0x0, 0x0, 0x2, 0xdd, 0x0, 0x1d, 0xd2,
    0x0, 0x19, 0xfb, 0x10, 0x0, 0x1b, 0xfc, 0x30,
    0x95, 0x0, 0x0, 0x0, 0x3, 0x80,

    /* U+706F "灯" */
    0x0, 0x3f, 0x0, 0x0, 0x0, 0x0, 0x0, 0x3,
    0xf0, 0x1f, 0xff, 0xff, 0xf9, 0x3, 0x3f, 0x15,
    0x33, 0x3e, 0x93, 0x20, 0xe4, 0xf6, 0xb0, 0x0,
    0xd7, 0x0, 0xf, 0x3f, 0xb4, 0x0, 0xd, 0x70,
    0x3, 0xc3, 0xe5, 0x0, 0x0, 0xd7, 0x0, 0x2,
    0x5d, 0x0, 0x0, 0xd, 0x70, 0x0, 0x8, 0xe2,
    0x0, 0x0, 0xd7, 0x0, 0x0, 0xcd, 0xe2, 0x0,
    0xd, 0x70, 0x0, 0x3f, 0x29, 0xc0, 0x0, 0xd7,
    0x0, 0x1d, 0xa0, 0x1, 0x14, 0x4e, 0x60, 0x2,
    0xc0, 0x0, 0x0, 0xff, 0xc2, 0x0, 0x0, 0x0,
    0x0, 0x0, 0x0, 0x0, 0x0,

    /* U+70B9 "点" */
    0x0, 0x0, 0x3, 0xf0, 0x0, 0x0, 0x0, 0x0,
    0x0, 0x3f, 0xdd, 0xdd, 0xa0, 0x0, 0x0, 0x3,
    0xf4, 0x44, 0x43, 0x0, 0x0, 0x0, 0x4f, 0x0,
    0x0, 0x0, 0x0, 0xef, 0xff, 0xff, 0xff, 0xe0,
    0x0, 0xe, 0x41, 0x11, 0x11, 0x5e, 0x0, 0x0,
    0xe3, 0x0, 0x0, 0x4, 0xe0, 0x0, 0xe, 0xff,
    0xff, 0xff, 0xfe, 0x0, 0x0, 0x32, 0x22, 0x22,
    0x22, 0x40, 0x0, 0x2f, 0x18, 0x70, 0xc4, 0x1f,
    0x40, 0xc, 0xa0, 0x8a, 0x8, 0xa0, 0x7d, 0x3,
    0xb1, 0x6, 0x80, 0x3a, 0x0, 0xa2,

    /* U+70DF "烟" */
    0x0, 0x97, 0x0, 0x0, 0x0, 0x0, 0x0, 0x9,
    0x70, 0xef, 0xff, 0xff, 0xf0, 0x4, 0x97, 0x9f,
    0x31, 0xf2, 0x2f, 0x0, 0xd9, 0x8d, 0xe2, 0xd,
    0x11, 0xf0, 0x3b, 0x9d, 0x7e, 0xae, 0xff, 0xaf,
    0x5, 0x8b, 0x60, 0xe3, 0x1f, 0x11, 0xf0, 0x0,
    0xc5, 0xe, 0x24, 0xf8, 0x1f, 0x0, 0xd, 0xa0,
    0xe2, 0xb7, 0xe3, 0xf0, 0x1, 0xfe, 0x5e, 0x9e,
    0x6, 0xbf, 0x0, 0x7c, 0x4e, 0xe8, 0x30, 0x6,
    0xf0, 0x2f, 0x50, 0x3e, 0xff, 0xff, 0xff, 0x2,
    0xa0, 0x0, 0xe4, 0x11, 0x13, 0xe0, 0x0, 0x0,
    0x0, 0x0, 0x0, 0x0, 0x0,

    /* U+70E4 "烤" */
    0x0, 0x0, 0x0, 0x0, 0x0, 0x0, 0x0, 0x9,
    0x70, 0x0, 0xa8, 0x0, 0x30, 0x0, 0x97, 0x2,
    0x3b, 0xa3, 0x4e, 0x10, 0x9, 0x74, 0x7c, 0xee,
    0xcf, 0x50, 0xc, 0x98, 0xd3, 0x1b, 0x9a, 0xc2,
    0x2, 0xb9, 0xba, 0xff, 0xff, 0xff, 0xf7, 0x68,
    0xa8, 0x10, 0x1b, 0xd2, 0x0, 0x0, 0x1c, 0x60,
    0x6e, 0xfe, 0xee, 0xe1, 0x0, 0xd9, 0xad, 0xac,
    0x0, 0x0, 0x0, 0x1f, 0xe6, 0xa, 0xff, 0xff,
    0xa0, 0x7, 0xc4, 0xf0, 0x0, 0x0, 0x98, 0x1,
    0xf5, 0x4, 0x0, 0x0, 0xd, 0x50, 0x29, 0x0,
    0x0, 0x7, 0xff, 0xc0, 0x0, 0x0, 0x0, 0x0,
    0x0, 0x0, 0x0,

    /* U+714C "煌" */
    0x0, 0x0, 0x0, 0x0, 0x0, 0x0, 0x0, 0xb,
    0x40, 0x0, 0xa9, 0x0, 0x0, 0x0, 0xb4, 0xb,
    0xbf, 0xdb, 0xb4, 0x0, 0x3b, 0x46, 0xf4, 0x33,
    0x3c, 0x60, 0xd, 0xb8, 0xaf, 0xed, 0xdd, 0xf6,
    0x1, 0xcb, 0xc5, 0xf1, 0x0, 0xb, 0x60, 0x49,
    0xc7, 0xf, 0xff, 0xff, 0xf6, 0x1, 0x2e, 0x20,
    0x22, 0x22, 0x22, 0x20, 0x0, 0xf3, 0x5d, 0xde,
    0xfd, 0xdb, 0x0, 0x1f, 0xd0, 0x22, 0x7d, 0x22,
    0x0, 0x6, 0xbb, 0x8b, 0xcd, 0xfc, 0xc4, 0x0,
    0xe5, 0x23, 0x0, 0x6d, 0x0, 0x0, 0x5c, 0x0,
    0xdf, 0xff, 0xff, 0xff, 0x10, 0x10, 0x0, 0x0,
    0x0, 0x0, 0x0,

    /* U+7167 "照" */
    0xe, 0xff, 0xf8, 0xff, 0xff, 0xfb, 0x0, 0xe4,
    0x3f, 0x1, 0xe6, 0x19, 0x90, 0xe, 0x43, 0xf1,
    0x9d, 0x26, 0xd6, 0x0, 0xee, 0xef, 0x99, 0x11,
    0x87, 0x0, 0xe, 0x32, 0xf3, 0xfe, 0xee, 0xf5,
    0x0, 0xe3, 0x2f, 0x3e, 0x0, 0xd, 0x50, 0xe,
    0xdc, 0xf3, 0xe3, 0x33, 0xe5, 0x0, 0xd7, 0x44,
    0x2b, 0xbb, 0xbb, 0x40, 0x1, 0xb1, 0x53, 0x9,
    0x14, 0xb0, 0x0, 0xab, 0xa, 0x80, 0xd6, 0x1e,
    0x60, 0x4f, 0x20, 0x89, 0x8, 0xa0, 0x7d, 0x0,
    0x20, 0x1, 0x0, 0x0, 0x0, 0x0,

    /* U+7247 "片" */
    0x0, 0x0, 0x0, 0x3f, 0x10, 0x0, 0x0, 0xe5,
    0x0, 0x3f, 0x10, 0x0, 0x0, 0xe5, 0x0, 0x3f,
    0x10, 0x0, 0x0, 0xe9, 0x66, 0x8f, 0x76, 0x62,
    0x0, 0xee, 0xdd, 0xdd, 0xdd, 0xd6, 0x0, 0xf5,
    0x0, 0x0, 0x0, 0x0, 0x0, 0xf8, 0x44, 0x44,
    0x43, 0x0, 0x2, 0xff, 0xff, 0xff, 0xfa, 0x0,
    0x4, 0xf0, 0x0, 0x0, 0xaa, 0x0, 0xa, 0xb0,
    0x0, 0x0, 0xaa, 0x0, 0x4f, 0x40, 0x0, 0x0,
    0xaa, 0x0, 0x59, 0x0, 0x0, 0x0, 0xaa, 0x0,
    0x0, 0x0, 0x0, 0x0, 0x0, 0x0,

    /* U+724C "牌" */
    0x0, 0x0, 0x0, 0x0, 0x0, 0x0, 0x0, 0x0,
    0xe1, 0x0, 0x2c, 0x10, 0x0, 0xd, 0x3e, 0x16,
    0xef, 0xfe, 0xed, 0x0, 0xd3, 0xe1, 0x7a, 0xc,
    0x33, 0xe0, 0xd, 0xbf, 0xba, 0xfd, 0xfe, 0xee,
    0x0, 0xd8, 0x66, 0x9a, 0xe, 0x23, 0xe0, 0xe,
    0x30, 0x7, 0xec, 0xfc, 0xde, 0x0, 0xee, 0xe8,
    0x3, 0xe6, 0x64, 0x10, 0xf, 0x4b, 0x93, 0xe6,
    0xc, 0x60, 0x0, 0xf0, 0x99, 0xce, 0xdd, 0xfe,
    0xd3, 0x3e, 0x9, 0x92, 0x22, 0x2c, 0x72, 0x7,
    0xb0, 0x99, 0x0, 0x0, 0xc6, 0x0, 0x76, 0x9,
    0x90, 0x0, 0xc, 0x60, 0x0, 0x0, 0x0, 0x0,
    0x0, 0x0, 0x0,

    /* U+725B "牛" */
    0x0, 0x9, 0x20, 0xb8, 0x0, 0x0, 0x0, 0x5,
    0xf0, 0xb, 0x80, 0x0, 0x0, 0x0, 0xaf, 0xdd,
    0xfe, 0xdd, 0xdb, 0x0, 0x3f, 0x65, 0x5d, 0xa5,
    0x55, 0x40, 0xd, 0xa0, 0x0, 0xb8, 0x0, 0x0,
    0x0, 0x61, 0x0, 0xb, 0x80, 0x0, 0x0, 0x5,
    0x55, 0x55, 0xdb, 0x55, 0x55, 0x31, 0xdd, 0xdd,
    0xdf, 0xed, 0xdd, 0xd7, 0x0, 0x0, 0x0, 0xb8,
    0x0, 0x0, 0x0, 0x0, 0x0, 0xb, 0x80, 0x0,
    0x0, 0x0, 0x0, 0x0, 0xb8, 0x0, 0x0, 0x0,
    0x0, 0x0, 0xb, 0x80, 0x0, 0x0,

    /* U+7269 "物" */
    0x1, 0x2f, 0x0, 0x4b, 0x0, 0x0, 0x0, 0xe5,
    0xf0, 0x9, 0x90, 0x0, 0x0, 0xf, 0x6f, 0x20,
    0xed, 0xbb, 0xbb, 0x42, 0xff, 0xff, 0x8e, 0x9e,
    0x9d, 0xe5, 0x6a, 0x2f, 0x1e, 0x58, 0x78, 0x8d,
    0x43, 0x42, 0xf1, 0x80, 0xe1, 0xc4, 0xe3, 0x0,
    0x5f, 0xd6, 0x7b, 0x2e, 0xf, 0x25, 0xff, 0xf4,
    0x3f, 0x29, 0x91, 0xf1, 0x13, 0x2f, 0xc, 0x62,
    0xf2, 0x2f, 0x0, 0x2, 0xf0, 0x0, 0xb9, 0x5,
    0xd0, 0x0, 0x2f, 0x0, 0xad, 0x22, 0xba, 0x0,
    0x2, 0xf0, 0x1a, 0x13, 0xfe, 0x30, 0x0, 0x0,
    0x0, 0x0, 0x0, 0x0, 0x0,

    /* U+730E "猎" */
    0x6, 0x4, 0x10, 0x7b, 0x5, 0xd0, 0x0, 0xca,
    0xe4, 0x18, 0xc1, 0x6d, 0x10, 0x2, 0xfa, 0xc,
    0xff, 0xff, 0xff, 0x42, 0xde, 0xb0, 0x7, 0xb0,
    0x5d, 0x0, 0x39, 0x2f, 0x2b, 0xde, 0xbc, 0xfb,
    0x70, 0x4, 0xf3, 0x33, 0x33, 0x33, 0x32, 0x2,
    0xef, 0x43, 0xff, 0xff, 0xfc, 0x2, 0xe8, 0xd4,
    0x3e, 0x0, 0x6, 0xd0, 0x7, 0xe, 0x33, 0xfc,
    0xcc, 0xed, 0x0, 0x0, 0xf2, 0x3e, 0x22, 0x27,
    0xd0, 0x2, 0x5f, 0x3, 0xfb, 0xbb, 0xdd, 0x0,
    0xce, 0x70, 0x3f, 0x44, 0x48, 0xd0, 0x0, 0x0,
    0x0, 0x20, 0x0, 0x1, 0x0,

    /* U+732A "猪" */
    0x1a, 0x6, 0x20, 0xd, 0x60, 0x3, 0x0, 0xcb,
    0xf3, 0x44, 0xe9, 0x44, 0xf3, 0x3, 0xf9, 0xa,
    0xbf, 0xdc, 0xf7, 0x5, 0xfd, 0xb0, 0x11, 0xe8,
    0xad, 0x10, 0x46, 0x2f, 0x7f, 0xff, 0xff, 0xff,
    0x90, 0x7, 0xf2, 0x5, 0xea, 0x0, 0x0, 0x4,
    0xff, 0x5a, 0xff, 0xff, 0xfd, 0x5, 0xf6, 0xec,
    0xbf, 0x30, 0x5, 0xd0, 0x35, 0xf, 0x30, 0xee,
    0xee, 0xed, 0x0, 0x0, 0xf1, 0xe, 0x30, 0x5,
    0xd0, 0x2, 0x6e, 0x0, 0xe6, 0x44, 0x7d, 0x0,
    0xee, 0x50, 0xe, 0xcb, 0xbd, 0xd0, 0x0, 0x0,
    0x0, 0x10, 0x0, 0x1, 0x0,

    /* U+732B "猫" */
    0x7, 0x5, 0x20, 0xe3, 0x4, 0xd0, 0x0, 0xbc,
    0xf5, 0x1e, 0x51, 0x6e, 0x10, 0x2, 0xfa, 0x6f,
    0xff, 0xff, 0xff, 0x73, 0xec, 0xc0, 0xe, 0x30,
    0x4d, 0x0, 0x15, 0x1f, 0x10, 0x61, 0x2, 0x60,
    0x0, 0x3, 0xf3, 0xff, 0xff, 0xff, 0xf1, 0x0,
    0xdf, 0x4f, 0x14, 0xf2, 0x2f, 0x10, 0xcb, 0xd4,
    0xf1, 0x4f, 0x32, 0xf1, 0x3b, 0xe, 0x4f, 0xef,
    0xfe, 0xef, 0x10, 0x0, 0xf3, 0xf0, 0x3f, 0x11,
    0xf1, 0x2, 0x5f, 0xf, 0xef, 0xff, 0xff, 0x10,
    0xbe, 0x70, 0xf1, 0x11, 0x13, 0xf1, 0x0, 0x0,
    0x1, 0x0, 0x0, 0x0, 0x0,

    /* U+739B "玛" */
    0x0, 0x0, 0x0, 0x11, 0x11, 0x10, 0x2, 0xff,
    0xff, 0x5f, 0xff, 0xff, 0x50, 0x1, 0xb9, 0x10,
    0x20, 0x0, 0xe4, 0x0, 0xa, 0x80, 0xc, 0x50,
    0xf, 0x20, 0x2, 0xb9, 0x20, 0xd4, 0x1, 0xf0,
    0x0, 0xef, 0xfb, 0xf, 0x31, 0x4f, 0x10, 0x0,
    0xa8, 0x1, 0xff, 0xff, 0xff, 0x60, 0xa, 0x80,
    0x0, 0x0, 0x0, 0xd4, 0x0, 0xac, 0xca, 0xff,
    0xff, 0x6f, 0x22, 0xef, 0xd6, 0x11, 0x11, 0x13,
    0xf0, 0x19, 0x30, 0x0, 0x0, 0x0, 0x7d, 0x0,
    0x0, 0x0, 0x0, 0x4, 0xfe, 0x50, 0x0, 0x0,
    0x0, 0x0, 0x0, 0x0, 0x0,

    /* U+73A9 "玩" */
    0x3e, 0xee, 0xe5, 0xff, 0xff, 0xfe, 0x0, 0x3b,
    0x93, 0x2, 0x22, 0x22, 0x20, 0x0, 0xa8, 0x0,
    0x0, 0x0, 0x0, 0x0, 0x2b, 0x92, 0x34, 0x44,
    0x44, 0x42, 0x1f, 0xff, 0xeb, 0xef, 0xdf, 0xed,
    0x80, 0xa, 0x80, 0x4, 0xe0, 0xe4, 0x0, 0x0,
    0xa8, 0x0, 0x5c, 0xe, 0x40, 0x0, 0xa, 0xb9,
    0x39, 0x90, 0xe4, 0x0, 0x4d, 0xfc, 0x83, 0xe4,
    0xe, 0x43, 0x72, 0x51, 0x3, 0xda, 0x0, 0xe6,
    0x7b, 0x0, 0x0, 0xd7, 0x0, 0xa, 0xff, 0x50,
    0x0, 0x0, 0x0, 0x0, 0x0, 0x0,

    /* U+73B0 "现" */
    0x4f, 0xff, 0xf7, 0xff, 0xff, 0xf5, 0x0, 0x1a,
    0x91, 0x6c, 0x0, 0xd, 0x50, 0x0, 0x98, 0x6,
    0xb0, 0xf1, 0xd5, 0x0, 0x2b, 0x92, 0x6b, 0xf,
    0x1d, 0x50, 0x1f, 0xff, 0xc6, 0xb0, 0xf1, 0xd5,
    0x0, 0x9, 0x80, 0x6b, 0x1f, 0xd, 0x50, 0x0,
    0x98, 0x5, 0x95, 0xe2, 0xa4, 0x0, 0x9, 0x83,
    0x0, 0xaf, 0x80, 0x0, 0x17, 0xdf, 0xe2, 0x5e,
    0x88, 0xa, 0x14, 0xb7, 0x20, 0x4f, 0x57, 0x80,
    0xd1, 0x0, 0x0, 0x5f, 0x50, 0x3e, 0xeb, 0x0,
    0x0, 0x0, 0x10, 0x0, 0x0, 0x0,

    /* U+73BB "玻" */
    0x0, 0x0, 0x0, 0x0, 0xe3, 0x0, 0x2, 0xff,
    0xfd, 0x1, 0x1e, 0x41, 0x10, 0x1, 0xb8, 0x1b,
    0xff, 0xff, 0xff, 0x40, 0xa, 0x60, 0xb6, 0xe,
    0x43, 0xf1, 0x6, 0xda, 0x3b, 0x60, 0xe3, 0x37,
    0x0, 0xae, 0xd6, 0xcf, 0xff, 0xff, 0xb0, 0x0,
    0xa6, 0xd, 0xdb, 0x11, 0xc7, 0x0, 0xa, 0x60,
    0xe4, 0xf4, 0x4f, 0x20, 0x0, 0xbc, 0xaf, 0x18,
    0xdd, 0x80, 0x2, 0xcf, 0xa9, 0xd0, 0x1f, 0xf3,
    0x0, 0x16, 0x0, 0xc8, 0x6e, 0xa9, 0xfb, 0x30,
    0x0, 0x9, 0x2c, 0x30, 0x2, 0xa3,

    /* U+73ED "班" */
    0x0, 0x0, 0x0, 0x2e, 0x0, 0x0, 0x7, 0xff,
    0xf3, 0x2, 0xec, 0xff, 0xf6, 0x3, 0xf1, 0x1,
    0x2e, 0x5, 0xd0, 0x0, 0x2e, 0x3, 0xc2, 0xe0,
    0x5c, 0x0, 0x2, 0xe0, 0x4b, 0x2e, 0x5, 0xc0,
    0x3, 0xbf, 0xa6, 0xb2, 0xe2, 0x7d, 0x30, 0x28,
    0xf7, 0xb7, 0x3d, 0x9f, 0xfe, 0x20, 0x2e, 0x7,
    0x24, 0xc0, 0x5c, 0x0, 0x2, 0xe0, 0x0, 0x89,
    0x5, 0xc0, 0x0, 0x5f, 0xa4, 0x1e, 0x50, 0x5c,
    0x0, 0x9f, 0xb7, 0x2b, 0xc3, 0x58, 0xd5, 0x31,
    0x0, 0x9, 0xc1, 0x7c, 0xcc, 0xc7, 0x0, 0x0,
    0x0, 0x0, 0x0, 0x0, 0x0,

    /* U+7483 "璃" */
    0x0, 0x0, 0x0, 0x0, 0x0, 0x0, 0x0, 0x0,
    0x0, 0xa, 0x60, 0x0, 0x9f, 0xff, 0xad, 0xdf,
    0xfd, 0xdc, 0x13, 0xf1, 0x17, 0x55, 0x48, 0x73,
    0x2, 0xf0, 0xe, 0x3c, 0xd2, 0xc4, 0x3, 0xf1,
    0xe, 0x8c, 0x79, 0xc4, 0x6f, 0xff, 0x1e, 0xca,
    0xaa, 0xe4, 0x2, 0xf0, 0x3, 0x49, 0xb4, 0x41,
    0x2, 0xf0, 0x4f, 0xff, 0xff, 0xfb, 0x2, 0xf8,
    0x8c, 0x4c, 0x37, 0x6b, 0x9f, 0xd9, 0x7b, 0xcc,
    0xbe, 0x6b, 0x21, 0x0, 0x4b, 0x65, 0x25, 0x8b,
    0x0, 0x0, 0x4b, 0x0, 0xb, 0xe7,

    /* U+74E3 "瓣" */
    0x4, 0x30, 0x0, 0x28, 0x14, 0x40, 0x0, 0x6b,
    0x6, 0xef, 0xe3, 0x6d, 0x0, 0x8f, 0xff, 0xa6,
    0xca, 0x8f, 0xff, 0x42, 0x93, 0x99, 0x6c, 0xa4,
    0x81, 0xd0, 0xc, 0x76, 0x96, 0xc9, 0x3b, 0x5a,
    0x9, 0xff, 0xfb, 0x6c, 0x8a, 0xff, 0xf7, 0x4,
    0xd0, 0xa6, 0xb7, 0x45, 0xd0, 0x2, 0x8e, 0x5b,
    0x59, 0x65, 0x5d, 0x0, 0x5c, 0xea, 0xe6, 0x77,
    0xbf, 0xfe, 0x40, 0x6a, 0x1d, 0x95, 0xb9, 0x4d,
    0x0, 0xd, 0x55, 0x9f, 0xbc, 0xb4, 0xd0, 0x4,
    0xa0, 0x63, 0x74, 0x77, 0x5d, 0x0, 0x0, 0x0,
    0x0, 0x0, 0x0, 0x0, 0x0,

    /* U+74F6 "瓶" */
    0x1, 0x50, 0x26, 0x0, 0x0, 0x0, 0x0, 0x1f,
    0x17, 0xab, 0xff, 0xff, 0xf3, 0x1, 0x93, 0xd5,
    0x1c, 0x41, 0x11, 0x0, 0xef, 0xff, 0xf5, 0xc5,
    0x33, 0x0, 0x0, 0xd3, 0xa6, 0xd, 0xed, 0xf1,
    0x0, 0xd, 0x2a, 0x50, 0xe4, 0xe, 0x10, 0x1f,
    0xff, 0xff, 0x9f, 0xb2, 0xe1, 0x0, 0x2f, 0x3b,
    0x71, 0xf5, 0x7e, 0x10, 0x1, 0xe0, 0xa5, 0x1e,
    0x19, 0xe2, 0x0, 0x5b, 0xa, 0x52, 0xd0, 0xe,
    0x65, 0xc, 0x50, 0xa5, 0x5e, 0xaa, 0xe8, 0x61,
    0xc0, 0xa, 0x59, 0xc7, 0x29, 0xc2, 0x0, 0x0,
    0x0, 0x0, 0x0, 0x0, 0x0,

    /* U+751F "生" */
    0x0, 0xa, 0x20, 0xe4, 0x0, 0x0, 0x0, 0x5,
    0xf1, 0xe, 0x40, 0x0, 0x0, 0x0, 0xbd, 0x33,
    0xf7, 0x33, 0x33, 0x0, 0x3f, 0xee, 0xef, 0xfe,
    0xee, 0xc0, 0xd, 0xb0, 0x0, 0xe4, 0x0, 0x0,
    0x0, 0x61, 0x0, 0xe, 0x40, 0x0, 0x0, 0x0,
    0x9e, 0xee, 0xfe, 0xee, 0xe5, 0x0, 0x2, 0x33,
    0x3f, 0x73, 0x33, 0x10, 0x0, 0x0, 0x0, 0xe4,
    0x0, 0x0, 0x0, 0x0, 0x0, 0xe, 0x40, 0x0,
    0x0, 0x5, 0x55, 0x55, 0xf8, 0x55, 0x55, 0x21,
    0xdd, 0xdd, 0xdd, 0xdd, 0xdd, 0xd6,

    /* U+7530 "田" */
    0x0, 0x0, 0x0, 0x0, 0x0, 0xe, 0xff, 0xff,
    0xff, 0xff, 0xfd, 0xe6, 0x22, 0x6e, 0x22, 0x27,
    0xde, 0x40, 0x4, 0xe0, 0x0, 0x5d, 0xe4, 0x0,
    0x4e, 0x0, 0x5, 0xde, 0xed, 0xde, 0xfd, 0xdd,
    0xed, 0xe8, 0x55, 0x8f, 0x55, 0x59, 0xde, 0x40,
    0x4, 0xe0, 0x0, 0x5d, 0xe4, 0x0, 0x4e, 0x0,
    0x5, 0xde, 0x51, 0x15, 0xe1, 0x11, 0x7d, 0xef,
    0xff, 0xff, 0xff, 0xff, 0xde, 0x51, 0x11, 0x11,
    0x11, 0x7d,

    /* U+7535 "电" */
    0x0, 0x0, 0x2f, 0x10, 0x0, 0x0, 0x0, 0x0,
    0x3f, 0x20, 0x0, 0x0, 0x5f, 0xff, 0xff, 0xff,
    0xff, 0x50, 0x5e, 0x22, 0x4f, 0x32, 0x2e, 0x50,
    0x5e, 0x22, 0x4f, 0x32, 0x2e, 0x50, 0x5f, 0xff,
    0xff, 0xff, 0xff, 0x50, 0x5e, 0x0, 0x2f, 0x10,
    0xe, 0x50, 0x5f, 0x55, 0x7f, 0x65, 0x5f, 0x50,
    0x5f, 0xdd, 0xdf, 0xdd, 0xdd, 0x50, 0x15, 0x0,
    0x2f, 0x10, 0x0, 0xb7, 0x0, 0x0, 0x1f, 0x63,
    0x34, 0xe5, 0x0, 0x0, 0xa, 0xff, 0xff, 0xc0,

    /* U+7538 "甸" */
    0x0, 0x5, 0xa0, 0x0, 0x0, 0x0, 0x0, 0x0,
    0xd9, 0x11, 0x11, 0x11, 0x10, 0x0, 0x5f, 0xff,
    0xff, 0xff, 0xff, 0x30, 0x2e, 0x80, 0x0, 0x0,
    0x1, 0xf3, 0x1d, 0xfe, 0xee, 0xee, 0xe2, 0xf,
    0x21, 0xd7, 0xd1, 0xd4, 0x1f, 0x31, 0xf2, 0x0,
    0x4d, 0x3e, 0x63, 0xf3, 0x2f, 0x10, 0x4, 0xfb,
    0xfc, 0xbf, 0x33, 0xf0, 0x0, 0x4d, 0xd, 0x40,
    0xf3, 0x4f, 0x0, 0x4, 0xff, 0xff, 0xff, 0x37,
    0xd0, 0x0, 0x26, 0x0, 0x3, 0x44, 0xda, 0x0,
    0x0, 0x0, 0x0, 0x4f, 0xfd, 0x20, 0x0, 0x0,
    0x0, 0x0, 0x0, 0x0, 0x0,

    /* U+767D "白" */
    0x0, 0x0, 0x7d, 0x0, 0x0, 0x0, 0x0, 0xd,
    0x90, 0x0, 0x0, 0x2f, 0xff, 0xff, 0xff, 0xff,
    0x32, 0xf4, 0x44, 0x44, 0x44, 0xf3, 0x2f, 0x0,
    0x0, 0x0, 0xf, 0x32, 0xf0, 0x0, 0x0, 0x1,
    0xf3, 0x2f, 0xff, 0xff, 0xff, 0xff, 0x32, 0xf2,
    0x22, 0x22, 0x23, 0xf3, 0x2f, 0x0, 0x0, 0x0,
    0xf, 0x32, 0xf1, 0x11, 0x11, 0x12, 0xf3, 0x2f,
    0xff, 0xff, 0xff, 0xff, 0x32, 0xf1, 0x11, 0x11,
    0x12, 0xe3,

    /* U+7684 "的" */
    0x0, 0x0, 0x0, 0x0, 0x0, 0x0, 0x1, 0xf4,
    0x0, 0x6b, 0x0, 0x0, 0x5, 0xe0, 0x0, 0xa8,
    0x0, 0x0, 0xef, 0xff, 0xe0, 0xff, 0xff, 0xf0,
    0xe3, 0x14, 0xe7, 0xc1, 0x13, 0xf0, 0xe2, 0x2,
    0xfe, 0x50, 0x2, 0xf0, 0xe3, 0x14, 0xe4, 0x64,
    0x3, 0xe0, 0xef, 0xff, 0xe0, 0x5e, 0x13, 0xe0,
    0xe2, 0x2, 0xe0, 0xb, 0x94, 0xd0, 0xe2, 0x2,
    0xe0, 0x2, 0x85, 0xc0, 0xe4, 0x25, 0xe0, 0x0,
    0x7, 0xa0, 0xee, 0xee, 0xd0, 0x0, 0xb, 0x80,
    0xe2, 0x0, 0x0, 0xf, 0xff, 0x20, 0x0, 0x0,
    0x0, 0x2, 0x20, 0x0,

    /* U+7686 "皆" */
    0xe, 0x50, 0x1, 0xf1, 0x1, 0x0, 0xe, 0xdc,
    0xc4, 0xf6, 0xaf, 0x80, 0xe, 0x84, 0x42, 0xfb,
    0x61, 0x0, 0xe, 0x53, 0x64, 0xf1, 0x0, 0x74,
    0x4f, 0xfe, 0xb4, 0xfb, 0xaa, 0xf4, 0x16, 0x20,
    0x99, 0x36, 0x66, 0x30, 0x8, 0xbb, 0xfd, 0xbb,
    0xbb, 0x0, 0xb, 0x93, 0x33, 0x33, 0x8e, 0x0,
    0xb, 0x93, 0x33, 0x33, 0x7e, 0x0, 0xb, 0xdb,
    0xbb, 0xbb, 0xce, 0x0, 0xb, 0x93, 0x33, 0x33,
    0x7e, 0x0, 0xb, 0xec, 0xcc, 0xcc, 0xde, 0x0,

    /* U+76CF "盏" */
    0x0, 0x0, 0x0, 0x0, 0x0, 0x0, 0x0, 0x0,
    0x0, 0xf2, 0x4c, 0x20, 0x0, 0x0, 0x24, 0x5f,
    0xaa, 0xed, 0xec, 0x0, 0x9d, 0xba, 0xcc, 0x64,
    0x21, 0x10, 0x1, 0x34, 0x6a, 0xfb, 0xce, 0xfe,
    0x10, 0xac, 0xb9, 0x8d, 0xb3, 0x6d, 0x40, 0x0,
    0x0, 0x1, 0x6f, 0xdc, 0x46, 0x20, 0x48, 0xbe,
    0xfc, 0x9e, 0xd9, 0xe3, 0x3, 0x96, 0x40, 0x0,
    0x16, 0x96, 0x0, 0x9, 0xff, 0xff, 0xff, 0xff,
    0x10, 0x0, 0x97, 0xf, 0x9, 0x61, 0xf1, 0x0,
    0xa, 0x81, 0xf0, 0x97, 0x1f, 0x20, 0x1f, 0xff,
    0xff, 0xff, 0xff, 0xff, 0x80,

    /* U+770B "看" */
    0x0, 0x0, 0x0, 0x12, 0x35, 0x60, 0x0, 0x4e,
    0xff, 0xfe, 0xcb, 0x97, 0x10, 0x3, 0xdd, 0xdf,
    0xed, 0xdd, 0xd6, 0x0, 0x1, 0x19, 0xc1, 0x11,
    0x11, 0x0, 0x2f, 0xff, 0xff, 0xff, 0xff, 0xff,
    0x20, 0x11, 0xae, 0x21, 0x11, 0x11, 0x10, 0x0,
    0x5f, 0xfe, 0xee, 0xef, 0xe0, 0x0, 0x6f, 0xeb,
    0x66, 0x66, 0x8e, 0x0, 0x4e, 0x49, 0xb5, 0x55,
    0x58, 0xe0, 0x0, 0x10, 0x9e, 0xcc, 0xcc, 0xde,
    0x0, 0x0, 0x9, 0x92, 0x22, 0x26, 0xe0, 0x0,
    0x0, 0x9e, 0xcc, 0xcc, 0xde, 0x0,

    /* U+773C "眼" */
    0xf, 0xff, 0xd2, 0xff, 0xff, 0xfd, 0x0, 0xf0,
    0x2d, 0x2f, 0x0, 0x5, 0xd0, 0xf, 0x35, 0xd2,
    0xfc, 0xcc, 0xdd, 0x0, 0xfc, 0xcd, 0x2f, 0x33,
    0x37, 0xd0, 0xf, 0x1, 0xd2, 0xf9, 0x99, 0xbd,
    0x0, 0xff, 0xfd, 0x2f, 0x4d, 0x74, 0x60, 0xf,
    0x13, 0xd2, 0xf0, 0x8a, 0x6f, 0x50, 0xf1, 0x3d,
    0x2f, 0x2, 0xfe, 0x40, 0xf, 0xff, 0xd2, 0xf0,
    0x9, 0xd1, 0x0, 0xf0, 0x0, 0x4f, 0xbe, 0xd,
    0xd3, 0x2, 0x0, 0x7, 0xd8, 0x30, 0x1b, 0x60,
    0x0, 0x0, 0x0, 0x0, 0x0, 0x0,

    /* U+7740 "着" */
    0x0, 0x0, 0x0, 0x0, 0x0, 0x0, 0x0, 0x0,
    0x9c, 0x0, 0xa, 0xb0, 0x0, 0x6, 0xbc, 0xfb,
    0xbb, 0xfc, 0xb6, 0x0, 0x23, 0x33, 0xbb, 0x33,
    0x33, 0x20, 0x0, 0xde, 0xef, 0xfe, 0xee, 0xd0,
    0x0, 0x2, 0x28, 0xe2, 0x22, 0x22, 0x0, 0x1e,
    0xef, 0xfe, 0xee, 0xee, 0xee, 0x10, 0x0, 0xbf,
    0x77, 0x77, 0x77, 0x0, 0x0, 0x9f, 0xc5, 0x55,
    0x58, 0xf0, 0x1, 0xbe, 0xae, 0xbb, 0xbb, 0xcf,
    0x0, 0x3c, 0x17, 0xd9, 0x99, 0x9b, 0xf0, 0x0,
    0x0, 0x7c, 0x44, 0x44, 0x8f, 0x0, 0x0, 0x7,
    0xec, 0xcc, 0xcd, 0xf0, 0x0,

    /* U+77ED "短" */
    0x1, 0x60, 0x0, 0x0, 0x0, 0x0, 0x0, 0x5c,
    0x0, 0xf, 0xff, 0xff, 0xf8, 0x9, 0xed, 0xc7,
    0x12, 0x22, 0x22, 0x0, 0xf3, 0xf1, 0x8, 0xff,
    0xff, 0xf1, 0x7, 0xf, 0x10, 0x89, 0x0, 0x1f,
    0x12, 0xdd, 0xfd, 0xa8, 0x80, 0x1, 0xf1, 0x3,
    0x5f, 0x32, 0x8f, 0xff, 0xff, 0x10, 0x5, 0xf3,
    0x1, 0x61, 0x16, 0x50, 0x0, 0x9d, 0xd0, 0x1f,
    0x10, 0xc7, 0x0, 0xe, 0x3c, 0x80, 0xb6, 0x1f,
    0x10, 0x9, 0xc0, 0x34, 0x17, 0x67, 0xc1, 0x11,
    0xd2, 0x0, 0x7f, 0xff, 0xff, 0xfa, 0x0, 0x0,
    0x0, 0x0, 0x0, 0x0, 0x0,

    /* U+77F3 "石" */
    0x1f, 0xff, 0xff, 0xff, 0xff, 0xff, 0x20, 0x33,
    0x3c, 0xb3, 0x33, 0x33, 0x30, 0x0, 0x3, 0xf3,
    0x0, 0x0, 0x0, 0x0, 0x0, 0xba, 0x0, 0x0,
    0x0, 0x0, 0x0, 0x4f, 0xed, 0xdd, 0xdd, 0xd5,
    0x0, 0x1e, 0xf8, 0x44, 0x44, 0x4e, 0x50, 0x2e,
    0x9d, 0x50, 0x0, 0x0, 0xe5, 0x4, 0xa0, 0xd5,
    0x0, 0x0, 0xe, 0x50, 0x0, 0xd, 0x50, 0x0,
    0x0, 0xe5, 0x0, 0x0, 0xdf, 0xff, 0xff, 0xff,
    0x50, 0x0, 0xd, 0x72, 0x22, 0x22, 0xe5, 0x0,

    /* U+7802 "砂" */
    0x0, 0x0, 0x0, 0x0, 0xd4, 0x0, 0x1, 0xff,
    0xff, 0xa0, 0xd, 0x40, 0x0, 0x1, 0xa8, 0x10,
    0x42, 0xd5, 0x81, 0x0, 0xe, 0x30, 0xb, 0x5d,
    0x4a, 0x90, 0x4, 0xe2, 0x10, 0xe2, 0xd4, 0x3f,
    0x0, 0xdf, 0xff, 0x8e, 0xd, 0x40, 0xd3, 0x5f,
    0xe0, 0xb7, 0x50, 0xd4, 0x25, 0x2, 0x7e, 0xb,
    0x50, 0xc, 0x4b, 0x90, 0x2, 0xe0, 0xb5, 0x0,
    0x6, 0xf2, 0x0, 0x2f, 0xdf, 0x50, 0x8, 0xf5,
    0x0, 0x2, 0xe3, 0x34, 0x8e, 0xe5, 0x0, 0x0,
    0x18, 0x0, 0x8e, 0x81, 0x0, 0x0, 0x0, 0x0,
    0x0, 0x0, 0x0, 0x0, 0x0,

    /* U+7816 "砖" */
    0x0, 0x0, 0x0, 0x2, 0x90, 0x0, 0x8, 0xff,
    0xff, 0x33, 0x8e, 0x33, 0x30, 0x4, 0xf2, 0x18,
    0xdf, 0xed, 0xdc, 0x0, 0x7b, 0x0, 0x0, 0xf3,
    0x0, 0x0, 0xc, 0x94, 0x5f, 0xff, 0xff, 0xff,
    0x34, 0xfc, 0xcb, 0x1b, 0x91, 0x11, 0x10, 0xbf,
    0x44, 0xb1, 0xfe, 0xdd, 0xd6, 0x4, 0xb4, 0x4b,
    0x14, 0x44, 0xcd, 0x10, 0xb, 0x44, 0xb0, 0x63,
    0x6e, 0x20, 0x0, 0xbe, 0xeb, 0x8, 0xff, 0x40,
    0x0, 0xb, 0x73, 0x20, 0x5, 0xfc, 0x10, 0x0,
    0x73, 0x0, 0x0, 0x2, 0xe6, 0x0, 0x0, 0x0,
    0x0, 0x0, 0x1, 0x0, 0x0,

    /* U+786E "确" */
    0x0, 0x0, 0x0, 0x36, 0x0, 0x0, 0x4, 0xff,
    0xff, 0x2b, 0xfe, 0xfa, 0x0, 0x1, 0xe4, 0x16,
    0xc0, 0x3f, 0x50, 0x0, 0x2e, 0x4, 0xfe, 0xde,
    0xfd, 0xd0, 0x7, 0xc6, 0x6a, 0xc3, 0xf4, 0x4f,
    0x0, 0xef, 0xfc, 0x4c, 0x2e, 0x43, 0xf0, 0x6f,
    0x93, 0xc4, 0xfc, 0xfd, 0xdf, 0x3, 0xb9, 0x3c,
    0x6b, 0x1e, 0x33, 0xf0, 0x6, 0x93, 0xc7, 0xec,
    0xfc, 0xcf, 0x0, 0x6f, 0xec, 0xb6, 0xe, 0x11,
    0xf0, 0x6, 0xa3, 0x5f, 0x20, 0xe2, 0x2f, 0x0,
    0x11, 0x4, 0xa0, 0x4, 0x6f, 0xb0, 0x0, 0x0,
    0x0, 0x0, 0x0, 0x0, 0x0,

    /* U+7897 "碗" */
    0x0, 0x0, 0x0, 0x1, 0x91, 0x0, 0x5, 0xff,
    0xff, 0xee, 0xef, 0xfe, 0xe4, 0x1, 0xe5, 0x2f,
    0x31, 0x11, 0x1d, 0x50, 0x2f, 0x0, 0x7c, 0x0,
    0x0, 0x51, 0x7, 0xc1, 0x15, 0xfc, 0x8f, 0xff,
    0x0, 0xef, 0xf9, 0xa9, 0xb8, 0xe1, 0xf0, 0x7f,
    0x86, 0xbf, 0x1b, 0x6e, 0xf, 0x3, 0xb8, 0x6d,
    0x7e, 0xf3, 0xe1, 0xe0, 0x7, 0x86, 0x90, 0x6d,
    0x1e, 0x97, 0x0, 0x7e, 0xe9, 0xd, 0x71, 0xe0,
    0x44, 0x7, 0x93, 0x18, 0xd0, 0xf, 0x7, 0x80,
    0x55, 0x3, 0xe2, 0x0, 0xce, 0xe3, 0x0, 0x0,
    0x0, 0x0, 0x0, 0x0, 0x0,

    /* U+78A7 "碧" */
    0x0, 0x0, 0x0, 0x0, 0x47, 0x0, 0x0, 0xef,
    0xff, 0xd7, 0xfe, 0xef, 0xb0, 0x3, 0x5f, 0x53,
    0x7a, 0x0, 0x6b, 0x0, 0x9b, 0xfa, 0x77, 0xfd,
    0xde, 0xb0, 0x0, 0x2f, 0x44, 0x7a, 0x0, 0x6b,
    0x3, 0xfe, 0xdb, 0xa7, 0xee, 0xee, 0xb0, 0x17,
    0x77, 0x77, 0x77, 0x77, 0x77, 0x11, 0x66, 0xbe,
    0x66, 0x66, 0x66, 0x61, 0x0, 0x5f, 0xdb, 0xbb,
    0xbb, 0xb1, 0x2, 0xaf, 0xf6, 0x33, 0x33, 0x5f,
    0x10, 0x4d, 0x2f, 0x52, 0x22, 0x24, 0xf1, 0x0,
    0x0, 0xfd, 0xcc, 0xcc, 0xde, 0x10,

    /* U+793C "礼" */
    0x0, 0x0, 0x0, 0x0, 0x0, 0x0, 0x0, 0x6,
    0xc0, 0x0, 0xe4, 0x0, 0x0, 0x0, 0xd, 0x50,
    0xe, 0x40, 0x0, 0x1, 0xee, 0xfe, 0x80, 0xe4,
    0x0, 0x0, 0x2, 0x23, 0xe3, 0xe, 0x40, 0x0,
    0x0, 0x0, 0xab, 0x0, 0xe4, 0x0, 0x0, 0x0,
    0x6f, 0x70, 0xe, 0x40, 0x0, 0x0, 0x9f, 0xff,
    0x50, 0xe4, 0x0, 0x0, 0x6f, 0x5f, 0x6f, 0x1e,
    0x40, 0x0, 0x1, 0x20, 0xf1, 0x40, 0xe4, 0x0,
    0x50, 0x0, 0xf, 0x10, 0xe, 0x40, 0xc, 0x50,
    0x0, 0xf1, 0x0, 0xe6, 0x11, 0xf2, 0x0, 0xf,
    0x10, 0x8, 0xff, 0xfb, 0x0,

    /* U+7968 "票" */
    0xe, 0xff, 0xff, 0xff, 0xff, 0xff, 0x30, 0x2c,
    0xce, 0xfc, 0xee, 0xcc, 0x70, 0x2, 0xf1, 0x6c,
    0x18, 0xa1, 0xa9, 0x0, 0x2f, 0x38, 0xc3, 0x9b,
    0x3b, 0x90, 0x1, 0xaa, 0xaa, 0xaa, 0xaa, 0xa6,
    0x0, 0x5, 0xaa, 0xaa, 0xaa, 0xa9, 0x0, 0x0,
    0x24, 0x44, 0x44, 0x44, 0x40, 0x1, 0xee, 0xee,
    0xef, 0xfe, 0xee, 0xe7, 0x0, 0x1b, 0x50, 0xe4,
    0x2a, 0x30, 0x0, 0x5d, 0xa0, 0x1e, 0x40, 0x6e,
    0x90, 0x9, 0x50, 0x5f, 0xd1, 0x0, 0x18, 0x10,

    /* U+79D2 "秒" */
    0x0, 0x15, 0xa4, 0x0, 0xd4, 0x0, 0x0, 0xdf,
    0xf9, 0x30, 0xd, 0x40, 0x0, 0x2, 0x3f, 0x0,
    0x53, 0xd4, 0xa3, 0x0, 0x24, 0xf3, 0x2b, 0x4d,
    0x49, 0xa0, 0x3f, 0xff, 0xfb, 0xe2, 0xd4, 0x2f,
    0x10, 0x8, 0xf5, 0x3d, 0xd, 0x40, 0xc3, 0x1,
    0xef, 0xd5, 0x40, 0xd4, 0x35, 0x0, 0xaa, 0xf4,
    0x50, 0xc, 0x4c, 0x80, 0x3e, 0x3f, 0x0, 0x0,
    0x7, 0xe1, 0x0, 0x42, 0xf0, 0x0, 0x19, 0xf3,
    0x0, 0x0, 0x2f, 0x4, 0x9f, 0xc3, 0x0, 0x0,
    0x2, 0xf0, 0xaa, 0x50, 0x0, 0x0,

    /* U+7A1E "稞" */
    0x0, 0x3, 0x40, 0x0, 0x0, 0x0, 0x3, 0xae,
    0xfa, 0x9f, 0xff, 0xff, 0xe0, 0x15, 0xc6, 0x8,
    0x80, 0xf2, 0x3e, 0x0, 0xb, 0x70, 0x9f, 0xff,
    0xff, 0xe0, 0x7f, 0xff, 0xfa, 0x90, 0xf3, 0x4e,
    0x0, 0x1f, 0xa0, 0x8f, 0xff, 0xff, 0xe0, 0x8,
    0xfe, 0x91, 0x11, 0xf3, 0x11, 0x1, 0xec, 0x79,
    0xff, 0xff, 0xff, 0xf5, 0xa9, 0xa6, 0x0, 0x3e,
    0xff, 0x60, 0x6, 0x1a, 0x60, 0x3e, 0x5f, 0x5f,
    0x50, 0x0, 0xa6, 0x6f, 0x60, 0xf2, 0x4f, 0x60,
    0xa, 0x61, 0x30, 0xf, 0x20, 0x20,

    /* U+7A3B "稻" */
    0x0, 0x0, 0x0, 0x0, 0x0, 0x0, 0x0, 0x37,
    0xd7, 0x13, 0x57, 0x9c, 0xb0, 0x4d, 0xe8, 0x2d,
    0xca, 0x97, 0x43, 0x0, 0xc, 0x50, 0x80, 0x6a,
    0x4, 0xe0, 0x37, 0xea, 0x6a, 0x73, 0xf0, 0xa8,
    0x5, 0xaf, 0xc9, 0x37, 0x53, 0x9, 0x10, 0x3,
    0xfc, 0x9, 0xe8, 0x3e, 0xed, 0x0, 0x9f, 0xe8,
    0xe4, 0x0, 0x25, 0xe0, 0x1e, 0xd7, 0x3e, 0x41,
    0x1, 0x4e, 0x9, 0x9c, 0x50, 0xef, 0xf3, 0xff,
    0xe0, 0x41, 0xc5, 0xe, 0x30, 0x0, 0x3e, 0x0,
    0xc, 0x50, 0xed, 0xcc, 0xcd, 0xe0, 0x0, 0xc5,
    0xe, 0x74, 0x44, 0x6d, 0x0,

    /* U+7A79 "穹" */
    0x0, 0x0, 0x0, 0x10, 0x0, 0x0, 0x0, 0x0,
    0x0, 0xe, 0x70, 0x0, 0x0, 0xf, 0xff, 0xff,
    0xff, 0xff, 0xff, 0x30, 0xf3, 0x18, 0x70, 0x19,
    0x30, 0xf3, 0x8, 0xdf, 0xb2, 0x1, 0xaf, 0xb3,
    0x0, 0x49, 0x30, 0x0, 0x0, 0x2c, 0xc0, 0x0,
    0x3e, 0xee, 0xee, 0xef, 0xd1, 0x0, 0x0, 0x11,
    0x11, 0x11, 0x7d, 0x0, 0x0, 0x5f, 0xdd, 0xdd,
    0xdd, 0xb0, 0x0, 0xa, 0xc2, 0x22, 0x22, 0x22,
    0x20, 0x0, 0xbc, 0xcc, 0xcc, 0xcc, 0xf8, 0x0,
    0x0, 0x0, 0x0, 0x0, 0x2f, 0x40, 0x0, 0x0,
    0x0, 0xbf, 0xff, 0x90, 0x0, 0x0, 0x0, 0x0,
    0x0, 0x0, 0x0,

    /* U+7A7A "空" */
    0x0, 0x0, 0x4, 0x90, 0x0, 0x0, 0x0, 0x22,
    0x22, 0x5f, 0x52, 0x22, 0x20, 0xf, 0xfe, 0xee,
    0xee, 0xee, 0xff, 0x0, 0xf2, 0x2, 0x10, 0x12,
    0x3, 0xf0, 0xd, 0x26, 0xf7, 0x6, 0xf9, 0x38,
    0x0, 0x6e, 0xe4, 0x0, 0x2, 0xaf, 0x70, 0x6,
    0x95, 0x44, 0x44, 0x44, 0x74, 0x0, 0x6, 0xcc,
    0xdf, 0xcc, 0xc7, 0x0, 0x0, 0x0, 0x2, 0xf1,
    0x0, 0x0, 0x0, 0x0, 0x0, 0x2f, 0x10, 0x0,
    0x0, 0x4, 0x44, 0x46, 0xf5, 0x44, 0x44, 0x0,
    0xcc, 0xcc, 0xcc, 0xcc, 0xcc, 0xc0,

    /* U+7A84 "窄" */
    0x0, 0x0, 0x0, 0x10, 0x0, 0x0, 0x0, 0x0,
    0x0, 0x2f, 0x20, 0x0, 0x0, 0xf, 0xff, 0xff,
    0xff, 0xff, 0xff, 0x0, 0xf3, 0x6, 0x40, 0x27,
    0x13, 0xf0, 0x5, 0x8d, 0xc3, 0x1, 0x8e, 0xa4,
    0x0, 0x6a, 0x3b, 0xb0, 0x0, 0x7, 0x50, 0x0,
    0x8, 0xfe, 0xdd, 0xdd, 0xdd, 0x10, 0x9, 0xe4,
    0x7e, 0x22, 0x22, 0x20, 0xc, 0xe2, 0x5, 0xfc,
    0xcc, 0xc6, 0x0, 0x41, 0x0, 0x5e, 0x22, 0x22,
    0x10, 0x0, 0x0, 0x5, 0xfc, 0xcc, 0xc8, 0x0,
    0x0, 0x0, 0x5e, 0x33, 0x33, 0x20, 0x0, 0x0,
    0x5, 0xd0, 0x0, 0x0, 0x0,

    /* U+7A97 "窗" */
    0x0, 0x0, 0x0, 0x0, 0x0, 0x0, 0x0, 0x0,
    0x5e, 0x0, 0x0, 0x0, 0xee, 0xee, 0xff, 0xfe,
    0xee, 0xe0, 0xf3, 0x19, 0x40, 0x3a, 0x34, 0xf0,
    0x69, 0xf9, 0x43, 0x6, 0xeb, 0x40, 0xaa, 0x30,
    0xe5, 0x0, 0x8, 0xb0, 0xe, 0xee, 0xee, 0xee,
    0xef, 0x0, 0xe, 0x42, 0xb1, 0x10, 0x3f, 0x0,
    0xe, 0x5c, 0xba, 0xcd, 0x4f, 0x0, 0xe, 0x65,
    0xb8, 0xd3, 0x3f, 0x0, 0xe, 0x44, 0xac, 0xd8,
    0x4f, 0x0, 0xe, 0x7b, 0x41, 0x17, 0x4f, 0x0,
    0xe, 0xdc, 0xcc, 0xcc, 0xde, 0x0,

    /* U+7ACB "立" */
    0x0, 0x0, 0x2, 0xa0, 0x0, 0x0, 0x0, 0x0,
    0x0, 0xf, 0x40, 0x0, 0x0, 0x2, 0x44, 0x44,
    0xc7, 0x44, 0x44, 0x0, 0x7e, 0xee, 0xee, 0xee,
    0xee, 0xe0, 0x0, 0x4, 0x40, 0x0, 0x7, 0x10,
    0x0, 0x0, 0x9b, 0x0, 0x4, 0xf2, 0x0, 0x0,
    0x5, 0xf0, 0x0, 0x8c, 0x0, 0x0, 0x0, 0x1f,
    0x30, 0xd, 0x70, 0x0, 0x0, 0x0, 0xd7, 0x3,
    0xf1, 0x0, 0x0, 0x0, 0x6, 0x30, 0x9b, 0x0,
    0x0, 0x1e, 0xee, 0xee, 0xef, 0xfe, 0xee, 0x70,
    0x44, 0x44, 0x44, 0x44, 0x44, 0x42,

    /* U+7AD9 "站" */
    0x0, 0x67, 0x0, 0x0, 0xe4, 0x0, 0x0, 0x4,
    0xe0, 0x0, 0xe, 0x40, 0x0, 0x5, 0x5c, 0x64,
    0x0, 0xe6, 0x22, 0x11, 0xcc, 0xcc, 0xb0, 0xe,
    0xff, 0xf7, 0x6, 0x40, 0xa3, 0x0, 0xe4, 0x0,
    0x0, 0x78, 0xe, 0x20, 0xe, 0x40, 0x0, 0x5,
    0xa1, 0xf0, 0xdf, 0xff, 0xff, 0x0, 0x3c, 0x4b,
    0xe, 0x52, 0x25, 0xf0, 0x1, 0x68, 0xc7, 0xe3,
    0x0, 0x3f, 0x1, 0xbe, 0xfb, 0x6e, 0x30, 0x3,
    0xf0, 0x7, 0x30, 0x0, 0xef, 0xff, 0xff, 0x0,
    0x0, 0x0, 0xe, 0x62, 0x25, 0xf0,

    /* U+7AF9 "竹" */
    0x0, 0x67, 0x0, 0x8, 0x50, 0x0, 0x0, 0xd,
    0x80, 0x0, 0xf4, 0x0, 0x0, 0x2, 0xf7, 0x33,
    0x5f, 0x43, 0x33, 0x0, 0x8f, 0xff, 0xfe, 0xff,
    0xff, 0xf2, 0x2f, 0x6e, 0x42, 0xf3, 0xd, 0x50,
    0x7, 0xd0, 0xe4, 0x7a, 0x0, 0xd5, 0x0, 0x1,
    0xe, 0x40, 0x0, 0xd, 0x50, 0x0, 0x0, 0xe4,
    0x0, 0x0, 0xd5, 0x0, 0x0, 0xe, 0x40, 0x0,
    0xd, 0x50, 0x0, 0x0, 0xe4, 0x0, 0x0, 0xd5,
    0x0, 0x0, 0xe, 0x40, 0x3, 0x4e, 0x50, 0x0,
    0x0, 0xe4, 0x0, 0x8f, 0xc1, 0x0,

    /* U+7B2C "第" */
    0x0, 0x0, 0x0, 0x0, 0x0, 0x0, 0x0, 0x8,
    0x90, 0x0, 0x7b, 0x0, 0x0, 0x1, 0xff, 0xee,
    0x9d, 0xfe, 0xee, 0x40, 0xb9, 0x5e, 0x8, 0xd0,
    0xc8, 0x0, 0x2b, 0x21, 0xa2, 0x86, 0x15, 0x80,
    0x0, 0x3e, 0xee, 0xff, 0xee, 0xef, 0x30, 0x0,
    0x0, 0x4, 0xf0, 0x0, 0xf3, 0x0, 0xe, 0xfe,
    0xff, 0xee, 0xee, 0x30, 0x0, 0xf3, 0x14, 0xf1,
    0x11, 0x10, 0x0, 0x2f, 0xff, 0xff, 0xff, 0xff,
    0xb0, 0x0, 0x3, 0xdb, 0xf0, 0x0, 0xa9, 0x0,
    0x6c, 0xf5, 0x3f, 0x8, 0xcf, 0x40, 0xa, 0x81,
    0x3, 0xf0, 0x24, 0x10, 0x0,

    /* U+7B49 "等" */
    0x0, 0x0, 0x0, 0x0, 0x0, 0x0, 0x0, 0xa,
    0x80, 0x0, 0x8a, 0x0, 0x0, 0x2, 0xff, 0xff,
    0xbf, 0xff, 0xff, 0x71, 0xd8, 0xa9, 0xd, 0xb2,
    0xf4, 0x0, 0x7, 0x3, 0x50, 0xe5, 0x6, 0x30,
    0x0, 0xc, 0xff, 0xff, 0xff, 0xff, 0x50, 0x1,
    0x11, 0x11, 0xe6, 0x11, 0x11, 0x1, 0xff, 0xff,
    0xff, 0xff, 0xff, 0xf9, 0x1, 0x11, 0x11, 0x11,
    0x6e, 0x11, 0x0, 0xaf, 0xff, 0xff, 0xff, 0xff,
    0xf3, 0x0, 0x9, 0xc1, 0x0, 0x5e, 0x0, 0x0,
    0x0, 0xa, 0xd1, 0x17, 0xe0, 0x0, 0x0, 0x0,
    0x2, 0x2f, 0xe8, 0x0, 0x0,

    /* U+7B52 "筒" */
    0x0, 0x0, 0x0, 0x0, 0x0, 0x0, 0x0, 0xb,
    0x60, 0x0, 0xa8, 0x0, 0x0, 0x2, 0xff, 0xff,
    0x8f, 0xff, 0xff, 0x10, 0xc9, 0xb7, 0x2d, 0xa3,
    0xf2, 0x0, 0x2f, 0x58, 0x95, 0xe5, 0x3c, 0x61,
    0x0, 0x4f, 0xcc, 0xcc, 0xcc, 0xcf, 0x50, 0x3,
    0xe2, 0x77, 0x77, 0x73, 0xd5, 0x0, 0x3e, 0x14,
    0x44, 0x44, 0x2d, 0x50, 0x3, 0xe0, 0xde, 0xee,
    0xe0, 0xd5, 0x0, 0x3e, 0xe, 0x20, 0x1f, 0xd,
    0x50, 0x3, 0xe0, 0xec, 0xbc, 0xf0, 0xd5, 0x0,
    0x3e, 0xe, 0x42, 0x23, 0x1e, 0x50, 0x3, 0xe0,
    0x10, 0x0, 0x4f, 0xd2, 0x0,

    /* U+7B5B "筛" */
    0x0, 0xc3, 0x0, 0xb, 0x70, 0x0, 0x0, 0x6f,
    0xee, 0xd5, 0xfe, 0xee, 0xd4, 0x4f, 0x37, 0xa1,
    0xf7, 0xc, 0x90, 0x0, 0x20, 0x94, 0x68, 0x66,
    0x77, 0x62, 0xe, 0x2e, 0x48, 0x89, 0xf8, 0x88,
    0x20, 0xe2, 0xe2, 0x67, 0x8f, 0x77, 0x60, 0xe,
    0x2e, 0x2d, 0xa9, 0xf8, 0xad, 0x0, 0xe2, 0xf1,
    0xd3, 0x1f, 0x4, 0xd0, 0x1, 0x2f, 0xd, 0x31,
    0xf0, 0x4d, 0x0, 0x8, 0xa0, 0xd3, 0x1f, 0x5,
    0xd0, 0x3, 0xf3, 0xd, 0x31, 0xf4, 0xe8, 0x0,
    0x96, 0x0, 0x0, 0x1f, 0x0, 0x0, 0x0, 0x0,
    0x0, 0x0, 0x0, 0x0, 0x0,

    /* U+7B7E "签" */
    0x0, 0x0, 0x0, 0x0, 0x0, 0x0, 0x0, 0xd,
    0x50, 0x0, 0xd6, 0x0, 0x0, 0x4, 0xfe, 0xee,
    0xaf, 0xfe, 0xee, 0x20, 0xd7, 0xb8, 0xd, 0x52,
    0xf3, 0x0, 0x3b, 0x4, 0x87, 0xf6, 0x8, 0x60,
    0x0, 0x0, 0x1a, 0xd5, 0xd9, 0x10, 0x0, 0x2,
    0x9f, 0xb2, 0x11, 0xbf, 0x93, 0x4, 0xfa, 0x6e,
    0xee, 0xee, 0x49, 0xf3, 0x1, 0x22, 0x3, 0x60,
    0x4, 0x50, 0x0, 0x6, 0xd0, 0x2f, 0x10, 0xc6,
    0x0, 0x0, 0xd, 0x50, 0xb6, 0x4e, 0x0, 0x0,
    0x11, 0x42, 0x12, 0x1d, 0x71, 0x10, 0x1f, 0xff,
    0xff, 0xff, 0xff, 0xff, 0x10,

    /* U+7BEE "篮" */
    0x1, 0xd3, 0x0, 0x8, 0x80, 0x0, 0x0, 0xaf,
    0xee, 0xe6, 0xfe, 0xee, 0xe1, 0x7d, 0x18, 0xb0,
    0xd7, 0xc, 0x80, 0x0, 0x44, 0xc, 0x20, 0xa7,
    0x10, 0x0, 0x7, 0xa0, 0xf2, 0x1f, 0xee, 0xea,
    0x0, 0x7a, 0xf, 0x29, 0xb6, 0xa1, 0x10, 0x7,
    0xa0, 0xf4, 0xe2, 0x1e, 0x40, 0x0, 0x13, 0x19,
    0x21, 0x0, 0x65, 0x0, 0x1, 0xfe, 0xff, 0xef,
    0xfe, 0xf0, 0x0, 0x1f, 0x6, 0xa0, 0xc4, 0x2f,
    0x0, 0x2, 0xf1, 0x7a, 0xc, 0x43, 0xf1, 0x8,
    0xff, 0xff, 0xff, 0xff, 0xff, 0xf2,

    /* U+7CD5 "糕" */
    0x1, 0x97, 0x20, 0x87, 0x1, 0xe3, 0x3, 0xa9,
    0x7d, 0x25, 0xe0, 0x6d, 0x0, 0xe, 0x99, 0xd8,
    0xff, 0xff, 0xff, 0x20, 0xba, 0xc7, 0x12, 0x2f,
    0x62, 0x20, 0x26, 0xcb, 0x61, 0x33, 0xf6, 0x32,
    0x4, 0xaf, 0xda, 0x5d, 0xdf, 0xed, 0xa0, 0x3,
    0xfe, 0x20, 0x0, 0xf4, 0x0, 0x0, 0xad, 0xad,
    0xcf, 0xff, 0xff, 0xf4, 0x4d, 0x97, 0x13, 0x32,
    0x33, 0x45, 0x8, 0x69, 0x70, 0xa6, 0xe3, 0xc6,
    0xb0, 0x10, 0x97, 0x1f, 0x1d, 0x2f, 0x1f, 0x20,
    0x9, 0x75, 0x90, 0xa2, 0x92, 0x94,

    /* U+7EA2 "红" */
    0x0, 0x0, 0x0, 0x0, 0x0, 0x0, 0x0, 0x7,
    0xc0, 0x0, 0x0, 0x0, 0x0, 0x0, 0xe6, 0xa,
    0xff, 0xff, 0xfe, 0x0, 0x6c, 0x3, 0x23, 0x4f,
    0x73, 0x30, 0x1e, 0x36, 0xf1, 0x0, 0xf4, 0x0,
    0xa, 0xff, 0xf5, 0x0, 0xf, 0x40, 0x0, 0x23,
    0xc9, 0x0, 0x0, 0xf4, 0x0, 0x0, 0x9d, 0x24,
    0x0, 0xf, 0x40, 0x0, 0x7f, 0xff, 0xd0, 0x0,
    0xf4, 0x0, 0x3, 0x63, 0x0, 0x0, 0xf, 0x40,
    0x0, 0x1, 0x47, 0x90, 0x0, 0xf4, 0x0, 0x9,
    0xfe, 0xb7, 0xef, 0xff, 0xff, 0xf2, 0x22, 0x0,
    0x3, 0x33, 0x33, 0x33, 0x0,

    /* U+7EAA "纪" */
    0x0, 0x9, 0x20, 0x0, 0x0, 0x0, 0x0, 0x6,
    0xe0, 0xf, 0xff, 0xff, 0xe0, 0x0, 0xe5, 0x0,
    0x22, 0x22, 0x7e, 0x0, 0x9b, 0xa, 0x70, 0x0,
    0x4, 0xe0, 0x5f, 0xcc, 0xf2, 0x0, 0x0, 0x4e,
    0x2, 0x68, 0xf5, 0xc, 0xff, 0xff, 0xe0, 0x2,
    0xe6, 0x0, 0xd8, 0x22, 0x6e, 0x3, 0xef, 0xdf,
    0x5d, 0x60, 0x0, 0x0, 0x2a, 0x74, 0x10, 0xd6,
    0x0, 0x1, 0x0, 0x0, 0x14, 0x3d, 0x60, 0x0,
    0x89, 0x4b, 0xef, 0xd5, 0xc9, 0x22, 0x2c, 0x72,
    0x74, 0x10, 0x6, 0xef, 0xff, 0xd2,

    /* U+7EB3 "纳" */
    0x0, 0x0, 0x0, 0x0, 0x0, 0x0, 0x0, 0x86,
    0x0, 0x0, 0xf1, 0x0, 0x0, 0xe3, 0x0, 0x0,
    0xf1, 0x0, 0x6, 0xc0, 0x1, 0x12, 0xf2, 0x11,
    0xd, 0x36, 0xae, 0xff, 0xff, 0xfe, 0x8f, 0xbe,
    0x2e, 0x34, 0xf0, 0x3e, 0x35, 0xc6, 0xe, 0x37,
    0xf1, 0x3e, 0x6, 0xb0, 0x1e, 0x3c, 0xfb, 0x3e,
    0x5f, 0xef, 0x8e, 0x9f, 0x3f, 0x8e, 0x46, 0x20,
    0xe, 0xf8, 0x8, 0xde, 0x1, 0x48, 0x8e, 0x50,
    0x0, 0x3e, 0x8f, 0xd9, 0x4e, 0x30, 0x3, 0x6e,
    0x21, 0x0, 0xe, 0x30, 0xe, 0xe7,

    /* U+7ECF "经" */
    0x0, 0x17, 0x0, 0x0, 0x0, 0x0, 0x0, 0x8,
    0xc0, 0x6f, 0xff, 0xff, 0x80, 0x0, 0xe3, 0x0,
    0x11, 0x18, 0xf2, 0x0, 0x8a, 0xc, 0x30, 0x7,
    0xf4, 0x0, 0x3f, 0xab, 0xc0, 0x4c, 0xff, 0x81,
    0x3, 0xaa, 0xf3, 0xdf, 0x91, 0x3b, 0xf5, 0x1,
    0xe5, 0x5, 0x42, 0x22, 0x26, 0x12, 0xdf, 0xdf,
    0x5f, 0xff, 0xff, 0xe0, 0x2b, 0x73, 0x0, 0x0,
    0xd5, 0x0, 0x0, 0x0, 0x37, 0x0, 0xd, 0x50,
    0x0, 0x3c, 0xfe, 0xa2, 0x11, 0xd7, 0x11, 0x12,
    0x62, 0x1, 0xff, 0xff, 0xff, 0xf8,

    /* U+7ED5 "绕" */
    0x0, 0x0, 0x0, 0x0, 0x0, 0x0, 0x0, 0x9,
    0x70, 0x3, 0xe0, 0x0, 0x0, 0x0, 0xf3, 0x3,
    0x6f, 0x9a, 0xcc, 0x0, 0x5c, 0x10, 0x9b, 0xea,
    0x68, 0x70, 0xd, 0x48, 0xa0, 0x7, 0xb6, 0xe4,
    0x6, 0xfd, 0xf2, 0x1, 0x7f, 0xe2, 0x51, 0x25,
    0xc8, 0xa, 0xfb, 0x7f, 0xae, 0x10, 0x5d, 0x11,
    0x21, 0x0, 0x27, 0x50, 0x3f, 0xff, 0x9f, 0xff,
    0xff, 0xff, 0x12, 0x83, 0x0, 0x6, 0xc1, 0xf0,
    0x0, 0x0, 0x38, 0x60, 0xb9, 0x1f, 0x1, 0x4,
    0xee, 0x93, 0x7f, 0x21, 0xf1, 0x95, 0x14, 0x0,
    0x8e, 0x40, 0xd, 0xfd, 0x20, 0x0, 0x0, 0x0,
    0x0, 0x0, 0x0,

    /* U+7ED9 "给" */
    0x0, 0x0, 0x0, 0x0, 0x0, 0x0, 0x0, 0x6,
    0xb0, 0x0, 0x3f, 0x20, 0x0, 0x0, 0xd6, 0x0,
    0xb, 0xfb, 0x0, 0x0, 0x4d, 0x4, 0x4, 0xf3,
    0xd6, 0x0, 0xd, 0x56, 0xe5, 0xf6, 0x3, 0xf7,
    0x6, 0xff, 0xf9, 0xfe, 0xee, 0xed, 0xf3, 0x13,
    0xad, 0x4, 0x12, 0x22, 0x11, 0x0, 0x4f, 0x20,
    0x1, 0x11, 0x11, 0x0, 0x2e, 0xed, 0xe3, 0xff,
    0xff, 0xf2, 0x2, 0x85, 0x20, 0x3f, 0x0, 0xf,
    0x20, 0x3, 0x58, 0xb3, 0xf0, 0x0, 0xf2, 0x5,
    0xfb, 0x73, 0x3f, 0xee, 0xef, 0x20, 0x0, 0x0,
    0x3, 0xf2, 0x23, 0xf2, 0x0,

    /* U+7EE7 "继" */
    0x0, 0x0, 0x0, 0x0, 0x0, 0x0, 0x0, 0xa,
    0x30, 0x0, 0x1, 0xe0, 0x0, 0x1, 0xf5, 0xe,
    0x46, 0x1e, 0x8, 0x0, 0x8c, 0x0, 0xe3, 0xd1,
    0xe5, 0x90, 0x1f, 0x46, 0x9e, 0x25, 0x3e, 0x51,
    0x9, 0xf9, 0xe2, 0xea, 0xff, 0xff, 0xf3, 0x34,
    0xd6, 0xe, 0x31, 0xbf, 0x71, 0x0, 0x8b, 0x22,
    0xe2, 0x4d, 0xec, 0x40, 0x6f, 0xfd, 0x6e, 0x5e,
    0x4e, 0x2e, 0x12, 0x30, 0x0, 0xe5, 0x61, 0xe0,
    0x30, 0x15, 0x8c, 0xae, 0x20, 0xb, 0x0, 0x8,
    0xc8, 0x40, 0xee, 0xdd, 0xdd, 0xd5, 0x0, 0x0,
    0x2, 0x33, 0x33, 0x33, 0x10,

    /* U+7EED "续" */
    0x0, 0x49, 0x0, 0x0, 0xf2, 0x0, 0x0, 0xa,
    0x60, 0x4e, 0xef, 0xee, 0x70, 0x1, 0xd0, 0x10,
    0x1, 0xf3, 0x0, 0x0, 0x95, 0x6b, 0xbf, 0xff,
    0xff, 0xe1, 0x4f, 0xdf, 0x30, 0x21, 0x21, 0x5d,
    0x3, 0xac, 0xa0, 0x9, 0xab, 0x68, 0x80, 0x1,
    0xe2, 0x18, 0x85, 0xb6, 0x0, 0x1, 0xcf, 0xf8,
    0x2a, 0x4d, 0x62, 0x20, 0x3a, 0x50, 0xd, 0xde,
    0xfe, 0xdd, 0x10, 0x5, 0xba, 0x0, 0xbb, 0x82,
    0x0, 0x4f, 0xc6, 0x1, 0xbd, 0x15, 0xe5, 0x1,
    0x20, 0x1, 0xea, 0x10, 0x3, 0xe2, 0x0, 0x0,
    0x1, 0x0, 0x0, 0x1, 0x0,

    /* U+7EFF "绿" */
    0x0, 0x30, 0x0, 0x0, 0x0, 0x0, 0x0, 0xe,
    0x50, 0x4f, 0xff, 0xff, 0x50, 0x5, 0xd2, 0x0,
    0xbb, 0xbb, 0xe5, 0x0, 0xc4, 0xa7, 0x3, 0x33,
    0x3d, 0x40, 0x7f, 0xae, 0x13, 0x44, 0x44, 0xe7,
    0x6, 0x9e, 0x70, 0xbc, 0xcf, 0xdc, 0xc2, 0x6,
    0xc0, 0x5, 0x70, 0xd3, 0x28, 0x4, 0xfd, 0xe5,
    0x2d, 0x6e, 0x8e, 0x50, 0x58, 0x41, 0x0, 0x3b,
    0xff, 0x50, 0x0, 0x16, 0xa6, 0x8e, 0x7e, 0x7e,
    0x50, 0x8f, 0xb6, 0x2a, 0x20, 0xe3, 0x3c, 0x22,
    0x10, 0x0, 0x0, 0xed, 0x10, 0x0,

    /* U+7F16 "编" */
    0x0, 0x0, 0x0, 0x0, 0x10, 0x0, 0x0, 0xb,
    0x60, 0x0, 0x2f, 0x20, 0x0, 0x1, 0xf2, 0xa,
    0xcc, 0xfe, 0xcb, 0x0, 0x6b, 0x10, 0xd6, 0x33,
    0x36, 0xe0, 0xd, 0x4b, 0x6d, 0x52, 0x22, 0x5e,
    0x7, 0xf9, 0xe0, 0xee, 0xdd, 0xdd, 0xc0, 0x59,
    0xe5, 0xf, 0x52, 0x22, 0x23, 0x0, 0x6c, 0x0,
    0xff, 0xcf, 0xed, 0xf1, 0x5f, 0xdb, 0x3f, 0xf1,
    0xc7, 0x5d, 0x12, 0x30, 0x24, 0xde, 0xff, 0xff,
    0xf1, 0x5, 0xbe, 0xaa, 0xe1, 0xc7, 0x5d, 0x19,
    0xe7, 0xd, 0x5e, 0x1c, 0x75, 0xd1, 0x20, 0x0,
    0xa0, 0xe1, 0xa5, 0x9d, 0x0, 0x0, 0x0, 0x0,
    0x0, 0x0, 0x0,

    /* U+7F50 "罐" */
    0x0, 0x0, 0x0, 0x0, 0x0, 0x0, 0x0, 0xc2,
    0x0, 0x12, 0xe1, 0x5a, 0x10, 0xf, 0x77, 0x5d,
    0xef, 0xde, 0xfd, 0x25, 0xdd, 0xa5, 0x0, 0x70,
    0x25, 0x0, 0xb5, 0xb4, 0x9, 0xee, 0x8f, 0xce,
    0x2, 0x1b, 0x50, 0x98, 0x78, 0xe3, 0xe0, 0x9f,
    0xff, 0xf6, 0xcc, 0x7c, 0x88, 0x1, 0x1b, 0x42,
    0x1e, 0xba, 0xf8, 0x80, 0x48, 0xb5, 0xdc, 0xf5,
    0x6f, 0x55, 0x4, 0x8b, 0x5e, 0xaf, 0xcc, 0xfb,
    0xa0, 0x48, 0xb6, 0xc2, 0xf9, 0x9f, 0x98, 0x4,
    0xff, 0xdc, 0x2f, 0x56, 0xf4, 0x40, 0x11, 0x0,
    0x42, 0xfc, 0xbb, 0xbb, 0x30,

    /* U+7F6E "置" */
    0x7, 0xfd, 0xee, 0xde, 0xed, 0xf9, 0x0, 0x7c,
    0x4a, 0xb4, 0xba, 0x4b, 0x90, 0x3, 0x66, 0x69,
    0xf7, 0x66, 0x64, 0x0, 0xee, 0xee, 0xff, 0xee,
    0xee, 0xd0, 0x0, 0x46, 0x6b, 0xd6, 0x66, 0x40,
    0x0, 0x9, 0xb5, 0x55, 0x55, 0xc9, 0x0, 0x0,
    0x9d, 0xaa, 0xaa, 0xad, 0x90, 0x0, 0x9, 0xc9,
    0x99, 0x99, 0xd9, 0x0, 0x0, 0x9d, 0xaa, 0xaa,
    0xae, 0x90, 0x0, 0x9, 0x80, 0x0, 0x0, 0x99,
    0x0, 0x2d, 0xff, 0xdd, 0xdd, 0xdf, 0xfd, 0x30,

    /* U+7F8A "羊" */
    0x0, 0x0, 0x0, 0x0, 0x1, 0x0, 0x0, 0x0,
    0xa9, 0x0, 0x1, 0xf3, 0x0, 0x0, 0x3, 0xf1,
    0x0, 0x8c, 0x0, 0x0, 0x6e, 0xef, 0xee, 0xef,
    0xfe, 0xc0, 0x1, 0x33, 0x33, 0xf7, 0x33, 0x33,
    0x0, 0x0, 0x0, 0xf, 0x40, 0x0, 0x0, 0x0,
    0xcf, 0xff, 0xff, 0xff, 0xf1, 0x0, 0x2, 0x33,
    0x3f, 0x73, 0x33, 0x0, 0x0, 0x0, 0x0, 0xf5,
    0x0, 0x0, 0x1, 0xff, 0xff, 0xff, 0xff, 0xff,
    0xf6, 0x1, 0x11, 0x11, 0xf6, 0x11, 0x11, 0x0,
    0x0, 0x0, 0xf, 0x40, 0x0, 0x0, 0x0, 0x0,
    0x0, 0xf4, 0x0, 0x0, 0x0,

    /* U+7F9A "羚" */
    0x4, 0x30, 0x54, 0x0, 0x28, 0x0, 0x0, 0x7a,
    0xc, 0x60, 0xb, 0xe0, 0x0, 0x4, 0xc4, 0xf2,
    0x4, 0xfc, 0x90, 0x1, 0xee, 0xfe, 0xc2, 0xe6,
    0x1e, 0x60, 0x0, 0x2f, 0x1, 0xe9, 0xb5, 0x3f,
    0x60, 0xcf, 0xff, 0x75, 0x2, 0x90, 0x31, 0x0,
    0x3f, 0x0, 0x3e, 0xee, 0xe8, 0x0, 0x47, 0xf4,
    0x41, 0x55, 0x5e, 0x60, 0x2b, 0xdf, 0xba, 0x0,
    0x6, 0xd0, 0x0, 0xa, 0x90, 0x0, 0xb9, 0xe4,
    0x0, 0x4, 0xf3, 0x0, 0x1, 0xce, 0x0, 0x0,
    0xe7, 0x0, 0x0, 0x0, 0xb8, 0x0, 0x1, 0x0,
    0x0, 0x0, 0x0, 0x0, 0x0,

    /* U+7FA4 "群" */
    0x0, 0x0, 0x0, 0x4, 0x20, 0x8, 0x0, 0xbf,
    0xff, 0xf3, 0x7a, 0x6, 0xc0, 0x1, 0x6d, 0x1f,
    0x35, 0xe4, 0xb8, 0x13, 0xff, 0xff, 0xfe, 0xbc,
    0xfd, 0xc5, 0x2, 0xaa, 0x2f, 0x30, 0xe, 0x30,
    0x0, 0xbf, 0xdd, 0xd2, 0xbf, 0xff, 0xf2, 0x3,
    0xf0, 0x0, 0x1, 0x2e, 0x52, 0x0, 0x9f, 0xee,
    0xe5, 0x0, 0xe4, 0x0, 0x3f, 0xf4, 0x3d, 0x9f,
    0xff, 0xff, 0xa0, 0x5f, 0x0, 0xd6, 0x11, 0xe4,
    0x11, 0x1, 0xfe, 0xef, 0x60, 0xe, 0x30, 0x0,
    0x1f, 0x21, 0x10, 0x0, 0xe3, 0x0,

    /* U+7FFB "翻" */
    0x0, 0x13, 0x55, 0x0, 0x0, 0x0, 0x4d, 0xcf,
    0x86, 0x8f, 0xfb, 0xff, 0xb, 0x3e, 0x68, 0x0,
    0xe1, 0x1f, 0x7f, 0xef, 0xff, 0x95, 0xe9, 0x5f,
    0x1, 0xdf, 0xb1, 0x3b, 0xe4, 0xaf, 0x1c, 0x7e,
    0x6e, 0x17, 0xe1, 0x7f, 0x89, 0xb, 0x3, 0x2,
    0xf0, 0x4f, 0x2f, 0xef, 0xee, 0x2d, 0xf4, 0xef,
    0x1d, 0x5e, 0x5e, 0x94, 0xe8, 0x3f, 0x1e, 0x6e,
    0x6e, 0x0, 0xe0, 0xf, 0x1f, 0xcf, 0xce, 0x1,
    0xf1, 0x2f, 0x1d, 0x11, 0x2c, 0xe, 0xb3, 0xfa,

    /* U+8001 "老" */
    0x0, 0x0, 0xd, 0x60, 0x0, 0x12, 0x0, 0x2,
    0x22, 0xd8, 0x22, 0x1c, 0xa0, 0x0, 0xef, 0xff,
    0xff, 0xfe, 0xb0, 0x0, 0x0, 0x0, 0xd6, 0xa,
    0xc0, 0x0, 0xc, 0xcc, 0xcf, 0xee, 0xfd, 0xcc,
    0x60, 0x55, 0x55, 0xcf, 0x95, 0x55, 0x52, 0x0,
    0x3, 0xdf, 0x50, 0x4, 0x20, 0x0, 0x3b, 0xff,
    0x82, 0x7d, 0xf8, 0x0, 0x1f, 0xb3, 0xaf, 0xfb,
    0x60, 0x0, 0x0, 0x10, 0xa, 0xa0, 0x0, 0x1,
    0xa0, 0x0, 0x0, 0xaa, 0x11, 0x11, 0x7e, 0x0,
    0x0, 0x4, 0xef, 0xff, 0xfe, 0x60,

    /* U+80CC "背" */
    0x0, 0x0, 0x98, 0xe, 0x40, 0x23, 0x0, 0xef,
    0xff, 0x80, 0xeb, 0xde, 0x90, 0x0, 0x0, 0x98,
    0xe, 0x82, 0x1, 0x1, 0x8a, 0xdf, 0x80, 0xe8,
    0x34, 0xb8, 0x17, 0x42, 0x97, 0x6, 0xcc, 0xca,
    0x20, 0x4, 0xee, 0xee, 0xee, 0xed, 0x0, 0x0,
    0x4e, 0x0, 0x0, 0x5, 0xe0, 0x0, 0x4, 0xff,
    0xff, 0xff, 0xfe, 0x0, 0x0, 0x4e, 0x0, 0x0,
    0x4, 0xe0, 0x0, 0x4, 0xfd, 0xdd, 0xdd, 0xee,
    0x0, 0x0, 0x4e, 0x0, 0x0, 0x6, 0xe0, 0x0,
    0x4, 0xe0, 0x0, 0x5f, 0xe8, 0x0,

    /* U+80E1 "胡" */
    0x0, 0xa, 0x80, 0x0, 0x0, 0x0, 0x0, 0x0,
    0xa8, 0x0, 0x6f, 0xff, 0xf2, 0x4, 0x4c, 0xa4,
    0x36, 0xc1, 0x1f, 0x21, 0xdd, 0xfe, 0xdb, 0x6c,
    0x11, 0xf2, 0x0, 0xa, 0x80, 0x6, 0xff, 0xff,
    0x20, 0x0, 0xa8, 0x0, 0x7c, 0x0, 0xf2, 0x8,
    0xff, 0xff, 0x48, 0xc2, 0x2f, 0x20, 0x8a, 0x11,
    0xe4, 0x9f, 0xee, 0xf2, 0x8, 0xa0, 0xe, 0x4c,
    0x70, 0xf, 0x20, 0x8f, 0xee, 0xf6, 0xf3, 0x0,
    0xf2, 0x8, 0xb2, 0x22, 0x9d, 0x1, 0x2f, 0x20,
    0x22, 0x0, 0xd, 0x30, 0x8f, 0xc0, 0x0, 0x0,
    0x0, 0x0, 0x0, 0x0, 0x0,

    /* U+80FD "能" */
    0x0, 0x0, 0x0, 0x0, 0x0, 0x0, 0x0, 0xc,
    0x70, 0x1, 0xf1, 0x0, 0x0, 0x5, 0xf1, 0xc5,
    0x1f, 0x15, 0xd4, 0x1, 0xe8, 0x29, 0xd1, 0xfe,
    0xd6, 0x0, 0x4f, 0xdc, 0xbe, 0x5f, 0x30, 0x5,
    0x0, 0x22, 0x22, 0x41, 0xf3, 0x12, 0xf1, 0xe,
    0xed, 0xee, 0xa, 0xff, 0xfa, 0x0, 0xe5, 0x26,
    0xe1, 0xe1, 0x0, 0x0, 0xe, 0xdc, 0xde, 0x1f,
    0x14, 0xc6, 0x0, 0xe6, 0x37, 0xe1, 0xfe, 0xd6,
    0x0, 0xe, 0xcb, 0xce, 0x1f, 0x30, 0x5, 0x0,
    0xe3, 0x15, 0xe0, 0xf4, 0x22, 0xe3, 0xe, 0x39,
    0xf9, 0xa, 0xee, 0xeb, 0x0,

    /* U+810A "脊" */
    0x0, 0x0, 0x0, 0x0, 0x0, 0x0, 0x0, 0x2a,
    0x50, 0xe, 0x40, 0x38, 0x60, 0x0, 0x5b, 0xb4,
    0xf1, 0x8c, 0x72, 0x0, 0x36, 0x9c, 0xcf, 0x9c,
    0xa7, 0x20, 0x9, 0xa7, 0xce, 0x2c, 0xc6, 0xaa,
    0x0, 0x4, 0xce, 0x20, 0xc, 0xd6, 0x10, 0x4e,
    0xff, 0xfe, 0xee, 0xff, 0xff, 0x40, 0x53, 0xf1,
    0x0, 0x2, 0xf2, 0x40, 0x0, 0x2f, 0xff, 0xff,
    0xff, 0x20, 0x0, 0x2, 0xf1, 0x0, 0x1, 0xf2,
    0x0, 0x0, 0x2f, 0xff, 0xff, 0xff, 0x20, 0x0,
    0x2, 0xf1, 0x0, 0x2, 0xf2, 0x0, 0x0, 0x2f,
    0x10, 0xc, 0xeb, 0x0, 0x0,

    /* U+8239 "船" */
    0x0, 0xa, 0x20, 0x0, 0x0, 0x0, 0x0, 0x15,
    0xf2, 0x10, 0xef, 0xff, 0x0, 0xc, 0xed, 0xed,
    0xe, 0x22, 0xf0, 0x0, 0xc5, 0x73, 0xd0, 0xf0,
    0x1f, 0x0, 0xc, 0x4d, 0x5d, 0x4d, 0x1, 0xf0,
    0x1, 0xc6, 0x56, 0xdd, 0x50, 0xe, 0xe3, 0x5f,
    0xed, 0xed, 0x24, 0x44, 0x43, 0x0, 0xc5, 0x83,
    0xd5, 0xfd, 0xde, 0x90, 0xd, 0x2c, 0x6d, 0x5a,
    0x0, 0x89, 0x0, 0xf0, 0x13, 0xd5, 0xa0, 0x8,
    0x90, 0x4c, 0x0, 0x3d, 0x5f, 0xdd, 0xf9, 0x5,
    0x70, 0x7f, 0x95, 0xc3, 0x3a, 0x90, 0x0, 0x0,
    0x0, 0x1, 0x0, 0x0, 0x0,

    /* U+8272 "色" */
    0x0, 0x0, 0x0, 0x0, 0x0, 0x0, 0x0, 0x0,
    0x1d, 0x40, 0x0, 0x0, 0x0, 0x0, 0xa, 0xff,
    0xff, 0xe2, 0x0, 0x0, 0x6, 0xf3, 0x12, 0xca,
    0x0, 0x0, 0x8, 0xf7, 0x22, 0x7f, 0x32, 0x20,
    0x5, 0xff, 0xff, 0xff, 0xff, 0xff, 0x10, 0x3,
    0xe3, 0x0, 0xf2, 0x1, 0xf1, 0x0, 0xe, 0x63,
    0x3f, 0x53, 0x4f, 0x10, 0x0, 0xef, 0xff, 0xff,
    0xff, 0xf1, 0x0, 0xe, 0x30, 0x0, 0x0, 0x8,
    0x0, 0x0, 0xe4, 0x0, 0x0, 0x0, 0xc, 0x30,
    0xd, 0x82, 0x11, 0x11, 0x15, 0xf2, 0x0, 0x5d,
    0xff, 0xff, 0xff, 0xe7, 0x0,

    /* U+8282 "节" */
    0x0, 0x4, 0xf0, 0x0, 0xc8, 0x0, 0x0, 0x99,
    0xbf, 0x99, 0x9e, 0xd9, 0x94, 0x8, 0x8a, 0xf8,
    0x88, 0xec, 0x88, 0x30, 0x0, 0x4d, 0x0, 0xb,
    0x70, 0x0, 0x2, 0x33, 0x33, 0x33, 0x33, 0x30,
    0x0, 0xaf, 0xff, 0xff, 0xff, 0xff, 0x40, 0x0,
    0x0, 0x6e, 0x0, 0x0, 0xf4, 0x0, 0x0, 0x6,
    0xe0, 0x0, 0xf, 0x40, 0x0, 0x0, 0x6e, 0x0,
    0x0, 0xf4, 0x0, 0x0, 0x6, 0xe0, 0x3f, 0xff,
    0x20, 0x0, 0x0, 0x6e, 0x0, 0x44, 0x10, 0x0,
    0x0, 0x6, 0xe0, 0x0, 0x0, 0x0,

    /* U+82B1 "花" */
    0x0, 0x2, 0xf0, 0x0, 0xf4, 0x0, 0x2, 0xcc,
    0xdf, 0xdc, 0xcf, 0xdc, 0xc2, 0x15, 0x57, 0xf5,
    0x55, 0xf8, 0x55, 0x10, 0x0, 0x28, 0x0, 0x36,
    0x10, 0x0, 0x0, 0xa, 0xc0, 0x4f, 0x0, 0x10,
    0x0, 0x4, 0xf3, 0x4, 0xf0, 0x5e, 0x80, 0x4,
    0xff, 0x0, 0x4f, 0xce, 0x60, 0x1, 0xfc, 0xf0,
    0x4c, 0xf7, 0x0, 0x0, 0x2, 0x3f, 0x1c, 0xaf,
    0x0, 0x2, 0x0, 0x3, 0xf0, 0x4, 0xf0, 0x0,
    0xb6, 0x0, 0x3f, 0x0, 0x3f, 0x75, 0x6f, 0x40,
    0x3, 0xf0, 0x0, 0x9c, 0xcc, 0x90,

    /* U+8336 "茶" */
    0x0, 0x9, 0xa0, 0x0, 0xb8, 0x0, 0x2, 0xcc,
    0xee, 0xcc, 0xcf, 0xec, 0xc2, 0x5, 0x5b, 0xc5,
    0xb6, 0xca, 0x55, 0x0, 0x0, 0x45, 0xaf, 0x95,
    0x30, 0x0, 0x0, 0x2, 0xcc, 0x3b, 0xc2, 0x0,
    0x0, 0x4b, 0xfa, 0x1a, 0x17, 0xfb, 0x50, 0x3f,
    0xb4, 0x12, 0xf3, 0x13, 0xaf, 0x40, 0xa, 0xff,
    0xff, 0xff, 0xfa, 0x0, 0x0, 0x5, 0x31, 0xf3,
    0x44, 0x0, 0x0, 0x4, 0xf3, 0x1f, 0x25, 0xf6,
    0x0, 0x6, 0xf6, 0x3, 0xf2, 0x3, 0xf6, 0x0,
    0x24, 0x6, 0xfc, 0x0, 0x3, 0x10,

    /* U+8349 "草" */
    0x1, 0x16, 0xe1, 0x11, 0xe6, 0x11, 0x2, 0xee,
    0xff, 0xee, 0xef, 0xfe, 0xe2, 0x0, 0x4, 0xb0,
    0x0, 0xb4, 0x0, 0x0, 0xb, 0xee, 0xee, 0xee,
    0xec, 0x0, 0x0, 0xc6, 0x11, 0x11, 0x17, 0xd0,
    0x0, 0xc, 0xee, 0xee, 0xee, 0xed, 0x0, 0x0,
    0xc5, 0x0, 0x0, 0x6, 0xd0, 0x0, 0xc, 0xff,
    0xff, 0xff, 0xfc, 0x0, 0x1, 0x11, 0x13, 0xf1,
    0x11, 0x11, 0x3, 0xff, 0xff, 0xff, 0xff, 0xff,
    0xf4, 0x0, 0x0, 0x2, 0xf0, 0x0, 0x0, 0x0,
    0x0, 0x0, 0x2f, 0x0, 0x0, 0x0,

    /* U+8352 "荒" */
    0x0, 0x6, 0xd0, 0x0, 0xd6, 0x0, 0x3, 0xff,
    0xff, 0xff, 0xff, 0xff, 0xf3, 0x0, 0x6, 0xc2,
    0x80, 0xd5, 0x0, 0x0, 0x11, 0x11, 0x3f, 0x41,
    0x11, 0x10, 0x1e, 0xff, 0xee, 0xee, 0xee, 0xee,
    0x10, 0x8, 0xb0, 0x0, 0x0, 0x0, 0x0, 0x0,
    0x8f, 0xff, 0xff, 0xff, 0xf3, 0x0, 0x1, 0x50,
    0x5, 0x1, 0x50, 0x0, 0x0, 0x3f, 0x2, 0xf0,
    0x3f, 0x0, 0x0, 0x6, 0xe0, 0x2f, 0x3, 0xf0,
    0x10, 0x3, 0xe7, 0x2, 0xf0, 0x2f, 0xa, 0x63,
    0xf8, 0x0, 0x2f, 0x0, 0xef, 0xe2, 0x0, 0x0,
    0x0, 0x0, 0x0, 0x0, 0x0,

    /* U+83B7 "获" */
    0x0, 0x4, 0xf0, 0x0, 0xe5, 0x0, 0x2, 0xff,
    0xff, 0xff, 0xff, 0xff, 0xf3, 0x0, 0x4, 0xf0,
    0x0, 0xd5, 0x0, 0x0, 0x78, 0x38, 0x0, 0x2c,
    0x56, 0x0, 0x1, 0xef, 0x70, 0x2, 0xe2, 0xe5,
    0x1, 0x9f, 0xf1, 0x44, 0x6f, 0x48, 0x70, 0x19,
    0x1c, 0x7d, 0xde, 0xfd, 0xdd, 0x20, 0x5, 0xf9,
    0x0, 0x6f, 0x50, 0x0, 0x1a, 0xc9, 0xa0, 0xc,
    0xcd, 0x0, 0x1, 0x80, 0x79, 0x6, 0xe0, 0xd6,
    0x0, 0x0, 0x1c, 0x66, 0xf4, 0x3, 0xf7, 0x0,
    0x6f, 0xc3, 0xe5, 0x0, 0x2, 0xc1, 0x0, 0x0,
    0x0, 0x0, 0x0, 0x0, 0x0,

    /* U+83DC "菜" */
    0x2, 0x26, 0xf2, 0x22, 0xf6, 0x22, 0x2, 0xee,
    0xef, 0xee, 0xef, 0xee, 0xe3, 0x0, 0x3, 0xc0,
    0x1, 0xd8, 0x50, 0x0, 0x8c, 0xcd, 0xef, 0xfe,
    0xc9, 0x10, 0x3, 0x84, 0x36, 0x60, 0x0, 0xb3,
    0x0, 0xe, 0x50, 0x5d, 0x0, 0x6e, 0x0, 0x0,
    0x6a, 0x1, 0xd1, 0xd, 0x40, 0x0, 0x44, 0x44,
    0x6f, 0x54, 0x44, 0x41, 0x2c, 0xcc, 0xdf, 0xff,
    0xdc, 0xcc, 0x30, 0x0, 0x7e, 0x9f, 0x9e, 0x60,
    0x0, 0x29, 0xec, 0x32, 0xf1, 0x3c, 0xe9, 0x21,
    0x93, 0x0, 0x2f, 0x10, 0x3, 0x80,

    /* U+8404 "萄" */
    0x1, 0x16, 0xd1, 0x11, 0xd6, 0x11, 0x2, 0xff,
    0xff, 0xff, 0xff, 0xff, 0xf2, 0x0, 0x49, 0xa0,
    0x0, 0xb4, 0x0, 0x0, 0xe, 0xfd, 0xdd, 0xdd,
    0xdd, 0xa0, 0xa, 0xb9, 0x62, 0x22, 0x22, 0x9b,
    0x4, 0xd4, 0xfe, 0xdd, 0xdd, 0x18, 0xa0, 0x0,
    0x86, 0xe, 0x30, 0x0, 0x9a, 0x0, 0x6d, 0xdd,
    0xfd, 0xdd, 0x89, 0x90, 0x0, 0x43, 0x1e, 0x42,
    0x61, 0xa8, 0x0, 0xa, 0x60, 0xd3, 0x1f, 0xc,
    0x70, 0x0, 0x9e, 0xef, 0xee, 0xf0, 0xe5, 0x0,
    0x0, 0x0, 0x0, 0x7, 0xec, 0x0, 0x0, 0x0,
    0x0, 0x0, 0x0, 0x0, 0x0,

    /* U+843D "落" */
    0x0, 0x5, 0xd0, 0x0, 0xe4, 0x0, 0x2, 0xff,
    0xff, 0xff, 0xff, 0xff, 0xf2, 0x0, 0x14, 0xb0,
    0x43, 0xc4, 0x0, 0x0, 0x4f, 0x90, 0x2f, 0xda,
    0xab, 0x40, 0x0, 0x29, 0x3e, 0xf6, 0x3a, 0xe2,
    0x2, 0xb3, 0xe, 0x67, 0xfb, 0xe3, 0x0, 0x8,
    0xf3, 0x3, 0x9f, 0xee, 0x72, 0x0, 0x2, 0x1d,
    0xfa, 0x30, 0x4c, 0xf5, 0x0, 0x2c, 0x4e, 0xff,
    0xff, 0xf5, 0x0, 0x1d, 0x80, 0xe3, 0x0, 0xf,
    0x30, 0xd, 0xb0, 0xe, 0xcb, 0xbb, 0xf3, 0x0,
    0x70, 0x0, 0xe6, 0x33, 0x3f, 0x30,

    /* U+8461 "葡" */
    0x0, 0x5, 0xc0, 0x0, 0xd4, 0x0, 0x2, 0xff,
    0xff, 0xff, 0xff, 0xff, 0xf3, 0x0, 0x3a, 0xa0,
    0x0, 0xb4, 0x0, 0x0, 0xb, 0xfd, 0xdd, 0xdd,
    0xdd, 0xb0, 0x4, 0xf2, 0x14, 0x2d, 0x41, 0x7c,
    0x2, 0xec, 0x66, 0xe8, 0xcb, 0x16, 0xc0, 0x29,
    0x56, 0x6f, 0x86, 0x61, 0x7b, 0x0, 0x9, 0xc9,
    0xfa, 0xaf, 0x7, 0xa0, 0x0, 0x9c, 0x8f, 0xa9,
    0xf0, 0x89, 0x0, 0x9, 0xda, 0xfb, 0xbf, 0xa,
    0x80, 0x0, 0x96, 0xe, 0x21, 0xf1, 0xd6, 0x0,
    0x9, 0x60, 0xd2, 0xee, 0xfd, 0x10, 0x0, 0x0,
    0x0, 0x0, 0x0, 0x0, 0x0,

    /* U+84DD "蓝" */
    0x0, 0x5, 0xd0, 0x0, 0xd5, 0x0, 0x2, 0xee,
    0xff, 0xee, 0xef, 0xfe, 0xe3, 0x0, 0x3, 0x80,
    0x2, 0x83, 0x0, 0x0, 0x26, 0xe, 0x30, 0xc8,
    0x0, 0x0, 0x4, 0xd0, 0xe3, 0x2f, 0xff, 0xfb,
    0x0, 0x4d, 0xe, 0x3b, 0xa4, 0xa0, 0x0, 0x4,
    0xd0, 0xe4, 0xc1, 0xd, 0x60, 0x0, 0x12, 0x8,
    0x20, 0x0, 0x45, 0x0, 0x0, 0xef, 0xff, 0xff,
    0xff, 0xf0, 0x0, 0xe, 0x24, 0xb0, 0xa5, 0x1f,
    0x0, 0x0, 0xf3, 0x5b, 0xb, 0x52, 0xf1, 0x5,
    0xff, 0xff, 0xff, 0xff, 0xff, 0xf6,

    /* U+85CF "藏" */
    0x0, 0x2, 0xf2, 0x0, 0xe5, 0x0, 0x1, 0xff,
    0xff, 0xff, 0xff, 0xff, 0xf4, 0x0, 0x1, 0xb0,
    0x0, 0xc7, 0x87, 0x0, 0x60, 0x99, 0x99, 0x9c,
    0xda, 0xf4, 0xc, 0x1f, 0x77, 0x77, 0xad, 0x77,
    0x30, 0xc7, 0xf6, 0xdd, 0xd9, 0xb4, 0xa0, 0xc,
    0xaf, 0x6a, 0xb7, 0x5d, 0x99, 0x3, 0x88, 0xf6,
    0xa6, 0xa7, 0xfe, 0x40, 0x2c, 0x7e, 0x6d, 0xcd,
    0x6e, 0xd0, 0x0, 0xc4, 0xd6, 0x79, 0x30, 0xe7,
    0x12, 0x1e, 0x69, 0x6e, 0xcc, 0xfd, 0xd6, 0x95,
    0x78, 0x42, 0x20, 0x79, 0x9, 0xe4,

    /* U+866C "虬" */
    0x0, 0xd, 0x30, 0x1, 0xf2, 0x0, 0x0, 0x0,
    0xd3, 0x0, 0x1f, 0x20, 0x0, 0xb, 0xcf, 0xdc,
    0xb1, 0xf2, 0x0, 0x0, 0xf5, 0xd6, 0x5e, 0x1f,
    0x20, 0x0, 0xf, 0x1c, 0x21, 0xe1, 0xf2, 0x0,
    0x0, 0xf1, 0xc2, 0x1e, 0x1f, 0x20, 0x0, 0xf,
    0xff, 0xff, 0xe1, 0xf2, 0x0, 0x0, 0x82, 0xe4,
    0x33, 0x1f, 0x20, 0x0, 0x0, 0xd, 0x39, 0x81,
    0xf2, 0xb, 0x30, 0x14, 0xea, 0xce, 0x1f, 0x20,
    0xd4, 0x6f, 0xfe, 0xca, 0xe3, 0xf5, 0x2f, 0x21,
    0x31, 0x0, 0x5, 0x2b, 0xff, 0xb0,

    /* U+8700 "蜀" */
    0x4, 0xff, 0xff, 0xff, 0xff, 0xfc, 0x4, 0xd0,
    0x3e, 0x3, 0xe0, 0x7c, 0x4, 0xef, 0xfe, 0xee,
    0xee, 0xeb, 0x0, 0x2e, 0xb2, 0x22, 0x22, 0x22,
    0x4, 0xee, 0xde, 0xfd, 0xdd, 0xee, 0xb, 0x96,
    0x6b, 0xc6, 0x63, 0x5d, 0x0, 0x7c, 0x5a, 0xc5,
    0xa7, 0x6d, 0x0, 0x7f, 0xde, 0xfd, 0xe7, 0x7c,
    0x0, 0x34, 0x7, 0xa1, 0xd1, 0x8a, 0x2, 0xbc,
    0xde, 0xff, 0xe9, 0xb8, 0x0, 0x54, 0x32, 0x10,
    0x1f, 0xe2, 0x0, 0x0, 0x0, 0x0, 0x0, 0x0,

    /* U+8712 "蜒" */
    0x0, 0x95, 0x0, 0x0, 0x0, 0x59, 0x0, 0x9,
    0x60, 0xdf, 0xc8, 0xef, 0xc1, 0xf, 0xff, 0xd1,
    0x87, 0x24, 0xd0, 0x0, 0xd7, 0x4d, 0xd, 0x12,
    0x3d, 0x0, 0xd, 0x74, 0xd7, 0xd7, 0xe3, 0xe7,
    0x20, 0xd7, 0x4d, 0x56, 0xee, 0x3e, 0x71, 0xf,
    0xff, 0xd6, 0x4d, 0xe3, 0xd0, 0x0, 0xd9, 0x61,
    0x7b, 0xbe, 0x3d, 0x0, 0x0, 0x87, 0xc3, 0xf7,
    0xe6, 0xe4, 0x10, 0x9, 0x9e, 0xf, 0x5b, 0xcc,
    0xc4, 0x3c, 0xfb, 0xca, 0xce, 0x73, 0x10, 0x1,
    0x40, 0x3, 0xd1, 0x4b, 0xef, 0xf6, 0x0, 0x0,
    0x0, 0x0, 0x0, 0x0, 0x0,

    /* U+873F "蜿" */
    0x0, 0x0, 0x0, 0x0, 0x0, 0x0, 0x0, 0x7,
    0x60, 0x0, 0x9, 0x80, 0x0, 0x0, 0x76, 0x7,
    0xee, 0xff, 0xee, 0x50, 0xde, 0xec, 0x8a, 0x11,
    0x11, 0xd5, 0xe, 0x87, 0xe3, 0xd2, 0x2, 0x27,
    0x20, 0xd6, 0x5e, 0xf, 0xfc, 0xec, 0xf2, 0xd,
    0x65, 0xe5, 0xa3, 0xbe, 0x1c, 0x20, 0xfd, 0xdf,
    0xc6, 0x69, 0xe1, 0xc2, 0xe, 0xa9, 0x59, 0xbf,
    0x6e, 0x1c, 0x20, 0x8, 0x7d, 0x1, 0xf1, 0xea,
    0xc1, 0x0, 0x9b, 0xe4, 0x6c, 0xe, 0x11, 0x33,
    0xfe, 0xaa, 0xae, 0x30, 0xe1, 0x4a, 0x2, 0x0,
    0x9, 0x70, 0x9, 0xee, 0x50, 0x0, 0x0, 0x0,
    0x0, 0x0, 0x0,

    /* U+884C "行" */
    0x0, 0x8, 0x30, 0x0, 0x0, 0x0, 0x0, 0x9,
    0xd1, 0x4f, 0xff, 0xff, 0xf0, 0x1b, 0xc1, 0x0,
    0x22, 0x22, 0x22, 0x0, 0x70, 0x8d, 0x0, 0x0,
    0x0, 0x0, 0x0, 0x4f, 0x4a, 0xdd, 0xdd, 0xdd,
    0x50, 0x4f, 0xe0, 0x45, 0x55, 0xca, 0x52, 0x3f,
    0xde, 0x0, 0x0, 0xb, 0x80, 0x0, 0x55, 0xe0,
    0x0, 0x0, 0xb8, 0x0, 0x0, 0x5e, 0x0, 0x0,
    0xb, 0x80, 0x0, 0x5, 0xe0, 0x0, 0x0, 0xb8,
    0x0, 0x0, 0x5e, 0x0, 0x3, 0x3d, 0x70, 0x0,
    0x5, 0xe0, 0x0, 0xbe, 0xc2, 0x0,

    /* U+892A "褪" */
    0x1, 0x40, 0x0, 0x0, 0x0, 0x0, 0x0, 0x2e,
    0x14, 0x70, 0xcf, 0xff, 0xe0, 0x16, 0xb7, 0x1e,
    0x1c, 0x51, 0x3e, 0x2, 0x89, 0xe0, 0x63, 0xcd,
    0xdd, 0xe0, 0x0, 0x68, 0x45, 0x1c, 0x62, 0x4e,
    0x0, 0xe, 0x79, 0xe4, 0xcd, 0xcc, 0xb0, 0x9,
    0xfd, 0xc, 0x4c, 0x5a, 0x29, 0x15, 0xef, 0xc1,
    0xc4, 0xc3, 0x8f, 0x90, 0x24, 0xf4, 0xc, 0x4d,
    0x99, 0xb8, 0x0, 0xf, 0x0, 0xc7, 0xfb, 0x61,
    0xd0, 0x0, 0xf0, 0x7e, 0xd8, 0x43, 0x33, 0x10,
    0xf, 0xa, 0x12, 0x8c, 0xdd, 0xc5, 0x0, 0x0,
    0x0, 0x0, 0x0, 0x0, 0x0,

    /* U+897F "西" */
    0x3f, 0xff, 0xff, 0xff, 0xff, 0xff, 0x20, 0x22,
    0x28, 0xb2, 0xc8, 0x22, 0x20, 0x1, 0x22, 0x8a,
    0x2c, 0x82, 0x21, 0x0, 0x8f, 0xff, 0xff, 0xff,
    0xff, 0xa0, 0x8, 0x90, 0xa8, 0xb, 0x60, 0x8a,
    0x0, 0x89, 0x1e, 0x30, 0xb7, 0x8, 0xa0, 0x8,
    0xce, 0x90, 0x8, 0xff, 0xfa, 0x0, 0x8a, 0x40,
    0x0, 0x1, 0x29, 0xa0, 0x8, 0x90, 0x0, 0x0,
    0x0, 0x8a, 0x0, 0x8f, 0xff, 0xff, 0xff, 0xff,
    0xa0, 0x8, 0xa2, 0x22, 0x22, 0x22, 0x9a, 0x0,

    /* U+8981 "要" */
    0xe, 0xff, 0xff, 0xff, 0xff, 0xff, 0x30, 0x13,
    0x38, 0xc3, 0x9b, 0x33, 0x30, 0x4, 0xfc, 0xef,
    0xce, 0xec, 0xec, 0x0, 0x4d, 0x6, 0xb0, 0x7a,
    0x6, 0xc0, 0x4, 0xfc, 0xdf, 0xce, 0xec, 0xdc,
    0x0, 0x1, 0x14, 0xf4, 0x11, 0x11, 0x10, 0x1f,
    0xff, 0xff, 0xff, 0xff, 0xff, 0x70, 0x11, 0x8e,
    0x21, 0x1c, 0xb1, 0x10, 0x0, 0x1d, 0xfc, 0x8b,
    0xd1, 0x0, 0x0, 0x12, 0x48, 0xef, 0xdf, 0xc7,
    0x20, 0xb, 0xeb, 0x95, 0x0, 0x16, 0xcb, 0x0,
    0x0, 0x0, 0x0, 0x0, 0x0, 0x0,

    /* U+89E3 "解" */
    0x0, 0x90, 0x0, 0x0, 0x0, 0x0, 0x0, 0x4f,
    0xee, 0x3a, 0xff, 0xff, 0xd0, 0xb, 0x61, 0xf2,
    0x3, 0xe0, 0x4c, 0x5, 0xfb, 0xce, 0xa0, 0xb8,
    0x27, 0xb0, 0x5f, 0x7e, 0x4f, 0xaa, 0xa, 0xc4,
    0x0, 0xc8, 0xe6, 0xf0, 0xc2, 0xf1, 0x0, 0xc,
    0x8e, 0x6f, 0x2f, 0xff, 0xfe, 0x0, 0xd2, 0xd0,
    0xfa, 0x71, 0xf3, 0x10, 0xe, 0xdf, 0xdf, 0x43,
    0x2f, 0x42, 0x1, 0xf3, 0xe3, 0xf8, 0xee, 0xfe,
    0xe3, 0x6c, 0xd, 0xf, 0x0, 0xf, 0x10, 0x8,
    0x60, 0x4d, 0xa0, 0x0, 0xf1, 0x0, 0x0, 0x0,
    0x0, 0x0, 0x0, 0x0, 0x0,

    /* U+8BA4 "认" */
    0x0, 0x92, 0x0, 0x0, 0xf3, 0x0, 0x0, 0x9,
    0xe2, 0x0, 0xf, 0x30, 0x0, 0x0, 0x9, 0x40,
    0x0, 0xf2, 0x0, 0x0, 0x0, 0x0, 0x0, 0xf,
    0x20, 0x0, 0x4f, 0xfe, 0x0, 0x2, 0xf3, 0x0,
    0x1, 0x36, 0xe0, 0x0, 0x4f, 0x60, 0x0, 0x0,
    0x3e, 0x0, 0x7, 0xfb, 0x0, 0x0, 0x3, 0xe0,
    0x0, 0xca, 0xf1, 0x0, 0x0, 0x3e, 0x34, 0x2f,
    0x2b, 0x80, 0x0, 0x4, 0xff, 0x5a, 0xc0, 0x4f,
    0x20, 0x0, 0xbd, 0x28, 0xf3, 0x0, 0xae, 0x20,
    0x4, 0x0, 0xa4, 0x0, 0x0, 0xa4,

    /* U+8BA9 "让" */
    0x0, 0xa2, 0x0, 0x4, 0xf0, 0x0, 0x0, 0x8,
    0xe2, 0x0, 0x4f, 0x0, 0x0, 0x0, 0x8, 0x40,
    0x4, 0xf0, 0x0, 0x0, 0x0, 0x0, 0x0, 0x4f,
    0x0, 0x0, 0x2f, 0xfd, 0x0, 0x4, 0xfc, 0xca,
    0x0, 0x36, 0xe0, 0x0, 0x4f, 0x55, 0x40, 0x0,
    0x3e, 0x0, 0x4, 0xf0, 0x0, 0x0, 0x3, 0xe0,
    0x0, 0x4f, 0x0, 0x0, 0x0, 0x3e, 0x14, 0x4,
    0xf0, 0x0, 0x0, 0x4, 0xfe, 0x60, 0x4f, 0x0,
    0x0, 0x0, 0x9f, 0x75, 0x58, 0xf5, 0x55, 0x30,
    0xb, 0x34, 0xdd, 0xdd, 0xdd, 0xd8,

    /* U+8BB0 "记" */
    0x0, 0x60, 0x0, 0x0, 0x0, 0x0, 0x0, 0x1d,
    0xb0, 0x4f, 0xff, 0xff, 0xe0, 0x0, 0x1d, 0x50,
    0x22, 0x22, 0x6e, 0x0, 0x0, 0x0, 0x0, 0x0,
    0x4, 0xe0, 0x3f, 0xfe, 0x0, 0x0, 0x0, 0x4e,
    0x0, 0x26, 0xe0, 0x2f, 0xff, 0xff, 0xe0, 0x0,
    0x4e, 0x2, 0xf3, 0x33, 0x6e, 0x0, 0x4, 0xe0,
    0x2f, 0x0, 0x0, 0x0, 0x0, 0x4e, 0x3, 0xf0,
    0x0, 0x1, 0x0, 0x4, 0xfc, 0xaf, 0x0, 0x0,
    0x7b, 0x0, 0x8f, 0xa3, 0xf5, 0x22, 0x2b, 0x90,
    0x9, 0x50, 0xb, 0xff, 0xff, 0xd2,

    /* U+8BBE "设" */
    0x0, 0x0, 0x0, 0x0, 0x0, 0x0, 0x0, 0x6d,
    0x10, 0xe, 0xff, 0xf3, 0x0, 0x0, 0x9d, 0x0,
    0xf4, 0x1e, 0x30, 0x0, 0x0, 0x20, 0x4f, 0x0,
    0xe3, 0x0, 0x6a, 0xa2, 0x5e, 0x70, 0xb, 0xdc,
    0x3, 0x6f, 0x34, 0x72, 0x22, 0x34, 0x10, 0x0,
    0xe3, 0x3f, 0xff, 0xff, 0xf2, 0x0, 0xe, 0x30,
    0x8c, 0x0, 0x9b, 0x0, 0x0, 0xe3, 0x30, 0xe8,
    0x5f, 0x30, 0x0, 0xe, 0xdc, 0x2, 0xff, 0x50,
    0x0, 0x4, 0xfa, 0x15, 0xce, 0xde, 0x82, 0x0,
    0x37, 0xa, 0xd7, 0x0, 0x7d, 0xd0, 0x0, 0x0,
    0x0, 0x0, 0x0, 0x0, 0x0,

    /* U+8BCD "词" */
    0x1, 0x0, 0x0, 0x0, 0x0, 0x0, 0x9, 0xc1,
    0x3f, 0xff, 0xff, 0xfc, 0x0, 0x9a, 0x2, 0x22,
    0x22, 0x6c, 0x0, 0x0, 0x1f, 0xff, 0xfd, 0x5c,
    0x8e, 0xe4, 0x0, 0x0, 0x0, 0x5c, 0x12, 0xd4,
    0x9, 0xff, 0xf4, 0x5c, 0x0, 0xd4, 0x9, 0x71,
    0xc4, 0x5c, 0x0, 0xd4, 0x9, 0x70, 0xc4, 0x5c,
    0x0, 0xd5, 0x69, 0xff, 0xf4, 0x5c, 0x0, 0xdf,
    0xa9, 0x71, 0x10, 0x5c, 0x3, 0xf7, 0x0, 0x0,
    0x12, 0x8c, 0x1, 0x50, 0x0, 0x0, 0x2f, 0xe7,

    /* U+8BD5 "试" */
    0x4, 0x60, 0x0, 0x0, 0xb8, 0xa0, 0x0, 0x3f,
    0x60, 0x0, 0xb, 0x8a, 0x90, 0x0, 0x5b, 0x23,
    0x33, 0xb9, 0x49, 0x0, 0x0, 0xc, 0xff, 0xff,
    0xff, 0xf1, 0x5c, 0xc3, 0x0, 0x0, 0x99, 0x0,
    0x3, 0x7e, 0x41, 0x33, 0x38, 0xa0, 0x0, 0x0,
    0xd4, 0x5e, 0xfe, 0x7c, 0x0, 0x0, 0xd, 0x40,
    0x2e, 0x5, 0xe0, 0x0, 0x0, 0xd4, 0x2, 0xe0,
    0x2f, 0x2, 0x0, 0xd, 0xba, 0x4f, 0xa5, 0xf4,
    0xd1, 0x3, 0xfb, 0x9f, 0xb6, 0x19, 0xee, 0x0,
    0x17, 0x1, 0x0, 0x0, 0x2e, 0x70, 0x0, 0x0,
    0x0, 0x0, 0x0, 0x0, 0x0,

    /* U+8C03 "调" */
    0x1, 0x0, 0x0, 0x0, 0x0, 0x0, 0x9, 0xc1,
    0xf, 0xff, 0xff, 0xfe, 0x0, 0x99, 0xf, 0x1,
    0xe0, 0x2e, 0x0, 0x0, 0xf, 0x4e, 0xfe, 0x4e,
    0x8e, 0xe3, 0xf, 0x0, 0xd0, 0x2e, 0x23, 0xf3,
    0x1f, 0x7e, 0xee, 0x9e, 0x0, 0xe3, 0x1e, 0x0,
    0x0, 0x2e, 0x0, 0xe3, 0x2d, 0x5f, 0xdf, 0x3e,
    0x0, 0xe4, 0x6c, 0x58, 0xd, 0x3e, 0x0, 0xff,
    0xf9, 0x5f, 0xee, 0x3e, 0x5, 0xf8, 0xe4, 0x35,
    0x0, 0x3e, 0x3, 0x53, 0xb0, 0x0, 0x8, 0xf9,
    0x0, 0x0, 0x0, 0x0, 0x0, 0x0,

    /* U+8D1D "贝" */
    0x0, 0xef, 0xff, 0xff, 0xff, 0x90, 0x0, 0xe5,
    0x11, 0x21, 0x1a, 0x90, 0x0, 0xe4, 0x4, 0xf0,
    0xa, 0x90, 0x0, 0xe4, 0x4, 0xf0, 0xa, 0x90,
    0x0, 0xe4, 0x4, 0xf0, 0xa, 0x90, 0x0, 0xe4,
    0x5, 0xe0, 0xa, 0x90, 0x0, 0xe4, 0x9, 0xb0,
    0xa, 0x90, 0x0, 0xa3, 0x1f, 0x50, 0x6, 0x60,
    0x0, 0x1, 0xcb, 0x1c, 0x60, 0x0, 0x1, 0x7f,
    0xa0, 0x4, 0xce, 0x70, 0x2f, 0xc5, 0x0, 0x0,
    0x4, 0xd7, 0x1, 0x0, 0x0, 0x0, 0x0, 0x0,

    /* U+8D39 "费" */
    0x0, 0x0, 0xe3, 0xe, 0x30, 0x0, 0x7, 0xdd,
    0xfe, 0xdf, 0xed, 0xf0, 0x1, 0x66, 0xf8, 0x6f,
    0x88, 0xf0, 0x5, 0xb5, 0xf6, 0x5f, 0x75, 0x50,
    0x7, 0xee, 0xfd, 0xdf, 0xed, 0xea, 0x1, 0x7f,
    0x60, 0xe, 0x35, 0xc7, 0x1f, 0xf9, 0x33, 0x36,
    0x45, 0x30, 0x2, 0xdd, 0xcc, 0xcc, 0xcf, 0x40,
    0x0, 0xd5, 0x5, 0x90, 0xe, 0x40, 0x0, 0xd5,
    0x1d, 0x72, 0xe, 0x40, 0x0, 0x68, 0xdb, 0x4e,
    0xdc, 0x40, 0x3f, 0xfb, 0x40, 0x0, 0x38, 0xea,
    0x2, 0x0, 0x0, 0x0, 0x0, 0x1,

    /* U+8D5A "赚" */
    0x0, 0x0, 0x0, 0x51, 0x0, 0x81, 0x0, 0xff,
    0xff, 0x6, 0xa0, 0x5c, 0x0, 0xe, 0x1, 0xe4,
    0xbe, 0xbe, 0xcb, 0x20, 0xe6, 0x7e, 0x13, 0xe3,
    0xf3, 0x30, 0xe, 0x67, 0xe0, 0xff, 0xff, 0xfb,
    0x0, 0xe6, 0x7e, 0x25, 0xe5, 0xf6, 0xd2, 0xe,
    0x67, 0xe3, 0x7f, 0x7f, 0x8d, 0x30, 0xe7, 0x6e,
    0xb, 0xfb, 0xfc, 0xb0, 0x4, 0xa6, 0x40, 0x8f,
    0x2e, 0x92, 0x0, 0x1d, 0xa7, 0x1d, 0xf0, 0xed,
    0x20, 0xc, 0x61, 0xac, 0x8e, 0xe, 0x4e, 0x24,
    0x70, 0x0, 0x60, 0xe0, 0xe0, 0x50,

    /* U+8D62 "赢" */
    0x0, 0x0, 0x3, 0xb0, 0x0, 0x0, 0x9, 0xdf,
    0xdd, 0xdd, 0xdd, 0xdd, 0xd2, 0x0, 0xea, 0xaa,
    0xaa, 0xaa, 0xa5, 0x0, 0xa, 0xaa, 0xaa, 0xaa,
    0xa8, 0x0, 0x0, 0xf6, 0x55, 0x55, 0x58, 0xd0,
    0x0, 0x8, 0x88, 0x88, 0x88, 0x87, 0x0, 0xc,
    0xce, 0x7d, 0xcb, 0xbd, 0xe3, 0x0, 0xc7, 0xe8,
    0x66, 0xbc, 0x49, 0x40, 0xd, 0x6e, 0x89, 0x7b,
    0xdc, 0xa4, 0x0, 0xec, 0xf7, 0xb7, 0x9e, 0x6f,
    0x40, 0x4c, 0xd, 0x2d, 0xc7, 0xb0, 0xa8, 0x37,
    0x5b, 0xca, 0x40, 0xa2, 0x7, 0xd2, 0x0, 0x0,
    0x0, 0x0, 0x0, 0x0, 0x0,

    /* U+8D70 "走" */
    0x0, 0x0, 0x2, 0xf1, 0x0, 0x0, 0x0, 0x4,
    0x44, 0x6f, 0x54, 0x44, 0x0, 0x0, 0xdd, 0xde,
    0xfd, 0xdd, 0xd2, 0x0, 0x0, 0x0, 0x2f, 0x10,
    0x0, 0x0, 0x2f, 0xff, 0xff, 0xff, 0xff, 0xff,
    0x20, 0x23, 0x32, 0x4f, 0x32, 0x22, 0x20, 0x0,
    0x6e, 0x2, 0xf1, 0x0, 0x0, 0x0, 0x9, 0xb0,
    0x2f, 0xff, 0xff, 0x40, 0x0, 0xdf, 0x12, 0xf3,
    0x22, 0x20, 0x0, 0x3f, 0xac, 0x4f, 0x10, 0x0,
    0x0, 0xc, 0x90, 0xbf, 0xf5, 0x32, 0x22, 0x14,
    0xd1, 0x0, 0x5a, 0xef, 0xff, 0xf4, 0x0, 0x0,
    0x0, 0x0, 0x0, 0x0, 0x0,

    /* U+8D77 "起" */
    0x0, 0xb, 0x60, 0x0, 0x0, 0x0, 0x0, 0x34,
    0xd9, 0x42, 0xcf, 0xff, 0xf0, 0x9, 0xbe, 0xdb,
    0x50, 0x0, 0x3f, 0x0, 0x11, 0xc7, 0x10, 0x0,
    0x2, 0xf0, 0x1f, 0xff, 0xff, 0xba, 0xff, 0xff,
    0x0, 0x0, 0x7a, 0x0, 0xb8, 0x13, 0xd0, 0x7,
    0x67, 0xa1, 0xb, 0x70, 0x0, 0x0, 0xa8, 0x7f,
    0xf9, 0xb7, 0x0, 0x56, 0xb, 0xb7, 0xa0, 0xa,
    0x92, 0x2a, 0x90, 0xcf, 0xca, 0x0, 0x5e, 0xff,
    0xe3, 0xf, 0x5f, 0xd5, 0x32, 0x22, 0x22, 0x24,
    0xd0, 0x2a, 0xdf, 0xff, 0xff, 0xf8, 0x3, 0x0,
    0x0, 0x0, 0x0, 0x0, 0x0,

    /* U+8D9F "趟" */
    0x0, 0xf, 0x10, 0x21, 0x3b, 0x3, 0x0, 0x12,
    0xf3, 0x26, 0xa3, 0xb1, 0xe0, 0x9, 0xdf, 0xdb,
    0xe, 0x5b, 0x77, 0x0, 0x0, 0xf1, 0x4, 0x89,
    0xd8, 0x70, 0x1c, 0xcf, 0xdc, 0xaa, 0x66, 0x6f,
    0x10, 0x22, 0xd5, 0x29, 0x6c, 0xc5, 0xe1, 0x9,
    0x6c, 0x74, 0x96, 0xb4, 0x6e, 0x10, 0xa6, 0xcb,
    0x99, 0x6d, 0xd6, 0xe1, 0xa, 0xcc, 0x40, 0x96,
    0x60, 0xe, 0x10, 0xcd, 0xf4, 0x9, 0x60, 0xb,
    0xe0, 0xe, 0x2e, 0xc5, 0x32, 0x11, 0x11, 0x4,
    0xb0, 0x18, 0xcf, 0xff, 0xff, 0xf7, 0x1, 0x0,
    0x0, 0x0, 0x0, 0x0, 0x0,

    /* U+8DEF "路" */
    0x0, 0x0, 0x0, 0x5, 0x20, 0x0, 0x0, 0xef,
    0xff, 0x21, 0xfe, 0xdc, 0x0, 0xe, 0x20, 0xe2,
    0x8c, 0x27, 0xf2, 0x0, 0xe3, 0x1e, 0x7f, 0xf2,
    0xcb, 0x0, 0xd, 0xef, 0xeb, 0x68, 0xde, 0x10,
    0x0, 0x23, 0xc0, 0x0, 0x6f, 0xd3, 0x0, 0xf,
    0x3e, 0xa7, 0xcb, 0x26, 0xfb, 0x10, 0xf3, 0xd4,
    0x8e, 0xee, 0xef, 0x90, 0xf, 0x3c, 0x0, 0xd5,
    0x11, 0xd5, 0x0, 0xf4, 0xea, 0x5d, 0x40, 0xd,
    0x50, 0x5f, 0xfe, 0xa3, 0xd7, 0x44, 0xe5, 0x4,
    0x73, 0x0, 0xd, 0xdb, 0xbe, 0x50,

    /* U+8F66 "车" */
    0x0, 0x0, 0x4d, 0x10, 0x0, 0x0, 0x0, 0x0,
    0xa, 0xd0, 0x0, 0x0, 0x0, 0xf, 0xff, 0xff,
    0xff, 0xff, 0xff, 0x0, 0x11, 0xac, 0x13, 0x41,
    0x11, 0x10, 0x0, 0x2f, 0x30, 0x7c, 0x0, 0x0,
    0x0, 0xc, 0xc3, 0x39, 0xd3, 0x33, 0x0, 0x1,
    0xff, 0xff, 0xff, 0xff, 0xf2, 0x0, 0x0, 0x0,
    0x7, 0xc0, 0x0, 0x0, 0x4, 0x44, 0x44, 0xad,
    0x44, 0x44, 0x12, 0xee, 0xee, 0xef, 0xfe, 0xee,
    0xe3, 0x0, 0x0, 0x0, 0x7c, 0x0, 0x0, 0x0,
    0x0, 0x0, 0x7, 0xc0, 0x0, 0x0,

    /* U+8F6C "转" */
    0x0, 0x28, 0x0, 0x0, 0x46, 0x0, 0x0, 0x38,
    0xd3, 0x23, 0x3b, 0xa3, 0x30, 0x2d, 0xfe, 0xd9,
    0xde, 0xfe, 0xdd, 0x0, 0xe, 0x52, 0x0, 0x4f,
    0x10, 0x0, 0x5, 0xaa, 0x74, 0xff, 0xff, 0xff,
    0x60, 0xdb, 0xdc, 0x51, 0xe6, 0x11, 0x10, 0x6,
    0x6d, 0xa4, 0x3f, 0xdd, 0xda, 0x0, 0x0, 0xa8,
    0x31, 0x44, 0x6f, 0x50, 0x19, 0xbf, 0xfb, 0x6,
    0x1b, 0x90, 0x1, 0xa7, 0xc7, 0x1, 0xbf, 0xe0,
    0x0, 0x0, 0xa, 0x70, 0x0, 0x7f, 0x80, 0x0,
    0x0, 0xa7, 0x0, 0x0, 0x4c, 0x0, 0x0, 0x0,
    0x0, 0x0, 0x0, 0x0, 0x0,

    /* U+8FB9 "边" */
    0x0, 0x0, 0x0, 0x0, 0x0, 0x0, 0x0, 0xa7,
    0x0, 0x0, 0xf4, 0x0, 0x0, 0x4, 0xf6, 0x0,
    0xf, 0x30, 0x0, 0x0, 0x6, 0x78, 0xee, 0xfe,
    0xee, 0xc0, 0x0, 0x0, 0x24, 0x7f, 0x44, 0x8d,
    0x2, 0x55, 0x10, 0x5, 0xe0, 0x6, 0xc0, 0x6d,
    0xf4, 0x0, 0x9b, 0x0, 0x7c, 0x0, 0xe, 0x40,
    0xe, 0x60, 0x8, 0xb0, 0x0, 0xe4, 0x8, 0xe0,
    0x0, 0xa9, 0x0, 0xe, 0x47, 0xf5, 0x5, 0x6e,
    0x60, 0x3, 0xf7, 0x85, 0x0, 0xcd, 0xa0, 0x4,
    0xfc, 0xfb, 0x53, 0x22, 0x23, 0x42, 0x7a, 0x2,
    0x9e, 0xff, 0xff, 0xff, 0x40, 0x0, 0x0, 0x0,
    0x0, 0x0, 0x0,

    /* U+8FBE "达" */
    0x8, 0x10, 0x0, 0xe, 0x50, 0x0, 0x0, 0xca,
    0x0, 0x0, 0xe5, 0x0, 0x0, 0x3, 0xf3, 0x33,
    0x3f, 0x73, 0x33, 0x0, 0x5, 0xf, 0xff, 0xff,
    0xff, 0xd0, 0x12, 0x20, 0x0, 0x2f, 0x10, 0x0,
    0x9, 0xff, 0x40, 0x6, 0xfb, 0x0, 0x0, 0x0,
    0xe4, 0x0, 0xd6, 0xbc, 0x0, 0x0, 0xe, 0x40,
    0x8e, 0x0, 0xcb, 0x0, 0x0, 0xe5, 0xbf, 0x30,
    0x1, 0xe8, 0x0, 0x5f, 0x86, 0x20, 0x0, 0x3,
    0x20, 0x5f, 0x6c, 0xd7, 0x43, 0x45, 0x69, 0x15,
    0x70, 0x5, 0xbd, 0xee, 0xdd, 0xb0, 0x0, 0x0,
    0x0, 0x0, 0x0, 0x0, 0x0,

    /* U+8FC7 "过" */
    0x8, 0x10, 0x0, 0x0, 0xf, 0x40, 0x0, 0xad,
    0x0, 0x0, 0x0, 0xf4, 0x0, 0x0, 0xc5, 0xbd,
    0xdd, 0xdf, 0xed, 0x0, 0x0, 0x4, 0x44, 0x44,
    0xf7, 0x40, 0x1, 0x10, 0x18, 0x0, 0xf, 0x40,
    0x8, 0xff, 0x40, 0xc9, 0x0, 0xf4, 0x0, 0x0,
    0xe4, 0x2, 0xf3, 0xf, 0x40, 0x0, 0xd, 0x40,
    0x3, 0x0, 0xf4, 0x0, 0x0, 0xd4, 0x0, 0x27,
    0x7f, 0x30, 0x0, 0x7f, 0xa2, 0x0, 0xbb, 0x70,
    0x0, 0x8e, 0x59, 0xfe, 0xdc, 0xcd, 0xdd, 0x21,
    0x30, 0x0, 0x45, 0x66, 0x55, 0x40,

    /* U+8FD4 "返" */
    0x4, 0x0, 0x0, 0x13, 0x46, 0x95, 0x0, 0xda,
    0x2, 0xff, 0xec, 0xb8, 0x50, 0x1, 0xe5, 0x2f,
    0x0, 0x0, 0x0, 0x0, 0x0, 0x2, 0xfb, 0xaa,
    0xab, 0x40, 0x12, 0x20, 0x3f, 0x66, 0x66, 0xf3,
    0x7, 0xff, 0x44, 0xe7, 0x90, 0x8d, 0x0, 0x0,
    0xe4, 0x6c, 0x1c, 0xcf, 0x40, 0x0, 0xe, 0x4b,
    0x90, 0x4f, 0xf2, 0x0, 0x0, 0xe7, 0xf5, 0x8f,
    0x8a, 0xe3, 0x0, 0x2f, 0x87, 0x2b, 0x30, 0x9,
    0x40, 0x3f, 0x8e, 0xa4, 0x21, 0x12, 0x47, 0x26,
    0x90, 0x18, 0xdf, 0xff, 0xff, 0xf1, 0x0, 0x0,
    0x0, 0x1, 0x0, 0x0, 0x0,

    /* U+8FD8 "还" */
    0x6, 0x30, 0x0, 0x0, 0x0, 0x0, 0x0, 0x8e,
    0x2c, 0xff, 0xff, 0xff, 0xf0, 0x0, 0xaa, 0x23,
    0x38, 0xf4, 0x33, 0x0, 0x0, 0x0, 0x1, 0xe9,
    0x0, 0x0, 0x25, 0x51, 0x0, 0xbf, 0x86, 0x0,
    0x6, 0xdf, 0x40, 0xaf, 0xd9, 0xdb, 0x0, 0x0,
    0xe5, 0xcf, 0x4b, 0x81, 0xda, 0x0, 0xe, 0x6b,
    0x20, 0xb8, 0x2, 0xa0, 0x0, 0xe4, 0x0, 0xb,
    0x80, 0x0, 0x0, 0x2f, 0x60, 0x0, 0xb8, 0x0,
    0x0, 0x4f, 0xcf, 0xb5, 0x33, 0x33, 0x34, 0x26,
    0xa0, 0x18, 0xdf, 0xff, 0xff, 0xe4, 0x0, 0x0,
    0x0, 0x0, 0x0, 0x0, 0x0,

    /* U+8FD9 "这" */
    0x2, 0x0, 0x0, 0x3d, 0x0, 0x0, 0x2, 0xf6,
    0x0, 0x0, 0xe6, 0x0, 0x0, 0x4, 0xf7, 0xff,
    0xff, 0xff, 0xff, 0x0, 0x2, 0x3, 0x22, 0x23,
    0xf6, 0x20, 0x1, 0x10, 0x9d, 0x20, 0x7e, 0x0,
    0x7, 0xff, 0x30, 0x7f, 0x7e, 0x60, 0x0, 0x0,
    0xe3, 0x0, 0x4f, 0xf1, 0x0, 0x0, 0xe, 0x30,
    0x2c, 0xcc, 0xd2, 0x0, 0x0, 0xe5, 0xaf, 0xa0,
    0xa, 0xf4, 0x0, 0x2f, 0x79, 0x30, 0x0, 0x7,
    0x20, 0x3f, 0xae, 0xb5, 0x32, 0x23, 0x58, 0x26,
    0xa0, 0x18, 0xdf, 0xff, 0xff, 0xf0, 0x0, 0x0,
    0x0, 0x0, 0x0, 0x0, 0x0,

    /* U+8FDB "进" */
    0x0, 0x0, 0x0, 0x0, 0x0, 0x0, 0x0, 0xb7,
    0x0, 0xf, 0x20, 0xf3, 0x0, 0x0, 0xb4, 0xad,
    0xfd, 0xdf, 0xea, 0x0, 0x0, 0x3, 0x5f, 0x64,
    0xf7, 0x30, 0x13, 0x31, 0x0, 0xf2, 0xf, 0x30,
    0x8, 0xff, 0x42, 0x4f, 0x43, 0xf5, 0x30, 0x0,
    0xe4, 0xdf, 0xff, 0xff, 0xff, 0x0, 0xd, 0x40,
    0x6d, 0x0, 0xf3, 0x0, 0x0, 0xd4, 0xd, 0x80,
    0xf, 0x30, 0x0, 0xe, 0x47, 0xd0, 0x0, 0xf3,
    0x0, 0x2c, 0x7b, 0x85, 0x21, 0x2a, 0x67, 0x26,
    0x80, 0x7, 0xdf, 0xff, 0xff, 0xe0, 0x0, 0x0,
    0x0, 0x0, 0x0, 0x0, 0x0,

    /* U+8FDC "远" */
    0x0, 0x0, 0x0, 0x0, 0x0, 0x0, 0x1, 0xe6,
    0x3, 0xff, 0xff, 0xff, 0x30, 0x4, 0xe6, 0x0,
    0x0, 0x0, 0x0, 0x0, 0x2, 0x1, 0x11, 0x11,
    0x11, 0x10, 0x23, 0x32, 0xff, 0xff, 0xff, 0xff,
    0x8, 0xef, 0x40, 0x1f, 0x28, 0x90, 0x0, 0x0,
    0xe3, 0x3, 0xf0, 0x89, 0x0, 0x0, 0xe, 0x30,
    0x8b, 0x8, 0x90, 0x70, 0x0, 0xe4, 0x6f, 0x40,
    0x8a, 0x3f, 0x0, 0xe, 0x7e, 0x50, 0x4, 0xde,
    0x90, 0x1d, 0xde, 0x93, 0x11, 0x11, 0x23, 0x16,
    0xb0, 0x18, 0xdf, 0xff, 0xff, 0xe1, 0x0, 0x0,
    0x0, 0x0, 0x0, 0x0, 0x0,

    /* U+9000 "退" */
    0x0, 0x0, 0x0, 0x0, 0x0, 0x0, 0x0, 0xd5,
    0x2, 0xff, 0xff, 0xfe, 0x0, 0x5, 0xf4, 0x2f,
    0x32, 0x26, 0xe0, 0x0, 0x4, 0x12, 0xfc, 0xbb,
    0xce, 0x0, 0x12, 0x20, 0x2f, 0x43, 0x36, 0xe0,
    0x7, 0xff, 0x42, 0xfb, 0xbb, 0xbc, 0x10, 0x0,
    0xe4, 0x2f, 0x9, 0x84, 0xe8, 0x0, 0xe, 0x42,
    0xf0, 0x1c, 0xf5, 0x0, 0x0, 0xe4, 0x4f, 0x9d,
    0x2a, 0xc1, 0x0, 0xe, 0x57, 0xc7, 0x30, 0x9,
    0x50, 0x1d, 0xbd, 0x93, 0x10, 0x1, 0x24, 0x17,
    0xa0, 0x8, 0xdf, 0xff, 0xff, 0xf1, 0x0, 0x0,
    0x0, 0x0, 0x0, 0x0, 0x0,

    /* U+9009 "选" */
    0x5, 0x0, 0x4, 0x44, 0xe0, 0x0, 0x2, 0xe9,
    0x0, 0xd8, 0x5e, 0x11, 0x0, 0x2, 0xf5, 0x4f,
    0xff, 0xff, 0xfb, 0x0, 0x2, 0xc, 0x80, 0x4e,
    0x0, 0x0, 0x0, 0x0, 0x66, 0x69, 0xf6, 0x66,
    0x26, 0xff, 0x39, 0x9e, 0xdb, 0xf9, 0x93, 0x12,
    0xe3, 0x0, 0xd6, 0x4e, 0x0, 0x0, 0xe, 0x30,
    0x4f, 0x14, 0xe0, 0x52, 0x0, 0xe3, 0x5f, 0x80,
    0x4e, 0x2c, 0x50, 0xe, 0x6d, 0x70, 0x1, 0xdf,
    0xd1, 0x9, 0xdc, 0xa4, 0x21, 0x11, 0x35, 0x34,
    0xd1, 0x6, 0xcf, 0xff, 0xff, 0xf3, 0x0, 0x0,
    0x0, 0x0, 0x0, 0x0, 0x0,

    /* U+901F "速" */
    0x5, 0x0, 0x0, 0xe, 0x30, 0x0, 0x1, 0xda,
    0x2c, 0xcc, 0xfd, 0xcc, 0xa0, 0x1, 0xe5, 0x22,
    0x2e, 0x62, 0x22, 0x0, 0x0, 0xc, 0xee, 0xff,
    0xee, 0x40, 0x35, 0x52, 0xc4, 0xe, 0x40, 0xe4,
    0x8, 0xff, 0x5c, 0x62, 0xe5, 0x2e, 0x40, 0x0,
    0xd5, 0xac, 0xef, 0xfc, 0xc3, 0x0, 0xc, 0x50,
    0x3e, 0xfe, 0xa1, 0x0, 0x0, 0xc6, 0x8e, 0x3e,
    0x47, 0xe3, 0x0, 0x1e, 0x89, 0x10, 0xe3, 0x4,
    0x20, 0x2e, 0xad, 0xa4, 0x11, 0x11, 0x36, 0x7,
    0x90, 0x7, 0xdf, 0xff, 0xff, 0xc0, 0x0, 0x0,
    0x0, 0x0, 0x0, 0x0, 0x0,

    /* U+90A3 "那" */
    0x0, 0x0, 0x0, 0x0, 0x0, 0x0, 0x0, 0xef,
    0xff, 0xfe, 0x2f, 0xff, 0xf5, 0x1, 0x5f, 0x15,
    0xe2, 0xe2, 0x4f, 0x10, 0x15, 0xe1, 0x5e, 0x2e,
    0x9, 0x90, 0xb, 0xff, 0xff, 0xe2, 0xe0, 0xe2,
    0x0, 0x6, 0xa0, 0x5e, 0x2e, 0x2e, 0x20, 0x1,
    0x89, 0x16, 0xe2, 0xe0, 0x5d, 0x0, 0xdf, 0xff,
    0xfe, 0x2e, 0x0, 0xe3, 0x0, 0xd3, 0x5, 0xd2,
    0xe0, 0xe, 0x40, 0x2f, 0x0, 0x7d, 0x2e, 0xaf,
    0xe1, 0xa, 0xa2, 0x4c, 0xb2, 0xe1, 0x20, 0x0,
    0xc2, 0x6f, 0xe4, 0x2e, 0x0, 0x0, 0x0, 0x0,
    0x0, 0x0, 0x20, 0x0, 0x0,

    /* U+90E8 "部" */
    0x0, 0x4, 0x60, 0x0, 0x0, 0x0, 0x0, 0x23,
    0x7e, 0x33, 0x1b, 0xff, 0xf5, 0xa, 0xee, 0xde,
    0xe5, 0xb5, 0x2f, 0x10, 0xd, 0x40, 0x9a, 0xb,
    0x47, 0xa0, 0x0, 0x7a, 0xe, 0x30, 0xb5, 0xd3,
    0x1, 0xef, 0xff, 0xfe, 0xab, 0x5d, 0x50, 0x0,
    0x0, 0x0, 0x0, 0xb4, 0x3e, 0x0, 0x6f, 0xff,
    0xff, 0x1b, 0x40, 0xd3, 0x6, 0xc2, 0x23, 0xf1,
    0xb5, 0x1f, 0x40, 0x6b, 0x0, 0xf, 0x1b, 0x9f,
    0xb0, 0x6, 0xfe, 0xee, 0xf1, 0xb4, 0x0, 0x0,
    0x6c, 0x22, 0x3e, 0x1b, 0x40, 0x0,

    /* U+914D "配" */
    0x1f, 0xff, 0xff, 0xba, 0xee, 0xee, 0x30, 0x15,
    0x9d, 0x21, 0x23, 0x33, 0xf3, 0xc, 0xff, 0xff,
    0x70, 0x0, 0xe, 0x30, 0xc4, 0x89, 0x87, 0x35,
    0x55, 0xf3, 0xc, 0x57, 0x98, 0x7a, 0xeb, 0xbf,
    0x30, 0xca, 0x2b, 0xd7, 0xa8, 0x0, 0xe3, 0xc,
    0x40, 0x8, 0x7a, 0x80, 0x1, 0x0, 0xce, 0xdd,
    0xf7, 0xa8, 0x0, 0x10, 0xc, 0x20, 0x8, 0x7a,
    0x80, 0x6, 0xa0, 0xcf, 0xff, 0xf7, 0x9b, 0x33,
    0xb8, 0xc, 0x20, 0x6, 0x64, 0xde, 0xed, 0x20,

    /* U+9165 "酥" */
    0x0, 0x0, 0x0, 0x0, 0x0, 0x11, 0x6, 0xff,
    0xff, 0xf1, 0x47, 0xcf, 0xa0, 0x0, 0xd6, 0x80,
    0x48, 0x8f, 0x10, 0x2, 0xff, 0xff, 0xd0, 0x3,
    0xe0, 0x0, 0x2c, 0x96, 0x5d, 0x8c, 0xdf, 0xcc,
    0x32, 0xc9, 0x65, 0xd3, 0x5e, 0xfc, 0x41, 0x2d,
    0x94, 0xcd, 0x4, 0xef, 0xe0, 0x2, 0xc1, 0x1,
    0xd0, 0xb8, 0xea, 0x60, 0x2f, 0xdd, 0xed, 0x6d,
    0x3e, 0x4e, 0x12, 0xc0, 0x1, 0xdd, 0x43, 0xe0,
    0xb4, 0x2f, 0xff, 0xfd, 0x20, 0x3e, 0x0, 0x2,
    0xc0, 0x1, 0xb0, 0x3, 0xe0, 0x0, 0x0, 0x0,
    0x0, 0x0, 0x0, 0x0, 0x0,

    /* U+91CC "里" */
    0x0, 0xcf, 0xff, 0xff, 0xff, 0xf5, 0x0, 0xc,
    0x71, 0x1d, 0x51, 0x1e, 0x50, 0x0, 0xcf, 0xff,
    0xff, 0xff, 0xf5, 0x0, 0xc, 0x60, 0xd, 0x50,
    0xe, 0x50, 0x0, 0xce, 0xcc, 0xfd, 0xcc, 0xf5,
    0x0, 0x3, 0x44, 0x4e, 0x84, 0x44, 0x10, 0x0,
    0x22, 0x22, 0xe7, 0x22, 0x22, 0x0, 0x3f, 0xff,
    0xff, 0xff, 0xff, 0xc0, 0x0, 0x0, 0x0, 0xe6,
    0x0, 0x0, 0x0, 0x33, 0x33, 0x3e, 0x83, 0x33,
    0x31, 0x1d, 0xdd, 0xdd, 0xdd, 0xdd, 0xdd, 0x60,

    /* U+91D1 "金" */
    0x0, 0x0, 0x0, 0x0, 0x0, 0x0, 0x0, 0x0,
    0x0, 0x1d, 0x40, 0x0, 0x0, 0x0, 0x0, 0x2d,
    0xfc, 0x10, 0x0, 0x0, 0x0, 0x6e, 0x90, 0x8e,
    0x50, 0x0, 0x7, 0xef, 0x81, 0x11, 0x6f, 0xd6,
    0x4, 0xf9, 0xef, 0xff, 0xff, 0xe8, 0xe4, 0x0,
    0x0, 0x2, 0xf1, 0x0, 0x0, 0x0, 0x12, 0x22,
    0x5f, 0x42, 0x22, 0x10, 0x6, 0xee, 0xee, 0xfe,
    0xee, 0xe6, 0x0, 0x3, 0xb0, 0x2f, 0x10, 0xc3,
    0x0, 0x0, 0xe, 0x52, 0xf1, 0x6d, 0x0, 0x0,
    0x11, 0x77, 0x4f, 0x3a, 0x51, 0x10, 0xf, 0xff,
    0xff, 0xff, 0xff, 0xff, 0x10,

    /* U+949F "钟" */
    0x0, 0xb4, 0x0, 0x0, 0x4e, 0x0, 0x0, 0x3f,
    0x64, 0x20, 0x4, 0xe0, 0x0, 0xd, 0xed, 0xd7,
    0x0, 0x5e, 0x0, 0x4, 0xe3, 0x22, 0x1f, 0xff,
    0xff, 0xf3, 0x7, 0xff, 0xf5, 0xf1, 0x4e, 0xe,
    0x30, 0x4, 0xd0, 0x1f, 0x14, 0xe0, 0xe3, 0x7,
    0x9e, 0x75, 0xf4, 0x7e, 0x3f, 0x30, 0x9b, 0xf9,
    0x6f, 0xff, 0xff, 0xf3, 0x0, 0x4d, 0x0, 0xa0,
    0x4e, 0x8, 0x10, 0x4, 0xd5, 0x60, 0x4, 0xe0,
    0x0, 0x0, 0x9f, 0xd4, 0x0, 0x4e, 0x0, 0x0,
    0x9, 0x50, 0x0, 0x4, 0xe0, 0x0,

    /* U+94A5 "钥" */
    0x0, 0x52, 0x0, 0x0, 0x0, 0x0, 0x0, 0x1f,
    0x85, 0x44, 0xff, 0xff, 0xf0, 0xb, 0xdc, 0xcb,
    0x4e, 0x11, 0x3f, 0x4, 0xe3, 0x22, 0x14, 0xe3,
    0x35, 0xf0, 0x7, 0xff, 0xf9, 0x4f, 0xdd, 0xef,
    0x0, 0x5, 0xd0, 0x4, 0xe0, 0x2, 0xf0, 0x7,
    0xae, 0x76, 0x4e, 0x22, 0x4f, 0x0, 0x9b, 0xe9,
    0x76, 0xff, 0xff, 0xf0, 0x0, 0x5d, 0x0, 0x7b,
    0x0, 0x2f, 0x0, 0x5, 0xd4, 0x5a, 0x80, 0x2,
    0xf0, 0x0, 0x9f, 0xe6, 0xf3, 0x2, 0x5f, 0x0,
    0xb, 0x70, 0x8a, 0x0, 0xaf, 0xa0, 0x0, 0x0,
    0x0, 0x0, 0x0, 0x0, 0x0,

    /* U+94B1 "钱" */
    0x0, 0xa3, 0x0, 0x4, 0xe4, 0x60, 0x0, 0x3f,
    0x75, 0x20, 0x3e, 0x3d, 0x70, 0xd, 0xed, 0xd4,
    0x3, 0xf2, 0x68, 0x4, 0xe3, 0x22, 0x1c, 0xef,
    0xca, 0x80, 0x8, 0xff, 0xf2, 0x31, 0xf1, 0x2,
    0x10, 0x4, 0xc0, 0x15, 0x7f, 0xde, 0xc4, 0xc,
    0xdf, 0xc8, 0xa7, 0xd7, 0x8, 0x30, 0x48, 0xd4,
    0x20, 0x9, 0x98, 0xe1, 0x0, 0x4c, 0x0, 0x0,
    0x5e, 0xf3, 0x0, 0x4, 0xd9, 0x90, 0x2b, 0xf5,
    0x22, 0x0, 0x8f, 0xa3, 0xaf, 0xab, 0xb7, 0x90,
    0x9, 0x40, 0x2a, 0x20, 0x1b, 0xd3,

    /* U+94DC "铜" */
    0x0, 0x61, 0x0, 0x0, 0x0, 0x0, 0x0, 0x3f,
    0x53, 0x6f, 0xff, 0xff, 0xf1, 0x1d, 0xca, 0xa8,
    0xa2, 0x22, 0x1e, 0x16, 0xd2, 0x22, 0x59, 0xce,
    0xe3, 0xe1, 0x9, 0xff, 0xe7, 0x90, 0x0, 0xe,
    0x10, 0x9, 0x80, 0x59, 0x9f, 0xf1, 0xe1, 0x28,
    0xcc, 0x87, 0x9a, 0x1b, 0x1e, 0x12, 0x8c, 0xc8,
    0x69, 0xa1, 0xb1, 0xe1, 0x0, 0x98, 0x5, 0x9a,
    0xff, 0x1e, 0x10, 0x9, 0xaa, 0x79, 0x71, 0x0,
    0xe1, 0x0, 0xcf, 0x85, 0x90, 0x1, 0x2f, 0x10,
    0x1b, 0x20, 0x59, 0x0, 0x8f, 0xb0,

    /* U+9501 "锁" */
    0x0, 0xb2, 0x0, 0x30, 0xe3, 0x3, 0x0, 0x5f,
    0x54, 0x3e, 0x2e, 0x35, 0xe1, 0x1e, 0xdc, 0xc5,
    0x88, 0xe3, 0xd5, 0x6, 0xc2, 0x22, 0x8, 0x7f,
    0x99, 0x60, 0x8, 0xff, 0xf3, 0xf9, 0x99, 0xbe,
    0x0, 0x6, 0xa0, 0xf, 0xc, 0x23, 0xe0, 0xc,
    0xde, 0xc4, 0xf0, 0xf3, 0x3e, 0x0, 0x49, 0xc4,
    0x2f, 0xf, 0x23, 0xe0, 0x0, 0x6a, 0x0, 0xf2,
    0xf1, 0x3e, 0x0, 0x7, 0xb8, 0x48, 0xab, 0x52,
    0x70, 0x0, 0xcf, 0xb4, 0xbe, 0x3b, 0xe7, 0x0,
    0x1c, 0x40, 0xd8, 0x10, 0x3, 0xc5, 0x0, 0x0,
    0x0, 0x0, 0x0, 0x0, 0x0,

    /* U+9508 "锈" */
    0x0, 0x71, 0x0, 0x1, 0x25, 0x81, 0x0, 0x4f,
    0x32, 0x1e, 0xef, 0xb7, 0x20, 0xd, 0xff, 0xf4,
    0x33, 0xe5, 0x33, 0x6, 0xc2, 0x22, 0x4a, 0xff,
    0xfc, 0xa2, 0x9, 0xff, 0xf0, 0x7c, 0xe9, 0xd1,
    0x0, 0x7, 0xa0, 0x8d, 0x1d, 0x27, 0xe1, 0x18,
    0xcd, 0x84, 0x98, 0xa9, 0x31, 0x1, 0x8c, 0xd8,
    0x38, 0xf7, 0xe4, 0x0, 0x0, 0x7a, 0x0, 0x4b,
    0xf, 0xfe, 0x0, 0x7, 0xb7, 0x18, 0x80, 0x3,
    0xd0, 0x0, 0xcf, 0xa4, 0xe3, 0x0, 0x5b, 0x0,
    0x9, 0x30, 0xa6, 0x1, 0xfe, 0x50, 0x0, 0x0,
    0x0, 0x0, 0x0, 0x0, 0x0,

    /* U+952E "键" */
    0x0, 0x0, 0x0, 0x0, 0x0, 0x0, 0x0, 0x1e,
    0x0, 0x0, 0x0, 0x94, 0x0, 0x6, 0xe7, 0xbf,
    0xf9, 0xdf, 0xee, 0x20, 0xdb, 0xa6, 0x2e, 0x20,
    0x94, 0xb2, 0x4b, 0x0, 0x5, 0xb5, 0xef, 0xef,
    0xd0, 0xef, 0xf8, 0xd7, 0x22, 0xb7, 0xc2, 0x1,
    0xd4, 0x5c, 0xe9, 0xad, 0xca, 0x10, 0x7e, 0x95,
    0x1a, 0x79, 0xdb, 0x93, 0x8, 0xe9, 0x8d, 0xd4,
    0x3b, 0x73, 0x10, 0xd, 0x30, 0xcf, 0x6e, 0xff,
    0xe9, 0x0, 0xd9, 0x7a, 0xf2, 0x9, 0x40, 0x0,
    0x1f, 0xc4, 0xe6, 0xe6, 0x52, 0x0, 0x4, 0xa0,
    0xd5, 0x3, 0xac, 0xff, 0xc0, 0x0, 0x1, 0x0,
    0x0, 0x0, 0x0,

    /* U+955C "镜" */
    0x0, 0x81, 0x0, 0x0, 0xa1, 0x0, 0x0, 0x4f,
    0x55, 0x3d, 0xdf, 0xed, 0xd2, 0xd, 0xdc, 0xc1,
    0x4b, 0x25, 0xd2, 0x6, 0xd0, 0x0, 0x59, 0xf8,
    0xcd, 0x84, 0xb, 0xff, 0xd4, 0x66, 0x66, 0x66,
    0x30, 0x9, 0x90, 0xf, 0xcc, 0xcd, 0xf0, 0x16,
    0xbb, 0x62, 0xf7, 0x77, 0xbf, 0x2, 0xad, 0xda,
    0x2f, 0x33, 0x38, 0xf0, 0x0, 0x89, 0x0, 0xcf,
    0xcf, 0xdc, 0x0, 0x9, 0xa9, 0x22, 0xf0, 0xe3,
    0x0, 0x0, 0xdf, 0xa1, 0xaa, 0xe, 0x34, 0x90,
    0x1c, 0x41, 0xeb, 0x10, 0xae, 0xe5, 0x0, 0x0,
    0x1, 0x0, 0x0, 0x0, 0x0,

    /* U+957F "长" */
    0x0, 0xd, 0x50, 0x0, 0x7, 0x70, 0x0, 0x0,
    0xd5, 0x0, 0x9, 0xf4, 0x0, 0x0, 0xd, 0x50,
    0x4d, 0xe3, 0x0, 0x0, 0x0, 0xd5, 0x8f, 0x91,
    0x0, 0x0, 0x0, 0xd, 0x50, 0x30, 0x0, 0x0,
    0x3, 0xff, 0xff, 0xff, 0xff, 0xff, 0xf3, 0x3,
    0x3e, 0x83, 0xac, 0x33, 0x33, 0x0, 0x0, 0xd5,
    0x2, 0xf3, 0x0, 0x0, 0x0, 0xd, 0x50, 0x8,
    0xe2, 0x0, 0x0, 0x0, 0xd5, 0x15, 0x2a, 0xf6,
    0x0, 0x0, 0x2f, 0xff, 0xd4, 0x8, 0xfe, 0x30,
    0x2, 0xb6, 0x20, 0x0, 0x1, 0x70,

    /* U+95ED "闭" */
    0x24, 0x0, 0x0, 0x0, 0x0, 0x4, 0xf4, 0x6f,
    0xff, 0xff, 0xfe, 0x5, 0x50, 0x22, 0x73, 0x25,
    0xee, 0x40, 0x0, 0xe, 0x40, 0x4e, 0xe4, 0xce,
    0xee, 0xfe, 0xe4, 0xee, 0x43, 0x34, 0xef, 0x73,
    0x4e, 0xe4, 0x0, 0xad, 0xf4, 0x4, 0xee, 0x40,
    0x9e, 0x1e, 0x40, 0x4e, 0xe6, 0xdd, 0x20, 0xe4,
    0x4, 0xee, 0x58, 0x2, 0x3f, 0x40, 0x4e, 0xe4,
    0x0, 0x8f, 0xc1, 0x15, 0xee, 0x40, 0x0, 0x0,
    0xb, 0xf9, 0x0, 0x0, 0x0, 0x0, 0x0, 0x0,

    /* U+9633 "阳" */
    0x0, 0x0, 0x0, 0x0, 0x0, 0xe, 0xff, 0xf3,
    0xff, 0xff, 0xfe, 0xe4, 0x6c, 0x1f, 0x31, 0x16,
    0xee, 0x3c, 0x30, 0xf2, 0x0, 0x4e, 0xe4, 0xe2,
    0xf, 0x20, 0x4, 0xee, 0x25, 0xc0, 0xff, 0xff,
    0xfe, 0xe2, 0xf, 0x2f, 0x42, 0x26, 0xee, 0x44,
    0xf3, 0xf2, 0x0, 0x4e, 0xe8, 0xfa, 0x1f, 0x20,
    0x4, 0xee, 0x20, 0x0, 0xf4, 0x22, 0x6e, 0xe2,
    0x0, 0xf, 0xff, 0xff, 0xee, 0x20, 0x0, 0xe2,
    0x0, 0x3c,

    /* U+9662 "院" */
    0x0, 0x0, 0x0, 0x27, 0x0, 0x0, 0xff, 0xfb,
    0x11, 0x3f, 0x51, 0x10, 0xf2, 0xa7, 0xfe, 0xee,
    0xee, 0xf5, 0xf2, 0xe1, 0xf2, 0x0, 0x0, 0xd5,
    0xf6, 0xd0, 0x4f, 0xff, 0xff, 0x71, 0xf2, 0xc4,
    0x0, 0x0, 0x0, 0x0, 0xf1, 0x6a, 0xab, 0xbb,
    0xbb, 0xb4, 0xf2, 0x7b, 0x58, 0xe5, 0xf8, 0x52,
    0xf9, 0xf5, 0x7, 0xb0, 0xe3, 0x0, 0xf1, 0x0,
    0xd, 0x60, 0xe3, 0x53, 0xf1, 0x2, 0xbd, 0x0,
    0xe5, 0xa7, 0xf1, 0xb, 0x91, 0x0, 0x9d, 0xd2,
    0x0, 0x0, 0x0, 0x0, 0x0, 0x0,

    /* U+9676 "陶" */
    0x0, 0x0, 0x0, 0x60, 0x0, 0x0, 0x0, 0xff,
    0xfa, 0x6b, 0x11, 0x11, 0x10, 0xf, 0x1b, 0x7d,
    0xff, 0xff, 0xff, 0x0, 0xf1, 0xea, 0xb8, 0x10,
    0x1, 0xf0, 0xf, 0x6c, 0x95, 0xfd, 0xdd, 0x1f,
    0x0, 0xf0, 0xc5, 0xa3, 0xd1, 0x1, 0xf0, 0xf,
    0x6, 0xac, 0xef, 0xee, 0x7f, 0x0, 0xf0, 0x7b,
    0x31, 0xd1, 0x53, 0xf0, 0xf, 0x9e, 0x59, 0x3d,
    0x1d, 0x4e, 0x0, 0xf0, 0x0, 0x9e, 0xfe, 0xf5,
    0xd0, 0xf, 0x0, 0x0, 0x0, 0x0, 0x7b, 0x0,
    0xf0, 0x0, 0x0, 0x5, 0xff, 0x50, 0x0, 0x0,
    0x0, 0x0, 0x0, 0x0, 0x0,

    /* U+96C6 "集" */
    0x0, 0x0, 0x0, 0x0, 0x0, 0x0, 0x0, 0x0,
    0xc8, 0xa, 0x80, 0x0, 0x0, 0x0, 0x6f, 0xdc,
    0xef, 0xcc, 0xc7, 0x0, 0x4f, 0xa2, 0x2a, 0x92,
    0x22, 0x10, 0x2f, 0xef, 0xff, 0xff, 0xff, 0xf0,
    0x0, 0x59, 0xa2, 0x2a, 0x92, 0x22, 0x0, 0x0,
    0x9d, 0xaa, 0xdd, 0xaa, 0xa0, 0x0, 0x9, 0xda,
    0xad, 0xda, 0xaa, 0xa0, 0x0, 0x55, 0x22, 0xe4,
    0x22, 0x22, 0x1, 0xff, 0xff, 0xff, 0xff, 0xff,
    0xf6, 0x0, 0x3, 0xcc, 0xfc, 0xd5, 0x0, 0x1,
    0x6b, 0xf6, 0xf, 0x24, 0xdd, 0x82, 0x1b, 0x60,
    0x0, 0xf2, 0x0, 0x4a, 0x20,

    /* U+96E8 "雨" */
    0x1f, 0xff, 0xff, 0xff, 0xff, 0xff, 0x70, 0x22,
    0x22, 0x2f, 0x62, 0x22, 0x21, 0x1, 0x33, 0x33,
    0xf6, 0x33, 0x33, 0x0, 0x7f, 0xee, 0xef, 0xee,
    0xee, 0xf0, 0x7, 0xa4, 0x10, 0xe4, 0x50, 0x3f,
    0x0, 0x7a, 0x7e, 0x5e, 0x5b, 0xc6, 0xf0, 0x7,
    0xa0, 0x23, 0xe4, 0x4, 0x4f, 0x0, 0x7a, 0xc8,
    0xe, 0x8d, 0x43, 0xf0, 0x7, 0xa0, 0xa8, 0xe3,
    0x3d, 0x6f, 0x0, 0x7a, 0x0, 0xe, 0x30, 0x15,
    0xf0, 0x7, 0xa0, 0x0, 0xc3, 0xe, 0xe8, 0x0,

    /* U+96EA "雪" */
    0x3, 0xff, 0xff, 0xff, 0xff, 0xf5, 0x0, 0x66,
    0x66, 0x7f, 0x66, 0x66, 0x61, 0xf, 0x66, 0x67,
    0xf6, 0x66, 0x6f, 0x20, 0xf6, 0xdd, 0x6f, 0x5d,
    0xd7, 0xe2, 0x1, 0x58, 0x84, 0xf3, 0x88, 0x71,
    0x0, 0x6, 0x99, 0x5e, 0x49, 0x97, 0x0, 0x0,
    0xde, 0xee, 0xee, 0xef, 0xe0, 0x0, 0x0, 0x0,
    0x0, 0x0, 0x4e, 0x0, 0x0, 0x8e, 0xee, 0xee,
    0xef, 0xe0, 0x0, 0x3, 0x33, 0x33, 0x33, 0x6e,
    0x0, 0x1, 0xcc, 0xcc, 0xcc, 0xcd, 0xe0, 0x0,

    /* U+9700 "需" */
    0x3, 0xff, 0xff, 0xff, 0xff, 0xf3, 0x0, 0xdd,
    0xdd, 0xdf, 0xdd, 0xdd, 0xd0, 0xf, 0x36, 0x63,
    0xf3, 0x66, 0x3f, 0x0, 0xa2, 0x55, 0x3f, 0x25,
    0x52, 0xa0, 0x0, 0x8c, 0xc5, 0xf5, 0xcc, 0x80,
    0x0, 0x55, 0x55, 0x5a, 0x55, 0x55, 0x50, 0x6,
    0x66, 0x69, 0xe7, 0x66, 0x66, 0x10, 0x2e, 0xee,
    0xff, 0xee, 0xee, 0x70, 0x2, 0xf0, 0x6b, 0x8,
    0x90, 0xb7, 0x0, 0x2f, 0x5, 0xb0, 0x88, 0xb,
    0x70, 0x2, 0xf0, 0x5a, 0x8, 0x8a, 0xe4, 0x0,
    0x0, 0x0, 0x0, 0x0, 0x0, 0x0,

    /* U+971E "霞" */
    0x3, 0xdd, 0xde, 0xfd, 0xdd, 0xd0, 0x0, 0xfc,
    0xcc, 0xdf, 0xcc, 0xcd, 0xc0, 0xf, 0x4a, 0xa4,
    0xd5, 0xaa, 0x5c, 0x0, 0x36, 0x99, 0x4d, 0x59,
    0x94, 0x30, 0x5, 0x88, 0x88, 0x59, 0x99, 0x92,
    0x0, 0x8b, 0x44, 0xf4, 0x33, 0x3d, 0x40, 0x8,
    0xec, 0xce, 0x7b, 0xbb, 0xd3, 0x0, 0x8b, 0x66,
    0x65, 0x99, 0x99, 0x30, 0x8, 0xb6, 0x66, 0x2e,
    0x78, 0xd0, 0x0, 0x8f, 0xdd, 0xd1, 0x7f, 0xf7,
    0x10, 0x8, 0x90, 0x0, 0xda, 0x55, 0x9c, 0x0,

    /* U+9752 "青" */
    0x0, 0x0, 0x2, 0xf1, 0x0, 0x0, 0x0, 0x5e,
    0xee, 0xff, 0xfe, 0xee, 0x70, 0x0, 0xaa, 0xab,
    0xfb, 0xaa, 0xa0, 0x0, 0x2, 0x33, 0x5f, 0x43,
    0x33, 0x0, 0x2d, 0xdd, 0xde, 0xfe, 0xdd, 0xdd,
    0x20, 0x33, 0x33, 0x33, 0x33, 0x33, 0x30, 0x0,
    0x6f, 0xee, 0xee, 0xef, 0x80, 0x0, 0x6, 0xd5,
    0x55, 0x55, 0xc8, 0x0, 0x0, 0x6d, 0x66, 0x66,
    0x6d, 0x80, 0x0, 0x6, 0xfc, 0xcc, 0xcc, 0xf8,
    0x0, 0x0, 0x6b, 0x0, 0x0, 0xb, 0x80, 0x0,
    0x6, 0xb0, 0x0, 0x7e, 0xd4, 0x0,

    /* U+9759 "静" */
    0x0, 0x0, 0x0, 0x0, 0x0, 0x0, 0x0, 0x5,
    0xc0, 0x0, 0x87, 0x0, 0x0, 0x6d, 0xef, 0xdc,
    0xe, 0xfe, 0xc0, 0x0, 0x58, 0xd5, 0x39, 0xa0,
    0xd8, 0x0, 0x2c, 0xdf, 0xca, 0xf7, 0x7f, 0x53,
    0x5, 0x8a, 0xe8, 0x85, 0xbf, 0xcd, 0xc0, 0x46,
    0x66, 0x66, 0x10, 0xf3, 0x5c, 0x0, 0xee, 0xef,
    0x9f, 0xff, 0xff, 0xf8, 0xe, 0x86, 0xc7, 0x0,
    0xf2, 0x4c, 0x0, 0xe6, 0x5b, 0x75, 0xef, 0xee,
    0xc0, 0xe, 0xdd, 0xe7, 0x0, 0xf2, 0x38, 0x0,
    0xe1, 0x9, 0x70, 0x2f, 0x20, 0x0, 0xe, 0x1a,
    0xe4, 0x1f, 0xc0, 0x0, 0x0,

    /* U+9762 "面" */
    0x3f, 0xff, 0xff, 0xff, 0xff, 0xff, 0x40, 0x22,
    0x22, 0x8e, 0x22, 0x22, 0x20, 0x3, 0x44, 0x4b,
    0xc4, 0x44, 0x43, 0x0, 0xae, 0xcf, 0xdc, 0xdf,
    0xce, 0xa0, 0xa, 0x80, 0xd4, 0x6, 0xb0, 0x9a,
    0x0, 0xa8, 0xd, 0xfe, 0xfb, 0x9, 0xa0, 0xa,
    0x80, 0xd3, 0x5, 0xb0, 0x9a, 0x0, 0xa8, 0xd,
    0xff, 0xfb, 0x9, 0xa0, 0xa, 0x80, 0xd3, 0x5,
    0xb0, 0x9a, 0x0, 0xaf, 0xff, 0xff, 0xff, 0xff,
    0xa0, 0xa, 0x92, 0x22, 0x22, 0x22, 0xaa, 0x0,

    /* U+978B "鞋" */
    0x8, 0x70, 0xd4, 0x0, 0x4e, 0x0, 0x7, 0xed,
    0xbf, 0xc3, 0x25, 0xe2, 0x20, 0x3b, 0xa5, 0xe8,
    0x7f, 0xff, 0xfe, 0x0, 0x8e, 0xcf, 0x40, 0x4,
    0xe0, 0x0, 0x2, 0x6e, 0x31, 0x33, 0x7f, 0x33,
    0x3, 0xfe, 0xfe, 0xda, 0xdd, 0xdd, 0xd3, 0x3c,
    0x2c, 0x3d, 0x0, 0x3b, 0x0, 0x3, 0xfc, 0xfd,
    0xd2, 0x47, 0xf4, 0x40, 0x2, 0x5e, 0x22, 0x7c,
    0xdf, 0xcc, 0xa, 0xff, 0xff, 0xf2, 0x4, 0xe0,
    0x0, 0x0, 0x4e, 0x1, 0x54, 0x7f, 0x44, 0x10,
    0x3, 0xe0, 0x1c, 0xcc, 0xcc, 0xc4,

    /* U+9875 "页" */
    0xf, 0xff, 0xff, 0xff, 0xff, 0xff, 0x10, 0x11,
    0x11, 0xab, 0x11, 0x11, 0x10, 0x0, 0xce, 0xef,
    0xfe, 0xee, 0xe0, 0x0, 0xd, 0x72, 0x24, 0x32,
    0x6f, 0x0, 0x0, 0xd6, 0x1, 0xf2, 0x4, 0xf0,
    0x0, 0xd, 0x60, 0x1f, 0x20, 0x4f, 0x0, 0x0,
    0xd6, 0x2, 0xf1, 0x4, 0xf0, 0x0, 0xd, 0x60,
    0x8e, 0x21, 0x4f, 0x0, 0x0, 0x0, 0x7f, 0x49,
    0xf9, 0x20, 0x0, 0x59, 0xed, 0x40, 0x2, 0xaf,
    0x80, 0xa, 0x83, 0x0, 0x0, 0x0, 0x39, 0x0,

    /* U+9876 "顶" */
    0x2a, 0xaa, 0xa6, 0xff, 0xff, 0xff, 0xc1, 0x58,
    0xf5, 0x22, 0x3a, 0xb3, 0x31, 0x0, 0x4e, 0x0,
    0x8f, 0xff, 0xff, 0x40, 0x4, 0xe0, 0x8, 0x81,
    0x40, 0xe4, 0x0, 0x4e, 0x0, 0x88, 0x3f, 0xe,
    0x40, 0x4, 0xe0, 0x8, 0x83, 0xf0, 0xe4, 0x0,
    0x4e, 0x0, 0x88, 0x4e, 0xe, 0x40, 0x4, 0xe0,
    0x8, 0x86, 0xc0, 0xd4, 0x0, 0x4e, 0x0, 0x1,
    0xd9, 0x90, 0x0, 0x59, 0xe0, 0x3, 0xda, 0x1c,
    0xd1, 0xb, 0xc6, 0x6, 0xf7, 0x0, 0xb, 0x90,
    0x0, 0x0, 0x1, 0x0, 0x0, 0x0,

    /* U+987B "须" */
    0x0, 0x2, 0x0, 0x0, 0x0, 0x0, 0x0, 0x6,
    0xf4, 0xff, 0xff, 0xff, 0xf2, 0xa, 0xe3, 0x3,
    0x48, 0xe4, 0x43, 0x0, 0x61, 0x10, 0x7f, 0xff,
    0xff, 0x90, 0x0, 0x1d, 0x87, 0xb0, 0x30, 0x99,
    0x0, 0x3d, 0xa0, 0x7b, 0xf, 0x39, 0x90, 0x1e,
    0x80, 0x7, 0xb0, 0xf3, 0x99, 0x0, 0x10, 0x37,
    0x7b, 0xf, 0x29, 0x90, 0x0, 0x1d, 0x87, 0xb3,
    0xf0, 0x99, 0x0, 0x1c, 0xc0, 0x0, 0xb9, 0xb5,
    0x0, 0x3f, 0xb1, 0x3, 0xcb, 0x4, 0xea, 0x0,
    0x50, 0x3, 0xd6, 0x0, 0x1, 0xb3, 0x0, 0x0,
    0x0, 0x0, 0x0, 0x0, 0x0,

    /* U+989D "额" */
    0x0, 0x9, 0x10, 0x0, 0x0, 0x0, 0x1, 0x77,
    0xeb, 0x77, 0xff, 0xff, 0xf7, 0x2f, 0x89, 0x7b,
    0x90, 0x2e, 0x10, 0x0, 0x6b, 0xeb, 0xe5, 0xdc,
    0xdb, 0xd0, 0x1b, 0x93, 0xab, 0xf, 0x7, 0xf,
    0x1, 0x7a, 0xdf, 0x10, 0xf0, 0xf0, 0xf0, 0x4,
    0xce, 0xfb, 0x2f, 0xf, 0xf, 0x3, 0xf9, 0x1,
    0xa6, 0xf2, 0xe0, 0xf0, 0x6, 0xff, 0xfe, 0xf,
    0x5a, 0xf, 0x0, 0x3d, 0x2, 0xe0, 0x2b, 0x77,
    0x20, 0x3, 0xd3, 0x5e, 0x7, 0xd1, 0xbb, 0x0,
    0x3f, 0xcc, 0xea, 0xa1, 0x0, 0x97, 0x0, 0x0,
    0x0, 0x0, 0x0, 0x0, 0x0,

    /* U+98CE "风" */
    0x0, 0xff, 0xff, 0xff, 0xff, 0xd0, 0x0, 0xf,
    0x62, 0x22, 0x22, 0x7d, 0x0, 0x0, 0xf5, 0x50,
    0x7, 0x95, 0xd0, 0x0, 0xf, 0x5d, 0x80, 0xd4,
    0x5d, 0x0, 0x0, 0xf4, 0x2e, 0xad, 0x5, 0xd0,
    0x0, 0x1f, 0x30, 0x5f, 0x70, 0x5d, 0x0, 0x2,
    0xf1, 0xa, 0xfd, 0x4, 0xe0, 0x0, 0x5f, 0x7,
    0xf2, 0xd9, 0x3f, 0x0, 0x9, 0xb7, 0xf4, 0x3,
    0xf5, 0xf1, 0x81, 0xf6, 0x34, 0x0, 0x3, 0xd,
    0x9a, 0x3d, 0x0, 0x0, 0x0, 0x0, 0x5f, 0x50,
    0x0, 0x0, 0x0, 0x0, 0x0, 0x0,

    /* U+98D8 "飘" */
    0x7e, 0xff, 0xfe, 0x7c, 0xcc, 0xc2, 0x3, 0xcf,
    0xee, 0xc8, 0x82, 0x9d, 0x30, 0x48, 0xb5, 0x5d,
    0x8d, 0x4d, 0xb3, 0x4, 0xde, 0xcc, 0xe8, 0xac,
    0xcb, 0x20, 0x5, 0x55, 0x54, 0x86, 0xd9, 0xb3,
    0x0, 0xce, 0xee, 0x78, 0x59, 0x7a, 0x30, 0x13,
    0x33, 0x33, 0x94, 0xdb, 0xa3, 0x5, 0xbc, 0xfb,
    0xbc, 0x6d, 0xea, 0x40, 0xd, 0x3d, 0xa3, 0xfb,
    0x6a, 0xd6, 0x7, 0xa2, 0xd4, 0xcc, 0xa0, 0x37,
    0xe5, 0x22, 0xda, 0x6, 0x60, 0x0, 0x1d, 0x10,
    0x0, 0x0, 0x0, 0x0, 0x0, 0x0,

    /* U+996D "饭" */
    0x3, 0xa0, 0x0, 0x0, 0x13, 0x77, 0x0, 0x7b,
    0x0, 0x3d, 0xff, 0xea, 0x60, 0xa, 0xff, 0xf7,
    0xe1, 0x0, 0x0, 0x0, 0xf4, 0x4f, 0x4e, 0x22,
    0x22, 0x10, 0x7d, 0x47, 0x94, 0xff, 0xff, 0xfd,
    0x4, 0x5e, 0x20, 0x5d, 0xb5, 0x9, 0x90, 0x0,
    0xe2, 0x6, 0xc7, 0xb0, 0xf5, 0x0, 0xe, 0x20,
    0x7a, 0x1f, 0x8e, 0x0, 0x0, 0xe3, 0x2a, 0x80,
    0xaf, 0x60, 0x0, 0xe, 0xca, 0xe4, 0xb, 0xf6,
    0x0, 0x3, 0xf9, 0x6f, 0x4c, 0xc6, 0xf7, 0x0,
    0x68, 0x9, 0x7b, 0x90, 0x4, 0xe4, 0x0, 0x0,
    0x0, 0x0, 0x0, 0x0, 0x0,

    /* U+997C "饼" */
    0x3, 0x90, 0x0, 0x92, 0x0, 0xa4, 0x0, 0x7b,
    0x0, 0x9, 0xb0, 0x4f, 0x10, 0xb, 0xfe, 0xe4,
    0x5d, 0x3b, 0xb2, 0x1, 0xf3, 0x4e, 0xaf, 0xff,
    0xff, 0xf0, 0x7b, 0x46, 0x70, 0x3f, 0x9, 0x80,
    0x2, 0x3e, 0x20, 0x3, 0xf0, 0x98, 0x0, 0x0,
    0xe2, 0xf, 0xff, 0xff, 0xff, 0x40, 0xe, 0x20,
    0x37, 0xe3, 0xba, 0x30, 0x0, 0xe2, 0x30, 0x9a,
    0x9, 0x80, 0x0, 0xe, 0xcc, 0xd, 0x50, 0x98,
    0x0, 0x1, 0xfb, 0x19, 0xd0, 0x9, 0x80, 0x0,
    0x39, 0x2, 0xd2, 0x0, 0x98, 0x0, 0x0, 0x0,
    0x0, 0x0, 0x0, 0x0, 0x0,

    /* U+9995 "馕" */
    0x5, 0x60, 0x0, 0x6, 0xa0, 0x0, 0x0, 0x98,
    0x6, 0xdd, 0xef, 0xdd, 0xa0, 0xc, 0xff, 0x6e,
    0x8b, 0xd8, 0xe2, 0x2, 0xf2, 0xc9, 0xaa, 0xce,
    0xaa, 0x91, 0x8a, 0x2a, 0xcb, 0x99, 0x69, 0xae,
    0x23, 0x3e, 0x1, 0xd9, 0xd8, 0xab, 0x50, 0x1,
    0xe0, 0x6a, 0xfb, 0xae, 0xb9, 0x0, 0x1e, 0x2,
    0x8e, 0x98, 0xe9, 0x40, 0x1, 0xe0, 0x9a, 0xfb,
    0xaf, 0xba, 0x10, 0x1f, 0xc3, 0x8d, 0x5a, 0x6b,
    0x10, 0x6, 0xf6, 0xa9, 0xd6, 0x7b, 0xd6, 0x0,
    0x53, 0x0, 0x79, 0x63, 0x3, 0x80,

    /* U+9E23 "鸣" */
    0x0, 0x0, 0x0, 0x0, 0x0, 0x0, 0x0, 0x0,
    0x0, 0xf, 0x20, 0x0, 0xff, 0xf5, 0x3e, 0xef,
    0xee, 0x50, 0xf4, 0xd5, 0x3e, 0x22, 0xc, 0x50,
    0xf1, 0xc5, 0x3e, 0x4d, 0x1d, 0x40, 0xf1, 0xc5,
    0x3e, 0x6, 0x2f, 0x20, 0xf1, 0xc5, 0x3e, 0x2,
    0xfd, 0x0, 0xf1, 0xc5, 0x3f, 0x34, 0x44, 0x30,
    0xf3, 0xc5, 0x2b, 0xbb, 0xbb, 0xf1, 0xff, 0xf5,
    0x22, 0x22, 0x22, 0xf0, 0xc2, 0x10, 0xbd, 0xdd,
    0xd7, 0xf0, 0x0, 0x0, 0x0, 0x0, 0x4, 0xe0,
    0x0, 0x0, 0x0, 0x0, 0xde, 0x70, 0x0, 0x0,
    0x0, 0x0, 0x0, 0x0,

    /* U+9EC4 "黄" */
    0x0, 0x0, 0xf4, 0x0, 0xe5, 0x0, 0x0, 0x2f,
    0xff, 0xff, 0xff, 0xff, 0x90, 0x0, 0x0, 0xf5,
    0x0, 0xe5, 0x0, 0x1, 0xee, 0xef, 0xfe, 0xef,
    0xfe, 0xe7, 0x2, 0x22, 0x22, 0xf6, 0x22, 0x22,
    0x10, 0xb, 0xfe, 0xef, 0xfe, 0xff, 0x20, 0x0,
    0xb6, 0x0, 0xf4, 0x0, 0xf2, 0x0, 0xb, 0xec,
    0xcf, 0xdc, 0xdf, 0x20, 0x0, 0xb6, 0x0, 0xf4,
    0x0, 0xf2, 0x0, 0xa, 0xdd, 0xdd, 0xdd, 0xdd,
    0x20, 0x0, 0x17, 0xe5, 0x0, 0xdb, 0x50, 0x0,
    0xaf, 0xb4, 0x0, 0x0, 0x5c, 0xe1, 0x1, 0x0,
    0x0, 0x0, 0x0, 0x1, 0x0,

    /* U+FF01 "！" */
    0x58, 0x19, 0xf1, 0x8f, 0x7, 0xf0, 0x6e, 0x5,
    0xd0, 0x4c, 0x0, 0x0, 0x6c, 0x8, 0xf1, 0x0,
    0x0,

    /* U+FF08 "（" */
    0x0, 0x0, 0x0, 0x1, 0xe2, 0x0, 0xb9, 0x0,
    0x5e, 0x0, 0xb, 0x70, 0x0, 0xf3, 0x0, 0x1f,
    0x10, 0x1, 0xf0, 0x0, 0xf, 0x20, 0x0, 0xc6,
    0x0, 0x6, 0xd0, 0x0, 0xc, 0x80, 0x0, 0x2f,
    0x20, 0x0, 0x10,

    /* U+FF09 "）" */
    0x0, 0x0, 0x2, 0xe1, 0x0, 0x9, 0xb0, 0x0,
    0xe, 0x50, 0x0, 0x7b, 0x0, 0x3, 0xf0, 0x0,
    0x1f, 0x10, 0x1, 0xf1, 0x0, 0x2f, 0x0, 0x6,
    0xc0, 0x0, 0xd6, 0x0, 0x8c, 0x0, 0x2f, 0x20,
    0x0, 0x10, 0x0,

    /* U+FF0B "＋" */
    0x0, 0x0, 0x6, 0x0, 0x0, 0x0, 0x0, 0x0,
    0xf0, 0x0, 0x0, 0x0, 0x0, 0xf, 0x0, 0x0,
    0x0, 0x0, 0x0, 0xf0, 0x0, 0x0, 0x4, 0x44,
    0x4f, 0x44, 0x44, 0x2, 0xcc, 0xcd, 0xfd, 0xcc,
    0xc2, 0x0, 0x0, 0xf, 0x0, 0x0, 0x0, 0x0,
    0x0, 0xf0, 0x0, 0x0, 0x0, 0x0, 0xf, 0x0,
    0x0, 0x0, 0x0, 0x0, 0xf0, 0x0, 0x0,

    /* U+FF0C "，" */
    0x0, 0x5, 0xf6, 0x4e, 0xb0, 0x99, 0x8d, 0x15,
    0x10,

    /* U+FF1F "？" */
    0x5, 0xbd, 0xa1, 0x4, 0xf8, 0x7e, 0xc0, 0x1,
    0x0, 0x8f, 0x0, 0x0, 0xc, 0xb0, 0x0, 0xa,
    0xd1, 0x0, 0x5, 0xf2, 0x0, 0x0, 0x6a, 0x0,
    0x0, 0x0, 0x0, 0x0, 0x0, 0x8a, 0x0, 0x0,
    0xa, 0xd0, 0x0, 0x0, 0x0, 0x0, 0x0
};


/*---------------------
 *  GLYPH DESCRIPTION
 *--------------------*/

static const lv_font_fmt_txt_glyph_dsc_t glyph_dsc[] = {
    {.bitmap_index = 0, .adv_w = 0, .box_w = 0, .box_h = 0, .ofs_x = 0, .ofs_y = 0} /* id = 0 reserved */,
    {.bitmap_index = 0, .adv_w = 47, .box_w = 0, .box_h = 0, .ofs_x = 0, .ofs_y = 0},
    {.bitmap_index = 0, .adv_w = 71, .box_w = 3, .box_h = 9, .ofs_x = 1, .ofs_y = 0},
    {.bitmap_index = 14, .adv_w = 108, .box_w = 5, .box_h = 4, .ofs_x = 1, .ofs_y = 6},
    {.bitmap_index = 24, .adv_w = 119, .box_w = 7, .box_h = 9, .ofs_x = 0, .ofs_y = 0},
    {.bitmap_index = 56, .adv_w = 119, .box_w = 7, .box_h = 12, .ofs_x = 0, .ofs_y = -2},
    {.bitmap_index = 98, .adv_w = 195, .box_w = 12, .box_h = 9, .ofs_x = 0, .ofs_y = 0},
    {.bitmap_index = 152, .adv_w = 147, .box_w = 9, .box_h = 9, .ofs_x = 0, .ofs_y = 0},
    {.bitmap_index = 193, .adv_w = 62, .box_w = 2, .box_h = 4, .ofs_x = 1, .ofs_y = 6},
    {.bitmap_index = 197, .adv_w = 74, .box_w = 4, .box_h = 14, .ofs_x = 1, .ofs_y = -3},
    {.bitmap_index = 225, .adv_w = 74, .box_w = 4, .box_h = 14, .ofs_x = 0, .ofs_y = -3},
    {.bitmap_index = 253, .adv_w = 101, .box_w = 6, .box_h = 5, .ofs_x = 0, .ofs_y = 5},
    {.bitmap_index = 268, .adv_w = 119, .box_w = 7, .box_h = 7, .ofs_x = 0, .ofs_y = 1},
    {.bitmap_index = 293, .adv_w = 62, .box_w = 4, .box_h = 5, .ofs_x = 0, .ofs_y = -3},
    {.bitmap_index = 303, .adv_w = 74, .box_w = 5, .box_h = 2, .ofs_x = 0, .ofs_y = 2},
    {.bitmap_index = 308, .adv_w = 62, .box_w = 3, .box_h = 2, .ofs_x = 0, .ofs_y = 0},
    {.bitmap_index = 311, .adv_w = 81, .box_w = 5, .box_h = 12, .ofs_x = 0, .ofs_y = -2},
    {.bitmap_index = 341, .adv_w = 119, .box_w = 7, .box_h = 9, .ofs_x = 0, .ofs_y = 0},
    {.bitmap_index = 373, .adv_w = 119, .box_w = 6, .box_h = 9, .ofs_x = 1, .ofs_y = 0},
    {.bitmap_index = 400, .adv_w = 119, .box_w = 7, .box_h = 9, .ofs_x = 0, .ofs_y = 0},
    {.bitmap_index = 432, .adv_w = 119, .box_w = 7, .box_h = 9, .ofs_x = 0, .ofs_y = 0},
    {.bitmap_index = 464, .adv_w = 119, .box_w = 8, .box_h = 9, .ofs_x = 0, .ofs_y = 0},
    {.bitmap_index = 500, .adv_w = 119, .box_w = 7, .box_h = 9, .ofs_x = 0, .ofs_y = 0},
    {.bitmap_index = 532, .adv_w = 119, .box_w = 7, .box_h = 9, .ofs_x = 0, .ofs_y = 0},
    {.bitmap_index = 564, .adv_w = 119, .box_w = 7, .box_h = 9, .ofs_x = 0, .ofs_y = 0},
    {.bitmap_index = 596, .adv_w = 119, .box_w = 7, .box_h = 9, .ofs_x = 0, .ofs_y = 0},
    {.bitmap_index = 628, .adv_w = 119, .box_w = 7, .box_h = 9, .ofs_x = 0, .ofs_y = 0},
    {.bitmap_index = 660, .adv_w = 62, .box_w = 3, .box_h = 7, .ofs_x = 0, .ofs_y = 0},
    {.bitmap_index = 671, .adv_w = 62, .box_w = 4, .box_h = 10, .ofs_x = 0, .ofs_y = -3},
    {.bitmap_index = 691, .adv_w = 119, .box_w = 7, .box_h = 7, .ofs_x = 0, .ofs_y = 1},
    {.bitmap_index = 716, .adv_w = 119, .box_w = 7, .box_h = 5, .ofs_x = 0, .ofs_y = 2},
    {.bitmap_index = 734, .adv_w = 119, .box_w = 7, .box_h = 7, .ofs_x = 0, .ofs_y = 1},
    {.bitmap_index = 759, .adv_w = 102, .box_w = 6, .box_h = 9, .ofs_x = 0, .ofs_y = 0},
    {.bitmap_index = 786, .adv_w = 202, .box_w = 12, .box_h = 11, .ofs_x = 0, .ofs_y = -2},
    {.bitmap_index = 852, .adv_w = 129, .box_w = 9, .box_h = 9, .ofs_x = 0, .ofs_y = 0},
    {.bitmap_index = 893, .adv_w = 139, .box_w = 8, .box_h = 9, .ofs_x = 1, .ofs_y = 0},
    {.bitmap_index = 929, .adv_w = 134, .box_w = 8, .box_h = 9, .ofs_x = 0, .ofs_y = 0},
    {.bitmap_index = 965, .adv_w = 145, .box_w = 8, .box_h = 9, .ofs_x = 1, .ofs_y = 0},
    {.bitmap_index = 1001, .adv_w = 125, .box_w = 7, .box_h = 9, .ofs_x = 1, .ofs_y = 0},
    {.bitmap_index = 1033, .adv_w = 118, .box_w = 6, .box_h = 9, .ofs_x = 1, .ofs_y = 0},
    {.bitmap_index = 1060, .adv_w = 146, .box_w = 9, .box_h = 9, .ofs_x = 0, .ofs_y = 0},
    {.bitmap_index = 1101, .adv_w = 154, .box_w = 8, .box_h = 9, .ofs_x = 1, .ofs_y = 0},
    {.bitmap_index = 1137, .adv_w = 64, .box_w = 2, .box_h = 9, .ofs_x = 1, .ofs_y = 0},
    {.bitmap_index = 1146, .adv_w = 114, .box_w = 6, .box_h = 9, .ofs_x = 0, .ofs_y = 0},
    {.bitmap_index = 1173, .adv_w = 138, .box_w = 8, .box_h = 9, .ofs_x = 1, .ofs_y = 0},
    {.bitmap_index = 1209, .adv_w = 116, .box_w = 6, .box_h = 9, .ofs_x = 1, .ofs_y = 0},
    {.bitmap_index = 1236, .adv_w = 173, .box_w = 9, .box_h = 9, .ofs_x = 1, .ofs_y = 0},
    {.bitmap_index = 1277, .adv_w = 153, .box_w = 8, .box_h = 9, .ofs_x = 1, .ofs_y = 0},
    {.bitmap_index = 1313, .adv_w = 157, .box_w = 10, .box_h = 9, .ofs_x = 0, .ofs_y = 0},
    {.bitmap_index = 1358, .adv_w = 135, .box_w = 7, .box_h = 9, .ofs_x = 1, .ofs_y = 0},
    {.bitmap_index = 1390, .adv_w = 157, .box_w = 10, .box_h = 12, .ofs_x = 0, .ofs_y = -3},
    {.bitmap_index = 1450, .adv_w = 136, .box_w = 8, .box_h = 9, .ofs_x = 1, .ofs_y = 0},
    {.bitmap_index = 1486, .adv_w = 126, .box_w = 8, .box_h = 9, .ofs_x = 0, .ofs_y = 0},
    {.bitmap_index = 1522, .adv_w = 127, .box_w = 8, .box_h = 9, .ofs_x = 0, .ofs_y = 0},
    {.bitmap_index = 1558, .adv_w = 152, .box_w = 8, .box_h = 9, .ofs_x = 1, .ofs_y = 0},
    {.bitmap_index = 1594, .adv_w = 124, .box_w = 9, .box_h = 9, .ofs_x = -1, .ofs_y = 0},
    {.bitmap_index = 1635, .adv_w = 186, .box_w = 12, .box_h = 9, .ofs_x = 0, .ofs_y = 0},
    {.bitmap_index = 1689, .adv_w = 124, .box_w = 8, .box_h = 9, .ofs_x = 0, .ofs_y = 0},
    {.bitmap_index = 1725, .adv_w = 115, .box_w = 9, .box_h = 9, .ofs_x = -1, .ofs_y = 0},
    {.bitmap_index = 1766, .adv_w = 126, .box_w = 8, .box_h = 9, .ofs_x = 0, .ofs_y = 0},
    {.bitmap_index = 1802, .adv_w = 74, .box_w = 4, .box_h = 12, .ofs_x = 1, .ofs_y = -2},
    {.bitmap_index = 1826, .adv_w = 81, .box_w = 5, .box_h = 12, .ofs_x = 0, .ofs_y = -2},
    {.bitmap_index = 1856, .adv_w = 74, .box_w = 4, .box_h = 12, .ofs_x = 0, .ofs_y = -2},
    {.bitmap_index = 1880, .adv_w = 119, .box_w = 7, .box_h = 6, .ofs_x = 0, .ofs_y = 4},
    {.bitmap_index = 1901, .adv_w = 117, .box_w = 8, .box_h = 1, .ofs_x = 0, .ofs_y = -2},
    {.bitmap_index = 1905, .adv_w = 128, .box_w = 4, .box_h = 4, .ofs_x = 1, .ofs_y = 8},
    {.bitmap_index = 1913, .adv_w = 120, .box_w = 7, .box_h = 7, .ofs_x = 0, .ofs_y = 0},
    {.bitmap_index = 1938, .adv_w = 131, .box_w = 7, .box_h = 10, .ofs_x = 1, .ofs_y = 0},
    {.bitmap_index = 1973, .adv_w = 108, .box_w = 7, .box_h = 7, .ofs_x = 0, .ofs_y = 0},
    {.bitmap_index = 1998, .adv_w = 131, .box_w = 8, .box_h = 10, .ofs_x = 0, .ofs_y = 0},
    {.bitmap_index = 2038, .adv_w = 118, .box_w = 7, .box_h = 7, .ofs_x = 0, .ofs_y = 0},
    {.bitmap_index = 2063, .adv_w = 72, .box_w = 5, .box_h = 10, .ofs_x = 0, .ofs_y = 0},
    {.bitmap_index = 2088, .adv_w = 120, .box_w = 8, .box_h = 10, .ofs_x = 0, .ofs_y = -3},
    {.bitmap_index = 2128, .adv_w = 129, .box_w = 7, .box_h = 10, .ofs_x = 1, .ofs_y = 0},
    {.bitmap_index = 2163, .adv_w = 60, .box_w = 3, .box_h = 10, .ofs_x = 0, .ofs_y = 0},
    {.bitmap_index = 2178, .adv_w = 60, .box_w = 4, .box_h = 13, .ofs_x = -1, .ofs_y = -3},
    {.bitmap_index = 2204, .adv_w = 120, .box_w = 7, .box_h = 10, .ofs_x = 1, .ofs_y = 0},
    {.bitmap_index = 2239, .adv_w = 62, .box_w = 3, .box_h = 10, .ofs_x = 1, .ofs_y = 0},
    {.bitmap_index = 2254, .adv_w = 196, .box_w = 11, .box_h = 7, .ofs_x = 1, .ofs_y = 0},
    {.bitmap_index = 2293, .adv_w = 130, .box_w = 7, .box_h = 7, .ofs_x = 1, .ofs_y = 0},
    {.bitmap_index = 2318, .adv_w = 128, .box_w = 8, .box_h = 7, .ofs_x = 0, .ofs_y = 0},
    {.bitmap_index = 2346, .adv_w = 131, .box_w = 7, .box_h = 10, .ofs_x = 1, .ofs_y = -3},
    {.bitmap_index = 2381, .adv_w = 131, .box_w = 8, .box_h = 10, .ofs_x = 0, .ofs_y = -3},
    {.bitmap_index = 2421, .adv_w = 85, .box_w = 5, .box_h = 7, .ofs_x = 1, .ofs_y = 0},
    {.bitmap_index = 2439, .adv_w = 100, .box_w = 6, .box_h = 7, .ofs_x = 0, .ofs_y = 0},
    {.bitmap_index = 2460, .adv_w = 82, .box_w = 5, .box_h = 9, .ofs_x = 0, .ofs_y = 0},
    {.bitmap_index = 2483, .adv_w = 129, .box_w = 6, .box_h = 7, .ofs_x = 1, .ofs_y = 0},
    {.bitmap_index = 2504, .adv_w = 113, .box_w = 7, .box_h = 7, .ofs_x = 0, .ofs_y = 0},
    {.bitmap_index = 2529, .adv_w = 172, .box_w = 11, .box_h = 7, .ofs_x = 0, .ofs_y = 0},
    {.bitmap_index = 2568, .adv_w = 109, .box_w = 7, .box_h = 7, .ofs_x = 0, .ofs_y = 0},
    {.bitmap_index = 2593, .adv_w = 113, .box_w = 7, .box_h = 10, .ofs_x = 0, .ofs_y = -3},
    {.bitmap_index = 2628, .adv_w = 102, .box_w = 6, .box_h = 7, .ofs_x = 0, .ofs_y = 0},
    {.bitmap_index = 2649, .adv_w = 74, .box_w = 5, .box_h = 12, .ofs_x = 0, .ofs_y = -2},
    {.bitmap_index = 2679, .adv_w = 58, .box_w = 2, .box_h = 14, .ofs_x = 1, .ofs_y = -3},
    {.bitmap_index = 2693, .adv_w = 74, .box_w = 5, .box_h = 12, .ofs_x = 0, .ofs_y = -2},
    {.bitmap_index = 2723, .adv_w = 119, .box_w = 7, .box_h = 3, .ofs_x = 0, .ofs_y = 3},
    {.bitmap_index = 2734, .adv_w = 80, .box_w = 5, .box_h = 4, .ofs_x = 0, .ofs_y = 6},
    {.bitmap_index = 2744, .adv_w = 208, .box_w = 5, .box_h = 4, .ofs_x = 8, .ofs_y = 7},
    {.bitmap_index = 2754, .adv_w = 208, .box_w = 5, .box_h = 4, .ofs_x = 0, .ofs_y = 7},
    {.bitmap_index = 2764, .adv_w = 208, .box_w = 11, .box_h = 2, .ofs_x = 1, .ofs_y = 4},
    {.bitmap_index = 2775, .adv_w = 208, .box_w = 7, .box_h = 13, .ofs_x = 3, .ofs_y = -1},
    {.bitmap_index = 2821, .adv_w = 208, .box_w = 7, .box_h = 13, .ofs_x = 3, .ofs_y = -2},
    {.bitmap_index = 2867, .adv_w = 208, .box_w = 13, .box_h = 11, .ofs_x = 0, .ofs_y = -1},
    {.bitmap_index = 2939, .adv_w = 208, .box_w = 13, .box_h = 12, .ofs_x = 0, .ofs_y = -1},
    {.bitmap_index = 3017, .adv_w = 208, .box_w = 0, .box_h = 0, .ofs_x = 0, .ofs_y = 0},
    {.bitmap_index = 3017, .adv_w = 208, .box_w = 5, .box_h = 4, .ofs_x = 0, .ofs_y = -1},
    {.bitmap_index = 3027, .adv_w = 208, .box_w = 5, .box_h = 9, .ofs_x = 8, .ofs_y = 2},
    {.bitmap_index = 3050, .adv_w = 208, .box_w = 5, .box_h = 9, .ofs_x = 0, .ofs_y = -1},
    {.bitmap_index = 3073, .adv_w = 208, .box_w = 5, .box_h = 13, .ofs_x = 8, .ofs_y = -1},
    {.bitmap_index = 3106, .adv_w = 208, .box_w = 5, .box_h = 13, .ofs_x = 0, .ofs_y = -2},
    {.bitmap_index = 3139, .adv_w = 208, .box_w = 13, .box_h = 2, .ofs_x = 0, .ofs_y = 4},
    {.bitmap_index = 3152, .adv_w = 208, .box_w = 13, .box_h = 11, .ofs_x = 0, .ofs_y = -1},
    {.bitmap_index = 3224, .adv_w = 208, .box_w = 13, .box_h = 12, .ofs_x = 0, .ofs_y = -1},
    {.bitmap_index = 3302, .adv_w = 208, .box_w = 13, .box_h = 11, .ofs_x = 0, .ofs_y = -1},
    {.bitmap_index = 3374, .adv_w = 208, .box_w = 13, .box_h = 12, .ofs_x = 0, .ofs_y = -1},
    {.bitmap_index = 3452, .adv_w = 208, .box_w = 13, .box_h = 13, .ofs_x = 0, .ofs_y = -2},
    {.bitmap_index = 3537, .adv_w = 208, .box_w = 13, .box_h = 12, .ofs_x = 0, .ofs_y = -1},
    {.bitmap_index = 3615, .adv_w = 208, .box_w = 13, .box_h = 12, .ofs_x = 0, .ofs_y = -1},
    {.bitmap_index = 3693, .adv_w = 208, .box_w = 11, .box_h = 12, .ofs_x = 1, .ofs_y = -1},
    {.bitmap_index = 3759, .adv_w = 208, .box_w = 12, .box_h = 13, .ofs_x = 0, .ofs_y = -2},
    {.bitmap_index = 3837, .adv_w = 208, .box_w = 13, .box_h = 12, .ofs_x = 0, .ofs_y = -1},
    {.bitmap_index = 3915, .adv_w = 208, .box_w = 13, .box_h = 12, .ofs_x = 0, .ofs_y = -1},
    {.bitmap_index = 3993, .adv_w = 208, .box_w = 13, .box_h = 13, .ofs_x = 0, .ofs_y = -2},
    {.bitmap_index = 4078, .adv_w = 208, .box_w = 13, .box_h = 12, .ofs_x = 0, .ofs_y = -1},
    {.bitmap_index = 4156, .adv_w = 208, .box_w = 11, .box_h = 12, .ofs_x = 1, .ofs_y = -1},
    {.bitmap_index = 4222, .adv_w = 208, .box_w = 13, .box_h = 12, .ofs_x = 0, .ofs_y = -1},
    {.bitmap_index = 4300, .adv_w = 208, .box_w = 13, .box_h = 12, .ofs_x = 0, .ofs_y = -2},
    {.bitmap_index = 4378, .adv_w = 208, .box_w = 13, .box_h = 12, .ofs_x = 0, .ofs_y = -1},
    {.bitmap_index = 4456, .adv_w = 208, .box_w = 13, .box_h = 13, .ofs_x = 0, .ofs_y = -2},
    {.bitmap_index = 4541, .adv_w = 208, .box_w = 13, .box_h = 14, .ofs_x = 0, .ofs_y = -2},
    {.bitmap_index = 4632, .adv_w = 208, .box_w = 13, .box_h = 13, .ofs_x = 0, .ofs_y = -2},
    {.bitmap_index = 4717, .adv_w = 208, .box_w = 13, .box_h = 14, .ofs_x = 0, .ofs_y = -2},
    {.bitmap_index = 4808, .adv_w = 208, .box_w = 13, .box_h = 13, .ofs_x = 0, .ofs_y = -2},
    {.bitmap_index = 4893, .adv_w = 208, .box_w = 13, .box_h = 12, .ofs_x = 0, .ofs_y = -1},
    {.bitmap_index = 4971, .adv_w = 208, .box_w = 13, .box_h = 14, .ofs_x = 0, .ofs_y = -2},
    {.bitmap_index = 5062, .adv_w = 208, .box_w = 13, .box_h = 12, .ofs_x = 0, .ofs_y = -1},
    {.bitmap_index = 5140, .adv_w = 208, .box_w = 13, .box_h = 12, .ofs_x = 0, .ofs_y = -1},
    {.bitmap_index = 5218, .adv_w = 208, .box_w = 13, .box_h = 13, .ofs_x = 0, .ofs_y = -2},
    {.bitmap_index = 5303, .adv_w = 208, .box_w = 12, .box_h = 13, .ofs_x = 0, .ofs_y = -1},
    {.bitmap_index = 5381, .adv_w = 208, .box_w = 13, .box_h = 12, .ofs_x = 0, .ofs_y = -2},
    {.bitmap_index = 5459, .adv_w = 208, .box_w = 13, .box_h = 13, .ofs_x = 0, .ofs_y = -2},
    {.bitmap_index = 5544, .adv_w = 208, .box_w = 13, .box_h = 13, .ofs_x = 0, .ofs_y = -2},
    {.bitmap_index = 5629, .adv_w = 208, .box_w = 13, .box_h = 13, .ofs_x = 0, .ofs_y = -2},
    {.bitmap_index = 5714, .adv_w = 208, .box_w = 13, .box_h = 13, .ofs_x = 0, .ofs_y = -2},
    {.bitmap_index = 5799, .adv_w = 208, .box_w = 13, .box_h = 12, .ofs_x = 0, .ofs_y = -1},
    {.bitmap_index = 5877, .adv_w = 208, .box_w = 13, .box_h = 12, .ofs_x = 0, .ofs_y = -1},
    {.bitmap_index = 5955, .adv_w = 208, .box_w = 13, .box_h = 13, .ofs_x = 0, .ofs_y = -2},
    {.bitmap_index = 6040, .adv_w = 208, .box_w = 13, .box_h = 13, .ofs_x = 0, .ofs_y = -2},
    {.bitmap_index = 6125, .adv_w = 208, .box_w = 13, .box_h = 11, .ofs_x = 0, .ofs_y = -1},
    {.bitmap_index = 6197, .adv_w = 208, .box_w = 11, .box_h = 11, .ofs_x = 1, .ofs_y = -1},
    {.bitmap_index = 6258, .adv_w = 208, .box_w = 13, .box_h = 12, .ofs_x = 0, .ofs_y = -1},
    {.bitmap_index = 6336, .adv_w = 208, .box_w = 11, .box_h = 12, .ofs_x = 1, .ofs_y = -1},
    {.bitmap_index = 6402, .adv_w = 208, .box_w = 12, .box_h = 12, .ofs_x = 0, .ofs_y = -2},
    {.bitmap_index = 6474, .adv_w = 208, .box_w = 13, .box_h = 13, .ofs_x = 0, .ofs_y = -2},
    {.bitmap_index = 6559, .adv_w = 208, .box_w = 12, .box_h = 13, .ofs_x = 0, .ofs_y = -2},
    {.bitmap_index = 6637, .adv_w = 208, .box_w = 13, .box_h = 14, .ofs_x = 0, .ofs_y = -2},
    {.bitmap_index = 6728, .adv_w = 208, .box_w = 12, .box_h = 14, .ofs_x = 0, .ofs_y = -2},
    {.bitmap_index = 6812, .adv_w = 208, .box_w = 13, .box_h = 13, .ofs_x = 0, .ofs_y = -2},
    {.bitmap_index = 6897, .adv_w = 208, .box_w = 13, .box_h = 13, .ofs_x = 0, .ofs_y = -2},
    {.bitmap_index = 6982, .adv_w = 208, .box_w = 13, .box_h = 12, .ofs_x = 0, .ofs_y = -1},
    {.bitmap_index = 7060, .adv_w = 208, .box_w = 13, .box_h = 13, .ofs_x = 0, .ofs_y = -2},
    {.bitmap_index = 7145, .adv_w = 208, .box_w = 13, .box_h = 12, .ofs_x = 0, .ofs_y = -1},
    {.bitmap_index = 7223, .adv_w = 208, .box_w = 13, .box_h = 12, .ofs_x = 0, .ofs_y = -1},
    {.bitmap_index = 7301, .adv_w = 208, .box_w = 13, .box_h = 11, .ofs_x = 0, .ofs_y = -1},
    {.bitmap_index = 7373, .adv_w = 208, .box_w = 13, .box_h = 13, .ofs_x = 0, .ofs_y = -2},
    {.bitmap_index = 7458, .adv_w = 208, .box_w = 13, .box_h = 12, .ofs_x = 0, .ofs_y = -1},
    {.bitmap_index = 7536, .adv_w = 208, .box_w = 13, .box_h = 12, .ofs_x = 0, .ofs_y = -1},
    {.bitmap_index = 7614, .adv_w = 208, .box_w = 11, .box_h = 11, .ofs_x = 1, .ofs_y = -1},
    {.bitmap_index = 7675, .adv_w = 208, .box_w = 13, .box_h = 12, .ofs_x = 0, .ofs_y = -2},
    {.bitmap_index = 7753, .adv_w = 208, .box_w = 12, .box_h = 11, .ofs_x = 0, .ofs_y = -1},
    {.bitmap_index = 7819, .adv_w = 208, .box_w = 13, .box_h = 12, .ofs_x = 0, .ofs_y = -1},
    {.bitmap_index = 7897, .adv_w = 208, .box_w = 11, .box_h = 13, .ofs_x = 1, .ofs_y = -1},
    {.bitmap_index = 7969, .adv_w = 208, .box_w = 13, .box_h = 12, .ofs_x = 0, .ofs_y = -1},
    {.bitmap_index = 8047, .adv_w = 208, .box_w = 13, .box_h = 12, .ofs_x = 0, .ofs_y = -2},
    {.bitmap_index = 8125, .adv_w = 208, .box_w = 13, .box_h = 13, .ofs_x = 0, .ofs_y = -2},
    {.bitmap_index = 8210, .adv_w = 208, .box_w = 12, .box_h = 11, .ofs_x = 1, .ofs_y = -1},
    {.bitmap_index = 8276, .adv_w = 208, .box_w = 13, .box_h = 13, .ofs_x = 0, .ofs_y = -2},
    {.bitmap_index = 8361, .adv_w = 208, .box_w = 11, .box_h = 11, .ofs_x = 1, .ofs_y = -1},
    {.bitmap_index = 8422, .adv_w = 208, .box_w = 13, .box_h = 14, .ofs_x = 0, .ofs_y = -2},
    {.bitmap_index = 8513, .adv_w = 208, .box_w = 13, .box_h = 13, .ofs_x = 0, .ofs_y = -2},
    {.bitmap_index = 8598, .adv_w = 208, .box_w = 12, .box_h = 13, .ofs_x = 1, .ofs_y = -1},
    {.bitmap_index = 8676, .adv_w = 208, .box_w = 13, .box_h = 12, .ofs_x = 0, .ofs_y = -1},
    {.bitmap_index = 8754, .adv_w = 208, .box_w = 13, .box_h = 11, .ofs_x = 0, .ofs_y = -1},
    {.bitmap_index = 8826, .adv_w = 208, .box_w = 11, .box_h = 11, .ofs_x = 1, .ofs_y = -1},
    {.bitmap_index = 8887, .adv_w = 208, .box_w = 11, .box_h = 11, .ofs_x = 1, .ofs_y = -1},
    {.bitmap_index = 8948, .adv_w = 208, .box_w = 11, .box_h = 11, .ofs_x = 1, .ofs_y = -1},
    {.bitmap_index = 9009, .adv_w = 208, .box_w = 13, .box_h = 12, .ofs_x = 0, .ofs_y = -1},
    {.bitmap_index = 9087, .adv_w = 208, .box_w = 13, .box_h = 13, .ofs_x = 0, .ofs_y = -1},
    {.bitmap_index = 9172, .adv_w = 208, .box_w = 13, .box_h = 12, .ofs_x = 0, .ofs_y = -1},
    {.bitmap_index = 9250, .adv_w = 208, .box_w = 13, .box_h = 13, .ofs_x = 0, .ofs_y = -2},
    {.bitmap_index = 9335, .adv_w = 208, .box_w = 13, .box_h = 13, .ofs_x = 0, .ofs_y = -2},
    {.bitmap_index = 9420, .adv_w = 208, .box_w = 13, .box_h = 12, .ofs_x = 0, .ofs_y = -1},
    {.bitmap_index = 9498, .adv_w = 208, .box_w = 13, .box_h = 13, .ofs_x = 0, .ofs_y = -1},
    {.bitmap_index = 9583, .adv_w = 208, .box_w = 13, .box_h = 13, .ofs_x = 0, .ofs_y = -1},
    {.bitmap_index = 9668, .adv_w = 208, .box_w = 13, .box_h = 13, .ofs_x = 0, .ofs_y = -2},
    {.bitmap_index = 9753, .adv_w = 208, .box_w = 12, .box_h = 13, .ofs_x = 0, .ofs_y = -1},
    {.bitmap_index = 9831, .adv_w = 208, .box_w = 13, .box_h = 13, .ofs_x = 0, .ofs_y = -1},
    {.bitmap_index = 9916, .adv_w = 208, .box_w = 13, .box_h = 14, .ofs_x = 0, .ofs_y = -2},
    {.bitmap_index = 10007, .adv_w = 208, .box_w = 13, .box_h = 13, .ofs_x = 0, .ofs_y = -2},
    {.bitmap_index = 10092, .adv_w = 208, .box_w = 13, .box_h = 13, .ofs_x = 0, .ofs_y = -2},
    {.bitmap_index = 10177, .adv_w = 208, .box_w = 13, .box_h = 11, .ofs_x = 0, .ofs_y = -1},
    {.bitmap_index = 10249, .adv_w = 208, .box_w = 13, .box_h = 12, .ofs_x = 0, .ofs_y = -1},
    {.bitmap_index = 10327, .adv_w = 208, .box_w = 13, .box_h = 14, .ofs_x = 0, .ofs_y = -2},
    {.bitmap_index = 10418, .adv_w = 208, .box_w = 12, .box_h = 14, .ofs_x = 0, .ofs_y = -2},
    {.bitmap_index = 10502, .adv_w = 208, .box_w = 13, .box_h = 13, .ofs_x = 0, .ofs_y = -1},
    {.bitmap_index = 10587, .adv_w = 208, .box_w = 13, .box_h = 13, .ofs_x = 0, .ofs_y = -2},
    {.bitmap_index = 10672, .adv_w = 208, .box_w = 13, .box_h = 13, .ofs_x = 0, .ofs_y = -2},
    {.bitmap_index = 10757, .adv_w = 208, .box_w = 11, .box_h = 12, .ofs_x = 1, .ofs_y = -1},
    {.bitmap_index = 10823, .adv_w = 208, .box_w = 13, .box_h = 14, .ofs_x = 0, .ofs_y = -2},
    {.bitmap_index = 10914, .adv_w = 208, .box_w = 11, .box_h = 12, .ofs_x = 1, .ofs_y = -1},
    {.bitmap_index = 10980, .adv_w = 208, .box_w = 13, .box_h = 14, .ofs_x = 0, .ofs_y = -2},
    {.bitmap_index = 11071, .adv_w = 208, .box_w = 13, .box_h = 12, .ofs_x = 0, .ofs_y = -1},
    {.bitmap_index = 11149, .adv_w = 208, .box_w = 13, .box_h = 12, .ofs_x = 0, .ofs_y = -1},
    {.bitmap_index = 11227, .adv_w = 208, .box_w = 13, .box_h = 13, .ofs_x = 0, .ofs_y = -2},
    {.bitmap_index = 11312, .adv_w = 208, .box_w = 13, .box_h = 14, .ofs_x = 0, .ofs_y = -2},
    {.bitmap_index = 11403, .adv_w = 208, .box_w = 13, .box_h = 14, .ofs_x = 0, .ofs_y = -2},
    {.bitmap_index = 11494, .adv_w = 208, .box_w = 12, .box_h = 12, .ofs_x = 0, .ofs_y = -2},
    {.bitmap_index = 11566, .adv_w = 208, .box_w = 13, .box_h = 11, .ofs_x = 0, .ofs_y = -1},
    {.bitmap_index = 11638, .adv_w = 208, .box_w = 13, .box_h = 12, .ofs_x = 0, .ofs_y = -2},
    {.bitmap_index = 11716, .adv_w = 208, .box_w = 11, .box_h = 12, .ofs_x = 1, .ofs_y = -1},
    {.bitmap_index = 11782, .adv_w = 208, .box_w = 13, .box_h = 12, .ofs_x = 0, .ofs_y = -1},
    {.bitmap_index = 11860, .adv_w = 208, .box_w = 13, .box_h = 12, .ofs_x = 0, .ofs_y = -1},
    {.bitmap_index = 11938, .adv_w = 208, .box_w = 12, .box_h = 13, .ofs_x = 1, .ofs_y = -1},
    {.bitmap_index = 12016, .adv_w = 208, .box_w = 12, .box_h = 13, .ofs_x = 0, .ofs_y = -2},
    {.bitmap_index = 12094, .adv_w = 208, .box_w = 12, .box_h = 13, .ofs_x = 0, .ofs_y = -2},
    {.bitmap_index = 12172, .adv_w = 208, .box_w = 12, .box_h = 14, .ofs_x = 0, .ofs_y = -2},
    {.bitmap_index = 12256, .adv_w = 208, .box_w = 13, .box_h = 11, .ofs_x = 0, .ofs_y = -1},
    {.bitmap_index = 12328, .adv_w = 208, .box_w = 13, .box_h = 13, .ofs_x = 0, .ofs_y = -1},
    {.bitmap_index = 12413, .adv_w = 208, .box_w = 13, .box_h = 12, .ofs_x = 0, .ofs_y = -1},
    {.bitmap_index = 12491, .adv_w = 208, .box_w = 12, .box_h = 11, .ofs_x = 1, .ofs_y = -1},
    {.bitmap_index = 12557, .adv_w = 208, .box_w = 13, .box_h = 12, .ofs_x = 0, .ofs_y = -1},
    {.bitmap_index = 12635, .adv_w = 208, .box_w = 11, .box_h = 12, .ofs_x = 1, .ofs_y = -1},
    {.bitmap_index = 12701, .adv_w = 208, .box_w = 13, .box_h = 12, .ofs_x = 0, .ofs_y = -1},
    {.bitmap_index = 12779, .adv_w = 208, .box_w = 13, .box_h = 12, .ofs_x = 0, .ofs_y = -1},
    {.bitmap_index = 12857, .adv_w = 208, .box_w = 13, .box_h = 12, .ofs_x = 0, .ofs_y = -1},
    {.bitmap_index = 12935, .adv_w = 208, .box_w = 12, .box_h = 13, .ofs_x = 1, .ofs_y = -2},
    {.bitmap_index = 13013, .adv_w = 208, .box_w = 13, .box_h = 12, .ofs_x = 0, .ofs_y = -1},
    {.bitmap_index = 13091, .adv_w = 208, .box_w = 13, .box_h = 12, .ofs_x = 0, .ofs_y = -1},
    {.bitmap_index = 13169, .adv_w = 208, .box_w = 13, .box_h = 14, .ofs_x = 0, .ofs_y = -2},
    {.bitmap_index = 13260, .adv_w = 208, .box_w = 13, .box_h = 13, .ofs_x = 0, .ofs_y = -1},
    {.bitmap_index = 13345, .adv_w = 208, .box_w = 13, .box_h = 12, .ofs_x = 0, .ofs_y = -2},
    {.bitmap_index = 13423, .adv_w = 208, .box_w = 12, .box_h = 13, .ofs_x = 1, .ofs_y = -2},
    {.bitmap_index = 13501, .adv_w = 208, .box_w = 13, .box_h = 13, .ofs_x = 0, .ofs_y = -2},
    {.bitmap_index = 13586, .adv_w = 208, .box_w = 13, .box_h = 12, .ofs_x = 0, .ofs_y = -1},
    {.bitmap_index = 13664, .adv_w = 208, .box_w = 13, .box_h = 12, .ofs_x = 0, .ofs_y = -1},
    {.bitmap_index = 13742, .adv_w = 208, .box_w = 13, .box_h = 13, .ofs_x = 0, .ofs_y = -2},
    {.bitmap_index = 13827, .adv_w = 208, .box_w = 13, .box_h = 13, .ofs_x = 0, .ofs_y = -2},
    {.bitmap_index = 13912, .adv_w = 208, .box_w = 13, .box_h = 12, .ofs_x = 0, .ofs_y = -1},
    {.bitmap_index = 13990, .adv_w = 208, .box_w = 13, .box_h = 12, .ofs_x = 0, .ofs_y = -1},
    {.bitmap_index = 14068, .adv_w = 208, .box_w = 13, .box_h = 12, .ofs_x = 0, .ofs_y = -1},
    {.bitmap_index = 14146, .adv_w = 208, .box_w = 13, .box_h = 13, .ofs_x = 0, .ofs_y = -2},
    {.bitmap_index = 14231, .adv_w = 208, .box_w = 13, .box_h = 12, .ofs_x = 0, .ofs_y = -1},
    {.bitmap_index = 14309, .adv_w = 208, .box_w = 13, .box_h = 12, .ofs_x = 0, .ofs_y = -1},
    {.bitmap_index = 14387, .adv_w = 208, .box_w = 13, .box_h = 13, .ofs_x = 0, .ofs_y = -2},
    {.bitmap_index = 14472, .adv_w = 208, .box_w = 13, .box_h = 13, .ofs_x = 0, .ofs_y = -2},
    {.bitmap_index = 14557, .adv_w = 208, .box_w = 13, .box_h = 14, .ofs_x = 0, .ofs_y = -2},
    {.bitmap_index = 14648, .adv_w = 208, .box_w = 13, .box_h = 13, .ofs_x = 0, .ofs_y = -2},
    {.bitmap_index = 14733, .adv_w = 208, .box_w = 13, .box_h = 13, .ofs_x = 0, .ofs_y = -2},
    {.bitmap_index = 14818, .adv_w = 208, .box_w = 13, .box_h = 12, .ofs_x = 0, .ofs_y = -1},
    {.bitmap_index = 14896, .adv_w = 208, .box_w = 13, .box_h = 13, .ofs_x = 0, .ofs_y = -2},
    {.bitmap_index = 14981, .adv_w = 208, .box_w = 13, .box_h = 12, .ofs_x = 0, .ofs_y = -1},
    {.bitmap_index = 15059, .adv_w = 208, .box_w = 13, .box_h = 12, .ofs_x = 0, .ofs_y = -1},
    {.bitmap_index = 15137, .adv_w = 208, .box_w = 13, .box_h = 13, .ofs_x = 0, .ofs_y = -1},
    {.bitmap_index = 15222, .adv_w = 208, .box_w = 13, .box_h = 13, .ofs_x = 0, .ofs_y = -2},
    {.bitmap_index = 15307, .adv_w = 208, .box_w = 13, .box_h = 13, .ofs_x = 0, .ofs_y = -1},
    {.bitmap_index = 15392, .adv_w = 208, .box_w = 13, .box_h = 13, .ofs_x = 0, .ofs_y = -2},
    {.bitmap_index = 15477, .adv_w = 208, .box_w = 13, .box_h = 12, .ofs_x = 0, .ofs_y = -1},
    {.bitmap_index = 15555, .adv_w = 208, .box_w = 13, .box_h = 12, .ofs_x = 0, .ofs_y = -1},
    {.bitmap_index = 15633, .adv_w = 208, .box_w = 13, .box_h = 14, .ofs_x = 0, .ofs_y = -2},
    {.bitmap_index = 15724, .adv_w = 208, .box_w = 13, .box_h = 14, .ofs_x = 0, .ofs_y = -2},
    {.bitmap_index = 15815, .adv_w = 208, .box_w = 13, .box_h = 13, .ofs_x = 0, .ofs_y = -2},
    {.bitmap_index = 15900, .adv_w = 208, .box_w = 13, .box_h = 13, .ofs_x = 0, .ofs_y = -2},
    {.bitmap_index = 15985, .adv_w = 208, .box_w = 13, .box_h = 14, .ofs_x = 0, .ofs_y = -2},
    {.bitmap_index = 16076, .adv_w = 208, .box_w = 13, .box_h = 13, .ofs_x = 0, .ofs_y = -2},
    {.bitmap_index = 16161, .adv_w = 208, .box_w = 13, .box_h = 14, .ofs_x = 0, .ofs_y = -2},
    {.bitmap_index = 16252, .adv_w = 208, .box_w = 13, .box_h = 14, .ofs_x = 0, .ofs_y = -2},
    {.bitmap_index = 16343, .adv_w = 208, .box_w = 13, .box_h = 13, .ofs_x = 0, .ofs_y = -2},
    {.bitmap_index = 16428, .adv_w = 208, .box_w = 13, .box_h = 13, .ofs_x = 0, .ofs_y = -2},
    {.bitmap_index = 16513, .adv_w = 208, .box_w = 13, .box_h = 13, .ofs_x = 0, .ofs_y = -2},
    {.bitmap_index = 16598, .adv_w = 208, .box_w = 12, .box_h = 14, .ofs_x = 1, .ofs_y = -2},
    {.bitmap_index = 16682, .adv_w = 208, .box_w = 13, .box_h = 14, .ofs_x = 0, .ofs_y = -2},
    {.bitmap_index = 16773, .adv_w = 208, .box_w = 13, .box_h = 14, .ofs_x = 0, .ofs_y = -2},
    {.bitmap_index = 16864, .adv_w = 208, .box_w = 13, .box_h = 14, .ofs_x = 0, .ofs_y = -2},
    {.bitmap_index = 16955, .adv_w = 208, .box_w = 13, .box_h = 14, .ofs_x = 0, .ofs_y = -2},
    {.bitmap_index = 17046, .adv_w = 208, .box_w = 13, .box_h = 13, .ofs_x = 0, .ofs_y = -2},
    {.bitmap_index = 17131, .adv_w = 208, .box_w = 9, .box_h = 11, .ofs_x = 2, .ofs_y = -1},
    {.bitmap_index = 17181, .adv_w = 208, .box_w = 11, .box_h = 12, .ofs_x = 1, .ofs_y = -1},
    {.bitmap_index = 17247, .adv_w = 208, .box_w = 13, .box_h = 11, .ofs_x = 0, .ofs_y = -1},
    {.bitmap_index = 17319, .adv_w = 208, .box_w = 12, .box_h = 13, .ofs_x = 1, .ofs_y = -2},
    {.bitmap_index = 17397, .adv_w = 208, .box_w = 12, .box_h = 13, .ofs_x = 1, .ofs_y = -2},
    {.bitmap_index = 17475, .adv_w = 208, .box_w = 13, .box_h = 13, .ofs_x = 0, .ofs_y = -2},
    {.bitmap_index = 17560, .adv_w = 208, .box_w = 13, .box_h = 12, .ofs_x = 0, .ofs_y = -2},
    {.bitmap_index = 17638, .adv_w = 208, .box_w = 13, .box_h = 11, .ofs_x = 0, .ofs_y = -1},
    {.bitmap_index = 17710, .adv_w = 208, .box_w = 13, .box_h = 12, .ofs_x = 0, .ofs_y = -2},
    {.bitmap_index = 17788, .adv_w = 208, .box_w = 13, .box_h = 12, .ofs_x = 0, .ofs_y = -1},
    {.bitmap_index = 17866, .adv_w = 208, .box_w = 11, .box_h = 12, .ofs_x = 0, .ofs_y = -2},
    {.bitmap_index = 17932, .adv_w = 208, .box_w = 13, .box_h = 12, .ofs_x = 0, .ofs_y = -1},
    {.bitmap_index = 18010, .adv_w = 208, .box_w = 13, .box_h = 12, .ofs_x = 0, .ofs_y = -1},
    {.bitmap_index = 18088, .adv_w = 208, .box_w = 13, .box_h = 12, .ofs_x = 0, .ofs_y = -1},
    {.bitmap_index = 18166, .adv_w = 208, .box_w = 13, .box_h = 12, .ofs_x = 0, .ofs_y = -1},
    {.bitmap_index = 18244, .adv_w = 208, .box_w = 13, .box_h = 13, .ofs_x = 0, .ofs_y = -2},
    {.bitmap_index = 18329, .adv_w = 208, .box_w = 13, .box_h = 12, .ofs_x = 0, .ofs_y = -1},
    {.bitmap_index = 18407, .adv_w = 208, .box_w = 13, .box_h = 13, .ofs_x = 0, .ofs_y = -2},
    {.bitmap_index = 18492, .adv_w = 208, .box_w = 13, .box_h = 12, .ofs_x = 0, .ofs_y = -1},
    {.bitmap_index = 18570, .adv_w = 208, .box_w = 13, .box_h = 13, .ofs_x = 0, .ofs_y = -2},
    {.bitmap_index = 18655, .adv_w = 208, .box_w = 13, .box_h = 12, .ofs_x = 0, .ofs_y = -1},
    {.bitmap_index = 18733, .adv_w = 208, .box_w = 13, .box_h = 14, .ofs_x = 0, .ofs_y = -2},
    {.bitmap_index = 18824, .adv_w = 208, .box_w = 13, .box_h = 11, .ofs_x = 0, .ofs_y = -1},
    {.bitmap_index = 18896, .adv_w = 208, .box_w = 13, .box_h = 14, .ofs_x = 0, .ofs_y = -2},
    {.bitmap_index = 18987, .adv_w = 208, .box_w = 13, .box_h = 13, .ofs_x = 0, .ofs_y = -1},
    {.bitmap_index = 19072, .adv_w = 208, .box_w = 13, .box_h = 13, .ofs_x = 0, .ofs_y = -1},
    {.bitmap_index = 19157, .adv_w = 208, .box_w = 13, .box_h = 13, .ofs_x = 0, .ofs_y = -2},
    {.bitmap_index = 19242, .adv_w = 208, .box_w = 13, .box_h = 13, .ofs_x = 0, .ofs_y = -2},
    {.bitmap_index = 19327, .adv_w = 208, .box_w = 13, .box_h = 14, .ofs_x = 0, .ofs_y = -2},
    {.bitmap_index = 19418, .adv_w = 208, .box_w = 13, .box_h = 13, .ofs_x = 0, .ofs_y = -1},
    {.bitmap_index = 19503, .adv_w = 208, .box_w = 13, .box_h = 12, .ofs_x = 0, .ofs_y = -1},
    {.bitmap_index = 19581, .adv_w = 208, .box_w = 13, .box_h = 13, .ofs_x = 0, .ofs_y = -2},
    {.bitmap_index = 19666, .adv_w = 208, .box_w = 13, .box_h = 13, .ofs_x = 0, .ofs_y = -1},
    {.bitmap_index = 19751, .adv_w = 208, .box_w = 13, .box_h = 12, .ofs_x = 0, .ofs_y = -1},
    {.bitmap_index = 19829, .adv_w = 208, .box_w = 13, .box_h = 13, .ofs_x = 0, .ofs_y = -2},
    {.bitmap_index = 19914, .adv_w = 208, .box_w = 13, .box_h = 13, .ofs_x = 0, .ofs_y = -2},
    {.bitmap_index = 19999, .adv_w = 208, .box_w = 13, .box_h = 13, .ofs_x = 0, .ofs_y = -1},
    {.bitmap_index = 20084, .adv_w = 208, .box_w = 13, .box_h = 13, .ofs_x = 0, .ofs_y = -2},
    {.bitmap_index = 20169, .adv_w = 208, .box_w = 13, .box_h = 12, .ofs_x = 0, .ofs_y = -1},
    {.bitmap_index = 20247, .adv_w = 208, .box_w = 13, .box_h = 13, .ofs_x = 0, .ofs_y = -2},
    {.bitmap_index = 20332, .adv_w = 208, .box_w = 13, .box_h = 12, .ofs_x = 0, .ofs_y = -1},
    {.bitmap_index = 20410, .adv_w = 208, .box_w = 13, .box_h = 13, .ofs_x = 0, .ofs_y = -2},
    {.bitmap_index = 20495, .adv_w = 208, .box_w = 13, .box_h = 13, .ofs_x = 0, .ofs_y = -1},
    {.bitmap_index = 20580, .adv_w = 208, .box_w = 13, .box_h = 13, .ofs_x = 0, .ofs_y = -1},
    {.bitmap_index = 20665, .adv_w = 208, .box_w = 13, .box_h = 12, .ofs_x = 0, .ofs_y = -1},
    {.bitmap_index = 20743, .adv_w = 208, .box_w = 13, .box_h = 12, .ofs_x = 0, .ofs_y = -1},
    {.bitmap_index = 20821, .adv_w = 208, .box_w = 13, .box_h = 12, .ofs_x = 0, .ofs_y = -1},
    {.bitmap_index = 20899, .adv_w = 208, .box_w = 13, .box_h = 13, .ofs_x = 0, .ofs_y = -2},
    {.bitmap_index = 20984, .adv_w = 208, .box_w = 13, .box_h = 13, .ofs_x = 0, .ofs_y = -2},
    {.bitmap_index = 21069, .adv_w = 208, .box_w = 13, .box_h = 12, .ofs_x = 0, .ofs_y = -1},
    {.bitmap_index = 21147, .adv_w = 208, .box_w = 13, .box_h = 12, .ofs_x = 0, .ofs_y = -1},
    {.bitmap_index = 21225, .adv_w = 208, .box_w = 13, .box_h = 13, .ofs_x = 0, .ofs_y = -1},
    {.bitmap_index = 21310, .adv_w = 208, .box_w = 13, .box_h = 13, .ofs_x = 0, .ofs_y = -2},
    {.bitmap_index = 21395, .adv_w = 208, .box_w = 13, .box_h = 13, .ofs_x = 0, .ofs_y = -1},
    {.bitmap_index = 21480, .adv_w = 208, .box_w = 13, .box_h = 12, .ofs_x = 0, .ofs_y = -1},
    {.bitmap_index = 21558, .adv_w = 208, .box_w = 13, .box_h = 13, .ofs_x = 0, .ofs_y = -2},
    {.bitmap_index = 21643, .adv_w = 208, .box_w = 13, .box_h = 13, .ofs_x = 0, .ofs_y = -1},
    {.bitmap_index = 21728, .adv_w = 208, .box_w = 13, .box_h = 13, .ofs_x = 0, .ofs_y = -2},
    {.bitmap_index = 21813, .adv_w = 208, .box_w = 13, .box_h = 13, .ofs_x = 0, .ofs_y = -2},
    {.bitmap_index = 21898, .adv_w = 208, .box_w = 13, .box_h = 14, .ofs_x = 0, .ofs_y = -2},
    {.bitmap_index = 21989, .adv_w = 208, .box_w = 13, .box_h = 12, .ofs_x = 0, .ofs_y = -1},
    {.bitmap_index = 22067, .adv_w = 208, .box_w = 13, .box_h = 13, .ofs_x = 0, .ofs_y = -1},
    {.bitmap_index = 22152, .adv_w = 208, .box_w = 13, .box_h = 13, .ofs_x = 0, .ofs_y = -2},
    {.bitmap_index = 22237, .adv_w = 208, .box_w = 13, .box_h = 13, .ofs_x = 0, .ofs_y = -2},
    {.bitmap_index = 22322, .adv_w = 208, .box_w = 13, .box_h = 13, .ofs_x = 0, .ofs_y = -1},
    {.bitmap_index = 22407, .adv_w = 208, .box_w = 13, .box_h = 12, .ofs_x = 0, .ofs_y = -1},
    {.bitmap_index = 22485, .adv_w = 208, .box_w = 12, .box_h = 12, .ofs_x = 0, .ofs_y = -1},
    {.bitmap_index = 22557, .adv_w = 208, .box_w = 13, .box_h = 13, .ofs_x = 0, .ofs_y = -2},
    {.bitmap_index = 22642, .adv_w = 208, .box_w = 13, .box_h = 12, .ofs_x = 0, .ofs_y = -1},
    {.bitmap_index = 22720, .adv_w = 208, .box_w = 13, .box_h = 12, .ofs_x = 0, .ofs_y = -1},
    {.bitmap_index = 22798, .adv_w = 208, .box_w = 13, .box_h = 12, .ofs_x = 0, .ofs_y = -1},
    {.bitmap_index = 22876, .adv_w = 208, .box_w = 13, .box_h = 12, .ofs_x = 0, .ofs_y = -1},
    {.bitmap_index = 22954, .adv_w = 208, .box_w = 13, .box_h = 13, .ofs_x = 0, .ofs_y = -2},
    {.bitmap_index = 23039, .adv_w = 208, .box_w = 13, .box_h = 12, .ofs_x = 0, .ofs_y = -1},
    {.bitmap_index = 23117, .adv_w = 208, .box_w = 13, .box_h = 13, .ofs_x = 0, .ofs_y = -2},
    {.bitmap_index = 23202, .adv_w = 208, .box_w = 13, .box_h = 12, .ofs_x = 0, .ofs_y = -1},
    {.bitmap_index = 23280, .adv_w = 208, .box_w = 13, .box_h = 13, .ofs_x = 0, .ofs_y = -2},
    {.bitmap_index = 23365, .adv_w = 208, .box_w = 13, .box_h = 14, .ofs_x = 0, .ofs_y = -2},
    {.bitmap_index = 23456, .adv_w = 208, .box_w = 13, .box_h = 14, .ofs_x = 0, .ofs_y = -2},
    {.bitmap_index = 23547, .adv_w = 208, .box_w = 13, .box_h = 12, .ofs_x = 0, .ofs_y = -2},
    {.bitmap_index = 23625, .adv_w = 208, .box_w = 12, .box_h = 13, .ofs_x = 0, .ofs_y = -2},
    {.bitmap_index = 23703, .adv_w = 208, .box_w = 13, .box_h = 14, .ofs_x = 0, .ofs_y = -2},
    {.bitmap_index = 23794, .adv_w = 208, .box_w = 13, .box_h = 12, .ofs_x = 0, .ofs_y = -1},
    {.bitmap_index = 23872, .adv_w = 208, .box_w = 13, .box_h = 13, .ofs_x = 0, .ofs_y = -2},
    {.bitmap_index = 23957, .adv_w = 208, .box_w = 13, .box_h = 13, .ofs_x = 0, .ofs_y = -2},
    {.bitmap_index = 24042, .adv_w = 208, .box_w = 13, .box_h = 13, .ofs_x = 0, .ofs_y = -2},
    {.bitmap_index = 24127, .adv_w = 208, .box_w = 13, .box_h = 13, .ofs_x = 0, .ofs_y = -2},
    {.bitmap_index = 24212, .adv_w = 208, .box_w = 13, .box_h = 13, .ofs_x = 0, .ofs_y = -2},
    {.bitmap_index = 24297, .adv_w = 208, .box_w = 13, .box_h = 12, .ofs_x = 0, .ofs_y = -2},
    {.bitmap_index = 24375, .adv_w = 208, .box_w = 13, .box_h = 12, .ofs_x = 0, .ofs_y = -2},
    {.bitmap_index = 24453, .adv_w = 208, .box_w = 13, .box_h = 12, .ofs_x = 0, .ofs_y = -1},
    {.bitmap_index = 24531, .adv_w = 208, .box_w = 13, .box_h = 13, .ofs_x = 0, .ofs_y = -2},
    {.bitmap_index = 24616, .adv_w = 208, .box_w = 12, .box_h = 13, .ofs_x = 0, .ofs_y = -1},
    {.bitmap_index = 24694, .adv_w = 208, .box_w = 13, .box_h = 13, .ofs_x = 0, .ofs_y = -2},
    {.bitmap_index = 24779, .adv_w = 208, .box_w = 13, .box_h = 13, .ofs_x = 0, .ofs_y = -2},
    {.bitmap_index = 24864, .adv_w = 208, .box_w = 13, .box_h = 12, .ofs_x = 0, .ofs_y = -1},
    {.bitmap_index = 24942, .adv_w = 208, .box_w = 11, .box_h = 12, .ofs_x = 1, .ofs_y = -1},
    {.bitmap_index = 25008, .adv_w = 208, .box_w = 12, .box_h = 12, .ofs_x = 1, .ofs_y = -1},
    {.bitmap_index = 25080, .adv_w = 208, .box_w = 13, .box_h = 13, .ofs_x = 0, .ofs_y = -2},
    {.bitmap_index = 25165, .adv_w = 208, .box_w = 11, .box_h = 12, .ofs_x = 1, .ofs_y = -1},
    {.bitmap_index = 25231, .adv_w = 208, .box_w = 12, .box_h = 14, .ofs_x = 1, .ofs_y = -2},
    {.bitmap_index = 25315, .adv_w = 208, .box_w = 12, .box_h = 12, .ofs_x = 1, .ofs_y = -1},
    {.bitmap_index = 25387, .adv_w = 208, .box_w = 13, .box_h = 13, .ofs_x = 0, .ofs_y = -1},
    {.bitmap_index = 25472, .adv_w = 208, .box_w = 13, .box_h = 12, .ofs_x = 0, .ofs_y = -1},
    {.bitmap_index = 25550, .adv_w = 208, .box_w = 13, .box_h = 12, .ofs_x = 0, .ofs_y = -2},
    {.bitmap_index = 25628, .adv_w = 208, .box_w = 13, .box_h = 13, .ofs_x = 0, .ofs_y = -1},
    {.bitmap_index = 25713, .adv_w = 208, .box_w = 13, .box_h = 13, .ofs_x = 0, .ofs_y = -2},
    {.bitmap_index = 25798, .adv_w = 208, .box_w = 13, .box_h = 11, .ofs_x = 0, .ofs_y = -1},
    {.bitmap_index = 25870, .adv_w = 208, .box_w = 13, .box_h = 13, .ofs_x = 0, .ofs_y = -2},
    {.bitmap_index = 25955, .adv_w = 208, .box_w = 13, .box_h = 13, .ofs_x = 0, .ofs_y = -2},
    {.bitmap_index = 26040, .adv_w = 208, .box_w = 13, .box_h = 13, .ofs_x = 0, .ofs_y = -2},
    {.bitmap_index = 26125, .adv_w = 208, .box_w = 13, .box_h = 13, .ofs_x = 0, .ofs_y = -2},
    {.bitmap_index = 26210, .adv_w = 208, .box_w = 13, .box_h = 12, .ofs_x = 0, .ofs_y = -1},
    {.bitmap_index = 26288, .adv_w = 208, .box_w = 13, .box_h = 13, .ofs_x = 0, .ofs_y = -1},
    {.bitmap_index = 26373, .adv_w = 208, .box_w = 13, .box_h = 11, .ofs_x = 0, .ofs_y = -1},
    {.bitmap_index = 26445, .adv_w = 208, .box_w = 13, .box_h = 12, .ofs_x = 0, .ofs_y = -1},
    {.bitmap_index = 26523, .adv_w = 208, .box_w = 13, .box_h = 12, .ofs_x = 0, .ofs_y = -1},
    {.bitmap_index = 26601, .adv_w = 208, .box_w = 13, .box_h = 13, .ofs_x = 0, .ofs_y = -1},
    {.bitmap_index = 26686, .adv_w = 208, .box_w = 13, .box_h = 14, .ofs_x = 0, .ofs_y = -2},
    {.bitmap_index = 26777, .adv_w = 208, .box_w = 13, .box_h = 12, .ofs_x = 0, .ofs_y = -1},
    {.bitmap_index = 26855, .adv_w = 208, .box_w = 13, .box_h = 13, .ofs_x = 0, .ofs_y = -1},
    {.bitmap_index = 26940, .adv_w = 208, .box_w = 12, .box_h = 13, .ofs_x = 1, .ofs_y = -1},
    {.bitmap_index = 27018, .adv_w = 208, .box_w = 13, .box_h = 12, .ofs_x = 0, .ofs_y = -1},
    {.bitmap_index = 27096, .adv_w = 208, .box_w = 13, .box_h = 12, .ofs_x = 0, .ofs_y = -1},
    {.bitmap_index = 27174, .adv_w = 208, .box_w = 13, .box_h = 12, .ofs_x = 0, .ofs_y = -1},
    {.bitmap_index = 27252, .adv_w = 208, .box_w = 13, .box_h = 13, .ofs_x = 0, .ofs_y = -1},
    {.bitmap_index = 27337, .adv_w = 208, .box_w = 13, .box_h = 13, .ofs_x = 0, .ofs_y = -1},
    {.bitmap_index = 27422, .adv_w = 208, .box_w = 13, .box_h = 13, .ofs_x = 0, .ofs_y = -1},
    {.bitmap_index = 27507, .adv_w = 208, .box_w = 13, .box_h = 13, .ofs_x = 0, .ofs_y = -2},
    {.bitmap_index = 27592, .adv_w = 208, .box_w = 13, .box_h = 13, .ofs_x = 0, .ofs_y = -1},
    {.bitmap_index = 27677, .adv_w = 208, .box_w = 13, .box_h = 12, .ofs_x = 0, .ofs_y = -1},
    {.bitmap_index = 27755, .adv_w = 208, .box_w = 13, .box_h = 12, .ofs_x = 0, .ofs_y = -1},
    {.bitmap_index = 27833, .adv_w = 208, .box_w = 13, .box_h = 13, .ofs_x = 0, .ofs_y = -1},
    {.bitmap_index = 27918, .adv_w = 208, .box_w = 13, .box_h = 12, .ofs_x = 0, .ofs_y = -1},
    {.bitmap_index = 27996, .adv_w = 208, .box_w = 12, .box_h = 13, .ofs_x = 0, .ofs_y = -1},
    {.bitmap_index = 28074, .adv_w = 208, .box_w = 13, .box_h = 12, .ofs_x = 0, .ofs_y = -1},
    {.bitmap_index = 28152, .adv_w = 208, .box_w = 13, .box_h = 14, .ofs_x = 0, .ofs_y = -2},
    {.bitmap_index = 28243, .adv_w = 208, .box_w = 13, .box_h = 13, .ofs_x = 0, .ofs_y = -1},
    {.bitmap_index = 28328, .adv_w = 208, .box_w = 13, .box_h = 13, .ofs_x = 0, .ofs_y = -1},
    {.bitmap_index = 28413, .adv_w = 208, .box_w = 13, .box_h = 13, .ofs_x = 0, .ofs_y = -2},
    {.bitmap_index = 28498, .adv_w = 208, .box_w = 13, .box_h = 12, .ofs_x = 0, .ofs_y = -1},
    {.bitmap_index = 28576, .adv_w = 208, .box_w = 13, .box_h = 14, .ofs_x = 0, .ofs_y = -2},
    {.bitmap_index = 28667, .adv_w = 208, .box_w = 13, .box_h = 13, .ofs_x = 0, .ofs_y = -1},
    {.bitmap_index = 28752, .adv_w = 208, .box_w = 13, .box_h = 11, .ofs_x = 0, .ofs_y = -1},
    {.bitmap_index = 28824, .adv_w = 208, .box_w = 13, .box_h = 13, .ofs_x = 0, .ofs_y = -1},
    {.bitmap_index = 28909, .adv_w = 208, .box_w = 13, .box_h = 13, .ofs_x = 0, .ofs_y = -2},
    {.bitmap_index = 28994, .adv_w = 208, .box_w = 13, .box_h = 12, .ofs_x = 0, .ofs_y = -1},
    {.bitmap_index = 29072, .adv_w = 208, .box_w = 12, .box_h = 12, .ofs_x = 0, .ofs_y = -1},
    {.bitmap_index = 29144, .adv_w = 208, .box_w = 13, .box_h = 12, .ofs_x = 0, .ofs_y = -1},
    {.bitmap_index = 29222, .adv_w = 208, .box_w = 13, .box_h = 12, .ofs_x = 0, .ofs_y = -1},
    {.bitmap_index = 29300, .adv_w = 208, .box_w = 13, .box_h = 13, .ofs_x = 0, .ofs_y = -2},
    {.bitmap_index = 29385, .adv_w = 208, .box_w = 13, .box_h = 13, .ofs_x = 0, .ofs_y = -1},
    {.bitmap_index = 29470, .adv_w = 208, .box_w = 13, .box_h = 13, .ofs_x = 0, .ofs_y = -1},
    {.bitmap_index = 29555, .adv_w = 208, .box_w = 13, .box_h = 13, .ofs_x = 0, .ofs_y = -2},
    {.bitmap_index = 29640, .adv_w = 208, .box_w = 13, .box_h = 13, .ofs_x = 0, .ofs_y = -1},
    {.bitmap_index = 29725, .adv_w = 208, .box_w = 13, .box_h = 12, .ofs_x = 0, .ofs_y = -1},
    {.bitmap_index = 29803, .adv_w = 208, .box_w = 13, .box_h = 12, .ofs_x = 0, .ofs_y = -1},
    {.bitmap_index = 29881, .adv_w = 208, .box_w = 13, .box_h = 12, .ofs_x = 0, .ofs_y = -1},
    {.bitmap_index = 29959, .adv_w = 208, .box_w = 13, .box_h = 12, .ofs_x = 0, .ofs_y = -1},
    {.bitmap_index = 30037, .adv_w = 208, .box_w = 13, .box_h = 13, .ofs_x = 0, .ofs_y = -2},
    {.bitmap_index = 30122, .adv_w = 208, .box_w = 13, .box_h = 13, .ofs_x = 0, .ofs_y = -2},
    {.bitmap_index = 30207, .adv_w = 208, .box_w = 13, .box_h = 12, .ofs_x = 0, .ofs_y = -1},
    {.bitmap_index = 30285, .adv_w = 208, .box_w = 13, .box_h = 13, .ofs_x = 0, .ofs_y = -2},
    {.bitmap_index = 30370, .adv_w = 208, .box_w = 13, .box_h = 12, .ofs_x = 0, .ofs_y = -1},
    {.bitmap_index = 30448, .adv_w = 208, .box_w = 13, .box_h = 13, .ofs_x = 0, .ofs_y = -2},
    {.bitmap_index = 30533, .adv_w = 208, .box_w = 13, .box_h = 12, .ofs_x = 0, .ofs_y = -1},
    {.bitmap_index = 30611, .adv_w = 208, .box_w = 13, .box_h = 12, .ofs_x = 0, .ofs_y = -1},
    {.bitmap_index = 30689, .adv_w = 208, .box_w = 13, .box_h = 12, .ofs_x = 0, .ofs_y = -1},
    {.bitmap_index = 30767, .adv_w = 208, .box_w = 12, .box_h = 12, .ofs_x = 0, .ofs_y = -2},
    {.bitmap_index = 30839, .adv_w = 208, .box_w = 13, .box_h = 13, .ofs_x = 0, .ofs_y = -2},
    {.bitmap_index = 30924, .adv_w = 208, .box_w = 13, .box_h = 14, .ofs_x = 0, .ofs_y = -2},
    {.bitmap_index = 31015, .adv_w = 208, .box_w = 13, .box_h = 12, .ofs_x = 0, .ofs_y = -1},
    {.bitmap_index = 31093, .adv_w = 208, .box_w = 13, .box_h = 13, .ofs_x = 0, .ofs_y = -2},
    {.bitmap_index = 31178, .adv_w = 208, .box_w = 13, .box_h = 11, .ofs_x = 0, .ofs_y = -1},
    {.bitmap_index = 31250, .adv_w = 208, .box_w = 13, .box_h = 12, .ofs_x = 0, .ofs_y = -2},
    {.bitmap_index = 31328, .adv_w = 208, .box_w = 13, .box_h = 13, .ofs_x = 0, .ofs_y = -2},
    {.bitmap_index = 31413, .adv_w = 208, .box_w = 13, .box_h = 12, .ofs_x = 0, .ofs_y = -1},
    {.bitmap_index = 31491, .adv_w = 208, .box_w = 13, .box_h = 12, .ofs_x = 0, .ofs_y = -1},
    {.bitmap_index = 31569, .adv_w = 208, .box_w = 13, .box_h = 12, .ofs_x = 0, .ofs_y = -1},
    {.bitmap_index = 31647, .adv_w = 208, .box_w = 13, .box_h = 13, .ofs_x = 0, .ofs_y = -2},
    {.bitmap_index = 31732, .adv_w = 208, .box_w = 12, .box_h = 12, .ofs_x = 0, .ofs_y = -1},
    {.bitmap_index = 31804, .adv_w = 208, .box_w = 13, .box_h = 13, .ofs_x = 0, .ofs_y = -2},
    {.bitmap_index = 31889, .adv_w = 208, .box_w = 12, .box_h = 13, .ofs_x = 0, .ofs_y = -2},
    {.bitmap_index = 31967, .adv_w = 208, .box_w = 12, .box_h = 12, .ofs_x = 0, .ofs_y = -2},
    {.bitmap_index = 32039, .adv_w = 208, .box_w = 12, .box_h = 13, .ofs_x = 0, .ofs_y = -2},
    {.bitmap_index = 32117, .adv_w = 208, .box_w = 13, .box_h = 12, .ofs_x = 0, .ofs_y = -1},
    {.bitmap_index = 32195, .adv_w = 208, .box_w = 13, .box_h = 13, .ofs_x = 0, .ofs_y = -2},
    {.bitmap_index = 32280, .adv_w = 208, .box_w = 13, .box_h = 13, .ofs_x = 0, .ofs_y = -2},
    {.bitmap_index = 32365, .adv_w = 208, .box_w = 13, .box_h = 13, .ofs_x = 0, .ofs_y = -2},
    {.bitmap_index = 32450, .adv_w = 208, .box_w = 13, .box_h = 13, .ofs_x = 0, .ofs_y = -2},
    {.bitmap_index = 32535, .adv_w = 208, .box_w = 13, .box_h = 12, .ofs_x = 0, .ofs_y = -1},
    {.bitmap_index = 32613, .adv_w = 208, .box_w = 13, .box_h = 12, .ofs_x = 0, .ofs_y = -1},
    {.bitmap_index = 32691, .adv_w = 208, .box_w = 13, .box_h = 13, .ofs_x = 0, .ofs_y = -2},
    {.bitmap_index = 32776, .adv_w = 208, .box_w = 13, .box_h = 14, .ofs_x = 0, .ofs_y = -2},
    {.bitmap_index = 32867, .adv_w = 208, .box_w = 13, .box_h = 13, .ofs_x = 0, .ofs_y = -2},
    {.bitmap_index = 32952, .adv_w = 208, .box_w = 13, .box_h = 12, .ofs_x = 0, .ofs_y = -1},
    {.bitmap_index = 33030, .adv_w = 208, .box_w = 13, .box_h = 13, .ofs_x = 0, .ofs_y = -2},
    {.bitmap_index = 33115, .adv_w = 208, .box_w = 13, .box_h = 13, .ofs_x = 0, .ofs_y = -2},
    {.bitmap_index = 33200, .adv_w = 208, .box_w = 13, .box_h = 13, .ofs_x = 0, .ofs_y = -2},
    {.bitmap_index = 33285, .adv_w = 208, .box_w = 13, .box_h = 13, .ofs_x = 0, .ofs_y = -2},
    {.bitmap_index = 33370, .adv_w = 208, .box_w = 13, .box_h = 13, .ofs_x = 0, .ofs_y = -2},
    {.bitmap_index = 33455, .adv_w = 208, .box_w = 13, .box_h = 13, .ofs_x = 0, .ofs_y = -2},
    {.bitmap_index = 33540, .adv_w = 208, .box_w = 13, .box_h = 13, .ofs_x = 0, .ofs_y = -2},
    {.bitmap_index = 33625, .adv_w = 208, .box_w = 13, .box_h = 13, .ofs_x = 0, .ofs_y = -2},
    {.bitmap_index = 33710, .adv_w = 208, .box_w = 13, .box_h = 13, .ofs_x = 0, .ofs_y = -2},
    {.bitmap_index = 33795, .adv_w = 208, .box_w = 13, .box_h = 12, .ofs_x = 0, .ofs_y = -1},
    {.bitmap_index = 33873, .adv_w = 208, .box_w = 13, .box_h = 11, .ofs_x = 0, .ofs_y = -1},
    {.bitmap_index = 33945, .adv_w = 208, .box_w = 13, .box_h = 13, .ofs_x = 0, .ofs_y = -2},
    {.bitmap_index = 34030, .adv_w = 208, .box_w = 13, .box_h = 11, .ofs_x = 0, .ofs_y = -1},
    {.bitmap_index = 34102, .adv_w = 208, .box_w = 13, .box_h = 13, .ofs_x = 0, .ofs_y = -1},
    {.bitmap_index = 34187, .adv_w = 208, .box_w = 13, .box_h = 12, .ofs_x = 0, .ofs_y = -1},
    {.bitmap_index = 34265, .adv_w = 208, .box_w = 13, .box_h = 13, .ofs_x = 0, .ofs_y = -2},
    {.bitmap_index = 34350, .adv_w = 208, .box_w = 13, .box_h = 12, .ofs_x = 0, .ofs_y = -1},
    {.bitmap_index = 34428, .adv_w = 208, .box_w = 13, .box_h = 12, .ofs_x = 0, .ofs_y = -1},
    {.bitmap_index = 34506, .adv_w = 208, .box_w = 13, .box_h = 13, .ofs_x = 0, .ofs_y = -2},
    {.bitmap_index = 34591, .adv_w = 208, .box_w = 13, .box_h = 13, .ofs_x = 0, .ofs_y = -2},
    {.bitmap_index = 34676, .adv_w = 208, .box_w = 13, .box_h = 14, .ofs_x = 0, .ofs_y = -2},
    {.bitmap_index = 34767, .adv_w = 208, .box_w = 13, .box_h = 13, .ofs_x = 0, .ofs_y = -2},
    {.bitmap_index = 34852, .adv_w = 208, .box_w = 13, .box_h = 12, .ofs_x = 0, .ofs_y = -1},
    {.bitmap_index = 34930, .adv_w = 208, .box_w = 11, .box_h = 13, .ofs_x = 1, .ofs_y = -2},
    {.bitmap_index = 35002, .adv_w = 208, .box_w = 11, .box_h = 12, .ofs_x = 1, .ofs_y = -1},
    {.bitmap_index = 35068, .adv_w = 208, .box_w = 12, .box_h = 13, .ofs_x = 1, .ofs_y = -2},
    {.bitmap_index = 35146, .adv_w = 208, .box_w = 13, .box_h = 13, .ofs_x = 0, .ofs_y = -2},
    {.bitmap_index = 35231, .adv_w = 208, .box_w = 13, .box_h = 13, .ofs_x = 0, .ofs_y = -1},
    {.bitmap_index = 35316, .adv_w = 208, .box_w = 13, .box_h = 11, .ofs_x = 0, .ofs_y = -1},
    {.bitmap_index = 35388, .adv_w = 208, .box_w = 13, .box_h = 11, .ofs_x = 0, .ofs_y = -1},
    {.bitmap_index = 35460, .adv_w = 208, .box_w = 13, .box_h = 12, .ofs_x = 0, .ofs_y = -2},
    {.bitmap_index = 35538, .adv_w = 208, .box_w = 13, .box_h = 11, .ofs_x = 0, .ofs_y = -1},
    {.bitmap_index = 35610, .adv_w = 208, .box_w = 13, .box_h = 12, .ofs_x = 0, .ofs_y = -1},
    {.bitmap_index = 35688, .adv_w = 208, .box_w = 13, .box_h = 13, .ofs_x = 0, .ofs_y = -1},
    {.bitmap_index = 35773, .adv_w = 208, .box_w = 13, .box_h = 11, .ofs_x = 0, .ofs_y = -1},
    {.bitmap_index = 35845, .adv_w = 208, .box_w = 13, .box_h = 12, .ofs_x = 0, .ofs_y = -1},
    {.bitmap_index = 35923, .adv_w = 208, .box_w = 13, .box_h = 11, .ofs_x = 0, .ofs_y = -1},
    {.bitmap_index = 35995, .adv_w = 208, .box_w = 13, .box_h = 12, .ofs_x = 0, .ofs_y = -2},
    {.bitmap_index = 36073, .adv_w = 208, .box_w = 13, .box_h = 13, .ofs_x = 0, .ofs_y = -2},
    {.bitmap_index = 36158, .adv_w = 208, .box_w = 13, .box_h = 13, .ofs_x = 0, .ofs_y = -2},
    {.bitmap_index = 36243, .adv_w = 208, .box_w = 13, .box_h = 12, .ofs_x = 0, .ofs_y = -2},
    {.bitmap_index = 36321, .adv_w = 208, .box_w = 13, .box_h = 12, .ofs_x = 0, .ofs_y = -2},
    {.bitmap_index = 36399, .adv_w = 208, .box_w = 13, .box_h = 13, .ofs_x = 0, .ofs_y = -2},
    {.bitmap_index = 36484, .adv_w = 208, .box_w = 13, .box_h = 13, .ofs_x = 0, .ofs_y = -2},
    {.bitmap_index = 36569, .adv_w = 208, .box_w = 13, .box_h = 12, .ofs_x = 0, .ofs_y = -1},
    {.bitmap_index = 36647, .adv_w = 208, .box_w = 12, .box_h = 14, .ofs_x = 1, .ofs_y = -2},
    {.bitmap_index = 36731, .adv_w = 208, .box_w = 13, .box_h = 13, .ofs_x = 0, .ofs_y = -2},
    {.bitmap_index = 36816, .adv_w = 208, .box_w = 3, .box_h = 11, .ofs_x = 2, .ofs_y = -1},
    {.bitmap_index = 36833, .adv_w = 208, .box_w = 5, .box_h = 14, .ofs_x = 8, .ofs_y = -2},
    {.bitmap_index = 36868, .adv_w = 208, .box_w = 5, .box_h = 14, .ofs_x = 0, .ofs_y = -2},
    {.bitmap_index = 36903, .adv_w = 208, .box_w = 11, .box_h = 10, .ofs_x = 1, .ofs_y = 0},
    {.bitmap_index = 36958, .adv_w = 208, .box_w = 3, .box_h = 6, .ofs_x = 2, .ofs_y = -2},
    {.bitmap_index = 36967, .adv_w = 208, .box_w = 7, .box_h = 11, .ofs_x = 0, .ofs_y = -1}
};

/*---------------------
 *  CHARACTER MAPPING
 *--------------------*/

static const uint16_t unicode_list_1[] = {
    0x0, 0x1f6c, 0x1f6d, 0x1f76, 0x20e1, 0x20e3, 0x250c, 0x251f,
    0x2f50, 0x2f52, 0x2f5c, 0x2f5d, 0x2f60, 0x2f61, 0x4d50, 0x4d59,
    0x4d5a, 0x4d5b, 0x4d5d, 0x4d6c, 0x4d74, 0x4d7a, 0x4d7d, 0x4d8a,
    0x4d8b, 0x4d98, 0x4d9b, 0x4db6, 0x4dd6, 0x4dde, 0x4de1, 0x4deb,
    0x4dfe, 0x4e10, 0x4e5f, 0x4e69, 0x4e6a, 0x4e76, 0x4e84, 0x4e8c,
    0x4e9f, 0x4eb0, 0x4f31, 0x5093, 0x5099, 0x509b, 0x509d, 0x50a4,
    0x50b5, 0x50b8, 0x50c1, 0x50c3, 0x50dd, 0x50e2, 0x5100, 0x514a,
    0x5150, 0x5156, 0x5180, 0x518b, 0x51b9, 0x51ba, 0x51f8, 0x5255,
    0x5269, 0x529a, 0x52a7, 0x52ef, 0x530b, 0x5318, 0x5330, 0x5333,
    0x533a, 0x533c, 0x533f, 0x5340, 0x5343, 0x5347, 0x535e, 0x5377,
    0x53cc, 0x5411, 0x541d, 0x5438, 0x54d0, 0x54ec, 0x55b8, 0x562b,
    0x562e, 0x564e, 0x5678, 0x5680, 0x56d2, 0x571e, 0x5774, 0x57a4,
    0x57a8, 0x57e9, 0x5843, 0x5865, 0x5866, 0x586a, 0x586c, 0x586f,
    0x5879, 0x5884, 0x58c6, 0x58d2, 0x591b, 0x59ca, 0x5aa0, 0x5ad3,
    0x5adf, 0x5afb, 0x5b06, 0x5b14, 0x5b49, 0x5b5f, 0x5b64, 0x5b81,
    0x5b90, 0x5b92, 0x5b9f, 0x5bc1, 0x5bf9, 0x5c08, 0x5c40, 0x5c79,
    0x5d2d, 0x5d2e, 0x5d35, 0x5d36, 0x5d3e, 0x5d42, 0x5d47, 0x5d4e,
    0x5d53, 0x5d76, 0x5da5, 0x5db1, 0x5dc2, 0x5dc3, 0x5de0, 0x5df6,
    0x5e50, 0x5e70, 0x5eb9, 0x5ec1, 0x5ed0, 0x5ed8, 0x5ee7, 0x5f13,
    0x5f15, 0x5f16, 0x5f3b, 0x5f45, 0x6043, 0x60b2, 0x615f, 0x6160,
    0x6161, 0x619b, 0x619e, 0x61a3, 0x61bc, 0x61da, 0x61fc, 0x6212,
    0x6219, 0x6239, 0x6243, 0x624f, 0x6259, 0x62b2, 0x62d9, 0x62e2,
    0x62e6, 0x62f5, 0x6462, 0x6486, 0x64b6, 0x64c0, 0x64e1, 0x64fd,
    0x64ff, 0x6500, 0x6509, 0x6515, 0x6530, 0x6535, 0x6537, 0x6539,
    0x6546, 0x655e, 0x6570, 0x657f, 0x65bf, 0x6644, 0x664f, 0x6658,
    0x6659, 0x6678, 0x667a, 0x668a, 0x66a1, 0x66b5, 0x66b8, 0x66ce,
    0x66d1, 0x66e7, 0x66ea, 0x66ec, 0x66ed, 0x66ff, 0x6723, 0x6743,
    0x6761, 0x6771, 0x6792, 0x67b3, 0x67b5, 0x67b6, 0x67f6, 0x694d,
    0x697a, 0x6a71, 0x6a72, 0x6ab3, 0x6ab4, 0x6adb, 0x6b0f, 0x6b1f,
    0x6b64, 0x6b84, 0x6baf, 0x6be9, 0x6bf1, 0x6c03, 0x6c09, 0x6c0d,
    0x6c19, 0x6c32, 0x6c40, 0x6c48, 0x6c9e, 0x6cb6, 0x6cba, 0x6cc7,
    0x6cd2, 0x6cdc, 0x6ceb, 0x6d88, 0x6da6, 0x6dce, 0x6de0, 0x6dec,
    0x6dfa, 0x6e31, 0x6e39, 0x6e56, 0x6e70, 0x6ebe, 0x6fbb, 0x6fbf,
    0x7009, 0x702f, 0x7034, 0x709c, 0x70b7, 0x7197, 0x719c, 0x71ab,
    0x71b9, 0x725e, 0x727a, 0x727b, 0x72eb, 0x72f9, 0x7300, 0x730b,
    0x733d, 0x73d3, 0x7433, 0x7446, 0x746f, 0x7480, 0x7485, 0x7488,
    0x75cd, 0x75d4, 0x75d6, 0x761f, 0x765b, 0x768c, 0x7690, 0x773d,
    0x7743, 0x7752, 0x7766, 0x77be, 0x77e7, 0x77f7, 0x788c, 0x78b8,
    0x7922, 0x796e, 0x798b, 0x79c9, 0x79ca, 0x79d4, 0x79e7, 0x7a1b,
    0x7a29, 0x7a49, 0x7a7c, 0x7a99, 0x7aa2, 0x7aab, 0x7ace, 0x7b3e,
    0x7c25, 0x7df2, 0x7dfa, 0x7e03, 0x7e1f, 0x7e25, 0x7e29, 0x7e37,
    0x7e3d, 0x7e4f, 0x7e66, 0x7ea0, 0x7ebe, 0x7eda, 0x7eea, 0x7ef4,
    0x7f4b, 0x7f51, 0x801c, 0x8031, 0x804d, 0x805a, 0x8189, 0x81c2,
    0x81d2, 0x8201, 0x8286, 0x8299, 0x82a2, 0x8307, 0x832c, 0x8354,
    0x838d, 0x83b1, 0x842d, 0x851f, 0x85bc, 0x8650, 0x8662, 0x868f,
    0x879c, 0x887a, 0x88cf, 0x88d1, 0x8933, 0x8af4, 0x8af9, 0x8b00,
    0x8b0e, 0x8b1d, 0x8b25, 0x8b53, 0x8c6d, 0x8c89, 0x8caa, 0x8cb2,
    0x8cc0, 0x8cc7, 0x8cef, 0x8d3f, 0x8eb6, 0x8ebc, 0x8f09, 0x8f0e,
    0x8f17, 0x8f24, 0x8f28, 0x8f29, 0x8f2b, 0x8f2c, 0x8f50, 0x8f59,
    0x8f6f, 0x8ff3, 0x9038, 0x909d, 0x90b5, 0x911c, 0x9121, 0x93ef,
    0x93f5, 0x9401, 0x942c, 0x9451, 0x9458, 0x947e, 0x94ac, 0x94cf,
    0x953d, 0x9583, 0x95b2, 0x95c6, 0x9616, 0x9638, 0x963a, 0x9650,
    0x966e, 0x96a2, 0x96a9, 0x96b2, 0x96db, 0x97c5, 0x97c6, 0x97cb,
    0x97ed, 0x981e, 0x9828, 0x98bd, 0x98cc, 0x98e5, 0x9d73, 0x9e14,
    0xfe51, 0xfe58, 0xfe59, 0xfe5b, 0xfe5c, 0xfe6f
};

/*Collect the unicode lists and glyph_id offsets*/
static const lv_font_fmt_txt_cmap_t cmaps[] =
{
    {
        .range_start = 32, .range_length = 95, .glyph_id_start = 1,
        .unicode_list = NULL, .glyph_id_ofs_list = NULL, .list_length = 0, .type = LV_FONT_FMT_TXT_CMAP_FORMAT0_TINY
    },
    {
        .range_start = 176, .range_length = 65136, .glyph_id_start = 96,
        .unicode_list = unicode_list_1, .glyph_id_ofs_list = NULL, .list_length = 438, .type = LV_FONT_FMT_TXT_CMAP_SPARSE_TINY
    }
};

/*-----------------
 *    KERNING
 *----------------*/


/*Map glyph_ids to kern left classes*/
static const uint8_t kern_left_class_mapping[] =
{
    0, 0, 0, 1, 0, 0, 0, 0,
    1, 2, 0, 0, 0, 3, 4, 3,
    5, 0, 0, 0, 0, 0, 0, 0,
    0, 0, 0, 6, 6, 0, 0, 0,
    0, 0, 7, 8, 9, 10, 11, 12,
    13, 0, 0, 14, 15, 16, 0, 0,
    10, 17, 10, 18, 19, 20, 21, 22,
    23, 24, 25, 26, 2, 27, 0, 0,
    0, 0, 28, 29, 30, 0, 31, 32,
    33, 34, 0, 0, 35, 36, 34, 34,
    29, 29, 37, 38, 39, 40, 37, 41,
    42, 43, 44, 45, 2, 0, 0, 0,
    0, 0, 0, 0, 0, 0, 0, 0,
    0, 0, 0, 0, 0, 0, 0, 0,
    0, 0, 0, 0, 0, 0, 0, 0,
    0, 0, 0, 0, 0, 0, 0, 0,
    0, 0, 0, 0, 0, 0, 0, 0,
    0, 0, 0, 0, 0, 0, 0, 0,
    0, 0, 0, 0, 0, 0, 0, 0,
    0, 0, 0, 0, 0, 0, 0, 0,
    0, 0, 0, 0, 0, 0, 0, 0,
    0, 0, 0, 0, 0, 0, 0, 0,
    0, 0, 0, 0, 0, 0, 0, 0,
    0, 0, 0, 0, 0, 0, 0, 0,
    0, 0, 0, 0, 0, 0, 0, 0,
    0, 0, 0, 0, 0, 0, 0, 0,
    0, 0, 0, 0, 0, 0, 0, 0,
    0, 0, 0, 0, 0, 0, 0, 0,
    0, 0, 0, 0, 0, 0, 0, 0,
    0, 0, 0, 0, 0, 0, 0, 0,
    0, 0, 0, 0, 0, 0, 0, 0,
    0, 0, 0, 0, 0, 0, 0, 0,
    0, 0, 0, 0, 0, 0, 0, 0,
    0, 0, 0, 0, 0, 0, 0, 0,
    0, 0, 0, 0, 0, 0, 0, 0,
    0, 0, 0, 0, 0, 0, 0, 0,
    0, 0, 0, 0, 0, 0, 0, 0,
    0, 0, 0, 0, 0, 0, 0, 0,
    0, 0, 0, 0, 0, 0, 0, 0,
    0, 0, 0, 0, 0, 0, 0, 0,
    0, 0, 0, 0, 0, 0, 0, 0,
    0, 0, 0, 0, 0, 0, 0, 0,
    0, 0, 0, 0, 0, 0, 0, 0,
    0, 0, 0, 0, 0, 0, 0, 0,
    0, 0, 0, 0, 0, 0, 0, 0,
    0, 0, 0, 0, 0, 0, 0, 0,
    0, 0, 0, 0, 0, 0, 0, 0,
    0, 0, 0, 0, 0, 0, 0, 0,
    0, 0, 0, 0, 0, 0, 0, 0,
    0, 0, 0, 0, 0, 0, 0, 0,
    0, 0, 0, 0, 0, 0, 0, 0,
    0, 0, 0, 0, 0, 0, 0, 0,
    0, 0, 0, 0, 0, 0, 0, 0,
    0, 0, 0, 0, 0, 0, 0, 0,
    0, 0, 0, 0, 0, 0, 0, 0,
    0, 0, 0, 0, 0, 0, 0, 0,
    0, 0, 0, 0, 0, 0, 0, 0,
    0, 0, 0, 0, 0, 0, 0, 0,
    0, 0, 0, 0, 0, 0, 0, 0,
    0, 0, 0, 0, 0, 0, 0, 0,
    0, 0, 0, 0, 0, 0, 0, 0,
    0, 0, 0, 0, 0, 0, 0, 0,
    0, 0, 0, 0, 0, 0, 0, 0,
    0, 0, 0, 0, 0, 0, 0, 0,
    0, 0, 0, 0, 0, 0, 0, 0,
    0, 0, 0, 0, 0, 0, 0, 0,
    0, 0, 0, 0, 0, 0
};

/*Map glyph_ids to kern right classes*/
static const uint8_t kern_right_class_mapping[] =
{
    0, 0, 1, 2, 0, 0, 0, 0,
    2, 0, 3, 4, 0, 5, 6, 7,
    8, 0, 0, 0, 0, 0, 0, 0,
    0, 0, 0, 9, 10, 0, 0, 0,
    11, 0, 12, 0, 13, 0, 0, 0,
    13, 0, 0, 14, 0, 0, 0, 0,
    13, 0, 13, 0, 15, 16, 17, 18,
    19, 20, 21, 22, 0, 23, 3, 0,
    0, 0, 24, 0, 25, 25, 25, 26,
    27, 0, 28, 29, 0, 0, 30, 30,
    25, 30, 25, 30, 31, 32, 33, 34,
    35, 36, 37, 38, 0, 0, 3, 0,
    0, 0, 0, 0, 0, 0, 0, 0,
    0, 0, 0, 0, 0, 0, 0, 0,
    0, 0, 0, 0, 0, 0, 0, 0,
    0, 0, 0, 0, 0, 0, 0, 0,
    0, 0, 0, 0, 0, 0, 0, 0,
    0, 0, 0, 0, 0, 0, 0, 0,
    0, 0, 0, 0, 0, 0, 0, 0,
    0, 0, 0, 0, 0, 0, 0, 0,
    0, 0, 0, 0, 0, 0, 0, 0,
    0, 0, 0, 0, 0, 0, 0, 0,
    0, 0, 0, 0, 0, 0, 0, 0,
    0, 0, 0, 0, 0, 0, 0, 0,
    0, 0, 0, 0, 0, 0, 0, 0,
    0, 0, 0, 0, 0, 0, 0, 0,
    0, 0, 0, 0, 0, 0, 0, 0,
    0, 0, 0, 0, 0, 0, 0, 0,
    0, 0, 0, 0, 0, 0, 0, 0,
    0, 0, 0, 0, 0, 0, 0, 0,
    0, 0, 0, 0, 0, 0, 0, 0,
    0, 0, 0, 0, 0, 0, 0, 0,
    0, 0, 0, 0, 0, 0, 0, 0,
    0, 0, 0, 0, 0, 0, 0, 0,
    0, 0, 0, 0, 0, 0, 0, 0,
    0, 0, 0, 0, 0, 0, 0, 0,
    0, 0, 0, 0, 0, 0, 0, 0,
    0, 0, 0, 0, 0, 0, 0, 0,
    0, 0, 0, 0, 0, 0, 0, 0,
    0, 0, 0, 0, 0, 0, 0, 0,
    0, 0, 0, 0, 0, 0, 0, 0,
    0, 0, 0, 0, 0, 0, 0, 0,
    0, 0, 0, 0, 0, 0, 0, 0,
    0, 0, 0, 0, 0, 0, 0, 0,
    0, 0, 0, 0, 0, 0, 0, 0,
    0, 0, 0, 0, 0, 0, 0, 0,
    0, 0, 0, 0, 0, 0, 0, 0,
    0, 0, 0, 0, 0, 0, 0, 0,
    0, 0, 0, 0, 0, 0, 0, 0,
    0, 0, 0, 0, 0, 0, 0, 0,
    0, 0, 0, 0, 0, 0, 0, 0,
    0, 0, 0, 0, 0, 0, 0, 0,
    0, 0, 0, 0, 0, 0, 0, 0,
    0, 0, 0, 0, 0, 0, 0, 0,
    0, 0, 0, 0, 0, 0, 0, 0,
    0, 0, 0, 0, 0, 0, 0, 0,
    0, 0, 0, 0, 0, 0, 0, 0,
    0, 0, 0, 0, 0, 0, 0, 0,
    0, 0, 0, 0, 0, 0, 0, 0,
    0, 0, 0, 0, 0, 0, 0, 0,
    0, 0, 0, 0, 0, 0, 0, 0,
    0, 0, 0, 0, 0, 0, 0, 0,
    0, 0, 0, 0, 0, 0, 0, 0,
    0, 0, 0, 0, 0, 0, 0, 0,
    0, 0, 0, 0, 0, 0, 0, 0,
    0, 0, 0, 0, 0, 0, 0, 0,
    0, 0, 0, 0, 0, 0
};

/*Kern values between classes*/
static const int8_t kern_class_values[] =
{
    0, 0, 0, 0, -28, 0, -28, 0,
    0, 0, 0, -14, 0, -24, -2, 0,
    0, 0, 0, -2, 0, 0, 0, 0,
    -6, 0, 0, 0, 0, 0, -5, 0,
    0, 0, 0, 0, 0, 0, 0, 0,
    0, 0, 0, 0, 0, 0, 0, 0,
    0, 0, 0, -5, 0, 0, 0, 0,
    0, 0, 0, 0, 0, 0, 0, 0,
    0, 0, 19, 0, 0, 0, 0, 0,
    0, 0, 0, 0, 0, -25, 0, -35,
    0, 0, 0, 0, 0, 0, 0, 0,
    0, 0, 0, -23, -5, -16, -8, 0,
    -23, 0, 0, 0, -3, 0, 0, 0,
    7, 0, 0, -12, 0, -10, -6, 0,
    -5, 0, 0, 0, 0, 0, 0, 0,
    0, 0, 0, 0, 0, 0, 0, -5,
    -5, -12, 0, -4, -2, -7, -16, -5,
    0, 0, 0, 0, 0, 0, 0, 0,
    0, -6, 0, -2, 0, -4, 0, 0,
    0, 0, 0, 0, 0, 0, 0, 0,
    0, 0, 0, -9, -2, -19, 0, 0,
    0, 0, 0, 0, 0, 0, 0, -6,
    -6, 0, -2, 5, 5, 0, 0, 1,
    -5, 0, 0, 0, 0, 0, 0, 0,
    0, -10, 0, 0, 0, 0, 0, 0,
    0, 0, 0, 0, 0, 0, 0, 0,
    0, 0, -7, 0, 0, 0, 0, 0,
    0, 0, 1, 0, 0, 0, 0, 0,
    0, 0, 0, 0, 0, -14, 0, -21,
    0, 0, 0, 0, 0, 0, -7, -1,
    -2, 0, 0, -14, -3, -4, 0, 0,
    -4, -1, -9, 5, 0, -2, 0, 0,
    0, 0, 5, -4, -1, -2, -1, -1,
    -2, 0, 0, 0, 0, -7, 0, 0,
    0, 0, 0, 0, 0, 0, 0, -4,
    -4, -6, 0, -2, -1, -1, -4, -1,
    0, 0, 0, 0, 0, 0, 0, 0,
    0, -2, 0, -4, -2, -2, -4, 0,
    0, 0, 0, 0, 0, -7, 0, 0,
    0, 0, 0, 0, -7, -2, -6, -4,
    -4, -1, -1, -1, -2, -2, 0, 0,
    0, 0, -5, 0, 0, 0, 0, -7,
    -2, -4, -2, 0, -4, 0, 0, 0,
    0, -7, 0, 0, 0, -4, 0, 0,
    0, -2, 0, -10, 0, -6, 0, -2,
    -1, -5, -5, -5, 0, 0, 0, 0,
    0, 0, 0, 0, 0, 0, 0, 0,
    0, -4, 0, -2, 0, 0, 0, 0,
    0, 0, 0, 0, 0, 0, 0, 0,
    0, 0, 0, 0, 0, 0, 0, 0,
    0, 0, 0, 0, -2, 0, 0, 0,
    0, 0, 0, -6, 0, -2, 0, -8,
    -2, 0, 0, 0, 0, 0, -18, 0,
    -18, -15, 0, 0, 0, -9, -2, -32,
    -5, 0, 0, 0, 0, -6, -1, -7,
    0, -8, -4, 0, -6, 0, 0, -5,
    -5, -2, -4, -6, -5, -7, -5, -9,
    0, 0, 0, -6, 0, 0, 0, 0,
    0, 0, 0, -1, 0, 0, 0, -5,
    0, -4, -1, 0, 0, 0, 0, 0,
    0, 0, 0, 0, 0, 0, 0, 0,
    0, 0, 0, 0, 0, 0, 0, 0,
    0, 0, -6, 0, -6, 0, 0, 0,
    0, 0, 0, -9, 0, 0, 0, 0,
    0, 0, 0, 0, 0, 0, 0, 0,
    0, 0, 0, 0, 0, 0, 0, 0,
    0, 0, 0, 0, 0, -6, 0, -9,
    0, -9, 0, 0, 0, 0, -2, -2,
    -5, 0, -3, -5, -4, -3, -2, 0,
    -5, 0, 0, 0, -2, 0, 0, 0,
    -2, 0, 0, -9, -3, -6, -5, -5,
    -6, -4, 0, -25, 0, -37, 0, -12,
    0, 0, 0, 0, -9, 0, -7, 0,
    -6, -28, -7, -18, -13, 0, -19, 0,
    -19, 0, -3, -4, -1, 0, 0, 0,
    0, -5, -2, -10, -8, 0, -10, 0,
    0, 0, 0, 0, -28, -7, -28, -16,
    0, 0, 0, -12, 0, -34, -2, -5,
    0, 0, 0, -6, -2, -16, 0, -9,
    -5, 0, -6, 0, 0, 0, -2, 0,
    0, 0, 0, -4, 0, -5, 0, 0,
    0, -2, 0, -7, 0, 0, 0, 0,
    0, -1, 0, -4, -3, -4, 0, 0,
    1, -1, -1, -2, 0, -1, -2, 0,
    -1, 0, 0, 0, 0, 0, 0, 0,
    0, -2, 0, -2, 0, 0, 0, -4,
    0, 4, 0, 0, 0, 0, 0, 0,
    0, -4, -4, -5, 0, 0, 0, 0,
    -4, 0, 0, 0, 0, 0, 0, 0,
    0, 0, 0, -6, 0, 0, 0, 0,
    0, -1, 0, 0, 0, 0, -26, -16,
    -26, -19, -5, -5, 0, -9, -6, -29,
    -8, 0, 0, 0, 0, -5, -4, -12,
    0, -16, -16, -4, -16, 0, 0, -11,
    -14, -4, -11, -7, -7, -8, -7, -17,
    0, 0, 0, 0, -5, 0, -5, -6,
    0, 0, 0, -4, 0, -12, -2, 0,
    0, -1, 0, -2, -4, 0, 0, -1,
    0, 0, -2, 0, 0, 0, -1, 0,
    0, 0, 0, -2, 0, 0, 0, 0,
    0, 0, -16, -4, -16, -10, 0, 0,
    0, -4, -2, -16, -2, 0, -2, 2,
    0, 0, 0, -4, 0, -6, -4, 0,
    -5, 0, 0, -5, -3, 0, -7, -2,
    -2, -4, -2, -6, 0, 0, 0, 0,
    -8, -2, -8, -5, 0, 0, 0, 0,
    -1, -14, -1, 0, 0, 0, 0, 0,
    0, -1, 0, -4, 0, 0, -2, 0,
    0, 0, 0, 0, 0, 0, 0, 0,
    0, -2, 0, -2, 0, -2, 0, -7,
    0, 0, 0, 0, 0, 0, -5, -1,
    -4, -5, -2, 0, 0, 0, 0, 0,
    0, -2, -2, -5, 0, 0, 0, 0,
    0, -5, -2, -5, -4, -2, -5, -4,
    0, 0, 0, 0, -23, -16, -23, -14,
    -7, -7, -2, -4, -4, -23, -4, -4,
    -2, 0, 0, 0, 0, -6, 0, -16,
    -11, 0, -14, 0, 0, -9, -11, -8,
    -8, -4, -6, -8, -4, -12, 0, 0,
    0, 0, 0, -7, 0, 0, 0, 0,
    0, -1, -5, -7, -7, 0, -2, -1,
    -1, 0, -4, -4, 0, -4, -5, -5,
    -3, 0, 0, 0, 0, -4, -5, -4,
    -4, -6, -4, 0, 0, 0, 0, 0,
    0, 0, 0, 0, 0, 0, 0, 0,
    0, 0, 0, -19, -6, -12, -6, 0,
    -16, 0, 0, 0, 0, 0, 7, 0,
    16, 0, 0, 0, 0, -5, -2, 0,
    2, 0, 0, 0, 0, -12, 0, 0,
    0, 0, 0, 0, -4, 0, 0, 0,
    0, -6, 0, -5, -1, 0, -6, 0,
    0, 0, 0, 0, 0, 0, 0, 0,
    0, -4, 0, 0, 0, 0, 0, 0,
    0, -6, 0, -5, -2, 1, -2, 0,
    0, 0, -4, 0, 0, 0, 0, -14,
    0, -4, 0, -1, -11, 0, -7, -3,
    0, -1, 0, 0, 0, 0, -1, -5,
    0, -1, -1, -5, -1, -2, 0, 0,
    0, 0, 0, -6, 0, 0, 0, 0,
    0, 0, 0, 0, 0, -5, 0, -4,
    0, 0, -6, 0, 0, -2, -5, 0,
    -2, 0, 0, 0, 0, -2, 0, 1,
    1, 1, 1, 0, 0, 0, 0, -7,
    0, 2, 0, 0, 0, 0, -2, 0,
    0, -5, -5, -6, 0, -5, -2, 0,
    -7, 0, -6, -3, 0, -1, -2, 0,
    0, 0, 0, -2, 0, 0, 0, -2,
    0, 0, 2, 9, 11, 0, -13, -4,
    -13, -2, 0, 0, 6, 0, 0, 0,
    0, 11, 0, 15, 11, 7, 13, 0,
    12, -5, -2, 0, -3, 0, -2, 0,
    -1, 0, 0, 2, 0, -1, 0, -4,
    0, 0, 2, -7, 0, 0, 0, 10,
    0, 0, -9, 0, 0, 0, 0, -7,
    0, 0, 0, 0, -4, 0, 0, -4,
    -4, 0, 0, 0, 9, 0, 0, 0,
    0, -1, -1, 0, 3, -4, 0, 0,
    0, -7, 0, 0, 0, 0, 0, 0,
    -2, 0, 0, 0, 0, -6, 0, -2,
    0, 0, -5, 0, 0, 0, 0, 0,
    0, 0, 0, 0, 0, 0, 0, 0,
    0, 0, 0, 0, 0, 0, 0, -5,
    2, -13, 2, 0, 2, 2, -4, 0,
    0, 0, 0, -9, 0, 0, 0, 0,
    -3, 0, 0, -2, -5, 0, -2, 0,
    -2, 0, 0, -6, -4, 0, 0, -2,
    0, -2, 0, 0, 0, 0, 0, 0,
    0, 0, 0, 0, 0, 0, 0, 0,
    0, 0, 0, 0, 0, 0, 0, 0,
    0, 0, 0, 0, 0, 0, 2, 0,
    0, 0, 0, 0, 0, 0, 0, 0,
    0, 0, 0, -5, 0, 0, 0, 0,
    0, 0, 0, 0, 0, 0, 0, -5,
    0, -4, 0, 0, -7, 0, 0, 0,
    0, 0, 0, 0, 0, 0, 0, 0,
    0, 0, 0, 0, 0, 0, 0, 0,
    0, 0, -16, -6, -16, -7, 5, 5,
    0, -4, 0, -14, 0, 0, 0, 0,
    0, 0, 0, -2, 2, -6, -2, 0,
    -2, 0, 0, 0, -1, 0, 0, 5,
    4, 0, 5, -1, 0, 0, 0, -10,
    0, 2, 0, 0, 0, 0, -4, 0,
    0, 0, 0, -6, 0, -2, 0, 0,
    -5, 0, 0, 0, 0, 0, 0, 0,
    0, 0, 0, -5, 0, 0, 0, 0,
    0, 0, 0, 0, 0, 0, 0, -7,
    0, 1, 2, 2, -7, 0, 0, 0,
    0, -4, 0, 0, 0, 0, -1, 0,
    0, -5, -4, 0, -2, 0, 0, 0,
    -2, -5, 0, 0, 0, -4, 0, 0,
    0, 0, 0, -3, -10, -2, -10, -5,
    0, 0, 0, -3, 0, -9, 0, -5,
    0, -2, 0, 0, -4, -2, 0, -5,
    -1, 0, 0, 0, -2, 0, 0, 0,
    0, 0, 0, 0, 0, -6, 0, 0,
    0, -3, -13, 0, -13, -1, 0, 0,
    0, -1, 0, -7, 0, -6, 0, -2,
    0, -4, -6, 0, 0, -2, -1, 0,
    0, 0, -2, 0, 0, 0, 0, 0,
    0, 0, 0, -5, -4, 0, 0, -5,
    2, -4, -2, 0, 0, 2, 0, 0,
    -2, 0, -1, -7, 0, -4, 0, -2,
    -8, 0, 0, -2, -5, 0, 0, 0,
    0, 0, 0, -6, 0, 0, 0, 0,
    -1, 0, 0, 0, 0, 0, -10, 0,
    -10, -2, 0, 0, 0, 0, 0, -9,
    0, -5, 0, -1, 0, -1, -2, 0,
    0, -5, -1, 0, 0, 0, -2, 0,
    0, 0, 0, 0, 0, -4, 0, -6,
    0, 0, 0, 0, 0, -5, 0, 0,
    0, 0, 0, 0, 0, 0, 0, -6,
    0, 0, 0, 0, -6, 0, 0, -5,
    -2, 0, -1, 0, 0, 0, 0, 0,
    -2, -1, 0, 0, -1, 0
};


/*Collect the kern class' data in one place*/
static const lv_font_fmt_txt_kern_classes_t kern_classes =
{
    .class_pair_values   = kern_class_values,
    .left_class_mapping  = kern_left_class_mapping,
    .right_class_mapping = kern_right_class_mapping,
    .left_class_cnt      = 45,
    .right_class_cnt     = 38,
};

/*--------------------
 *  ALL CUSTOM DATA
 *--------------------*/

#if LVGL_VERSION_MAJOR == 8
/*Store all the custom data of the font*/
static  lv_font_fmt_txt_glyph_cache_t cache;
#endif

#if LVGL_VERSION_MAJOR >= 8
static const lv_font_fmt_txt_dsc_t font_dsc = {
#else
static lv_font_fmt_txt_dsc_t font_dsc = {
#endif
    .glyph_bitmap = glyph_bitmap,
    .glyph_dsc = glyph_dsc,
    .cmaps = cmaps,
    .kern_dsc = &kern_classes,
    .kern_scale = 16,
    .cmap_num = 2,
    .bpp = 4,
    .kern_classes = 1,
    .bitmap_format = 0,
#if LVGL_VERSION_MAJOR == 8
    .cache = &cache
#endif
};



/*-----------------
 *  PUBLIC FONT
 *----------------*/

/*Initialize a public general font descriptor*/
#if LVGL_VERSION_MAJOR >= 8
const lv_font_t fa_font_tiny = {
#else
lv_font_t fa_font_tiny = {
#endif
    .get_glyph_dsc = lv_font_get_glyph_dsc_fmt_txt,    /*Function pointer to get glyph's data*/
    .get_glyph_bitmap = lv_font_get_bitmap_fmt_txt,    /*Function pointer to get glyph's bitmap*/
    .line_height = 15,          /*The maximum line height required by the font*/
    .base_line = 3,             /*Baseline measured from the bottom of the line*/
#if !(LVGL_VERSION_MAJOR == 6 && LVGL_VERSION_MINOR == 0)
    .subpx = LV_FONT_SUBPX_NONE,
#endif
#if LV_VERSION_CHECK(7, 4, 0) || LVGL_VERSION_MAJOR >= 8
    .underline_position = -2,
    .underline_thickness = 1,
#endif
    .dsc = &font_dsc,          /*The custom font data. Will be accessed by `get_glyph_bitmap/dsc` */
#if LV_VERSION_CHECK(8, 2, 0) || LVGL_VERSION_MAJOR >= 9
    .fallback = NULL,
#endif
    .user_data = NULL,
};



#endif /*#if FA_FONT_TINY*/

